# Blender 5.0.0
# www.blender.org
mtllib ENCuerpo.mtl
o tank_track1
v 1.442626 0.712608 3.463728
v 1.814956 1.488240 3.417448
v 1.442626 1.488240 3.417448
v 1.850246 0.712608 3.463728
v 1.850246 0.617312 3.354624
v 1.814956 1.614351 3.321858
v 1.442626 1.614351 3.321858
v 1.372220 0.712608 3.463728
v 1.372220 1.488240 3.417448
v 3.128854 0.712608 3.463728
v 2.756523 1.488240 3.417449
v 3.128854 1.488240 3.417449
v 2.721233 0.712608 3.463728
v 2.285740 1.488240 3.417449
v 2.285740 0.712608 3.463728
v 2.721233 0.617312 3.354624
v 2.285740 0.617312 3.354624
v 2.756523 1.614351 3.321858
v 3.128854 1.614351 3.321858
v 3.199259 0.712608 3.463728
v 3.199259 1.488240 3.417449
v 1.442626 0.839592 3.309213
v 1.814956 1.387819 3.244487
v 1.442626 1.387819 3.244487
v 1.850246 0.839592 3.309213
v 1.850246 0.773140 3.229254
v 1.814956 1.499558 3.158082
v 1.442626 1.499558 3.158082
v 1.372220 0.839592 3.309213
v 1.372221 1.387819 3.244487
v 3.128854 0.839592 3.309213
v 2.756523 1.387819 3.244487
v 3.128854 1.387819 3.244487
v 2.721233 0.839592 3.309213
v 2.285740 1.387819 3.244487
v 2.285740 0.839592 3.309213
v 2.721233 0.773140 3.229253
v 2.285740 0.773140 3.229253
v 2.756523 1.499558 3.158082
v 3.128854 1.499558 3.158082
v 3.199259 0.839592 3.309213
v 3.199259 1.387819 3.244487
v 1.442626 0.309985 2.534519
v 1.814956 0.592947 3.318326
v 1.442626 0.592947 3.318326
v 1.850246 0.309985 2.534519
v 1.850246 0.285080 2.389408
v 1.814956 0.685349 3.445502
v 1.442626 0.685349 3.445502
v 1.372221 0.309985 2.534519
v 1.372221 0.592947 3.318326
v 3.128854 0.309985 2.534519
v 2.756523 0.592947 3.318326
v 3.128854 0.592947 3.318326
v 2.721233 0.309985 2.534519
v 2.285740 0.592947 3.318326
v 2.285740 0.309985 2.534519
v 2.721233 0.285080 2.389408
v 2.285740 0.285080 2.389408
v 2.756523 0.685349 3.445502
v 3.128854 0.685349 3.445502
v 3.199259 0.309985 2.534519
v 3.199259 0.592947 3.318326
v 1.442626 0.505902 2.494316
v 1.814956 0.754606 3.200571
v 1.442626 0.754606 3.200571
v 1.850246 0.505903 2.494316
v 1.850246 0.482008 2.354487
v 1.814956 0.822216 3.299669
v 1.442626 0.822216 3.299669
v 1.372221 0.505902 2.494316
v 1.372221 0.754606 3.200571
v 3.128854 0.505902 2.494316
v 2.756523 0.754606 3.200571
v 3.128854 0.754606 3.200571
v 2.721233 0.505902 2.494316
v 2.285740 0.754606 3.200571
v 2.285740 0.505902 2.494316
v 2.721233 0.482008 2.354487
v 2.285740 0.482008 2.354487
v 2.756523 0.822216 3.299669
v 3.128854 0.822216 3.299669
v 3.199259 0.505902 2.494316
v 3.199259 0.754606 3.200571
v 1.442626 0.185654 1.512047
v 1.814956 0.278444 2.346197
v 1.442626 0.278444 2.346197
v 1.850246 0.185654 1.512047
v 1.850246 0.177016 1.364982
v 1.814956 0.302464 2.502607
v 1.442626 0.302464 2.502607
v 1.372221 0.185654 1.512047
v 1.372220 0.278444 2.346197
v 3.128854 0.185654 1.512047
v 2.756523 0.278444 2.346197
v 3.128854 0.278444 2.346197
v 2.721233 0.185654 1.512047
v 2.285740 0.278444 2.346197
v 2.285740 0.185654 1.512047
v 2.721233 0.177016 1.364982
v 2.285740 0.177016 1.364982
v 2.756523 0.302464 2.502607
v 3.128854 0.302464 2.502607
v 3.199259 0.185654 1.512047
v 3.199259 0.278444 2.346197
v 1.442626 0.385148 1.497830
v 1.814956 0.475609 2.312641
v 1.442626 0.475608 2.312641
v 1.850246 0.385148 1.497830
v 1.850246 0.376642 1.352767
v 1.814956 0.498726 2.464119
v 1.442626 0.498726 2.464119
v 1.372220 0.385148 1.497830
v 1.372220 0.475608 2.312641
v 3.128854 0.385148 1.497830
v 2.756523 0.475608 2.312641
v 3.128854 0.475609 2.312641
v 2.721233 0.385148 1.497830
v 2.285740 0.475608 2.312641
v 2.285740 0.385148 1.497830
v 2.721233 0.376642 1.352767
v 2.285740 0.376642 1.352767
v 2.756523 0.498726 2.464119
v 3.128854 0.498726 2.464119
v 3.199259 0.385148 1.497830
v 3.199259 0.475609 2.312641
v 1.442626 0.145694 0.482210
v 1.814956 0.174452 1.321340
v 1.442626 0.174452 1.321340
v 1.850246 0.145694 0.482210
v 1.850246 0.143521 0.334908
v 1.814956 0.183731 1.479311
v 1.442626 0.183731 1.479311
v 1.372220 0.145694 0.482210
v 1.372220 0.174452 1.321340
v 3.128854 0.145694 0.482210
v 2.756523 0.174452 1.321340
v 3.128854 0.174452 1.321340
v 2.721233 0.145694 0.482210
v 2.285740 0.174452 1.321340
v 2.285740 0.145694 0.482210
v 2.721233 0.143521 0.334908
v 2.285740 0.143521 0.334908
v 2.756523 0.183731 1.479311
v 3.128854 0.183731 1.479311
v 3.199259 0.145694 0.482210
v 3.199259 0.174452 1.321340
v 1.442626 0.345662 0.478602
v 1.814956 0.374114 1.309719
v 1.442626 0.374114 1.309719
v 1.850246 0.345662 0.478602
v 1.850246 0.343502 0.332170
v 1.814956 0.383256 1.465540
v 1.442626 0.383256 1.465540
v 1.372220 0.345662 0.478602
v 1.372220 0.374114 1.309719
v 3.128854 0.345662 0.478602
v 2.756523 0.374114 1.309719
v 3.128854 0.374114 1.309719
v 2.721233 0.345662 0.478602
v 2.285740 0.374114 1.309719
v 2.285740 0.345662 0.478602
v 2.721233 0.343502 0.332170
v 2.285740 0.343502 0.332170
v 2.756523 0.383256 1.465540
v 3.128854 0.383257 1.465540
v 3.199259 0.345662 0.478602
v 3.199259 0.374114 1.309719
v 1.442626 0.136643 -0.548488
v 1.814956 0.142876 0.291196
v 1.442626 0.142876 0.291196
v 1.850246 0.136643 -0.548488
v 1.850246 0.132783 -0.695757
v 1.814956 0.145211 0.449424
v 1.442626 0.145211 0.449424
v 1.372220 0.136643 -0.548488
v 1.372221 0.142876 0.291196
v 3.128854 0.136643 -0.548488
v 2.756523 0.142876 0.291196
v 3.128853 0.142876 0.291196
v 2.721233 0.136643 -0.548488
v 2.285740 0.142876 0.291196
v 2.285740 0.136643 -0.548488
v 2.721233 0.132783 -0.695757
v 2.285740 0.132783 -0.695757
v 2.756523 0.145211 0.449424
v 3.128854 0.145211 0.449424
v 3.199259 0.136643 -0.548488
v 3.199259 0.142876 0.291196
v 1.442626 0.336613 -0.551976
v 1.814956 0.342861 0.288717
v 1.442626 0.342861 0.288717
v 1.850246 0.336613 -0.551976
v 1.850246 0.332720 -0.700768
v 1.814956 0.345181 0.446009
v 1.442626 0.345181 0.446009
v 1.372220 0.336613 -0.551976
v 1.372221 0.342861 0.288717
v 3.128854 0.336613 -0.551976
v 2.756523 0.342861 0.288717
v 3.128853 0.342861 0.288717
v 2.721233 0.336613 -0.551976
v 2.285740 0.342861 0.288717
v 2.285740 0.336613 -0.551976
v 2.721233 0.332720 -0.700768
v 2.285740 0.332720 -0.700768
v 2.756523 0.345181 0.446009
v 3.128854 0.345181 0.446009
v 3.199259 0.336613 -0.551976
v 3.199259 0.342861 0.288717
v 1.442626 0.105127 -1.578713
v 1.814956 0.131637 -0.739459
v 1.442626 0.131637 -0.739459
v 1.850246 0.105127 -1.578713
v 1.850246 0.104279 -1.726031
v 1.814956 0.135784 -0.581268
v 1.442626 0.135784 -0.581268
v 1.372221 0.105127 -1.578713
v 1.372220 0.131637 -0.739459
v 3.128854 0.105127 -1.578713
v 2.756523 0.131637 -0.739459
v 3.128854 0.131637 -0.739459
v 2.721233 0.105127 -1.578713
v 2.285740 0.131637 -0.739459
v 2.285740 0.105127 -1.578713
v 2.721233 0.104279 -1.726031
v 2.285740 0.104279 -1.726031
v 2.756523 0.135784 -0.581268
v 3.128854 0.135784 -0.581268
v 3.199259 0.105127 -1.578713
v 3.199259 0.131637 -0.739459
v 1.442626 0.305119 -1.580518
v 1.814956 0.331563 -0.744922
v 1.442626 0.331562 -0.744922
v 1.850246 0.305119 -1.580518
v 1.850246 0.304272 -1.724380
v 1.814956 0.335748 -0.585095
v 1.442626 0.335747 -0.585095
v 1.372220 0.305119 -1.580518
v 1.372220 0.331563 -0.744922
v 3.128854 0.305119 -1.580518
v 2.756523 0.331563 -0.744922
v 3.128854 0.331563 -0.744922
v 2.721233 0.305119 -1.580518
v 2.285740 0.331563 -0.744922
v 2.285740 0.305119 -1.580518
v 2.721233 0.304272 -1.724380
v 2.285740 0.304272 -1.724380
v 2.756523 0.335747 -0.585095
v 3.128854 0.335748 -0.585095
v 3.199259 0.305119 -1.580518
v 3.199259 0.331563 -0.744922
v 1.442626 0.194456 -2.602242
v 1.814956 0.104027 -1.769749
v 1.442626 0.104027 -1.769749
v 1.850246 0.194456 -2.602242
v 1.850246 0.235430 -2.743334
v 1.814956 0.104938 -1.611506
v 1.442626 0.104938 -1.611506
v 1.372221 0.194456 -2.602242
v 1.372221 0.104027 -1.769749
v 3.128853 0.194456 -2.602242
v 2.756523 0.104027 -1.769749
v 3.128854 0.104027 -1.769749
v 2.721233 0.194456 -2.602242
v 2.285740 0.104027 -1.769749
v 2.285740 0.194456 -2.602242
v 2.721233 0.235430 -2.743334
v 2.285740 0.235430 -2.743334
v 2.756523 0.104938 -1.611506
v 3.128854 0.104938 -1.611506
v 3.199259 0.194456 -2.602242
v 3.199259 0.104027 -1.769749
v 1.442626 0.387673 -2.550598
v 1.814956 0.304009 -1.767072
v 1.442626 0.304009 -1.767072
v 1.850246 0.387673 -2.550598
v 1.850246 0.423873 -2.676333
v 1.814956 0.304936 -1.612541
v 1.442626 0.304936 -1.612541
v 1.372221 0.387673 -2.550598
v 1.372221 0.304009 -1.767072
v 3.128853 0.387673 -2.550598
v 2.756523 0.304009 -1.767072
v 3.128853 0.304009 -1.767072
v 2.721233 0.387673 -2.550598
v 2.285740 0.304009 -1.767072
v 2.285740 0.387673 -2.550598
v 2.721233 0.423873 -2.676333
v 2.285740 0.423873 -2.676333
v 2.756523 0.304936 -1.612541
v 3.128854 0.304936 -1.612541
v 3.199259 0.387673 -2.550598
v 3.199259 0.304009 -1.767072
v 1.442626 0.793164 -3.391259
v 1.814956 0.251822 -2.783861
v 1.442626 0.251821 -2.783861
v 1.850246 0.793164 -3.391259
v 1.850246 0.928624 -3.446878
v 1.814956 0.201911 -2.634175
v 1.442626 0.201911 -2.634175
v 1.372220 0.793164 -3.391259
v 1.372221 0.251821 -2.783861
v 3.128854 0.793164 -3.391259
v 2.756523 0.251822 -2.783861
v 3.128853 0.251822 -2.783862
v 2.721233 0.793164 -3.391259
v 2.285740 0.251822 -2.783861
v 2.285740 0.793164 -3.391259
v 2.721233 0.928624 -3.446878
v 2.285740 0.928624 -3.446878
v 2.756523 0.201911 -2.634175
v 3.128854 0.201911 -2.634175
v 3.199259 0.793164 -3.391259
v 3.199259 0.251822 -2.783862
v 1.442626 0.877546 -3.209931
v 1.814956 0.438171 -2.711240
v 1.442626 0.438171 -2.711240
v 1.850246 0.877546 -3.209931
v 1.850246 0.989245 -3.256287
v 1.814956 0.394305 -2.579542
v 1.442626 0.394305 -2.579542
v 1.372220 0.877546 -3.209931
v 1.372221 0.438171 -2.711240
v 3.128854 0.877546 -3.209931
v 2.756523 0.438171 -2.711241
v 3.128853 0.438171 -2.711241
v 2.721233 0.877546 -3.209931
v 2.285740 0.438171 -2.711241
v 2.285740 0.877546 -3.209931
v 2.721233 0.989245 -3.256287
v 2.285740 0.989245 -3.256287
v 2.756523 0.394305 -2.579542
v 3.128854 0.394305 -2.579542
v 3.199259 0.877546 -3.209931
v 3.199259 0.438171 -2.711241
v 1.442626 1.803925 -3.485457
v 1.814956 0.971361 -3.456084
v 1.442626 0.971361 -3.456084
v 1.850246 1.803925 -3.485457
v 1.850246 1.948959 -3.459605
v 1.814956 0.822586 -3.405740
v 1.442626 0.822585 -3.405740
v 1.372221 1.803925 -3.485457
v 1.372221 0.971361 -3.456084
v 3.128854 1.803925 -3.485457
v 2.756523 0.971361 -3.456084
v 3.128854 0.971361 -3.456084
v 2.721233 1.803925 -3.485457
v 2.285740 0.971361 -3.456084
v 2.285740 1.803925 -3.485457
v 2.721233 1.948959 -3.459605
v 2.285740 1.948959 -3.459605
v 2.756523 0.822586 -3.405740
v 3.128854 0.822586 -3.405740
v 3.199259 1.803925 -3.485457
v 3.199259 0.971361 -3.456084
v 1.442626 1.773982 -3.287712
v 1.814956 1.026487 -3.263831
v 1.442626 1.026487 -3.263831
v 1.850246 1.773982 -3.287712
v 1.850246 1.907656 -3.263916
v 1.814956 0.901300 -3.221881
v 1.442626 0.901300 -3.221881
v 1.372221 1.773982 -3.287712
v 1.372220 1.026487 -3.263831
v 3.128854 1.773982 -3.287712
v 2.756523 1.026487 -3.263831
v 3.128854 1.026487 -3.263831
v 2.721233 1.773982 -3.287712
v 2.285740 1.026487 -3.263831
v 2.285740 1.773982 -3.287712
v 2.721233 1.907656 -3.263916
v 2.285740 1.907656 -3.263916
v 2.756523 0.901300 -3.221881
v 3.128854 0.901300 -3.221881
v 3.199259 1.773982 -3.287712
v 3.199259 1.026487 -3.263831
v 1.442626 2.763485 -3.130874
v 1.814956 1.991998 -3.451934
v 1.442626 1.991998 -3.451933
v 1.850246 2.763485 -3.130874
v 1.850246 2.882418 -3.044263
v 1.814956 1.836208 -3.479703
v 1.442626 1.836208 -3.479703
v 1.372220 2.763485 -3.130874
v 1.372220 1.991998 -3.451933
v 3.128854 2.763485 -3.130874
v 2.756523 1.991998 -3.451934
v 3.128854 1.991998 -3.451934
v 2.721233 2.763485 -3.130874
v 2.285740 1.991998 -3.451934
v 2.285740 2.763485 -3.130874
v 2.721233 2.882418 -3.044263
v 2.285740 2.882418 -3.044263
v 2.756523 1.836208 -3.479703
v 3.128854 1.836209 -3.479703
v 3.199259 2.763485 -3.130874
v 3.199259 1.991998 -3.451934
v 1.442626 2.654680 -2.963060
v 1.814956 1.947348 -3.256981
v 1.442626 1.947348 -3.256981
v 1.850246 2.654680 -2.963060
v 1.850246 2.761941 -2.884621
v 1.814956 1.803726 -3.282358
v 1.442626 1.803726 -3.282358
v 1.372220 2.654680 -2.963060
v 1.372220 1.947348 -3.256981
v 3.128854 2.654680 -2.963060
v 2.756523 1.947349 -3.256981
v 3.128854 1.947349 -3.256981
v 2.721233 2.654680 -2.963060
v 2.285740 1.947349 -3.256981
v 2.285740 2.654680 -2.963060
v 2.721233 2.761942 -2.884621
v 2.285740 2.761941 -2.884621
v 2.756523 1.803727 -3.282359
v 3.128854 1.803727 -3.282359
v 3.199259 2.654680 -2.963060
v 3.199259 1.947349 -3.256981
v 1.442626 3.437421 -2.370822
v 1.814956 2.917132 -3.017689
v 1.442626 2.917132 -3.017689
v 1.850246 3.437422 -2.370822
v 1.850246 3.498607 -2.236964
v 1.814956 2.791477 -3.113879
v 1.442626 2.791477 -3.113878
v 1.372221 3.437421 -2.370822
v 1.372221 2.917132 -3.017689
v 3.128853 3.437422 -2.370822
v 2.756523 2.917132 -3.017689
v 3.128854 2.917132 -3.017690
v 2.721233 3.437422 -2.370822
v 2.285740 2.917132 -3.017689
v 2.285740 3.437422 -2.370822
v 2.721233 3.498607 -2.236964
v 2.285740 3.498607 -2.236964
v 2.756523 2.791477 -3.113879
v 3.128854 2.791477 -3.113879
v 3.199259 3.437422 -2.370822
v 3.199259 2.917132 -3.017689
v 1.442626 3.255941 -2.286768
v 1.814956 2.793251 -2.860675
v 1.442626 2.793251 -2.860674
v 1.850246 3.255942 -2.286768
v 1.850246 3.310425 -2.169231
v 1.814956 2.680178 -2.947708
v 1.442626 2.680178 -2.947708
v 1.372221 3.255941 -2.286768
v 1.372221 2.793251 -2.860674
v 3.128854 3.255942 -2.286768
v 2.756523 2.793252 -2.860675
v 3.128854 2.793252 -2.860675
v 2.721233 3.255942 -2.286768
v 2.285740 2.793251 -2.860675
v 2.285740 3.255942 -2.286768
v 2.721233 3.310425 -2.169231
v 2.285740 3.310425 -2.169231
v 2.756523 2.680178 -2.947708
v 3.128854 2.680178 -2.947708
v 3.199259 3.255942 -2.286768
v 3.199259 2.793252 -2.860675
v 1.442626 3.588672 -1.365148
v 1.814956 3.509925 -2.194737
v 1.442626 3.509925 -2.194737
v 1.850246 3.588672 -1.365148
v 1.850246 3.578699 -1.218234
v 1.814956 3.451393 -2.341156
v 1.442626 3.451393 -2.341156
v 1.372221 3.588672 -1.365148
v 1.372221 3.509925 -2.194737
v 3.128854 3.588673 -1.365148
v 2.756523 3.509925 -2.194737
v 3.128854 3.509925 -2.194737
v 2.721233 3.588672 -1.365148
v 2.285740 3.509925 -2.194737
v 2.285740 3.588672 -1.365148
v 2.721233 3.578699 -1.218234
v 2.285740 3.578699 -1.218234
v 2.756523 3.451393 -2.341156
v 3.128853 3.451393 -2.341156
v 3.199259 3.588673 -1.365148
v 3.199259 3.509925 -2.194737
v 1.442626 3.389015 -1.376859
v 1.814956 3.320078 -2.131823
v 1.442626 3.320078 -2.131823
v 1.850246 3.389015 -1.376859
v 1.850246 3.379635 -1.237560
v 1.814956 3.268294 -2.260690
v 1.442626 3.268294 -2.260690
v 1.372221 3.389015 -1.376859
v 1.372221 3.320078 -2.131823
v 3.128854 3.389016 -1.376859
v 2.756523 3.320078 -2.131823
v 3.128854 3.320079 -2.131823
v 2.721233 3.389015 -1.376859
v 2.285740 3.320078 -2.131823
v 2.285740 3.389015 -1.376859
v 2.721233 3.379635 -1.237560
v 2.285740 3.379635 -1.237560
v 2.756523 3.268294 -2.260690
v 3.128854 3.268294 -2.260690
v 3.199259 3.389016 -1.376859
v 3.199259 3.320079 -2.131823
v 1.442626 3.435710 -0.346852
v 1.814956 3.572946 -1.174898
v 1.442626 3.572946 -1.174898
v 1.850246 3.435710 -0.346852
v 1.850246 3.403270 -0.203199
v 1.814956 3.586921 -1.332403
v 1.442626 3.586921 -1.332403
v 1.372220 3.435710 -0.346852
v 1.372221 3.572946 -1.174898
v 3.128853 3.435711 -0.346852
v 2.756523 3.572946 -1.174898
v 3.128854 3.572947 -1.174898
v 2.721233 3.435711 -0.346852
v 2.285740 3.572946 -1.174898
v 2.285740 3.435710 -0.346852
v 2.721233 3.403270 -0.203199
v 2.285740 3.403270 -0.203199
v 2.756523 3.586921 -1.332403
v 3.128854 3.586921 -1.332403
v 3.199259 3.435711 -0.346852
v 3.199259 3.572947 -1.174898
v 1.442626 3.240156 -0.388786
v 1.814956 3.374014 -1.195539
v 1.442626 3.374014 -1.195539
v 1.850246 3.240156 -0.388786
v 1.850246 3.208354 -0.248008
v 1.814956 3.387382 -1.345969
v 1.442626 3.387381 -1.345969
v 1.372221 3.240156 -0.388786
v 1.372221 3.374014 -1.195539
v 3.128854 3.240156 -0.388786
v 2.756523 3.374014 -1.195539
v 3.128854 3.374014 -1.195539
v 2.721233 3.240156 -0.388786
v 2.285740 3.374014 -1.195539
v 2.285740 3.240156 -0.388786
v 2.721233 3.208354 -0.248008
v 2.285740 3.208354 -0.248008
v 2.756523 3.387382 -1.345969
v 3.128854 3.387382 -1.345969
v 3.199259 3.240156 -0.388786
v 3.199259 3.374014 -1.195539
v 1.442626 3.169179 0.648349
v 1.814956 3.392698 -0.160781
v 1.442626 3.392698 -0.160781
v 1.850246 3.169179 0.648349
v 1.850246 3.126241 0.789272
v 1.814956 3.429461 -0.314662
v 1.442626 3.429461 -0.314662
v 1.372220 3.169178 0.648349
v 1.372221 3.392698 -0.160781
v 3.128854 3.169179 0.648349
v 2.756523 3.392698 -0.160781
v 3.128853 3.392698 -0.160781
v 2.721233 3.169179 0.648349
v 2.285740 3.392698 -0.160781
v 2.285740 3.169179 0.648349
v 2.721233 3.126241 0.789272
v 2.285740 3.126241 0.789272
v 2.756523 3.429461 -0.314662
v 3.128853 3.429461 -0.314662
v 3.199259 3.169179 0.648349
v 3.199259 3.392698 -0.160781
v 1.442626 2.978580 0.587749
v 1.814956 3.197967 -0.206385
v 1.442626 3.197967 -0.206385
v 1.850246 2.978580 0.587749
v 1.850246 2.936480 0.726099
v 1.814956 3.234057 -0.357294
v 1.442626 3.234057 -0.357294
v 1.372220 2.978580 0.587749
v 1.372221 3.197967 -0.206385
v 3.128854 2.978581 0.587749
v 2.756523 3.197967 -0.206385
v 3.128854 3.197967 -0.206385
v 2.721233 2.978581 0.587749
v 2.285740 3.197967 -0.206385
v 2.285740 2.978580 0.587749
v 2.721233 2.936480 0.726099
v 2.285740 2.936480 0.726099
v 2.756523 3.234057 -0.357293
v 3.128854 3.234057 -0.357293
v 3.199259 2.978581 0.587749
v 3.199259 3.197967 -0.206385
v 1.442626 2.807564 1.612754
v 1.814956 3.112338 0.830702
v 1.442626 3.112338 0.830702
v 1.850246 2.807564 1.612754
v 1.850246 2.748240 1.747601
v 1.814956 3.159621 0.679716
v 1.442626 3.159621 0.679716
v 1.372221 2.807564 1.612754
v 1.372221 3.112338 0.830702
v 3.128854 2.807564 1.612754
v 2.756523 3.112338 0.830702
v 3.128854 3.112339 0.830702
v 2.721233 2.807564 1.612754
v 2.285740 3.112338 0.830702
v 2.285740 2.807564 1.612754
v 2.721233 2.748240 1.747601
v 2.285740 2.748240 1.747601
v 2.756523 3.159622 0.679716
v 3.128854 3.159622 0.679716
v 3.199259 2.807564 1.612754
v 3.199259 3.112338 0.830702
v 1.442626 2.624619 1.531937
v 1.814956 2.922845 0.766730
v 1.442626 2.922845 0.766730
v 1.850246 2.624619 1.531937
v 1.850246 2.566775 1.663516
v 1.814956 2.969207 0.618542
v 1.442626 2.969207 0.618542
v 1.372221 2.624619 1.531937
v 1.372221 2.922845 0.766730
v 3.128854 2.624619 1.531937
v 2.756523 2.922845 0.766730
v 3.128854 2.922845 0.766731
v 2.721233 2.624620 1.531937
v 2.285740 2.922845 0.766730
v 2.285740 2.624619 1.531937
v 2.721233 2.566775 1.663516
v 2.285740 2.566775 1.663516
v 2.756523 2.969207 0.618543
v 3.128854 2.969207 0.618543
v 3.199259 2.624620 1.531937
v 3.199259 2.922845 0.766731
v 1.442626 2.327528 2.522926
v 1.814956 2.730636 1.787616
v 1.442626 2.730636 1.787616
v 1.850246 2.327528 2.522926
v 1.850246 2.245215 2.645103
v 1.814956 2.794359 1.642769
v 1.442626 2.794359 1.642769
v 1.372221 2.327528 2.522926
v 1.372221 2.730636 1.787616
v 3.128854 2.327528 2.522926
v 2.756523 2.730637 1.787616
v 3.128853 2.730637 1.787617
v 2.721233 2.327528 2.522926
v 2.285740 2.730636 1.787616
v 2.285740 2.327528 2.522926
v 2.721233 2.245215 2.645103
v 2.285740 2.245215 2.645103
v 2.756523 2.794359 1.642769
v 3.128854 2.794360 1.642769
v 3.199259 2.327528 2.522926
v 3.199259 2.730637 1.787617
v 1.442626 2.160291 2.413237
v 1.814956 2.549621 1.702567
v 1.442626 2.549621 1.702566
v 1.850246 2.160291 2.413237
v 1.850246 2.081750 2.529868
v 1.814956 2.611739 1.561223
v 1.442626 2.611739 1.561223
v 1.372221 2.160291 2.413237
v 1.372221 2.549621 1.702566
v 3.128854 2.160291 2.413237
v 2.756523 2.549621 1.702567
v 3.128854 2.549621 1.702567
v 2.721233 2.160291 2.413237
v 2.285740 2.549621 1.702567
v 2.285740 2.160291 2.413237
v 2.721233 2.081750 2.529868
v 2.285740 2.081750 2.529868
v 2.756523 2.611739 1.561223
v 3.128854 2.611739 1.561223
v 3.199259 2.160291 2.413237
v 3.199259 2.549621 1.702567
v 1.442626 1.652668 3.292813
v 1.814956 2.220788 2.681361
v 1.442626 2.220788 2.681361
v 1.850246 1.652668 3.292813
v 1.850246 1.535264 3.381804
v 1.814956 2.309206 2.550121
v 1.442626 2.309206 2.550121
v 1.372221 1.652668 3.292813
v 1.372221 2.220788 2.681361
v 3.128854 1.652669 3.292814
v 2.756523 2.220788 2.681361
v 3.128854 2.220788 2.681361
v 2.721233 1.652669 3.292814
v 2.285740 2.220788 2.681361
v 2.285740 1.652669 3.292813
v 2.721233 1.535264 3.381805
v 2.285740 1.535264 3.381804
v 2.756523 2.309206 2.550121
v 3.128854 2.309207 2.550121
v 3.199259 1.652669 3.292814
v 3.199259 2.220788 2.681361
v 1.442626 1.533669 3.132067
v 1.814956 2.058478 2.564505
v 1.442626 2.058478 2.564504
v 1.850246 1.533669 3.132067
v 1.850246 1.429393 3.212124
v 1.814956 2.142792 2.439187
v 1.442626 2.142792 2.439187
v 1.372221 1.533669 3.132067
v 1.372221 2.058478 2.564504
v 3.128854 1.533670 3.132068
v 2.756523 2.058478 2.564505
v 3.128854 2.058478 2.564505
v 2.721233 1.533670 3.132068
v 2.285740 2.058478 2.564505
v 2.285740 1.533669 3.132068
v 2.721233 1.429394 3.212125
v 2.285740 1.429393 3.212124
v 2.756523 2.142793 2.439187
v 3.128854 2.142793 2.439187
v 3.199259 1.533670 3.132068
v 3.199259 2.058478 2.564505
v 1.442626 0.725318 3.472227
v 1.814956 1.500425 3.408213
v 1.442626 1.500425 3.408213
v 1.850246 0.725318 3.472227
v 1.850246 0.625833 3.367318
v 1.814956 1.626535 3.312623
v 1.442626 1.626535 3.312622
v 1.372220 0.725318 3.472227
v 1.372221 1.500425 3.408213
v 3.128854 0.725318 3.472227
v 2.756523 1.500425 3.408213
v 3.128853 1.500425 3.408213
v 2.721233 0.725318 3.472227
v 2.285740 1.500425 3.408213
v 2.285740 0.725318 3.472227
v 2.721233 0.625833 3.367318
v 2.285740 0.625833 3.367318
v 2.756523 1.626535 3.312623
v 3.128854 1.626535 3.312623
v 3.199259 0.725318 3.472227
v 3.199259 1.500425 3.408213
v 1.442626 0.847504 3.313890
v 1.814956 1.398582 3.236085
v 1.442626 1.398582 3.236085
v 1.850246 0.847504 3.313890
v 1.850246 0.779536 3.239352
v 1.814956 1.510396 3.149798
v 1.442626 1.510396 3.149798
v 1.372221 0.847504 3.313890
v 1.372221 1.398582 3.236085
v 3.128854 0.847504 3.313890
v 2.756523 1.398582 3.236085
v 3.128853 1.398582 3.236085
v 2.721233 0.847504 3.313890
v 2.285740 1.398582 3.236085
v 2.285740 0.847504 3.313890
v 2.721233 0.779536 3.239352
v 2.285740 0.779536 3.239352
v 2.756523 1.510396 3.149798
v 3.128854 1.510396 3.149798
v 3.199259 0.847504 3.313890
v 3.199259 1.398582 3.236085
v -1.642197 0.712608 3.463728
v -2.014528 1.488240 3.417448
v -1.642197 1.488240 3.417448
v -2.049818 0.712608 3.463728
v -2.049818 0.617312 3.354624
v -2.014528 1.614351 3.321858
v -1.642197 1.614351 3.321858
v -1.571792 0.712608 3.463728
v -1.571792 1.488241 3.417448
v -3.328425 0.712608 3.463728
v -2.956095 1.488241 3.417449
v -3.328425 1.488241 3.417449
v -2.920805 0.712608 3.463728
v -2.485312 1.488241 3.417449
v -2.485312 0.712608 3.463728
v -2.920805 0.617312 3.354624
v -2.485312 0.617312 3.354624
v -2.956095 1.614351 3.321858
v -3.328425 1.614352 3.321858
v -3.398831 0.712608 3.463728
v -3.398830 1.488241 3.417449
v -1.642197 0.839593 3.309213
v -2.014528 1.387820 3.244487
v -1.642197 1.387820 3.244487
v -2.049818 0.839593 3.309213
v -2.049818 0.773140 3.229254
v -2.014528 1.499558 3.158082
v -1.642198 1.499558 3.158082
v -1.571792 0.839593 3.309213
v -1.571792 1.387820 3.244487
v -3.328425 0.839593 3.309213
v -2.956095 1.387820 3.244487
v -3.328425 1.387820 3.244487
v -2.920805 0.839593 3.309213
v -2.485312 1.387820 3.244487
v -2.485312 0.839593 3.309213
v -2.920805 0.773140 3.229253
v -2.485312 0.773140 3.229253
v -2.956095 1.499558 3.158082
v -3.328425 1.499558 3.158082
v -3.398831 0.839593 3.309213
v -3.398831 1.387820 3.244487
v -1.642198 0.309985 2.534519
v -2.014528 0.592948 3.318326
v -1.642198 0.592948 3.318326
v -2.049818 0.309985 2.534519
v -2.049818 0.285080 2.389408
v -2.014528 0.685349 3.445502
v -1.642198 0.685349 3.445502
v -1.571792 0.309985 2.534519
v -1.571792 0.592948 3.318326
v -3.328425 0.309985 2.534519
v -2.956095 0.592948 3.318326
v -3.328425 0.592948 3.318326
v -2.920805 0.309985 2.534519
v -2.485312 0.592948 3.318326
v -2.485312 0.309985 2.534519
v -2.920805 0.285080 2.389408
v -2.485312 0.285080 2.389408
v -2.956095 0.685349 3.445502
v -3.328425 0.685349 3.445502
v -3.398830 0.309985 2.534519
v -3.398830 0.592948 3.318326
v -1.642198 0.505903 2.494316
v -2.014528 0.754606 3.200571
v -1.642198 0.754606 3.200571
v -2.049818 0.505903 2.494316
v -2.049818 0.482008 2.354487
v -2.014528 0.822217 3.299669
v -1.642198 0.822216 3.299669
v -1.571792 0.505903 2.494316
v -1.571792 0.754606 3.200571
v -3.328425 0.505903 2.494316
v -2.956095 0.754606 3.200571
v -3.328425 0.754606 3.200571
v -2.920805 0.505903 2.494316
v -2.485312 0.754606 3.200571
v -2.485312 0.505903 2.494316
v -2.920805 0.482008 2.354487
v -2.485312 0.482008 2.354487
v -2.956095 0.822216 3.299669
v -3.328425 0.822216 3.299669
v -3.398830 0.505903 2.494316
v -3.398830 0.754606 3.200571
v -1.642198 0.185654 1.512047
v -2.014528 0.278444 2.346197
v -1.642197 0.278444 2.346197
v -2.049818 0.185654 1.512047
v -2.049818 0.177016 1.364982
v -2.014528 0.302465 2.502607
v -1.642198 0.302465 2.502607
v -1.571792 0.185654 1.512047
v -1.571792 0.278444 2.346197
v -3.328425 0.185654 1.512047
v -2.956095 0.278444 2.346197
v -3.328425 0.278444 2.346197
v -2.920805 0.185654 1.512047
v -2.485312 0.278444 2.346197
v -2.485312 0.185654 1.512047
v -2.920805 0.177016 1.364982
v -2.485312 0.177016 1.364982
v -2.956095 0.302465 2.502607
v -3.328425 0.302465 2.502607
v -3.398830 0.185654 1.512047
v -3.398830 0.278444 2.346197
v -1.642197 0.385148 1.497830
v -2.014528 0.475609 2.312641
v -1.642197 0.475609 2.312641
v -2.049818 0.385149 1.497830
v -2.049818 0.376643 1.352767
v -2.014528 0.498726 2.464119
v -1.642197 0.498726 2.464119
v -1.571792 0.385149 1.497830
v -1.571792 0.475609 2.312641
v -3.328425 0.385149 1.497830
v -2.956095 0.475609 2.312641
v -3.328425 0.475609 2.312641
v -2.920805 0.385149 1.497830
v -2.485312 0.475609 2.312641
v -2.485312 0.385149 1.497830
v -2.920805 0.376643 1.352767
v -2.485312 0.376643 1.352767
v -2.956095 0.498726 2.464119
v -3.328425 0.498726 2.464119
v -3.398830 0.385149 1.497830
v -3.398830 0.475609 2.312641
v -1.642197 0.145695 0.482210
v -2.014528 0.174453 1.321340
v -1.642197 0.174453 1.321340
v -2.049818 0.145694 0.482210
v -2.049818 0.143522 0.334908
v -2.014528 0.183732 1.479311
v -1.642197 0.183732 1.479311
v -1.571792 0.145694 0.482210
v -1.571792 0.174453 1.321340
v -3.328425 0.145694 0.482210
v -2.956095 0.174453 1.321340
v -3.328425 0.174453 1.321340
v -2.920805 0.145694 0.482210
v -2.485312 0.174453 1.321340
v -2.485312 0.145694 0.482210
v -2.920805 0.143522 0.334908
v -2.485312 0.143522 0.334908
v -2.956095 0.183732 1.479311
v -3.328425 0.183732 1.479311
v -3.398831 0.145694 0.482210
v -3.398831 0.174453 1.321340
v -1.642197 0.345662 0.478602
v -2.014528 0.374115 1.309719
v -1.642197 0.374115 1.309719
v -2.049818 0.345662 0.478602
v -2.049818 0.343503 0.332170
v -2.014528 0.383257 1.465540
v -1.642197 0.383257 1.465540
v -1.571792 0.345662 0.478602
v -1.571792 0.374115 1.309719
v -3.328425 0.345662 0.478602
v -2.956095 0.374115 1.309719
v -3.328425 0.374115 1.309719
v -2.920805 0.345662 0.478602
v -2.485312 0.374115 1.309719
v -2.485312 0.345662 0.478602
v -2.920805 0.343503 0.332170
v -2.485312 0.343503 0.332170
v -2.956095 0.383257 1.465540
v -3.328425 0.383257 1.465540
v -3.398831 0.345662 0.478602
v -3.398830 0.374115 1.309719
v -1.642197 0.136644 -0.548488
v -2.014528 0.142877 0.291196
v -1.642198 0.142877 0.291196
v -2.049818 0.136644 -0.548488
v -2.049818 0.132783 -0.695757
v -2.014528 0.145211 0.449424
v -1.642198 0.145211 0.449424
v -1.571792 0.136644 -0.548488
v -1.571792 0.142877 0.291196
v -3.328425 0.136644 -0.548488
v -2.956095 0.142877 0.291196
v -3.328425 0.142877 0.291196
v -2.920805 0.136644 -0.548488
v -2.485312 0.142877 0.291196
v -2.485312 0.136644 -0.548488
v -2.920805 0.132783 -0.695757
v -2.485312 0.132783 -0.695757
v -2.956095 0.145211 0.449424
v -3.328425 0.145211 0.449424
v -3.398831 0.136644 -0.548488
v -3.398830 0.142877 0.291196
v -1.642197 0.336613 -0.551976
v -2.014528 0.342862 0.288717
v -1.642198 0.342862 0.288717
v -2.049818 0.336614 -0.551976
v -2.049818 0.332721 -0.700768
v -2.014528 0.345182 0.446009
v -1.642198 0.345182 0.446009
v -1.571792 0.336614 -0.551976
v -1.571792 0.342862 0.288717
v -3.328425 0.336614 -0.551976
v -2.956095 0.342862 0.288717
v -3.328425 0.342862 0.288717
v -2.920805 0.336614 -0.551976
v -2.485312 0.342862 0.288717
v -2.485312 0.336614 -0.551976
v -2.920805 0.332720 -0.700768
v -2.485312 0.332720 -0.700768
v -2.956095 0.345182 0.446009
v -3.328425 0.345182 0.446009
v -3.398830 0.336614 -0.551976
v -3.398830 0.342862 0.288717
v -1.642198 0.105128 -1.578713
v -2.014528 0.131638 -0.739459
v -1.642197 0.131638 -0.739459
v -2.049818 0.105128 -1.578713
v -2.049818 0.104279 -1.726031
v -2.014528 0.135785 -0.581268
v -1.642198 0.135785 -0.581268
v -1.571792 0.105128 -1.578713
v -1.571792 0.131638 -0.739459
v -3.328425 0.105128 -1.578713
v -2.956095 0.131638 -0.739459
v -3.328425 0.131638 -0.739459
v -2.920805 0.105128 -1.578713
v -2.485312 0.131638 -0.739459
v -2.485312 0.105128 -1.578713
v -2.920805 0.104279 -1.726031
v -2.485312 0.104279 -1.726031
v -2.956095 0.135785 -0.581268
v -3.328425 0.135785 -0.581268
v -3.398830 0.105128 -1.578713
v -3.398831 0.131638 -0.739459
v -1.642197 0.305119 -1.580518
v -2.014528 0.331563 -0.744922
v -1.642197 0.331563 -0.744922
v -2.049818 0.305120 -1.580518
v -2.049818 0.304272 -1.724380
v -2.014528 0.335748 -0.585095
v -1.642198 0.335748 -0.585095
v -1.571792 0.305120 -1.580518
v -1.571792 0.331563 -0.744922
v -3.328425 0.305120 -1.580518
v -2.956095 0.331563 -0.744922
v -3.328425 0.331563 -0.744922
v -2.920805 0.305119 -1.580518
v -2.485312 0.331563 -0.744922
v -2.485312 0.305120 -1.580518
v -2.920805 0.304272 -1.724380
v -2.485312 0.304272 -1.724380
v -2.956095 0.335748 -0.585095
v -3.328425 0.335748 -0.585095
v -3.398830 0.305120 -1.580518
v -3.398831 0.331563 -0.744922
v -1.642198 0.194457 -2.602242
v -2.014528 0.104028 -1.769749
v -1.642198 0.104028 -1.769749
v -2.049818 0.194457 -2.602242
v -2.049818 0.235430 -2.743334
v -2.014528 0.104939 -1.611506
v -1.642198 0.104939 -1.611506
v -1.571792 0.194457 -2.602242
v -1.571792 0.104028 -1.769749
v -3.328425 0.194457 -2.602242
v -2.956095 0.104028 -1.769749
v -3.328425 0.104027 -1.769749
v -2.920805 0.194457 -2.602242
v -2.485312 0.104028 -1.769749
v -2.485312 0.194457 -2.602242
v -2.920805 0.235430 -2.743334
v -2.485312 0.235430 -2.743334
v -2.956095 0.104939 -1.611506
v -3.328425 0.104939 -1.611506
v -3.398830 0.194457 -2.602242
v -3.398830 0.104027 -1.769749
v -1.642197 0.387674 -2.550598
v -2.014528 0.304010 -1.767072
v -1.642198 0.304010 -1.767072
v -2.049818 0.387674 -2.550598
v -2.049818 0.423873 -2.676333
v -2.014528 0.304936 -1.612541
v -1.642197 0.304936 -1.612541
v -1.571792 0.387674 -2.550598
v -1.571792 0.304010 -1.767072
v -3.328425 0.387674 -2.550598
v -2.956095 0.304010 -1.767072
v -3.328425 0.304010 -1.767072
v -2.920805 0.387674 -2.550598
v -2.485312 0.304010 -1.767072
v -2.485312 0.387674 -2.550598
v -2.920805 0.423873 -2.676333
v -2.485312 0.423873 -2.676333
v -2.956095 0.304936 -1.612541
v -3.328425 0.304936 -1.612541
v -3.398830 0.387674 -2.550598
v -3.398830 0.304010 -1.767072
v -1.642197 0.793165 -3.391259
v -2.014528 0.251822 -2.783861
v -1.642198 0.251822 -2.783861
v -2.049818 0.793165 -3.391259
v -2.049818 0.928624 -3.446878
v -2.014528 0.201912 -2.634175
v -1.642198 0.201912 -2.634175
v -1.571792 0.793165 -3.391259
v -1.571792 0.251822 -2.783861
v -3.328425 0.793165 -3.391259
v -2.956095 0.251822 -2.783861
v -3.328425 0.251822 -2.783862
v -2.920805 0.793165 -3.391259
v -2.485312 0.251822 -2.783861
v -2.485312 0.793165 -3.391259
v -2.920805 0.928624 -3.446878
v -2.485312 0.928624 -3.446878
v -2.956095 0.201912 -2.634175
v -3.328425 0.201912 -2.634175
v -3.398831 0.793165 -3.391259
v -3.398830 0.251822 -2.783862
v -1.642197 0.877547 -3.209931
v -2.014528 0.438172 -2.711240
v -1.642198 0.438172 -2.711240
v -2.049818 0.877547 -3.209931
v -2.049818 0.989246 -3.256287
v -2.014528 0.394306 -2.579542
v -1.642197 0.394306 -2.579542
v -1.571792 0.877547 -3.209931
v -1.571792 0.438172 -2.711240
v -3.328425 0.877547 -3.209931
v -2.956095 0.438172 -2.711241
v -3.328425 0.438172 -2.711241
v -2.920805 0.877547 -3.209931
v -2.485312 0.438172 -2.711241
v -2.485312 0.877547 -3.209931
v -2.920805 0.989246 -3.256287
v -2.485312 0.989246 -3.256287
v -2.956095 0.394306 -2.579542
v -3.328425 0.394306 -2.579542
v -3.398831 0.877547 -3.209931
v -3.398830 0.438172 -2.711241
v -1.642198 1.803926 -3.485457
v -2.014528 0.971361 -3.456084
v -1.642198 0.971361 -3.456084
v -2.049818 1.803926 -3.485457
v -2.049818 1.948959 -3.459605
v -2.014528 0.822586 -3.405740
v -1.642198 0.822586 -3.405740
v -1.571792 1.803926 -3.485457
v -1.571792 0.971361 -3.456084
v -3.328425 1.803926 -3.485457
v -2.956095 0.971361 -3.456084
v -3.328425 0.971361 -3.456084
v -2.920805 1.803926 -3.485457
v -2.485312 0.971361 -3.456084
v -2.485312 1.803926 -3.485457
v -2.920805 1.948960 -3.459605
v -2.485312 1.948960 -3.459605
v -2.956095 0.822586 -3.405740
v -3.328425 0.822586 -3.405740
v -3.398830 1.803926 -3.485457
v -3.398830 0.971361 -3.456084
v -1.642198 1.773982 -3.287712
v -2.014528 1.026487 -3.263831
v -1.642197 1.026487 -3.263831
v -2.049818 1.773982 -3.287712
v -2.049818 1.907656 -3.263916
v -2.014528 0.901300 -3.221881
v -1.642198 0.901300 -3.221881
v -1.571792 1.773982 -3.287712
v -1.571792 1.026487 -3.263831
v -3.328425 1.773982 -3.287712
v -2.956095 1.026487 -3.263831
v -3.328425 1.026487 -3.263831
v -2.920805 1.773982 -3.287712
v -2.485312 1.026487 -3.263831
v -2.485312 1.773982 -3.287712
v -2.920805 1.907656 -3.263916
v -2.485312 1.907656 -3.263916
v -2.956095 0.901300 -3.221881
v -3.328425 0.901300 -3.221881
v -3.398830 1.773982 -3.287712
v -3.398830 1.026487 -3.263831
v -1.642197 2.763485 -3.130874
v -2.014528 1.991998 -3.451934
v -1.642197 1.991998 -3.451933
v -2.049818 2.763485 -3.130874
v -2.049818 2.882418 -3.044263
v -2.014528 1.836209 -3.479703
v -1.642197 1.836209 -3.479703
v -1.571792 2.763485 -3.130874
v -1.571792 1.991998 -3.451933
v -3.328425 2.763486 -3.130874
v -2.956095 1.991999 -3.451934
v -3.328425 1.991999 -3.451934
v -2.920805 2.763485 -3.130874
v -2.485312 1.991999 -3.451934
v -2.485312 2.763485 -3.130874
v -2.920805 2.882419 -3.044263
v -2.485312 2.882419 -3.044263
v -2.956095 1.836209 -3.479703
v -3.328425 1.836209 -3.479703
v -3.398830 2.763486 -3.130874
v -3.398831 1.991999 -3.451934
v -1.642197 2.654680 -2.963060
v -2.014528 1.947349 -3.256981
v -1.642197 1.947349 -3.256981
v -2.049818 2.654681 -2.963060
v -2.049818 2.761942 -2.884621
v -2.014528 1.803727 -3.282358
v -1.642198 1.803727 -3.282358
v -1.571792 2.654681 -2.963060
v -1.571792 1.947349 -3.256981
v -3.328425 2.654681 -2.963060
v -2.956095 1.947349 -3.256981
v -3.328425 1.947349 -3.256981
v -2.920805 2.654681 -2.963060
v -2.485312 1.947349 -3.256981
v -2.485312 2.654681 -2.963060
v -2.920805 2.761942 -2.884621
v -2.485312 2.761942 -2.884621
v -2.956095 1.803727 -3.282359
v -3.328425 1.803727 -3.282359
v -3.398831 2.654681 -2.963060
v -3.398831 1.947349 -3.256981
v -1.642198 3.437422 -2.370822
v -2.014528 2.917132 -3.017689
v -1.642197 2.917132 -3.017689
v -2.049818 3.437422 -2.370822
v -2.049818 3.498607 -2.236964
v -2.014528 2.791477 -3.113879
v -1.642197 2.791477 -3.113878
v -1.571792 3.437422 -2.370822
v -1.571792 2.917132 -3.017689
v -3.328425 3.437422 -2.370822
v -2.956095 2.917133 -3.017689
v -3.328425 2.917133 -3.017690
v -2.920805 3.437422 -2.370822
v -2.485312 2.917132 -3.017689
v -2.485312 3.437422 -2.370822
v -2.920805 3.498608 -2.236964
v -2.485312 3.498607 -2.236964
v -2.956095 2.791478 -3.113879
v -3.328425 2.791478 -3.113879
v -3.398830 3.437422 -2.370822
v -3.398830 2.917133 -3.017689
v -1.642198 3.255942 -2.286768
v -2.014528 2.793252 -2.860675
v -1.642198 2.793252 -2.860674
v -2.049818 3.255942 -2.286768
v -2.049818 3.310426 -2.169231
v -2.014528 2.680179 -2.947708
v -1.642198 2.680178 -2.947708
v -1.571792 3.255942 -2.286768
v -1.571792 2.793252 -2.860674
v -3.328425 3.255942 -2.286768
v -2.956095 2.793252 -2.860675
v -3.328425 2.793252 -2.860675
v -2.920805 3.255942 -2.286768
v -2.485312 2.793252 -2.860675
v -2.485312 3.255942 -2.286768
v -2.920805 3.310426 -2.169231
v -2.485312 3.310426 -2.169231
v -2.956095 2.680179 -2.947708
v -3.328425 2.680179 -2.947708
v -3.398830 3.255942 -2.286768
v -3.398830 2.793252 -2.860675
v -1.642197 3.588672 -1.365148
v -2.014528 3.509926 -2.194737
v -1.642198 3.509925 -2.194737
v -2.049818 3.588673 -1.365148
v -2.049818 3.578700 -1.218234
v -2.014528 3.451393 -2.341156
v -1.642198 3.451393 -2.341156
v -1.571792 3.588672 -1.365148
v -1.571792 3.509925 -2.194737
v -3.328425 3.588673 -1.365148
v -2.956095 3.509926 -2.194737
v -3.328425 3.509926 -2.194737
v -2.920805 3.588673 -1.365148
v -2.485312 3.509926 -2.194737
v -2.485312 3.588673 -1.365148
v -2.920805 3.578700 -1.218234
v -2.485312 3.578700 -1.218234
v -2.956095 3.451393 -2.341156
v -3.328425 3.451394 -2.341156
v -3.398830 3.588673 -1.365148
v -3.398830 3.509926 -2.194737
v -1.642198 3.389015 -1.376859
v -2.014528 3.320079 -2.131823
v -1.642198 3.320079 -2.131823
v -2.049818 3.389016 -1.376859
v -2.049818 3.379635 -1.237560
v -2.014528 3.268294 -2.260690
v -1.642198 3.268294 -2.260690
v -1.571792 3.389015 -1.376859
v -1.571792 3.320079 -2.131823
v -3.328425 3.389016 -1.376859
v -2.956095 3.320079 -2.131823
v -3.328425 3.320079 -2.131823
v -2.920805 3.389016 -1.376859
v -2.485312 3.320079 -2.131823
v -2.485312 3.389016 -1.376859
v -2.920805 3.379635 -1.237560
v -2.485312 3.379635 -1.237560
v -2.956095 3.268294 -2.260690
v -3.328425 3.268295 -2.260690
v -3.398830 3.389016 -1.376859
v -3.398830 3.320079 -2.131823
v -1.642198 3.435711 -0.346852
v -2.014528 3.572947 -1.174898
v -1.642198 3.572947 -1.174898
v -2.049818 3.435711 -0.346852
v -2.049818 3.403271 -0.203199
v -2.014528 3.586921 -1.332403
v -1.642198 3.586921 -1.332403
v -1.571792 3.435711 -0.346852
v -1.571792 3.572947 -1.174898
v -3.328425 3.435711 -0.346852
v -2.956095 3.572947 -1.174898
v -3.328425 3.572947 -1.174898
v -2.920805 3.435711 -0.346852
v -2.485312 3.572947 -1.174898
v -2.485312 3.435711 -0.346852
v -2.920805 3.403271 -0.203199
v -2.485312 3.403271 -0.203199
v -2.956095 3.586922 -1.332403
v -3.328425 3.586922 -1.332403
v -3.398830 3.435711 -0.346852
v -3.398830 3.572947 -1.174898
v -1.642198 3.240156 -0.388786
v -2.014528 3.374015 -1.195539
v -1.642198 3.374014 -1.195539
v -2.049818 3.240156 -0.388786
v -2.049818 3.208355 -0.248008
v -2.014528 3.387382 -1.345969
v -1.642198 3.387382 -1.345969
v -1.571792 3.240156 -0.388786
v -1.571792 3.374014 -1.195539
v -3.328425 3.240157 -0.388786
v -2.956095 3.374015 -1.195539
v -3.328425 3.374015 -1.195539
v -2.920805 3.240157 -0.388786
v -2.485312 3.374015 -1.195539
v -2.485312 3.240156 -0.388786
v -2.920805 3.208355 -0.248008
v -2.485312 3.208355 -0.248008
v -2.956095 3.387382 -1.345969
v -3.328425 3.387383 -1.345969
v -3.398830 3.240157 -0.388786
v -3.398830 3.374015 -1.195539
v -1.642197 3.169179 0.648349
v -2.014528 3.392698 -0.160781
v -1.642198 3.392698 -0.160781
v -2.049818 3.169179 0.648349
v -2.049818 3.126241 0.789272
v -2.014528 3.429461 -0.314662
v -1.642198 3.429461 -0.314662
v -1.571792 3.169179 0.648349
v -1.571792 3.392698 -0.160781
v -3.328425 3.169179 0.648349
v -2.956095 3.392698 -0.160781
v -3.328425 3.392699 -0.160781
v -2.920805 3.169179 0.648349
v -2.485312 3.392698 -0.160781
v -2.485312 3.169179 0.648349
v -2.920805 3.126241 0.789272
v -2.485312 3.126241 0.789272
v -2.956095 3.429461 -0.314662
v -3.328425 3.429461 -0.314662
v -3.398831 3.169179 0.648349
v -3.398830 3.392699 -0.160781
v -1.642197 2.978581 0.587749
v -2.014528 3.197967 -0.206385
v -1.642197 3.197967 -0.206385
v -2.049818 2.978581 0.587749
v -2.049818 2.936480 0.726099
v -2.014528 3.234058 -0.357294
v -1.642198 3.234057 -0.357294
v -1.571792 2.978581 0.587749
v -1.571792 3.197967 -0.206385
v -3.328425 2.978581 0.587749
v -2.956095 3.197967 -0.206385
v -3.328425 3.197967 -0.206385
v -2.920805 2.978581 0.587749
v -2.485312 3.197967 -0.206385
v -2.485312 2.978581 0.587749
v -2.920805 2.936480 0.726099
v -2.485312 2.936480 0.726099
v -2.956095 3.234058 -0.357293
v -3.328425 3.234058 -0.357293
v -3.398831 2.978581 0.587749
v -3.398830 3.197967 -0.206385
v -1.642198 2.807564 1.612754
v -2.014528 3.112339 0.830702
v -1.642198 3.112339 0.830702
v -2.049818 2.807564 1.612754
v -2.049818 2.748241 1.747601
v -2.014528 3.159622 0.679716
v -1.642198 3.159622 0.679716
v -1.571792 2.807564 1.612754
v -1.571792 3.112339 0.830702
v -3.328425 2.807565 1.612754
v -2.956095 3.112339 0.830702
v -3.328425 3.112339 0.830702
v -2.920805 2.807564 1.612754
v -2.485312 3.112339 0.830702
v -2.485312 2.807564 1.612754
v -2.920805 2.748241 1.747601
v -2.485312 2.748241 1.747601
v -2.956095 3.159622 0.679716
v -3.328425 3.159622 0.679716
v -3.398830 2.807564 1.612754
v -3.398830 3.112339 0.830702
v -1.642198 2.624620 1.531937
v -2.014528 2.922845 0.766730
v -1.642198 2.922845 0.766730
v -2.049818 2.624620 1.531937
v -2.049818 2.566775 1.663516
v -2.014528 2.969207 0.618542
v -1.642198 2.969207 0.618542
v -1.571792 2.624620 1.531937
v -1.571792 2.922845 0.766730
v -3.328425 2.624620 1.531937
v -2.956095 2.922846 0.766730
v -3.328425 2.922846 0.766731
v -2.920805 2.624620 1.531937
v -2.485312 2.922846 0.766730
v -2.485312 2.624620 1.531937
v -2.920805 2.566776 1.663516
v -2.485312 2.566775 1.663516
v -2.956095 2.969207 0.618543
v -3.328425 2.969207 0.618543
v -3.398830 2.624620 1.531937
v -3.398830 2.922846 0.766731
v -1.642198 2.327529 2.522926
v -2.014528 2.730637 1.787616
v -1.642198 2.730637 1.787616
v -2.049818 2.327529 2.522926
v -2.049818 2.245216 2.645103
v -2.014528 2.794360 1.642769
v -1.642197 2.794360 1.642769
v -1.571792 2.327529 2.522926
v -1.571792 2.730637 1.787616
v -3.328425 2.327529 2.522926
v -2.956095 2.730637 1.787616
v -3.328425 2.730637 1.787617
v -2.920805 2.327529 2.522926
v -2.485312 2.730637 1.787616
v -2.485312 2.327529 2.522926
v -2.920805 2.245216 2.645103
v -2.485312 2.245216 2.645103
v -2.956095 2.794360 1.642769
v -3.328425 2.794360 1.642769
v -3.398830 2.327529 2.522926
v -3.398830 2.730637 1.787617
v -1.642198 2.160291 2.413237
v -2.014528 2.549622 1.702567
v -1.642198 2.549621 1.702566
v -2.049818 2.160291 2.413237
v -2.049818 2.081751 2.529868
v -2.014528 2.611739 1.561223
v -1.642197 2.611739 1.561223
v -1.571792 2.160291 2.413237
v -1.571792 2.549621 1.702566
v -3.328425 2.160292 2.413237
v -2.956095 2.549622 1.702567
v -3.328425 2.549622 1.702567
v -2.920805 2.160292 2.413237
v -2.485312 2.549622 1.702567
v -2.485312 2.160292 2.413237
v -2.920805 2.081751 2.529868
v -2.485312 2.081751 2.529868
v -2.956095 2.611740 1.561223
v -3.328425 2.611740 1.561223
v -3.398830 2.160292 2.413237
v -3.398830 2.549622 1.702567
v -1.642198 1.652669 3.292813
v -2.014528 2.220788 2.681361
v -1.642198 2.220788 2.681361
v -2.049818 1.652669 3.292813
v -2.049818 1.535265 3.381804
v -2.014528 2.309207 2.550121
v -1.642197 2.309206 2.550121
v -1.571792 1.652669 3.292813
v -1.571792 2.220788 2.681361
v -3.328425 1.652669 3.292814
v -2.956095 2.220788 2.681361
v -3.328425 2.220788 2.681361
v -2.920805 1.652669 3.292814
v -2.485312 2.220788 2.681361
v -2.485312 1.652669 3.292813
v -2.920805 1.535265 3.381805
v -2.485312 1.535265 3.381804
v -2.956095 2.309207 2.550121
v -3.328425 2.309207 2.550121
v -3.398830 1.652669 3.292814
v -3.398830 2.220788 2.681361
v -1.642198 1.533670 3.132067
v -2.014528 2.058478 2.564505
v -1.642198 2.058478 2.564504
v -2.049818 1.533670 3.132067
v -2.049818 1.429394 3.212124
v -2.014528 2.142793 2.439187
v -1.642198 2.142793 2.439187
v -1.571792 1.533670 3.132067
v -1.571792 2.058478 2.564504
v -3.328425 1.533670 3.132068
v -2.956095 2.058478 2.564505
v -3.328425 2.058478 2.564505
v -2.920805 1.533670 3.132068
v -2.485312 2.058478 2.564505
v -2.485312 1.533670 3.132068
v -2.920805 1.429394 3.212125
v -2.485312 1.429394 3.212124
v -2.956095 2.142793 2.439187
v -3.328425 2.142793 2.439187
v -3.398830 1.533670 3.132068
v -3.398830 2.058478 2.564505
v -1.642197 0.725318 3.472227
v -2.014528 1.500425 3.408213
v -1.642198 1.500425 3.408213
v -2.049818 0.725318 3.472227
v -2.049818 0.625834 3.367318
v -2.014528 1.626535 3.312623
v -1.642198 1.626535 3.312622
v -1.571792 0.725318 3.472227
v -1.571792 1.500425 3.408213
v -3.328425 0.725318 3.472227
v -2.956095 1.500425 3.408213
v -3.328425 1.500425 3.408213
v -2.920805 0.725318 3.472227
v -2.485312 1.500425 3.408213
v -2.485312 0.725318 3.472227
v -2.920805 0.625834 3.367318
v -2.485312 0.625834 3.367318
v -2.956095 1.626536 3.312623
v -3.328425 1.626536 3.312623
v -3.398830 0.725318 3.472227
v -3.398830 1.500425 3.408213
v -1.642198 0.847504 3.313890
v -2.014528 1.398582 3.236085
v -1.642198 1.398582 3.236085
v -2.049818 0.847504 3.313890
v -2.049818 0.779537 3.239352
v -2.014528 1.510397 3.149798
v -1.642198 1.510397 3.149798
v -1.571792 0.847504 3.313890
v -1.571792 1.398582 3.236085
v -3.328425 0.847504 3.313890
v -2.956095 1.398582 3.236085
v -3.328425 1.398582 3.236085
v -2.920805 0.847504 3.313890
v -2.485312 1.398582 3.236085
v -2.485312 0.847504 3.313890
v -2.920805 0.779537 3.239352
v -2.485312 0.779537 3.239352
v -2.956095 1.510397 3.149798
v -3.328425 1.510397 3.149798
v -3.398830 0.847504 3.313890
v -3.398830 1.398582 3.236085
vn -0.0000 0.0596 0.9982
vn -0.0000 -0.7532 0.6578
vn -0.0000 0.6041 0.7969
vn -0.0000 -0.1173 -0.9931
vn -0.0000 -0.1172 -0.9931
vn -0.0000 0.7691 -0.6392
vn -0.0000 -0.6117 -0.7911
vn -0.0000 0.8648 -0.5021
vn -0.0000 -0.7726 -0.6349
vn -0.0000 -0.6269 -0.7791
vn -1.0000 -0.0000 -0.0000
vn -0.0000 0.8189 -0.5740
vn 1.0000 -0.0000 -0.0000
vn -0.0000 -0.9406 0.3396
vn -0.0000 -0.9856 0.1692
vn -0.0000 -0.8090 0.5878
vn -0.0000 0.9432 -0.3322
vn -0.0000 0.9857 -0.1684
vn -0.0000 0.8261 -0.5636
vn -0.0000 0.5888 0.8083
vn -0.0000 -0.2010 -0.9796
vn -0.0000 -0.1746 -0.9846
vn -0.0000 0.7292 0.6843
vn -0.0000 -0.9939 0.1106
vn -0.0000 -0.9983 0.0586
vn -0.0000 -0.9884 0.1518
vn -0.0000 0.9939 -0.1103
vn -0.0000 0.9983 -0.0585
vn -0.0000 0.9886 -0.1509
vn -0.0000 0.1678 0.9858
vn -0.0000 -0.0711 -0.9975
vn -0.0000 -0.0611 -0.9981
vn -0.0000 0.1924 0.9813
vn -0.0000 -0.9994 0.0343
vn -0.0000 -0.9999 0.0147
vn -0.0000 0.9994 -0.0342
vn -0.0000 0.9999 -0.0147
vn -0.0000 0.9983 -0.0586
vn -0.0000 0.0581 0.9983
vn -0.0000 -0.0180 -0.9998
vn -0.0000 -0.0137 -0.9999
vn -0.0000 0.0689 0.9976
vn -0.0000 -1.0000 0.0074
vn -0.0000 -0.9997 0.0262
vn -0.0000 -0.9999 0.0148
vn -0.0000 1.0000 -0.0074
vn -0.0000 0.9997 -0.0262
vn -0.0000 0.0124 0.9999
vn -0.0000 -0.0174 -0.9998
vn -0.0000 -0.0251 -0.9997
vn -0.0000 0.0171 0.9999
vn -0.0000 -0.9995 0.0316
vn -0.0000 -1.0000 0.0058
vn -0.0000 0.9995 -0.0316
vn -0.0000 1.0000 -0.0059
vn -0.0000 0.0273 0.9996
vn -0.0000 -0.0090 -1.0000
vn -0.0000 0.0083 -1.0000
vn -0.0000 0.0191 0.9998
vn -0.0000 -0.9942 -0.1080
vn -0.0000 -0.9603 -0.2789
vn -0.0000 0.9943 0.1062
vn -0.0000 0.9610 0.2767
vn -0.0000 1.0000 -0.0060
vn -0.0000 -0.0134 0.9999
vn -0.0000 0.2582 -0.9661
vn -0.0000 0.3350 -0.9422
vn -0.0000 0.0052 1.0000
vn -0.0000 -0.7465 -0.6653
vn -0.0000 -0.3798 -0.9251
vn -0.0000 -0.9487 -0.3163
vn -0.0000 0.7503 0.6611
vn -0.0000 0.3833 0.9236
vn -0.0000 0.9488 0.3160
vn -0.0000 -0.3631 0.9317
vn -0.0000 0.9066 -0.4219
vn -0.0000 0.9530 -0.3031
vn -0.0000 -0.2732 0.9620
vn -0.0000 -0.0353 -0.9994
vn -0.0000 0.1755 -0.9845
vn -0.0000 -0.3205 -0.9472
vn -0.0000 0.0319 0.9995
vn -0.0000 -0.1753 0.9845
vn -0.0000 0.3177 0.9482
vn -0.0000 -0.9613 0.2756
vn -0.0000 0.9887 0.1497
vn -0.0000 0.9784 0.2065
vn -0.0000 -0.9193 0.3936
vn -0.0000 0.3842 -0.9232
vn -0.0000 0.5887 -0.8084
vn -0.0000 -0.3837 0.9234
vn -0.0000 -0.5903 0.8072
vn -0.0000 -0.1740 0.9847
vn -0.0000 -0.9748 -0.2232
vn -0.0000 0.8391 0.5440
vn -0.0000 0.7982 0.6024
vn -0.0000 -0.9867 -0.1624
vn -0.0000 0.7792 -0.6267
vn -0.0000 0.9095 -0.4157
vn -0.0000 0.6079 -0.7941
vn -0.0000 0.6078 -0.7941
vn -0.0000 -0.7785 0.6276
vn -0.0000 -0.9073 0.4206
vn -0.0000 -0.6099 0.7924
vn -0.0000 -0.7851 -0.6194
vn -0.0000 0.4203 0.9074
vn -0.0000 0.3387 0.9409
vn -0.0000 -0.8309 -0.5565
vn -0.0000 0.9955 -0.0945
vn -0.0000 0.9977 0.0677
vn -0.0000 0.9286 -0.3712
vn -0.0000 -0.9959 0.0909
vn -0.0000 -0.9977 -0.0672
vn -0.0000 -0.9279 0.3729
vn -0.0000 -0.3146 -0.9492
vn -0.0000 -0.0586 0.9983
vn -0.0000 -0.0966 0.9953
vn -0.0000 -0.4023 -0.9155
vn -0.0000 0.9865 0.1635
vn -0.0000 0.9754 0.2203
vn -0.0000 0.9961 0.0884
vn -0.0000 -0.9865 -0.1637
vn -0.0000 -0.9754 -0.2203
vn -0.0000 -0.9961 -0.0885
vn -0.0000 0.1032 -0.9947
vn -0.0000 -0.2097 0.9778
vn -0.0000 -0.2240 0.9746
vn -0.0000 0.0678 -0.9977
vn -0.0000 0.9639 0.2663
vn -0.0000 0.9566 0.2915
vn -0.0000 0.9726 0.2324
vn -0.0000 -0.9639 -0.2663
vn -0.0000 -0.9567 -0.2911
vn -0.0000 -0.9726 -0.2326
vn -0.0000 0.2280 -0.9737
vn -0.0000 -0.3030 0.9530
vn -0.0000 -0.3159 0.9488
vn -0.0000 0.2132 -0.9770
vn -0.0000 0.9317 0.3631
vn -0.0000 0.9153 0.4027
vn -0.0000 0.9543 0.2989
vn -0.0000 -0.9317 -0.3631
vn -0.0000 -0.9154 -0.4024
vn -0.0000 -0.9544 -0.2986
vn -0.0000 0.3199 -0.9475
vn -0.0000 -0.4041 0.9147
vn -0.0000 -0.4204 0.9073
vn -0.0000 0.3059 -0.9521
vn -0.0000 0.8769 0.4807
vn -0.0000 0.8293 0.5587
vn -0.0000 -0.8770 -0.4805
vn -0.0000 -0.8295 -0.5586
vn -0.0000 -0.9155 -0.4023
vn -0.0000 0.4253 -0.9051
vn -0.0000 -0.5484 0.8362
vn -0.0000 -0.5762 0.8173
vn -0.0000 0.4077 -0.9131
vn -0.0000 0.4252 -0.9051
vn -0.0000 0.7326 0.6807
vn -0.0000 -0.7342 -0.6789
vn -0.0000 -0.6090 -0.7932
vn -0.0000 -0.8297 -0.5582
vn -0.0000 0.5843 -0.8116
vn -0.0000 -0.8037 0.5950
vn -0.0000 -0.8484 0.5294
vn -0.0000 0.5547 -0.8321
vn -0.0000 0.0823 0.9966
vn -0.0000 -0.7256 0.6881
vn -0.0000 -0.1398 -0.9902
vn -0.0000 0.7389 -0.6738
vn -0.0000 -0.6109 -0.7917
vn -0.0000 0.8606 -0.5092
vn -0.0000 -0.7917 -0.6109
vn -0.0000 -0.6398 -0.7685
vn -0.0000 0.8141 -0.5807
vt 0.824153 0.677109
vt 0.823481 0.677109
vt 0.823531 0.675911
vt 0.824153 0.675911
vt 0.822949 0.677109
vt 0.822949 0.675911
vt 0.823531 0.675700
vt 0.824153 0.675700
vt 0.823481 0.677335
vt 0.822949 0.677335
vt 0.822849 0.677109
vt 0.822849 0.675911
s 0
usemtl Material.001
f 14/1/1 2/2/1 4/3/1 15/4/1
f 4/3/1 2/2/1 3/5/1 1/6/1
f 15/4/2 4/3/2 5/7/2 17/8/2
f 3/5/3 2/2/3 6/9/3 7/10/3
f 1/6/1 3/5/1 9/11/1 8/12/1
f 14/1/1 15/4/1 13/3/1 11/2/1
f 13/3/1 10/6/1 12/5/1 11/2/1
f 15/4/2 17/8/2 16/7/2 13/3/2
f 12/5/3 19/10/3 18/9/3 11/2/3
f 10/6/1 20/12/1 21/11/1 12/5/1
f 35/1/4 36/4/4 25/3/4 23/2/4
f 25/3/5 22/6/5 24/5/5 23/2/5
f 36/4/6 38/8/6 26/7/6 25/3/6
f 24/5/7 28/10/7 27/9/7 23/2/7
f 22/6/4 29/12/4 30/11/4 24/5/4
f 35/1/5 32/2/5 34/3/5 36/4/5
f 34/3/5 32/2/5 33/5/5 31/6/5
f 36/4/6 34/3/6 37/7/6 38/8/6
f 33/5/7 32/2/7 39/9/7 40/10/7
f 31/6/5 33/5/5 42/11/5 41/12/5
f 2/2/8 14/1/8 35/1/8 23/2/8
f 4/3/9 1/6/9 22/6/9 25/3/9
f 17/8/10 5/7/10 26/7/10 38/8/10
f 5/7/11 4/3/11 25/3/11 26/7/11
f 7/10/12 6/9/12 27/9/12 28/10/12
f 3/5/11 7/10/11 28/10/11 24/5/11
f 6/9/13 2/2/13 23/2/13 27/9/13
f 8/12/11 9/11/11 30/11/11 29/12/11
f 1/6/9 8/12/9 29/12/9 22/6/9
f 9/11/8 3/5/8 24/5/8 30/11/8
f 14/1/8 11/2/8 32/2/8 35/1/8
f 10/6/9 13/3/9 34/3/9 31/6/9
f 16/7/10 17/8/10 38/8/10 37/7/10
f 13/3/13 16/7/13 37/7/13 34/3/13
f 18/9/12 19/10/12 40/10/12 39/9/12
f 19/10/13 12/5/13 33/5/13 40/10/13
f 11/2/11 18/9/11 39/9/11 32/2/11
f 21/11/13 20/12/13 41/12/13 42/11/13
f 20/12/9 10/6/9 31/6/9 41/12/9
f 12/5/8 21/11/8 42/11/8 33/5/8
f 56/1/14 44/2/14 46/3/14 57/4/14
f 46/3/14 44/2/14 45/5/14 43/6/14
f 57/4/15 46/3/15 47/7/15 59/8/15
f 45/5/16 44/2/16 48/9/16 49/10/16
f 43/6/14 45/5/14 51/11/14 50/12/14
f 56/1/14 57/4/14 55/3/14 53/2/14
f 55/3/14 52/6/14 54/5/14 53/2/14
f 57/4/15 59/8/15 58/7/15 55/3/15
f 54/5/16 61/10/16 60/9/16 53/2/16
f 52/6/14 62/12/14 63/11/14 54/5/14
f 77/1/17 78/4/17 67/3/17 65/2/17
f 67/3/17 64/6/17 66/5/17 65/2/17
f 78/4/18 80/8/18 68/7/18 67/3/18
f 66/5/19 70/10/19 69/9/19 65/2/19
f 64/6/17 71/12/17 72/11/17 66/5/17
f 77/1/17 74/2/17 76/3/17 78/4/17
f 76/3/17 74/2/17 75/5/17 73/6/17
f 78/4/18 76/3/18 79/7/18 80/8/18
f 75/5/19 74/2/19 81/9/19 82/10/19
f 73/6/17 75/5/17 84/11/17 83/12/17
f 44/2/20 56/1/20 77/1/20 65/2/20
f 46/3/21 43/6/21 64/6/21 67/3/21
f 59/8/22 47/7/22 68/7/22 80/8/22
f 47/7/11 46/3/11 67/3/11 68/7/11
f 49/10/23 48/9/23 69/9/23 70/10/23
f 45/5/11 49/10/11 70/10/11 66/5/11
f 48/9/13 44/2/13 65/2/13 69/9/13
f 50/12/11 51/11/11 72/11/11 71/12/11
f 43/6/21 50/12/21 71/12/21 64/6/21
f 51/11/20 45/5/20 66/5/20 72/11/20
f 56/1/20 53/2/20 74/2/20 77/1/20
f 52/6/21 55/3/21 76/3/21 73/6/21
f 58/7/22 59/8/22 80/8/22 79/7/22
f 55/3/13 58/7/13 79/7/13 76/3/13
f 60/9/23 61/10/23 82/10/23 81/9/23
f 61/10/13 54/5/13 75/5/13 82/10/13
f 53/2/11 60/9/11 81/9/11 74/2/11
f 63/11/13 62/12/13 83/12/13 84/11/13
f 62/12/21 52/6/21 73/6/21 83/12/21
f 54/5/20 63/11/20 84/11/20 75/5/20
f 98/1/24 86/2/24 88/3/24 99/4/24
f 88/3/24 86/2/24 87/5/24 85/6/24
f 99/4/25 88/3/25 89/7/25 101/8/25
f 87/5/26 86/2/26 90/9/26 91/10/26
f 85/6/24 87/5/24 93/11/24 92/12/24
f 98/1/24 99/4/24 97/3/24 95/2/24
f 97/3/24 94/6/24 96/5/24 95/2/24
f 99/4/25 101/8/25 100/7/25 97/3/25
f 96/5/26 103/10/26 102/9/26 95/2/26
f 94/6/24 104/12/24 105/11/24 96/5/24
f 119/1/27 120/4/27 109/3/27 107/2/27
f 109/3/27 106/6/27 108/5/27 107/2/27
f 120/4/28 122/8/28 110/7/28 109/3/28
f 108/5/29 112/10/29 111/9/29 107/2/29
f 106/6/27 113/12/27 114/11/27 108/5/27
f 119/1/27 116/2/27 118/3/27 120/4/27
f 118/3/27 116/2/27 117/5/27 115/6/27
f 120/4/28 118/3/28 121/7/28 122/8/28
f 117/5/29 116/2/29 123/9/29 124/10/29
f 115/6/27 117/5/27 126/11/27 125/12/27
f 86/2/30 98/1/30 119/1/30 107/2/30
f 88/3/31 85/6/31 106/6/31 109/3/31
f 101/8/32 89/7/32 110/7/32 122/8/32
f 89/7/11 88/3/11 109/3/11 110/7/11
f 91/10/33 90/9/33 111/9/33 112/10/33
f 87/5/11 91/10/11 112/10/11 108/5/11
f 90/9/13 86/2/13 107/2/13 111/9/13
f 92/12/11 93/11/11 114/11/11 113/12/11
f 85/6/31 92/12/31 113/12/31 106/6/31
f 93/11/30 87/5/30 108/5/30 114/11/30
f 98/1/30 95/2/30 116/2/30 119/1/30
f 94/6/31 97/3/31 118/3/31 115/6/31
f 100/7/32 101/8/32 122/8/32 121/7/32
f 97/3/13 100/7/13 121/7/13 118/3/13
f 102/9/33 103/10/33 124/10/33 123/9/33
f 103/10/13 96/5/13 117/5/13 124/10/13
f 95/2/11 102/9/11 123/9/11 116/2/11
f 105/11/13 104/12/13 125/12/13 126/11/13
f 104/12/31 94/6/31 115/6/31 125/12/31
f 96/5/30 105/11/30 126/11/30 117/5/30
f 140/1/34 128/2/34 130/3/34 141/4/34
f 130/3/34 128/2/34 129/5/34 127/6/34
f 141/4/35 130/3/35 131/7/35 143/8/35
f 129/5/25 128/2/25 132/9/25 133/10/25
f 127/6/34 129/5/34 135/11/34 134/12/34
f 140/1/34 141/4/34 139/3/34 137/2/34
f 139/3/34 136/6/34 138/5/34 137/2/34
f 141/4/35 143/8/35 142/7/35 139/3/35
f 138/5/25 145/10/25 144/9/25 137/2/25
f 136/6/34 146/12/34 147/11/34 138/5/34
f 161/1/36 162/4/36 151/3/36 149/2/36
f 151/3/36 148/6/36 150/5/36 149/2/36
f 162/4/37 164/8/37 152/7/37 151/3/37
f 150/5/38 154/10/38 153/9/38 149/2/38
f 148/6/36 155/12/36 156/11/36 150/5/36
f 161/1/36 158/2/36 160/3/36 162/4/36
f 160/3/36 158/2/36 159/5/36 157/6/36
f 162/4/37 160/3/37 163/7/37 164/8/37
f 159/5/38 158/2/38 165/9/38 166/10/38
f 157/6/36 159/5/36 168/11/36 167/12/36
f 128/2/39 140/1/39 161/1/39 149/2/39
f 130/3/40 127/6/40 148/6/40 151/3/40
f 143/8/41 131/7/41 152/7/41 164/8/41
f 131/7/11 130/3/11 151/3/11 152/7/11
f 133/10/42 132/9/42 153/9/42 154/10/42
f 129/5/11 133/10/11 154/10/11 150/5/11
f 132/9/13 128/2/13 149/2/13 153/9/13
f 134/12/11 135/11/11 156/11/11 155/12/11
f 127/6/40 134/12/40 155/12/40 148/6/40
f 135/11/39 129/5/39 150/5/39 156/11/39
f 140/1/39 137/2/39 158/2/39 161/1/39
f 136/6/40 139/3/40 160/3/40 157/6/40
f 142/7/41 143/8/41 164/8/41 163/7/41
f 139/3/13 142/7/13 163/7/13 160/3/13
f 144/9/42 145/10/42 166/10/42 165/9/42
f 145/10/13 138/5/13 159/5/13 166/10/13
f 137/2/11 144/9/11 165/9/11 158/2/11
f 147/11/13 146/12/13 167/12/13 168/11/13
f 146/12/40 136/6/40 157/6/40 167/12/40
f 138/5/39 147/11/39 168/11/39 159/5/39
f 182/1/43 170/2/43 172/3/43 183/4/43
f 172/3/43 170/2/43 171/5/43 169/6/43
f 183/4/44 172/3/44 173/7/44 185/8/44
f 171/5/45 170/2/45 174/9/45 175/10/45
f 169/6/43 171/5/43 177/11/43 176/12/43
f 182/1/43 183/4/43 181/3/43 179/2/43
f 181/3/43 178/6/43 180/5/43 179/2/43
f 183/4/44 185/8/44 184/7/44 181/3/44
f 180/5/45 187/10/45 186/9/45 179/2/45
f 178/6/43 188/12/43 189/11/43 180/5/43
f 203/1/46 204/4/46 193/3/46 191/2/46
f 193/3/46 190/6/46 192/5/46 191/2/46
f 204/4/47 206/8/47 194/7/47 193/3/47
f 192/5/37 196/10/37 195/9/37 191/2/37
f 190/6/46 197/12/46 198/11/46 192/5/46
f 203/1/46 200/2/46 202/3/46 204/4/46
f 202/3/46 200/2/46 201/5/46 199/6/46
f 204/4/47 202/3/47 205/7/47 206/8/47
f 201/5/37 200/2/37 207/9/37 208/10/37
f 199/6/46 201/5/46 210/11/46 209/12/46
f 170/2/48 182/1/48 203/1/48 191/2/48
f 172/3/49 169/6/49 190/6/49 193/3/49
f 185/8/50 173/7/50 194/7/50 206/8/50
f 173/7/11 172/3/11 193/3/11 194/7/11
f 175/10/51 174/9/51 195/9/51 196/10/51
f 171/5/11 175/10/11 196/10/11 192/5/11
f 174/9/13 170/2/13 191/2/13 195/9/13
f 176/12/11 177/11/11 198/11/11 197/12/11
f 169/6/49 176/12/49 197/12/49 190/6/49
f 177/11/48 171/5/48 192/5/48 198/11/48
f 182/1/48 179/2/48 200/2/48 203/1/48
f 178/6/49 181/3/49 202/3/49 199/6/49
f 184/7/50 185/8/50 206/8/50 205/7/50
f 181/3/13 184/7/13 205/7/13 202/3/13
f 186/9/51 187/10/51 208/10/51 207/9/51
f 187/10/13 180/5/13 201/5/13 208/10/13
f 179/2/11 186/9/11 207/9/11 200/2/11
f 189/11/13 188/12/13 209/12/13 210/11/13
f 188/12/49 178/6/49 199/6/49 209/12/49
f 180/5/48 189/11/48 210/11/48 201/5/48
f 224/1/52 212/2/52 214/3/52 225/4/52
f 214/3/52 212/2/52 213/5/52 211/6/52
f 225/4/53 214/3/53 215/7/53 227/8/53
f 213/5/44 212/2/44 216/9/44 217/10/44
f 211/6/52 213/5/52 219/11/52 218/12/52
f 224/1/52 225/4/52 223/3/52 221/2/52
f 223/3/52 220/6/52 222/5/52 221/2/52
f 225/4/53 227/8/53 226/7/53 223/3/53
f 222/5/44 229/10/44 228/9/44 221/2/44
f 220/6/52 230/12/52 231/11/52 222/5/52
f 245/1/54 246/4/54 235/3/54 233/2/54
f 235/3/54 232/6/54 234/5/54 233/2/54
f 246/4/55 248/8/55 236/7/55 235/3/55
f 234/5/47 238/10/47 237/9/47 233/2/47
f 232/6/54 239/12/54 240/11/54 234/5/54
f 245/1/54 242/2/54 244/3/54 246/4/54
f 244/3/54 242/2/54 243/5/54 241/6/54
f 246/4/55 244/3/55 247/7/55 248/8/55
f 243/5/47 242/2/47 249/9/47 250/10/47
f 241/6/54 243/5/54 252/11/54 251/12/54
f 212/2/56 224/1/56 245/1/56 233/2/56
f 214/3/57 211/6/57 232/6/57 235/3/57
f 227/8/58 215/7/58 236/7/58 248/8/58
f 215/7/11 214/3/11 235/3/11 236/7/11
f 217/10/59 216/9/59 237/9/59 238/10/59
f 213/5/11 217/10/11 238/10/11 234/5/11
f 216/9/13 212/2/13 233/2/13 237/9/13
f 218/12/11 219/11/11 240/11/11 239/12/11
f 211/6/57 218/12/57 239/12/57 232/6/57
f 219/11/56 213/5/56 234/5/56 240/11/56
f 224/1/56 221/2/56 242/2/56 245/1/56
f 220/6/57 223/3/57 244/3/57 241/6/57
f 226/7/58 227/8/58 248/8/58 247/7/58
f 223/3/13 226/7/13 247/7/13 244/3/13
f 228/9/59 229/10/59 250/10/59 249/9/59
f 229/10/13 222/5/13 243/5/13 250/10/13
f 221/2/11 228/9/11 249/9/11 242/2/11
f 231/11/13 230/12/13 251/12/13 252/11/13
f 230/12/57 220/6/57 241/6/57 251/12/57
f 222/5/56 231/11/56 252/11/56 243/5/56
f 266/1/60 254/2/60 256/3/60 267/4/60
f 256/3/60 254/2/60 255/5/60 253/6/60
f 267/4/61 256/3/61 257/7/61 269/8/61
f 255/5/53 254/2/53 258/9/53 259/10/53
f 253/6/60 255/5/60 261/11/60 260/12/60
f 266/1/60 267/4/60 265/3/60 263/2/60
f 265/3/60 262/6/60 264/5/60 263/2/60
f 267/4/61 269/8/61 268/7/61 265/3/61
f 264/5/53 271/10/53 270/9/53 263/2/53
f 262/6/60 272/12/60 273/11/60 264/5/60
f 287/1/62 288/4/62 277/3/62 275/2/62
f 277/3/62 274/6/62 276/5/62 275/2/62
f 288/4/63 290/8/63 278/7/63 277/3/63
f 276/5/64 280/10/64 279/9/64 275/2/64
f 274/6/62 281/12/62 282/11/62 276/5/62
f 287/1/62 284/2/62 286/3/62 288/4/62
f 286/3/62 284/2/62 285/5/62 283/6/62
f 288/4/63 286/3/63 289/7/63 290/8/63
f 285/5/64 284/2/64 291/9/64 292/10/64
f 283/6/62 285/5/62 294/11/62 293/12/62
f 254/2/65 266/1/65 287/1/65 275/2/65
f 256/3/66 253/6/66 274/6/66 277/3/66
f 269/8/67 257/7/67 278/7/67 290/8/67
f 257/7/11 256/3/11 277/3/11 278/7/11
f 259/10/68 258/9/68 279/9/68 280/10/68
f 255/5/11 259/10/11 280/10/11 276/5/11
f 258/9/13 254/2/13 275/2/13 279/9/13
f 260/12/11 261/11/11 282/11/11 281/12/11
f 253/6/66 260/12/66 281/12/66 274/6/66
f 261/11/65 255/5/65 276/5/65 282/11/65
f 266/1/65 263/2/65 284/2/65 287/1/65
f 262/6/66 265/3/66 286/3/66 283/6/66
f 268/7/67 269/8/67 290/8/67 289/7/67
f 265/3/13 268/7/13 289/7/13 286/3/13
f 270/9/68 271/10/68 292/10/68 291/9/68
f 271/10/13 264/5/13 285/5/13 292/10/13
f 263/2/11 270/9/11 291/9/11 284/2/11
f 273/11/13 272/12/13 293/12/13 294/11/13
f 272/12/66 262/6/66 283/6/66 293/12/66
f 264/5/65 273/11/65 294/11/65 285/5/65
f 308/1/69 296/2/69 298/3/69 309/4/69
f 298/3/69 296/2/69 297/5/69 295/6/69
f 309/4/70 298/3/70 299/7/70 311/8/70
f 297/5/71 296/2/71 300/9/71 301/10/71
f 295/6/69 297/5/69 303/11/69 302/12/69
f 308/1/69 309/4/69 307/3/69 305/2/69
f 307/3/69 304/6/69 306/5/69 305/2/69
f 309/4/70 311/8/70 310/7/70 307/3/70
f 306/5/71 313/10/71 312/9/71 305/2/71
f 304/6/69 314/12/69 315/11/69 306/5/69
f 329/1/72 330/4/72 319/3/72 317/2/72
f 319/3/72 316/6/72 318/5/72 317/2/72
f 330/4/73 332/8/73 320/7/73 319/3/73
f 318/5/74 322/10/74 321/9/74 317/2/74
f 316/6/72 323/12/72 324/11/72 318/5/72
f 329/1/72 326/2/72 328/3/72 330/4/72
f 328/3/72 326/2/72 327/5/72 325/6/72
f 330/4/73 328/3/73 331/7/73 332/8/73
f 327/5/74 326/2/74 333/9/74 334/10/74
f 325/6/72 327/5/72 336/11/72 335/12/72
f 296/2/75 308/1/75 329/1/75 317/2/75
f 298/3/76 295/6/76 316/6/76 319/3/76
f 311/8/77 299/7/77 320/7/77 332/8/77
f 299/7/11 298/3/11 319/3/11 320/7/11
f 301/10/78 300/9/78 321/9/78 322/10/78
f 297/5/11 301/10/11 322/10/11 318/5/11
f 300/9/13 296/2/13 317/2/13 321/9/13
f 302/12/11 303/11/11 324/11/11 323/12/11
f 295/6/76 302/12/76 323/12/76 316/6/76
f 303/11/75 297/5/75 318/5/75 324/11/75
f 308/1/75 305/2/75 326/2/75 329/1/75
f 304/6/76 307/3/76 328/3/76 325/6/76
f 310/7/77 311/8/77 332/8/77 331/7/77
f 307/3/13 310/7/13 331/7/13 328/3/13
f 312/9/78 313/10/78 334/10/78 333/9/78
f 313/10/13 306/5/13 327/5/13 334/10/13
f 305/2/11 312/9/11 333/9/11 326/2/11
f 315/11/13 314/12/13 335/12/13 336/11/13
f 314/12/76 304/6/76 325/6/76 335/12/76
f 306/5/75 315/11/75 336/11/75 327/5/75
f 350/1/79 338/2/79 340/3/79 351/4/79
f 340/3/79 338/2/79 339/5/79 337/6/79
f 351/4/80 340/3/80 341/7/80 353/8/80
f 339/5/81 338/2/81 342/9/81 343/10/81
f 337/6/79 339/5/79 345/11/79 344/12/79
f 350/1/79 351/4/79 349/3/79 347/2/79
f 349/3/79 346/6/79 348/5/79 347/2/79
f 351/4/80 353/8/80 352/7/80 349/3/80
f 348/5/81 355/10/81 354/9/81 347/2/81
f 346/6/79 356/12/79 357/11/79 348/5/79
f 371/1/82 372/4/82 361/3/82 359/2/82
f 361/3/82 358/6/82 360/5/82 359/2/82
f 372/4/83 374/8/83 362/7/83 361/3/83
f 360/5/84 364/10/84 363/9/84 359/2/84
f 358/6/82 365/12/82 366/11/82 360/5/82
f 371/1/82 368/2/82 370/3/82 372/4/82
f 370/3/82 368/2/82 369/5/82 367/6/82
f 372/4/83 370/3/83 373/7/83 374/8/83
f 369/5/84 368/2/84 375/9/84 376/10/84
f 367/6/82 369/5/82 378/11/82 377/12/82
f 338/2/85 350/1/85 371/1/85 359/2/85
f 340/3/86 337/6/86 358/6/86 361/3/86
f 353/8/87 341/7/87 362/7/87 374/8/87
f 341/7/11 340/3/11 361/3/11 362/7/11
f 343/10/88 342/9/88 363/9/88 364/10/88
f 339/5/11 343/10/11 364/10/11 360/5/11
f 342/9/13 338/2/13 359/2/13 363/9/13
f 344/12/11 345/11/11 366/11/11 365/12/11
f 337/6/86 344/12/86 365/12/86 358/6/86
f 345/11/85 339/5/85 360/5/85 366/11/85
f 350/1/85 347/2/85 368/2/85 371/1/85
f 346/6/86 349/3/86 370/3/86 367/6/86
f 352/7/87 353/8/87 374/8/87 373/7/87
f 349/3/13 352/7/13 373/7/13 370/3/13
f 354/9/88 355/10/88 376/10/88 375/9/88
f 355/10/13 348/5/13 369/5/13 376/10/13
f 347/2/11 354/9/11 375/9/11 368/2/11
f 357/11/13 356/12/13 377/12/13 378/11/13
f 356/12/86 346/6/86 367/6/86 377/12/86
f 348/5/85 357/11/85 378/11/85 369/5/85
f 392/1/89 380/2/89 382/3/89 393/4/89
f 382/3/89 380/2/89 381/5/89 379/6/89
f 393/4/90 382/3/90 383/7/90 395/8/90
f 381/5/80 380/2/80 384/9/80 385/10/80
f 379/6/89 381/5/89 387/11/89 386/12/89
f 392/1/89 393/4/89 391/3/89 389/2/89
f 391/3/89 388/6/89 390/5/89 389/2/89
f 393/4/90 395/8/90 394/7/90 391/3/90
f 390/5/80 397/10/80 396/9/80 389/2/80
f 388/6/89 398/12/89 399/11/89 390/5/89
f 413/1/91 414/4/91 403/3/91 401/2/91
f 403/3/91 400/6/91 402/5/91 401/2/91
f 414/4/92 416/8/92 404/7/92 403/3/92
f 402/5/93 406/10/93 405/9/93 401/2/93
f 400/6/91 407/12/91 408/11/91 402/5/91
f 413/1/91 410/2/91 412/3/91 414/4/91
f 412/3/91 410/2/91 411/5/91 409/6/91
f 414/4/92 412/3/92 415/7/92 416/8/92
f 411/5/93 410/2/93 417/9/93 418/10/93
f 409/6/91 411/5/91 420/11/91 419/12/91
f 380/2/94 392/1/94 413/1/94 401/2/94
f 382/3/95 379/6/95 400/6/95 403/3/95
f 395/8/96 383/7/96 404/7/96 416/8/96
f 383/7/11 382/3/11 403/3/11 404/7/11
f 385/10/97 384/9/97 405/9/97 406/10/97
f 381/5/11 385/10/11 406/10/11 402/5/11
f 384/9/13 380/2/13 401/2/13 405/9/13
f 386/12/11 387/11/11 408/11/11 407/12/11
f 379/6/95 386/12/95 407/12/95 400/6/95
f 387/11/94 381/5/94 402/5/94 408/11/94
f 392/1/94 389/2/94 410/2/94 413/1/94
f 388/6/95 391/3/95 412/3/95 409/6/95
f 394/7/96 395/8/96 416/8/96 415/7/96
f 391/3/13 394/7/13 415/7/13 412/3/13
f 396/9/97 397/10/97 418/10/97 417/9/97
f 397/10/13 390/5/13 411/5/13 418/10/13
f 389/2/11 396/9/11 417/9/11 410/2/11
f 399/11/13 398/12/13 419/12/13 420/11/13
f 398/12/95 388/6/95 409/6/95 419/12/95
f 390/5/94 399/11/94 420/11/94 411/5/94
f 434/1/98 422/2/98 424/3/98 435/4/98
f 424/3/98 422/2/98 423/5/98 421/6/98
f 435/4/99 424/3/99 425/7/99 437/8/99
f 423/5/100 422/2/100 426/9/100 427/10/100
f 421/6/98 423/5/98 429/11/98 428/12/98
f 434/1/98 435/4/98 433/3/98 431/2/98
f 433/3/98 430/6/98 432/5/98 431/2/98
f 435/4/99 437/8/99 436/7/99 433/3/99
f 432/5/101 439/10/101 438/9/101 431/2/101
f 430/6/98 440/12/98 441/11/98 432/5/98
f 455/1/102 456/4/102 445/3/102 443/2/102
f 445/3/102 442/6/102 444/5/102 443/2/102
f 456/4/103 458/8/103 446/7/103 445/3/103
f 444/5/104 448/10/104 447/9/104 443/2/104
f 442/6/102 449/12/102 450/11/102 444/5/102
f 455/1/102 452/2/102 454/3/102 456/4/102
f 454/3/102 452/2/102 453/5/102 451/6/102
f 456/4/103 454/3/103 457/7/103 458/8/103
f 453/5/104 452/2/104 459/9/104 460/10/104
f 451/6/102 453/5/102 462/11/102 461/12/102
f 422/2/105 434/1/105 455/1/105 443/2/105
f 424/3/106 421/6/106 442/6/106 445/3/106
f 437/8/107 425/7/107 446/7/107 458/8/107
f 425/7/11 424/3/11 445/3/11 446/7/11
f 427/10/108 426/9/108 447/9/108 448/10/108
f 423/5/11 427/10/11 448/10/11 444/5/11
f 426/9/13 422/2/13 443/2/13 447/9/13
f 428/12/11 429/11/11 450/11/11 449/12/11
f 421/6/106 428/12/106 449/12/106 442/6/106
f 429/11/105 423/5/105 444/5/105 450/11/105
f 434/1/105 431/2/105 452/2/105 455/1/105
f 430/6/106 433/3/106 454/3/106 451/6/106
f 436/7/107 437/8/107 458/8/107 457/7/107
f 433/3/13 436/7/13 457/7/13 454/3/13
f 438/9/108 439/10/108 460/10/108 459/9/108
f 439/10/13 432/5/13 453/5/13 460/10/13
f 431/2/11 438/9/11 459/9/11 452/2/11
f 441/11/13 440/12/13 461/12/13 462/11/13
f 440/12/106 430/6/106 451/6/106 461/12/106
f 432/5/105 441/11/105 462/11/105 453/5/105
f 476/1/109 464/2/109 466/3/109 477/4/109
f 466/3/109 464/2/109 465/5/109 463/6/109
f 477/4/110 466/3/110 467/7/110 479/8/110
f 465/5/111 464/2/111 468/9/111 469/10/111
f 463/6/109 465/5/109 471/11/109 470/12/109
f 476/1/109 477/4/109 475/3/109 473/2/109
f 475/3/109 472/6/109 474/5/109 473/2/109
f 477/4/110 479/8/110 478/7/110 475/3/110
f 474/5/111 481/10/111 480/9/111 473/2/111
f 472/6/109 482/12/109 483/11/109 474/5/109
f 497/1/112 498/4/112 487/3/112 485/2/112
f 487/3/112 484/6/112 486/5/112 485/2/112
f 498/4/113 500/8/113 488/7/113 487/3/113
f 486/5/114 490/10/114 489/9/114 485/2/114
f 484/6/112 491/12/112 492/11/112 486/5/112
f 497/1/112 494/2/112 496/3/112 498/4/112
f 496/3/112 494/2/112 495/5/112 493/6/112
f 498/4/113 496/3/113 499/7/113 500/8/113
f 495/5/114 494/2/114 501/9/114 502/10/114
f 493/6/112 495/5/112 504/11/112 503/12/112
f 464/2/115 476/1/115 497/1/115 485/2/115
f 466/3/116 463/6/116 484/6/116 487/3/116
f 479/8/117 467/7/117 488/7/117 500/8/117
f 467/7/11 466/3/11 487/3/11 488/7/11
f 469/10/118 468/9/118 489/9/118 490/10/118
f 465/5/11 469/10/11 490/10/11 486/5/11
f 468/9/13 464/2/13 485/2/13 489/9/13
f 470/12/11 471/11/11 492/11/11 491/12/11
f 463/6/116 470/12/116 491/12/116 484/6/116
f 471/11/115 465/5/115 486/5/115 492/11/115
f 476/1/115 473/2/115 494/2/115 497/1/115
f 472/6/116 475/3/116 496/3/116 493/6/116
f 478/7/117 479/8/117 500/8/117 499/7/117
f 475/3/13 478/7/13 499/7/13 496/3/13
f 480/9/118 481/10/118 502/10/118 501/9/118
f 481/10/13 474/5/13 495/5/13 502/10/13
f 473/2/11 480/9/11 501/9/11 494/2/11
f 483/11/13 482/12/13 503/12/13 504/11/13
f 482/12/116 472/6/116 493/6/116 503/12/116
f 474/5/115 483/11/115 504/11/115 495/5/115
f 518/1/119 506/2/119 508/3/119 519/4/119
f 508/3/119 506/2/119 507/5/119 505/6/119
f 519/4/120 508/3/120 509/7/120 521/8/120
f 507/5/121 506/2/121 510/9/121 511/10/121
f 505/6/119 507/5/119 513/11/119 512/12/119
f 518/1/119 519/4/119 517/3/119 515/2/119
f 517/3/119 514/6/119 516/5/119 515/2/119
f 519/4/120 521/8/120 520/7/120 517/3/120
f 516/5/121 523/10/121 522/9/121 515/2/121
f 514/6/119 524/12/119 525/11/119 516/5/119
f 539/1/122 540/4/122 529/3/122 527/2/122
f 529/3/122 526/6/122 528/5/122 527/2/122
f 540/4/123 542/8/123 530/7/123 529/3/123
f 528/5/124 532/10/124 531/9/124 527/2/124
f 526/6/122 533/12/122 534/11/122 528/5/122
f 539/1/122 536/2/122 538/3/122 540/4/122
f 538/3/122 536/2/122 537/5/122 535/6/122
f 540/4/123 538/3/123 541/7/123 542/8/123
f 537/5/124 536/2/124 543/9/124 544/10/124
f 535/6/122 537/5/122 546/11/122 545/12/122
f 506/2/125 518/1/125 539/1/125 527/2/125
f 508/3/126 505/6/126 526/6/126 529/3/126
f 521/8/127 509/7/127 530/7/127 542/8/127
f 509/7/11 508/3/11 529/3/11 530/7/11
f 511/10/128 510/9/128 531/9/128 532/10/128
f 507/5/11 511/10/11 532/10/11 528/5/11
f 510/9/13 506/2/13 527/2/13 531/9/13
f 512/12/11 513/11/11 534/11/11 533/12/11
f 505/6/126 512/12/126 533/12/126 526/6/126
f 513/11/125 507/5/125 528/5/125 534/11/125
f 518/1/125 515/2/125 536/2/125 539/1/125
f 514/6/126 517/3/126 538/3/126 535/6/126
f 520/7/127 521/8/127 542/8/127 541/7/127
f 517/3/13 520/7/13 541/7/13 538/3/13
f 522/9/128 523/10/128 544/10/128 543/9/128
f 523/10/13 516/5/13 537/5/13 544/10/13
f 515/2/11 522/9/11 543/9/11 536/2/11
f 525/11/13 524/12/13 545/12/13 546/11/13
f 524/12/126 514/6/126 535/6/126 545/12/126
f 516/5/125 525/11/125 546/11/125 537/5/125
f 560/1/129 548/2/129 550/3/129 561/4/129
f 550/3/129 548/2/129 549/5/129 547/6/129
f 561/4/130 550/3/130 551/7/130 563/8/130
f 549/5/131 548/2/131 552/9/131 553/10/131
f 547/6/129 549/5/129 555/11/129 554/12/129
f 560/1/129 561/4/129 559/3/129 557/2/129
f 559/3/129 556/6/129 558/5/129 557/2/129
f 561/4/130 563/8/130 562/7/130 559/3/130
f 558/5/131 565/10/131 564/9/131 557/2/131
f 556/6/129 566/12/129 567/11/129 558/5/129
f 581/1/132 582/4/132 571/3/132 569/2/132
f 571/3/132 568/6/132 570/5/132 569/2/132
f 582/4/133 584/8/133 572/7/133 571/3/133
f 570/5/134 574/10/134 573/9/134 569/2/134
f 568/6/132 575/12/132 576/11/132 570/5/132
f 581/1/132 578/2/132 580/3/132 582/4/132
f 580/3/132 578/2/132 579/5/132 577/6/132
f 582/4/133 580/3/133 583/7/133 584/8/133
f 579/5/134 578/2/134 585/9/134 586/10/134
f 577/6/132 579/5/132 588/11/132 587/12/132
f 548/2/135 560/1/135 581/1/135 569/2/135
f 550/3/136 547/6/136 568/6/136 571/3/136
f 563/8/137 551/7/137 572/7/137 584/8/137
f 551/7/11 550/3/11 571/3/11 572/7/11
f 553/10/138 552/9/138 573/9/138 574/10/138
f 549/5/11 553/10/11 574/10/11 570/5/11
f 552/9/13 548/2/13 569/2/13 573/9/13
f 554/12/11 555/11/11 576/11/11 575/12/11
f 547/6/136 554/12/136 575/12/136 568/6/136
f 555/11/135 549/5/135 570/5/135 576/11/135
f 560/1/135 557/2/135 578/2/135 581/1/135
f 556/6/136 559/3/136 580/3/136 577/6/136
f 562/7/137 563/8/137 584/8/137 583/7/137
f 559/3/13 562/7/13 583/7/13 580/3/13
f 564/9/138 565/10/138 586/10/138 585/9/138
f 565/10/13 558/5/13 579/5/13 586/10/13
f 557/2/11 564/9/11 585/9/11 578/2/11
f 567/11/13 566/12/13 587/12/13 588/11/13
f 566/12/136 556/6/136 577/6/136 587/12/136
f 558/5/135 567/11/135 588/11/135 579/5/135
f 602/1/139 590/2/139 592/3/139 603/4/139
f 592/3/139 590/2/139 591/5/139 589/6/139
f 603/4/140 592/3/140 593/7/140 605/8/140
f 591/5/141 590/2/141 594/9/141 595/10/141
f 589/6/139 591/5/139 597/11/139 596/12/139
f 602/1/139 603/4/139 601/3/139 599/2/139
f 601/3/139 598/6/139 600/5/139 599/2/139
f 603/4/140 605/8/140 604/7/140 601/3/140
f 600/5/141 607/10/141 606/9/141 599/2/141
f 598/6/139 608/12/139 609/11/139 600/5/139
f 623/1/142 624/4/142 613/3/142 611/2/142
f 613/3/142 610/6/142 612/5/142 611/2/142
f 624/4/143 626/8/143 614/7/143 613/3/143
f 612/5/144 616/10/144 615/9/144 611/2/144
f 610/6/142 617/12/142 618/11/142 612/5/142
f 623/1/142 620/2/142 622/3/142 624/4/142
f 622/3/142 620/2/142 621/5/142 619/6/142
f 624/4/143 622/3/143 625/7/143 626/8/143
f 621/5/144 620/2/144 627/9/144 628/10/144
f 619/6/142 621/5/142 630/11/142 629/12/142
f 590/2/145 602/1/145 623/1/145 611/2/145
f 592/3/146 589/6/146 610/6/146 613/3/146
f 605/8/147 593/7/147 614/7/147 626/8/147
f 593/7/11 592/3/11 613/3/11 614/7/11
f 595/10/148 594/9/148 615/9/148 616/10/148
f 591/5/11 595/10/11 616/10/11 612/5/11
f 594/9/13 590/2/13 611/2/13 615/9/13
f 596/12/11 597/11/11 618/11/11 617/12/11
f 589/6/146 596/12/146 617/12/146 610/6/146
f 597/11/145 591/5/145 612/5/145 618/11/145
f 602/1/145 599/2/145 620/2/145 623/1/145
f 598/6/146 601/3/146 622/3/146 619/6/146
f 604/7/147 605/8/147 626/8/147 625/7/147
f 601/3/13 604/7/13 625/7/13 622/3/13
f 606/9/148 607/10/148 628/10/148 627/9/148
f 607/10/13 600/5/13 621/5/13 628/10/13
f 599/2/11 606/9/11 627/9/11 620/2/11
f 609/11/13 608/12/13 629/12/13 630/11/13
f 608/12/146 598/6/146 619/6/146 629/12/146
f 600/5/145 609/11/145 630/11/145 621/5/145
f 644/1/149 632/2/149 634/3/149 645/4/149
f 634/3/149 632/2/149 633/5/149 631/6/149
f 645/4/150 634/3/150 635/7/150 647/8/150
f 633/5/140 632/2/140 636/9/140 637/10/140
f 631/6/149 633/5/149 639/11/149 638/12/149
f 644/1/149 645/4/149 643/3/149 641/2/149
f 643/3/149 640/6/149 642/5/149 641/2/149
f 645/4/150 647/8/150 646/7/150 643/3/150
f 642/5/140 649/10/140 648/9/140 641/2/140
f 640/6/149 650/12/149 651/11/149 642/5/149
f 665/1/151 666/4/151 655/3/151 653/2/151
f 655/3/151 652/6/151 654/5/151 653/2/151
f 666/4/152 668/8/152 656/7/152 655/3/152
f 654/5/153 658/10/153 657/9/153 653/2/153
f 652/6/151 659/12/151 660/11/151 654/5/151
f 665/1/151 662/2/151 664/3/151 666/4/151
f 664/3/151 662/2/151 663/5/151 661/6/151
f 666/4/152 664/3/152 667/7/152 668/8/152
f 663/5/153 662/2/153 669/9/153 670/10/153
f 661/6/151 663/5/151 672/11/151 671/12/151
f 632/2/154 644/1/154 665/1/154 653/2/154
f 634/3/155 631/6/155 652/6/155 655/3/155
f 647/8/156 635/7/156 656/7/156 668/8/156
f 635/7/11 634/3/11 655/3/11 656/7/11
f 637/10/157 636/9/157 657/9/157 658/10/157
f 633/5/11 637/10/11 658/10/11 654/5/11
f 636/9/13 632/2/13 653/2/13 657/9/13
f 638/12/11 639/11/11 660/11/11 659/12/11
f 631/6/155 638/12/155 659/12/155 652/6/155
f 639/11/158 633/5/158 654/5/158 660/11/158
f 644/1/158 641/2/158 662/2/158 665/1/158
f 640/6/155 643/3/155 664/3/155 661/6/155
f 646/7/156 647/8/156 668/8/156 667/7/156
f 643/3/13 646/7/13 667/7/13 664/3/13
f 648/9/157 649/10/157 670/10/157 669/9/157
f 649/10/13 642/5/13 663/5/13 670/10/13
f 641/2/11 648/9/11 669/9/11 662/2/11
f 651/11/13 650/12/13 671/12/13 672/11/13
f 650/12/155 640/6/155 661/6/155 671/12/155
f 642/5/158 651/11/158 672/11/158 663/5/158
f 686/1/159 674/2/159 676/3/159 687/4/159
f 676/3/159 674/2/159 675/5/159 673/6/159
f 687/4/3 676/3/3 677/7/3 689/8/3
f 675/5/150 674/2/150 678/9/150 679/10/150
f 673/6/159 675/5/159 681/11/159 680/12/159
f 686/1/159 687/4/159 685/3/159 683/2/159
f 685/3/159 682/6/159 684/5/159 683/2/159
f 687/4/3 689/8/3 688/7/3 685/3/3
f 684/5/150 691/10/150 690/9/150 683/2/150
f 682/6/159 692/12/159 693/11/159 684/5/159
f 707/1/160 708/4/160 697/3/160 695/2/160
f 697/3/160 694/6/160 696/5/160 695/2/160
f 708/4/161 710/8/161 698/7/161 697/3/161
f 696/5/162 700/10/162 699/9/162 695/2/162
f 694/6/160 701/12/160 702/11/160 696/5/160
f 707/1/160 704/2/160 706/3/160 708/4/160
f 706/3/160 704/2/160 705/5/160 703/6/160
f 708/4/161 706/3/161 709/7/161 710/8/161
f 705/5/162 704/2/162 711/9/162 712/10/162
f 703/6/160 705/5/160 714/11/160 713/12/160
f 674/2/163 686/1/163 707/1/163 695/2/163
f 676/3/164 673/6/164 694/6/164 697/3/164
f 689/8/165 677/7/165 698/7/165 710/8/165
f 677/7/11 676/3/11 697/3/11 698/7/11
f 679/10/166 678/9/166 699/9/166 700/10/166
f 675/5/11 679/10/11 700/10/11 696/5/11
f 678/9/13 674/2/13 695/2/13 699/9/13
f 680/12/11 681/11/11 702/11/11 701/12/11
f 673/6/164 680/12/164 701/12/164 694/6/164
f 681/11/163 675/5/163 696/5/163 702/11/163
f 686/1/163 683/2/163 704/2/163 707/1/163
f 682/6/164 685/3/164 706/3/164 703/6/164
f 688/7/165 689/8/165 710/8/165 709/7/165
f 685/3/13 688/7/13 709/7/13 706/3/13
f 690/9/166 691/10/166 712/10/166 711/9/166
f 691/10/13 684/5/13 705/5/13 712/10/13
f 683/2/11 690/9/11 711/9/11 704/2/11
f 693/11/13 692/12/13 713/12/13 714/11/13
f 692/12/164 682/6/164 703/6/164 713/12/164
f 684/5/163 693/11/163 714/11/163 705/5/163
f 728/1/167 716/2/167 718/3/167 729/4/167
f 718/3/167 716/2/167 717/5/167 715/6/167
f 729/4/168 718/3/168 719/7/168 731/8/168
f 717/5/3 716/2/3 720/9/3 721/10/3
f 715/6/167 717/5/167 723/11/167 722/12/167
f 728/1/167 729/4/167 727/3/167 725/2/167
f 727/3/167 724/6/167 726/5/167 725/2/167
f 729/4/168 731/8/168 730/7/168 727/3/168
f 726/5/3 733/10/3 732/9/3 725/2/3
f 724/6/167 734/12/167 735/11/167 726/5/167
f 749/1/169 750/4/169 739/3/169 737/2/169
f 739/3/169 736/6/169 738/5/169 737/2/169
f 750/4/170 752/8/170 740/7/170 739/3/170
f 738/5/171 742/10/171 741/9/171 737/2/171
f 736/6/169 743/12/169 744/11/169 738/5/169
f 749/1/169 746/2/169 748/3/169 750/4/169
f 748/3/169 746/2/169 747/5/169 745/6/169
f 750/4/170 748/3/170 751/7/170 752/8/170
f 747/5/171 746/2/171 753/9/171 754/10/171
f 745/6/169 747/5/169 756/11/169 755/12/169
f 716/2/172 728/1/172 749/1/172 737/2/172
f 718/3/173 715/6/173 736/6/173 739/3/173
f 731/8/174 719/7/174 740/7/174 752/8/174
f 719/7/11 718/3/11 739/3/11 740/7/11
f 721/10/175 720/9/175 741/9/175 742/10/175
f 717/5/11 721/10/11 742/10/11 738/5/11
f 720/9/13 716/2/13 737/2/13 741/9/13
f 722/12/11 723/11/11 744/11/11 743/12/11
f 715/6/173 722/12/173 743/12/173 736/6/173
f 723/11/172 717/5/172 738/5/172 744/11/172
f 728/1/172 725/2/172 746/2/172 749/1/172
f 724/6/173 727/3/173 748/3/173 745/6/173
f 730/7/174 731/8/174 752/8/174 751/7/174
f 727/3/13 730/7/13 751/7/13 748/3/13
f 732/9/175 733/10/175 754/10/175 753/9/175
f 733/10/13 726/5/13 747/5/13 754/10/13
f 725/2/11 732/9/11 753/9/11 746/2/11
f 735/11/13 734/12/13 755/12/13 756/11/13
f 734/12/173 724/6/173 745/6/173 755/12/173
f 726/5/172 735/11/172 756/11/172 747/5/172
f 770/1/1 771/4/1 760/3/1 758/2/1
f 760/3/1 757/6/1 759/5/1 758/2/1
f 771/4/2 773/8/2 761/7/2 760/3/2
f 759/5/3 763/10/3 762/9/3 758/2/3
f 757/6/1 764/12/1 765/11/1 759/5/1
f 770/1/1 767/2/1 769/3/1 771/4/1
f 769/3/1 767/2/1 768/5/1 766/6/1
f 771/4/2 769/3/2 772/7/2 773/8/2
f 768/5/3 767/2/3 774/9/3 775/10/3
f 766/6/1 768/5/1 777/11/1 776/12/1
f 791/1/5 779/2/5 781/3/5 792/4/5
f 781/3/5 779/2/5 780/5/5 778/6/5
f 792/4/6 781/3/6 782/7/6 794/8/6
f 780/5/7 779/2/7 783/9/7 784/10/7
f 778/6/4 780/5/4 786/11/4 785/12/4
f 791/1/5 792/4/5 790/3/5 788/2/5
f 790/3/5 787/6/5 789/5/5 788/2/5
f 792/4/6 794/8/6 793/7/6 790/3/6
f 789/5/7 796/10/7 795/9/7 788/2/7
f 787/6/5 797/12/5 798/11/5 789/5/5
f 758/2/8 779/2/8 791/1/8 770/1/8
f 760/3/9 781/3/9 778/6/9 757/6/9
f 773/8/10 794/8/10 782/7/10 761/7/10
f 761/7/13 782/7/13 781/3/13 760/3/13
f 763/10/12 784/10/12 783/9/12 762/9/12
f 759/5/13 780/5/13 784/10/13 763/10/13
f 762/9/11 783/9/11 779/2/11 758/2/11
f 764/12/13 785/12/13 786/11/13 765/11/13
f 757/6/9 778/6/9 785/12/9 764/12/9
f 765/11/8 786/11/8 780/5/8 759/5/8
f 770/1/8 791/1/8 788/2/8 767/2/8
f 766/6/9 787/6/9 790/3/9 769/3/9
f 772/7/10 793/7/10 794/8/10 773/8/10
f 769/3/11 790/3/11 793/7/11 772/7/11
f 774/9/12 795/9/12 796/10/12 775/10/12
f 775/10/11 796/10/11 789/5/11 768/5/11
f 767/2/13 788/2/13 795/9/13 774/9/13
f 777/11/11 798/11/11 797/12/11 776/12/11
f 776/12/9 797/12/9 787/6/9 766/6/9
f 768/5/8 789/5/8 798/11/8 777/11/8
f 812/1/14 813/4/14 802/3/14 800/2/14
f 802/3/14 799/6/14 801/5/14 800/2/14
f 813/4/15 815/8/15 803/7/15 802/3/15
f 801/5/16 805/10/16 804/9/16 800/2/16
f 799/6/14 806/12/14 807/11/14 801/5/14
f 812/1/14 809/2/14 811/3/14 813/4/14
f 811/3/14 809/2/14 810/5/14 808/6/14
f 813/4/15 811/3/15 814/7/15 815/8/15
f 810/5/16 809/2/16 816/9/16 817/10/16
f 808/6/14 810/5/14 819/11/14 818/12/14
f 833/1/17 821/2/17 823/3/17 834/4/17
f 823/3/17 821/2/17 822/5/17 820/6/17
f 834/4/18 823/3/18 824/7/18 836/8/18
f 822/5/19 821/2/19 825/9/19 826/10/19
f 820/6/17 822/5/17 828/11/17 827/12/17
f 833/1/17 834/4/17 832/3/17 830/2/17
f 832/3/17 829/6/17 831/5/17 830/2/17
f 834/4/18 836/8/18 835/7/18 832/3/18
f 831/5/19 838/10/19 837/9/19 830/2/19
f 829/6/17 839/12/17 840/11/17 831/5/17
f 800/2/20 821/2/20 833/1/20 812/1/20
f 802/3/21 823/3/21 820/6/21 799/6/21
f 815/8/22 836/8/22 824/7/22 803/7/22
f 803/7/13 824/7/13 823/3/13 802/3/13
f 805/10/23 826/10/23 825/9/23 804/9/23
f 801/5/13 822/5/13 826/10/13 805/10/13
f 804/9/11 825/9/11 821/2/11 800/2/11
f 806/12/13 827/12/13 828/11/13 807/11/13
f 799/6/21 820/6/21 827/12/21 806/12/21
f 807/11/20 828/11/20 822/5/20 801/5/20
f 812/1/20 833/1/20 830/2/20 809/2/20
f 808/6/21 829/6/21 832/3/21 811/3/21
f 814/7/22 835/7/22 836/8/22 815/8/22
f 811/3/11 832/3/11 835/7/11 814/7/11
f 816/9/23 837/9/23 838/10/23 817/10/23
f 817/10/11 838/10/11 831/5/11 810/5/11
f 809/2/13 830/2/13 837/9/13 816/9/13
f 819/11/11 840/11/11 839/12/11 818/12/11
f 818/12/21 839/12/21 829/6/21 808/6/21
f 810/5/20 831/5/20 840/11/20 819/11/20
f 854/1/24 855/4/24 844/3/24 842/2/24
f 844/3/24 841/6/24 843/5/24 842/2/24
f 855/4/25 857/8/25 845/7/25 844/3/25
f 843/5/26 847/10/26 846/9/26 842/2/26
f 841/6/24 848/12/24 849/11/24 843/5/24
f 854/1/24 851/2/24 853/3/24 855/4/24
f 853/3/24 851/2/24 852/5/24 850/6/24
f 855/4/25 853/3/25 856/7/25 857/8/25
f 852/5/26 851/2/26 858/9/26 859/10/26
f 850/6/24 852/5/24 861/11/24 860/12/24
f 875/1/27 863/2/27 865/3/27 876/4/27
f 865/3/27 863/2/27 864/5/27 862/6/27
f 876/4/28 865/3/28 866/7/28 878/8/28
f 864/5/29 863/2/29 867/9/29 868/10/29
f 862/6/27 864/5/27 870/11/27 869/12/27
f 875/1/27 876/4/27 874/3/27 872/2/27
f 874/3/27 871/6/27 873/5/27 872/2/27
f 876/4/28 878/8/28 877/7/28 874/3/28
f 873/5/29 880/10/29 879/9/29 872/2/29
f 871/6/27 881/12/27 882/11/27 873/5/27
f 842/2/30 863/2/30 875/1/30 854/1/30
f 844/3/31 865/3/31 862/6/31 841/6/31
f 857/8/32 878/8/32 866/7/32 845/7/32
f 845/7/13 866/7/13 865/3/13 844/3/13
f 847/10/33 868/10/33 867/9/33 846/9/33
f 843/5/13 864/5/13 868/10/13 847/10/13
f 846/9/11 867/9/11 863/2/11 842/2/11
f 848/12/13 869/12/13 870/11/13 849/11/13
f 841/6/31 862/6/31 869/12/31 848/12/31
f 849/11/30 870/11/30 864/5/30 843/5/30
f 854/1/30 875/1/30 872/2/30 851/2/30
f 850/6/31 871/6/31 874/3/31 853/3/31
f 856/7/32 877/7/32 878/8/32 857/8/32
f 853/3/11 874/3/11 877/7/11 856/7/11
f 858/9/33 879/9/33 880/10/33 859/10/33
f 859/10/11 880/10/11 873/5/11 852/5/11
f 851/2/13 872/2/13 879/9/13 858/9/13
f 861/11/11 882/11/11 881/12/11 860/12/11
f 860/12/31 881/12/31 871/6/31 850/6/31
f 852/5/30 873/5/30 882/11/30 861/11/30
f 896/1/34 897/4/34 886/3/34 884/2/34
f 886/3/34 883/6/34 885/5/34 884/2/34
f 897/4/35 899/8/35 887/7/35 886/3/35
f 885/5/25 889/10/25 888/9/25 884/2/25
f 883/6/34 890/12/34 891/11/34 885/5/34
f 896/1/34 893/2/34 895/3/34 897/4/34
f 895/3/34 893/2/34 894/5/34 892/6/34
f 897/4/35 895/3/35 898/7/35 899/8/35
f 894/5/25 893/2/25 900/9/25 901/10/25
f 892/6/34 894/5/34 903/11/34 902/12/34
f 917/1/36 905/2/36 907/3/36 918/4/36
f 907/3/36 905/2/36 906/5/36 904/6/36
f 918/4/37 907/3/37 908/7/37 920/8/37
f 906/5/38 905/2/38 909/9/38 910/10/38
f 904/6/36 906/5/36 912/11/36 911/12/36
f 917/1/36 918/4/36 916/3/36 914/2/36
f 916/3/36 913/6/36 915/5/36 914/2/36
f 918/4/37 920/8/37 919/7/37 916/3/37
f 915/5/38 922/10/38 921/9/38 914/2/38
f 913/6/36 923/12/36 924/11/36 915/5/36
f 884/2/39 905/2/39 917/1/39 896/1/39
f 886/3/40 907/3/40 904/6/40 883/6/40
f 899/8/41 920/8/41 908/7/41 887/7/41
f 887/7/13 908/7/13 907/3/13 886/3/13
f 889/10/42 910/10/42 909/9/42 888/9/42
f 885/5/13 906/5/13 910/10/13 889/10/13
f 888/9/11 909/9/11 905/2/11 884/2/11
f 890/12/13 911/12/13 912/11/13 891/11/13
f 883/6/40 904/6/40 911/12/40 890/12/40
f 891/11/39 912/11/39 906/5/39 885/5/39
f 896/1/39 917/1/39 914/2/39 893/2/39
f 892/6/40 913/6/40 916/3/40 895/3/40
f 898/7/41 919/7/41 920/8/41 899/8/41
f 895/3/11 916/3/11 919/7/11 898/7/11
f 900/9/42 921/9/42 922/10/42 901/10/42
f 901/10/11 922/10/11 915/5/11 894/5/11
f 893/2/13 914/2/13 921/9/13 900/9/13
f 903/11/11 924/11/11 923/12/11 902/12/11
f 902/12/40 923/12/40 913/6/40 892/6/40
f 894/5/39 915/5/39 924/11/39 903/11/39
f 938/1/43 939/4/43 928/3/43 926/2/43
f 928/3/43 925/6/43 927/5/43 926/2/43
f 939/4/44 941/8/44 929/7/44 928/3/44
f 927/5/45 931/10/45 930/9/45 926/2/45
f 925/6/43 932/12/43 933/11/43 927/5/43
f 938/1/43 935/2/43 937/3/43 939/4/43
f 937/3/43 935/2/43 936/5/43 934/6/43
f 939/4/44 937/3/44 940/7/44 941/8/44
f 936/5/45 935/2/45 942/9/45 943/10/45
f 934/6/43 936/5/43 945/11/43 944/12/43
f 959/1/46 947/2/46 949/3/46 960/4/46
f 949/3/46 947/2/46 948/5/46 946/6/46
f 960/4/47 949/3/47 950/7/47 962/8/47
f 948/5/37 947/2/37 951/9/37 952/10/37
f 946/6/46 948/5/46 954/11/46 953/12/46
f 959/1/46 960/4/46 958/3/46 956/2/46
f 958/3/46 955/6/46 957/5/46 956/2/46
f 960/4/47 962/8/47 961/7/47 958/3/47
f 957/5/37 964/10/37 963/9/37 956/2/37
f 955/6/46 965/12/46 966/11/46 957/5/46
f 926/2/48 947/2/48 959/1/48 938/1/48
f 928/3/49 949/3/49 946/6/49 925/6/49
f 941/8/50 962/8/50 950/7/50 929/7/50
f 929/7/13 950/7/13 949/3/13 928/3/13
f 931/10/51 952/10/51 951/9/51 930/9/51
f 927/5/13 948/5/13 952/10/13 931/10/13
f 930/9/11 951/9/11 947/2/11 926/2/11
f 932/12/13 953/12/13 954/11/13 933/11/13
f 925/6/49 946/6/49 953/12/49 932/12/49
f 933/11/48 954/11/48 948/5/48 927/5/48
f 938/1/48 959/1/48 956/2/48 935/2/48
f 934/6/49 955/6/49 958/3/49 937/3/49
f 940/7/50 961/7/50 962/8/50 941/8/50
f 937/3/11 958/3/11 961/7/11 940/7/11
f 942/9/51 963/9/51 964/10/51 943/10/51
f 943/10/11 964/10/11 957/5/11 936/5/11
f 935/2/13 956/2/13 963/9/13 942/9/13
f 945/11/11 966/11/11 965/12/11 944/12/11
f 944/12/49 965/12/49 955/6/49 934/6/49
f 936/5/48 957/5/48 966/11/48 945/11/48
f 980/1/52 981/4/52 970/3/52 968/2/52
f 970/3/52 967/6/52 969/5/52 968/2/52
f 981/4/53 983/8/53 971/7/53 970/3/53
f 969/5/44 973/10/44 972/9/44 968/2/44
f 967/6/52 974/12/52 975/11/52 969/5/52
f 980/1/52 977/2/52 979/3/52 981/4/52
f 979/3/52 977/2/52 978/5/52 976/6/52
f 981/4/53 979/3/53 982/7/53 983/8/53
f 978/5/44 977/2/44 984/9/44 985/10/44
f 976/6/52 978/5/52 987/11/52 986/12/52
f 1001/1/54 989/2/54 991/3/54 1002/4/54
f 991/3/54 989/2/54 990/5/54 988/6/54
f 1002/4/55 991/3/55 992/7/55 1004/8/55
f 990/5/47 989/2/47 993/9/47 994/10/47
f 988/6/54 990/5/54 996/11/54 995/12/54
f 1001/1/54 1002/4/54 1000/3/54 998/2/54
f 1000/3/54 997/6/54 999/5/54 998/2/54
f 1002/4/55 1004/8/55 1003/7/55 1000/3/55
f 999/5/47 1006/10/47 1005/9/47 998/2/47
f 997/6/54 1007/12/54 1008/11/54 999/5/54
f 968/2/56 989/2/56 1001/1/56 980/1/56
f 970/3/57 991/3/57 988/6/57 967/6/57
f 983/8/58 1004/8/58 992/7/58 971/7/58
f 971/7/13 992/7/13 991/3/13 970/3/13
f 973/10/59 994/10/59 993/9/59 972/9/59
f 969/5/13 990/5/13 994/10/13 973/10/13
f 972/9/11 993/9/11 989/2/11 968/2/11
f 974/12/13 995/12/13 996/11/13 975/11/13
f 967/6/57 988/6/57 995/12/57 974/12/57
f 975/11/56 996/11/56 990/5/56 969/5/56
f 980/1/56 1001/1/56 998/2/56 977/2/56
f 976/6/57 997/6/57 1000/3/57 979/3/57
f 982/7/58 1003/7/58 1004/8/58 983/8/58
f 979/3/11 1000/3/11 1003/7/11 982/7/11
f 984/9/59 1005/9/59 1006/10/59 985/10/59
f 985/10/11 1006/10/11 999/5/11 978/5/11
f 977/2/13 998/2/13 1005/9/13 984/9/13
f 987/11/11 1008/11/11 1007/12/11 986/12/11
f 986/12/57 1007/12/57 997/6/57 976/6/57
f 978/5/56 999/5/56 1008/11/56 987/11/56
f 1022/1/60 1023/4/60 1012/3/60 1010/2/60
f 1012/3/60 1009/6/60 1011/5/60 1010/2/60
f 1023/4/61 1025/8/61 1013/7/61 1012/3/61
f 1011/5/53 1015/10/53 1014/9/53 1010/2/53
f 1009/6/60 1016/12/60 1017/11/60 1011/5/60
f 1022/1/60 1019/2/60 1021/3/60 1023/4/60
f 1021/3/60 1019/2/60 1020/5/60 1018/6/60
f 1023/4/61 1021/3/61 1024/7/61 1025/8/61
f 1020/5/53 1019/2/53 1026/9/53 1027/10/53
f 1018/6/60 1020/5/60 1029/11/60 1028/12/60
f 1043/1/62 1031/2/62 1033/3/62 1044/4/62
f 1033/3/62 1031/2/62 1032/5/62 1030/6/62
f 1044/4/63 1033/3/63 1034/7/63 1046/8/63
f 1032/5/64 1031/2/64 1035/9/64 1036/10/64
f 1030/6/62 1032/5/62 1038/11/62 1037/12/62
f 1043/1/62 1044/4/62 1042/3/62 1040/2/62
f 1042/3/62 1039/6/62 1041/5/62 1040/2/62
f 1044/4/63 1046/8/63 1045/7/63 1042/3/63
f 1041/5/64 1048/10/64 1047/9/64 1040/2/64
f 1039/6/62 1049/12/62 1050/11/62 1041/5/62
f 1010/2/65 1031/2/65 1043/1/65 1022/1/65
f 1012/3/66 1033/3/66 1030/6/66 1009/6/66
f 1025/8/67 1046/8/67 1034/7/67 1013/7/67
f 1013/7/13 1034/7/13 1033/3/13 1012/3/13
f 1015/10/68 1036/10/68 1035/9/68 1014/9/68
f 1011/5/13 1032/5/13 1036/10/13 1015/10/13
f 1014/9/11 1035/9/11 1031/2/11 1010/2/11
f 1016/12/13 1037/12/13 1038/11/13 1017/11/13
f 1009/6/66 1030/6/66 1037/12/66 1016/12/66
f 1017/11/65 1038/11/65 1032/5/65 1011/5/65
f 1022/1/65 1043/1/65 1040/2/65 1019/2/65
f 1018/6/66 1039/6/66 1042/3/66 1021/3/66
f 1024/7/67 1045/7/67 1046/8/67 1025/8/67
f 1021/3/11 1042/3/11 1045/7/11 1024/7/11
f 1026/9/68 1047/9/68 1048/10/68 1027/10/68
f 1027/10/11 1048/10/11 1041/5/11 1020/5/11
f 1019/2/13 1040/2/13 1047/9/13 1026/9/13
f 1029/11/11 1050/11/11 1049/12/11 1028/12/11
f 1028/12/66 1049/12/66 1039/6/66 1018/6/66
f 1020/5/65 1041/5/65 1050/11/65 1029/11/65
f 1064/1/69 1065/4/69 1054/3/69 1052/2/69
f 1054/3/69 1051/6/69 1053/5/69 1052/2/69
f 1065/4/70 1067/8/70 1055/7/70 1054/3/70
f 1053/5/71 1057/10/71 1056/9/71 1052/2/71
f 1051/6/69 1058/12/69 1059/11/69 1053/5/69
f 1064/1/69 1061/2/69 1063/3/69 1065/4/69
f 1063/3/69 1061/2/69 1062/5/69 1060/6/69
f 1065/4/70 1063/3/70 1066/7/70 1067/8/70
f 1062/5/71 1061/2/71 1068/9/71 1069/10/71
f 1060/6/69 1062/5/69 1071/11/69 1070/12/69
f 1085/1/72 1073/2/72 1075/3/72 1086/4/72
f 1075/3/72 1073/2/72 1074/5/72 1072/6/72
f 1086/4/73 1075/3/73 1076/7/73 1088/8/73
f 1074/5/74 1073/2/74 1077/9/74 1078/10/74
f 1072/6/72 1074/5/72 1080/11/72 1079/12/72
f 1085/1/72 1086/4/72 1084/3/72 1082/2/72
f 1084/3/72 1081/6/72 1083/5/72 1082/2/72
f 1086/4/73 1088/8/73 1087/7/73 1084/3/73
f 1083/5/74 1090/10/74 1089/9/74 1082/2/74
f 1081/6/72 1091/12/72 1092/11/72 1083/5/72
f 1052/2/75 1073/2/75 1085/1/75 1064/1/75
f 1054/3/76 1075/3/76 1072/6/76 1051/6/76
f 1067/8/77 1088/8/77 1076/7/77 1055/7/77
f 1055/7/13 1076/7/13 1075/3/13 1054/3/13
f 1057/10/78 1078/10/78 1077/9/78 1056/9/78
f 1053/5/13 1074/5/13 1078/10/13 1057/10/13
f 1056/9/11 1077/9/11 1073/2/11 1052/2/11
f 1058/12/13 1079/12/13 1080/11/13 1059/11/13
f 1051/6/76 1072/6/76 1079/12/76 1058/12/76
f 1059/11/75 1080/11/75 1074/5/75 1053/5/75
f 1064/1/75 1085/1/75 1082/2/75 1061/2/75
f 1060/6/76 1081/6/76 1084/3/76 1063/3/76
f 1066/7/77 1087/7/77 1088/8/77 1067/8/77
f 1063/3/11 1084/3/11 1087/7/11 1066/7/11
f 1068/9/78 1089/9/78 1090/10/78 1069/10/78
f 1069/10/11 1090/10/11 1083/5/11 1062/5/11
f 1061/2/13 1082/2/13 1089/9/13 1068/9/13
f 1071/11/11 1092/11/11 1091/12/11 1070/12/11
f 1070/12/76 1091/12/76 1081/6/76 1060/6/76
f 1062/5/75 1083/5/75 1092/11/75 1071/11/75
f 1106/1/79 1107/4/79 1096/3/79 1094/2/79
f 1096/3/79 1093/6/79 1095/5/79 1094/2/79
f 1107/4/80 1109/8/80 1097/7/80 1096/3/80
f 1095/5/81 1099/10/81 1098/9/81 1094/2/81
f 1093/6/79 1100/12/79 1101/11/79 1095/5/79
f 1106/1/79 1103/2/79 1105/3/79 1107/4/79
f 1105/3/79 1103/2/79 1104/5/79 1102/6/79
f 1107/4/80 1105/3/80 1108/7/80 1109/8/80
f 1104/5/81 1103/2/81 1110/9/81 1111/10/81
f 1102/6/79 1104/5/79 1113/11/79 1112/12/79
f 1127/1/82 1115/2/82 1117/3/82 1128/4/82
f 1117/3/82 1115/2/82 1116/5/82 1114/6/82
f 1128/4/83 1117/3/83 1118/7/83 1130/8/83
f 1116/5/84 1115/2/84 1119/9/84 1120/10/84
f 1114/6/82 1116/5/82 1122/11/82 1121/12/82
f 1127/1/82 1128/4/82 1126/3/82 1124/2/82
f 1126/3/82 1123/6/82 1125/5/82 1124/2/82
f 1128/4/83 1130/8/83 1129/7/83 1126/3/83
f 1125/5/84 1132/10/84 1131/9/84 1124/2/84
f 1123/6/82 1133/12/82 1134/11/82 1125/5/82
f 1094/2/85 1115/2/85 1127/1/85 1106/1/85
f 1096/3/86 1117/3/86 1114/6/86 1093/6/86
f 1109/8/87 1130/8/87 1118/7/87 1097/7/87
f 1097/7/13 1118/7/13 1117/3/13 1096/3/13
f 1099/10/88 1120/10/88 1119/9/88 1098/9/88
f 1095/5/13 1116/5/13 1120/10/13 1099/10/13
f 1098/9/11 1119/9/11 1115/2/11 1094/2/11
f 1100/12/13 1121/12/13 1122/11/13 1101/11/13
f 1093/6/86 1114/6/86 1121/12/86 1100/12/86
f 1101/11/85 1122/11/85 1116/5/85 1095/5/85
f 1106/1/85 1127/1/85 1124/2/85 1103/2/85
f 1102/6/86 1123/6/86 1126/3/86 1105/3/86
f 1108/7/87 1129/7/87 1130/8/87 1109/8/87
f 1105/3/11 1126/3/11 1129/7/11 1108/7/11
f 1110/9/88 1131/9/88 1132/10/88 1111/10/88
f 1111/10/11 1132/10/11 1125/5/11 1104/5/11
f 1103/2/13 1124/2/13 1131/9/13 1110/9/13
f 1113/11/11 1134/11/11 1133/12/11 1112/12/11
f 1112/12/86 1133/12/86 1123/6/86 1102/6/86
f 1104/5/85 1125/5/85 1134/11/85 1113/11/85
f 1148/1/89 1149/4/89 1138/3/89 1136/2/89
f 1138/3/89 1135/6/89 1137/5/89 1136/2/89
f 1149/4/90 1151/8/90 1139/7/90 1138/3/90
f 1137/5/80 1141/10/80 1140/9/80 1136/2/80
f 1135/6/89 1142/12/89 1143/11/89 1137/5/89
f 1148/1/89 1145/2/89 1147/3/89 1149/4/89
f 1147/3/89 1145/2/89 1146/5/89 1144/6/89
f 1149/4/90 1147/3/90 1150/7/90 1151/8/90
f 1146/5/80 1145/2/80 1152/9/80 1153/10/80
f 1144/6/89 1146/5/89 1155/11/89 1154/12/89
f 1169/1/91 1157/2/91 1159/3/91 1170/4/91
f 1159/3/91 1157/2/91 1158/5/91 1156/6/91
f 1170/4/92 1159/3/92 1160/7/92 1172/8/92
f 1158/5/93 1157/2/93 1161/9/93 1162/10/93
f 1156/6/91 1158/5/91 1164/11/91 1163/12/91
f 1169/1/91 1170/4/91 1168/3/91 1166/2/91
f 1168/3/91 1165/6/91 1167/5/91 1166/2/91
f 1170/4/92 1172/8/92 1171/7/92 1168/3/92
f 1167/5/93 1174/10/93 1173/9/93 1166/2/93
f 1165/6/91 1175/12/91 1176/11/91 1167/5/91
f 1136/2/94 1157/2/94 1169/1/94 1148/1/94
f 1138/3/95 1159/3/95 1156/6/95 1135/6/95
f 1151/8/96 1172/8/96 1160/7/96 1139/7/96
f 1139/7/13 1160/7/13 1159/3/13 1138/3/13
f 1141/10/97 1162/10/97 1161/9/97 1140/9/97
f 1137/5/13 1158/5/13 1162/10/13 1141/10/13
f 1140/9/11 1161/9/11 1157/2/11 1136/2/11
f 1142/12/13 1163/12/13 1164/11/13 1143/11/13
f 1135/6/95 1156/6/95 1163/12/95 1142/12/95
f 1143/11/94 1164/11/94 1158/5/94 1137/5/94
f 1148/1/94 1169/1/94 1166/2/94 1145/2/94
f 1144/6/95 1165/6/95 1168/3/95 1147/3/95
f 1150/7/96 1171/7/96 1172/8/96 1151/8/96
f 1147/3/11 1168/3/11 1171/7/11 1150/7/11
f 1152/9/97 1173/9/97 1174/10/97 1153/10/97
f 1153/10/11 1174/10/11 1167/5/11 1146/5/11
f 1145/2/13 1166/2/13 1173/9/13 1152/9/13
f 1155/11/11 1176/11/11 1175/12/11 1154/12/11
f 1154/12/95 1175/12/95 1165/6/95 1144/6/95
f 1146/5/94 1167/5/94 1176/11/94 1155/11/94
f 1190/1/98 1191/4/98 1180/3/98 1178/2/98
f 1180/3/98 1177/6/98 1179/5/98 1178/2/98
f 1191/4/99 1193/8/99 1181/7/99 1180/3/99
f 1179/5/100 1183/10/100 1182/9/100 1178/2/100
f 1177/6/98 1184/12/98 1185/11/98 1179/5/98
f 1190/1/98 1187/2/98 1189/3/98 1191/4/98
f 1189/3/98 1187/2/98 1188/5/98 1186/6/98
f 1191/4/99 1189/3/99 1192/7/99 1193/8/99
f 1188/5/101 1187/2/101 1194/9/101 1195/10/101
f 1186/6/98 1188/5/98 1197/11/98 1196/12/98
f 1211/1/102 1199/2/102 1201/3/102 1212/4/102
f 1201/3/102 1199/2/102 1200/5/102 1198/6/102
f 1212/4/103 1201/3/103 1202/7/103 1214/8/103
f 1200/5/104 1199/2/104 1203/9/104 1204/10/104
f 1198/6/102 1200/5/102 1206/11/102 1205/12/102
f 1211/1/102 1212/4/102 1210/3/102 1208/2/102
f 1210/3/102 1207/6/102 1209/5/102 1208/2/102
f 1212/4/103 1214/8/103 1213/7/103 1210/3/103
f 1209/5/104 1216/10/104 1215/9/104 1208/2/104
f 1207/6/102 1217/12/102 1218/11/102 1209/5/102
f 1178/2/105 1199/2/105 1211/1/105 1190/1/105
f 1180/3/106 1201/3/106 1198/6/106 1177/6/106
f 1193/8/107 1214/8/107 1202/7/107 1181/7/107
f 1181/7/13 1202/7/13 1201/3/13 1180/3/13
f 1183/10/108 1204/10/108 1203/9/108 1182/9/108
f 1179/5/13 1200/5/13 1204/10/13 1183/10/13
f 1182/9/11 1203/9/11 1199/2/11 1178/2/11
f 1184/12/13 1205/12/13 1206/11/13 1185/11/13
f 1177/6/106 1198/6/106 1205/12/106 1184/12/106
f 1185/11/105 1206/11/105 1200/5/105 1179/5/105
f 1190/1/105 1211/1/105 1208/2/105 1187/2/105
f 1186/6/106 1207/6/106 1210/3/106 1189/3/106
f 1192/7/107 1213/7/107 1214/8/107 1193/8/107
f 1189/3/11 1210/3/11 1213/7/11 1192/7/11
f 1194/9/108 1215/9/108 1216/10/108 1195/10/108
f 1195/10/11 1216/10/11 1209/5/11 1188/5/11
f 1187/2/13 1208/2/13 1215/9/13 1194/9/13
f 1197/11/11 1218/11/11 1217/12/11 1196/12/11
f 1196/12/106 1217/12/106 1207/6/106 1186/6/106
f 1188/5/105 1209/5/105 1218/11/105 1197/11/105
f 1232/1/109 1233/4/109 1222/3/109 1220/2/109
f 1222/3/109 1219/6/109 1221/5/109 1220/2/109
f 1233/4/110 1235/8/110 1223/7/110 1222/3/110
f 1221/5/111 1225/10/111 1224/9/111 1220/2/111
f 1219/6/109 1226/12/109 1227/11/109 1221/5/109
f 1232/1/109 1229/2/109 1231/3/109 1233/4/109
f 1231/3/109 1229/2/109 1230/5/109 1228/6/109
f 1233/4/110 1231/3/110 1234/7/110 1235/8/110
f 1230/5/111 1229/2/111 1236/9/111 1237/10/111
f 1228/6/109 1230/5/109 1239/11/109 1238/12/109
f 1253/1/112 1241/2/112 1243/3/112 1254/4/112
f 1243/3/112 1241/2/112 1242/5/112 1240/6/112
f 1254/4/113 1243/3/113 1244/7/113 1256/8/113
f 1242/5/114 1241/2/114 1245/9/114 1246/10/114
f 1240/6/112 1242/5/112 1248/11/112 1247/12/112
f 1253/1/112 1254/4/112 1252/3/112 1250/2/112
f 1252/3/112 1249/6/112 1251/5/112 1250/2/112
f 1254/4/113 1256/8/113 1255/7/113 1252/3/113
f 1251/5/114 1258/10/114 1257/9/114 1250/2/114
f 1249/6/112 1259/12/112 1260/11/112 1251/5/112
f 1220/2/115 1241/2/115 1253/1/115 1232/1/115
f 1222/3/116 1243/3/116 1240/6/116 1219/6/116
f 1235/8/117 1256/8/117 1244/7/117 1223/7/117
f 1223/7/13 1244/7/13 1243/3/13 1222/3/13
f 1225/10/118 1246/10/118 1245/9/118 1224/9/118
f 1221/5/13 1242/5/13 1246/10/13 1225/10/13
f 1224/9/11 1245/9/11 1241/2/11 1220/2/11
f 1226/12/13 1247/12/13 1248/11/13 1227/11/13
f 1219/6/116 1240/6/116 1247/12/116 1226/12/116
f 1227/11/115 1248/11/115 1242/5/115 1221/5/115
f 1232/1/115 1253/1/115 1250/2/115 1229/2/115
f 1228/6/116 1249/6/116 1252/3/116 1231/3/116
f 1234/7/117 1255/7/117 1256/8/117 1235/8/117
f 1231/3/11 1252/3/11 1255/7/11 1234/7/11
f 1236/9/118 1257/9/118 1258/10/118 1237/10/118
f 1237/10/11 1258/10/11 1251/5/11 1230/5/11
f 1229/2/13 1250/2/13 1257/9/13 1236/9/13
f 1239/11/11 1260/11/11 1259/12/11 1238/12/11
f 1238/12/116 1259/12/116 1249/6/116 1228/6/116
f 1230/5/115 1251/5/115 1260/11/115 1239/11/115
f 1274/1/119 1275/4/119 1264/3/119 1262/2/119
f 1264/3/119 1261/6/119 1263/5/119 1262/2/119
f 1275/4/120 1277/8/120 1265/7/120 1264/3/120
f 1263/5/121 1267/10/121 1266/9/121 1262/2/121
f 1261/6/119 1268/12/119 1269/11/119 1263/5/119
f 1274/1/119 1271/2/119 1273/3/119 1275/4/119
f 1273/3/119 1271/2/119 1272/5/119 1270/6/119
f 1275/4/120 1273/3/120 1276/7/120 1277/8/120
f 1272/5/121 1271/2/121 1278/9/121 1279/10/121
f 1270/6/119 1272/5/119 1281/11/119 1280/12/119
f 1295/1/122 1283/2/122 1285/3/122 1296/4/122
f 1285/3/122 1283/2/122 1284/5/122 1282/6/122
f 1296/4/123 1285/3/123 1286/7/123 1298/8/123
f 1284/5/124 1283/2/124 1287/9/124 1288/10/124
f 1282/6/122 1284/5/122 1290/11/122 1289/12/122
f 1295/1/122 1296/4/122 1294/3/122 1292/2/122
f 1294/3/122 1291/6/122 1293/5/122 1292/2/122
f 1296/4/123 1298/8/123 1297/7/123 1294/3/123
f 1293/5/124 1300/10/124 1299/9/124 1292/2/124
f 1291/6/122 1301/12/122 1302/11/122 1293/5/122
f 1262/2/125 1283/2/125 1295/1/125 1274/1/125
f 1264/3/126 1285/3/126 1282/6/126 1261/6/126
f 1277/8/127 1298/8/127 1286/7/127 1265/7/127
f 1265/7/13 1286/7/13 1285/3/13 1264/3/13
f 1267/10/128 1288/10/128 1287/9/128 1266/9/128
f 1263/5/13 1284/5/13 1288/10/13 1267/10/13
f 1266/9/11 1287/9/11 1283/2/11 1262/2/11
f 1268/12/13 1289/12/13 1290/11/13 1269/11/13
f 1261/6/126 1282/6/126 1289/12/126 1268/12/126
f 1269/11/125 1290/11/125 1284/5/125 1263/5/125
f 1274/1/125 1295/1/125 1292/2/125 1271/2/125
f 1270/6/126 1291/6/126 1294/3/126 1273/3/126
f 1276/7/127 1297/7/127 1298/8/127 1277/8/127
f 1273/3/11 1294/3/11 1297/7/11 1276/7/11
f 1278/9/128 1299/9/128 1300/10/128 1279/10/128
f 1279/10/11 1300/10/11 1293/5/11 1272/5/11
f 1271/2/13 1292/2/13 1299/9/13 1278/9/13
f 1281/11/11 1302/11/11 1301/12/11 1280/12/11
f 1280/12/126 1301/12/126 1291/6/126 1270/6/126
f 1272/5/125 1293/5/125 1302/11/125 1281/11/125
f 1316/1/129 1317/4/129 1306/3/129 1304/2/129
f 1306/3/129 1303/6/129 1305/5/129 1304/2/129
f 1317/4/130 1319/8/130 1307/7/130 1306/3/130
f 1305/5/131 1309/10/131 1308/9/131 1304/2/131
f 1303/6/129 1310/12/129 1311/11/129 1305/5/129
f 1316/1/129 1313/2/129 1315/3/129 1317/4/129
f 1315/3/129 1313/2/129 1314/5/129 1312/6/129
f 1317/4/130 1315/3/130 1318/7/130 1319/8/130
f 1314/5/131 1313/2/131 1320/9/131 1321/10/131
f 1312/6/129 1314/5/129 1323/11/129 1322/12/129
f 1337/1/132 1325/2/132 1327/3/132 1338/4/132
f 1327/3/132 1325/2/132 1326/5/132 1324/6/132
f 1338/4/133 1327/3/133 1328/7/133 1340/8/133
f 1326/5/134 1325/2/134 1329/9/134 1330/10/134
f 1324/6/132 1326/5/132 1332/11/132 1331/12/132
f 1337/1/132 1338/4/132 1336/3/132 1334/2/132
f 1336/3/132 1333/6/132 1335/5/132 1334/2/132
f 1338/4/133 1340/8/133 1339/7/133 1336/3/133
f 1335/5/134 1342/10/134 1341/9/134 1334/2/134
f 1333/6/132 1343/12/132 1344/11/132 1335/5/132
f 1304/2/135 1325/2/135 1337/1/135 1316/1/135
f 1306/3/136 1327/3/136 1324/6/136 1303/6/136
f 1319/8/137 1340/8/137 1328/7/137 1307/7/137
f 1307/7/13 1328/7/13 1327/3/13 1306/3/13
f 1309/10/138 1330/10/138 1329/9/138 1308/9/138
f 1305/5/13 1326/5/13 1330/10/13 1309/10/13
f 1308/9/11 1329/9/11 1325/2/11 1304/2/11
f 1310/12/13 1331/12/13 1332/11/13 1311/11/13
f 1303/6/136 1324/6/136 1331/12/136 1310/12/136
f 1311/11/135 1332/11/135 1326/5/135 1305/5/135
f 1316/1/135 1337/1/135 1334/2/135 1313/2/135
f 1312/6/136 1333/6/136 1336/3/136 1315/3/136
f 1318/7/137 1339/7/137 1340/8/137 1319/8/137
f 1315/3/11 1336/3/11 1339/7/11 1318/7/11
f 1320/9/138 1341/9/138 1342/10/138 1321/10/138
f 1321/10/11 1342/10/11 1335/5/11 1314/5/11
f 1313/2/13 1334/2/13 1341/9/13 1320/9/13
f 1323/11/11 1344/11/11 1343/12/11 1322/12/11
f 1322/12/136 1343/12/136 1333/6/136 1312/6/136
f 1314/5/135 1335/5/135 1344/11/135 1323/11/135
f 1358/1/139 1359/4/139 1348/3/139 1346/2/139
f 1348/3/139 1345/6/139 1347/5/139 1346/2/139
f 1359/4/140 1361/8/140 1349/7/140 1348/3/140
f 1347/5/141 1351/10/141 1350/9/141 1346/2/141
f 1345/6/139 1352/12/139 1353/11/139 1347/5/139
f 1358/1/139 1355/2/139 1357/3/139 1359/4/139
f 1357/3/139 1355/2/139 1356/5/139 1354/6/139
f 1359/4/140 1357/3/140 1360/7/140 1361/8/140
f 1356/5/141 1355/2/141 1362/9/141 1363/10/141
f 1354/6/139 1356/5/139 1365/11/139 1364/12/139
f 1379/1/142 1367/2/142 1369/3/142 1380/4/142
f 1369/3/142 1367/2/142 1368/5/142 1366/6/142
f 1380/4/143 1369/3/143 1370/7/143 1382/8/143
f 1368/5/144 1367/2/144 1371/9/144 1372/10/144
f 1366/6/142 1368/5/142 1374/11/142 1373/12/142
f 1379/1/142 1380/4/142 1378/3/142 1376/2/142
f 1378/3/142 1375/6/142 1377/5/142 1376/2/142
f 1380/4/143 1382/8/143 1381/7/143 1378/3/143
f 1377/5/144 1384/10/144 1383/9/144 1376/2/144
f 1375/6/142 1385/12/142 1386/11/142 1377/5/142
f 1346/2/145 1367/2/145 1379/1/145 1358/1/145
f 1348/3/146 1369/3/146 1366/6/146 1345/6/146
f 1361/8/147 1382/8/147 1370/7/147 1349/7/147
f 1349/7/13 1370/7/13 1369/3/13 1348/3/13
f 1351/10/148 1372/10/148 1371/9/148 1350/9/148
f 1347/5/13 1368/5/13 1372/10/13 1351/10/13
f 1350/9/11 1371/9/11 1367/2/11 1346/2/11
f 1352/12/13 1373/12/13 1374/11/13 1353/11/13
f 1345/6/146 1366/6/146 1373/12/146 1352/12/146
f 1353/11/145 1374/11/145 1368/5/145 1347/5/145
f 1358/1/145 1379/1/145 1376/2/145 1355/2/145
f 1354/6/146 1375/6/146 1378/3/146 1357/3/146
f 1360/7/147 1381/7/147 1382/8/147 1361/8/147
f 1357/3/11 1378/3/11 1381/7/11 1360/7/11
f 1362/9/148 1383/9/148 1384/10/148 1363/10/148
f 1363/10/11 1384/10/11 1377/5/11 1356/5/11
f 1355/2/13 1376/2/13 1383/9/13 1362/9/13
f 1365/11/11 1386/11/11 1385/12/11 1364/12/11
f 1364/12/146 1385/12/146 1375/6/146 1354/6/146
f 1356/5/145 1377/5/145 1386/11/145 1365/11/145
f 1400/1/149 1401/4/149 1390/3/149 1388/2/149
f 1390/3/149 1387/6/149 1389/5/149 1388/2/149
f 1401/4/150 1403/8/150 1391/7/150 1390/3/150
f 1389/5/140 1393/10/140 1392/9/140 1388/2/140
f 1387/6/149 1394/12/149 1395/11/149 1389/5/149
f 1400/1/149 1397/2/149 1399/3/149 1401/4/149
f 1399/3/149 1397/2/149 1398/5/149 1396/6/149
f 1401/4/150 1399/3/150 1402/7/150 1403/8/150
f 1398/5/140 1397/2/140 1404/9/140 1405/10/140
f 1396/6/149 1398/5/149 1407/11/149 1406/12/149
f 1421/1/151 1409/2/151 1411/3/151 1422/4/151
f 1411/3/151 1409/2/151 1410/5/151 1408/6/151
f 1422/4/152 1411/3/152 1412/7/152 1424/8/152
f 1410/5/153 1409/2/153 1413/9/153 1414/10/153
f 1408/6/151 1410/5/151 1416/11/151 1415/12/151
f 1421/1/151 1422/4/151 1420/3/151 1418/2/151
f 1420/3/151 1417/6/151 1419/5/151 1418/2/151
f 1422/4/152 1424/8/152 1423/7/152 1420/3/152
f 1419/5/153 1426/10/153 1425/9/153 1418/2/153
f 1417/6/151 1427/12/151 1428/11/151 1419/5/151
f 1388/2/154 1409/2/154 1421/1/154 1400/1/154
f 1390/3/155 1411/3/155 1408/6/155 1387/6/155
f 1403/8/156 1424/8/156 1412/7/156 1391/7/156
f 1391/7/13 1412/7/13 1411/3/13 1390/3/13
f 1393/10/157 1414/10/157 1413/9/157 1392/9/157
f 1389/5/13 1410/5/13 1414/10/13 1393/10/13
f 1392/9/11 1413/9/11 1409/2/11 1388/2/11
f 1394/12/13 1415/12/13 1416/11/13 1395/11/13
f 1387/6/155 1408/6/155 1415/12/155 1394/12/155
f 1395/11/154 1416/11/154 1410/5/154 1389/5/154
f 1400/1/158 1421/1/158 1418/2/158 1397/2/158
f 1396/6/155 1417/6/155 1420/3/155 1399/3/155
f 1402/7/156 1423/7/156 1424/8/156 1403/8/156
f 1399/3/11 1420/3/11 1423/7/11 1402/7/11
f 1404/9/157 1425/9/157 1426/10/157 1405/10/157
f 1405/10/11 1426/10/11 1419/5/11 1398/5/11
f 1397/2/13 1418/2/13 1425/9/13 1404/9/13
f 1407/11/11 1428/11/11 1427/12/11 1406/12/11
f 1406/12/155 1427/12/155 1417/6/155 1396/6/155
f 1398/5/154 1419/5/154 1428/11/154 1407/11/154
f 1442/1/159 1443/4/159 1432/3/159 1430/2/159
f 1432/3/159 1429/6/159 1431/5/159 1430/2/159
f 1443/4/3 1445/8/3 1433/7/3 1432/3/3
f 1431/5/150 1435/10/150 1434/9/150 1430/2/150
f 1429/6/159 1436/12/159 1437/11/159 1431/5/159
f 1442/1/159 1439/2/159 1441/3/159 1443/4/159
f 1441/3/159 1439/2/159 1440/5/159 1438/6/159
f 1443/4/3 1441/3/3 1444/7/3 1445/8/3
f 1440/5/150 1439/2/150 1446/9/150 1447/10/150
f 1438/6/159 1440/5/159 1449/11/159 1448/12/159
f 1463/1/160 1451/2/160 1453/3/160 1464/4/160
f 1453/3/160 1451/2/160 1452/5/160 1450/6/160
f 1464/4/161 1453/3/161 1454/7/161 1466/8/161
f 1452/5/162 1451/2/162 1455/9/162 1456/10/162
f 1450/6/160 1452/5/160 1458/11/160 1457/12/160
f 1463/1/160 1464/4/160 1462/3/160 1460/2/160
f 1462/3/160 1459/6/160 1461/5/160 1460/2/160
f 1464/4/161 1466/8/161 1465/7/161 1462/3/161
f 1461/5/162 1468/10/162 1467/9/162 1460/2/162
f 1459/6/160 1469/12/160 1470/11/160 1461/5/160
f 1430/2/163 1451/2/163 1463/1/163 1442/1/163
f 1432/3/164 1453/3/164 1450/6/164 1429/6/164
f 1445/8/165 1466/8/165 1454/7/165 1433/7/165
f 1433/7/13 1454/7/13 1453/3/13 1432/3/13
f 1435/10/166 1456/10/166 1455/9/166 1434/9/166
f 1431/5/13 1452/5/13 1456/10/13 1435/10/13
f 1434/9/11 1455/9/11 1451/2/11 1430/2/11
f 1436/12/13 1457/12/13 1458/11/13 1437/11/13
f 1429/6/164 1450/6/164 1457/12/164 1436/12/164
f 1437/11/163 1458/11/163 1452/5/163 1431/5/163
f 1442/1/163 1463/1/163 1460/2/163 1439/2/163
f 1438/6/164 1459/6/164 1462/3/164 1441/3/164
f 1444/7/165 1465/7/165 1466/8/165 1445/8/165
f 1441/3/11 1462/3/11 1465/7/11 1444/7/11
f 1446/9/166 1467/9/166 1468/10/166 1447/10/166
f 1447/10/11 1468/10/11 1461/5/11 1440/5/11
f 1439/2/13 1460/2/13 1467/9/13 1446/9/13
f 1449/11/11 1470/11/11 1469/12/11 1448/12/11
f 1448/12/164 1469/12/164 1459/6/164 1438/6/164
f 1440/5/163 1461/5/163 1470/11/163 1449/11/163
f 1484/1/167 1485/4/167 1474/3/167 1472/2/167
f 1474/3/167 1471/6/167 1473/5/167 1472/2/167
f 1485/4/168 1487/8/168 1475/7/168 1474/3/168
f 1473/5/3 1477/10/3 1476/9/3 1472/2/3
f 1471/6/167 1478/12/167 1479/11/167 1473/5/167
f 1484/1/167 1481/2/167 1483/3/167 1485/4/167
f 1483/3/167 1481/2/167 1482/5/167 1480/6/167
f 1485/4/168 1483/3/168 1486/7/168 1487/8/168
f 1482/5/3 1481/2/3 1488/9/3 1489/10/3
f 1480/6/167 1482/5/167 1491/11/167 1490/12/167
f 1505/1/169 1493/2/169 1495/3/169 1506/4/169
f 1495/3/169 1493/2/169 1494/5/169 1492/6/169
f 1506/4/170 1495/3/170 1496/7/170 1508/8/170
f 1494/5/171 1493/2/171 1497/9/171 1498/10/171
f 1492/6/169 1494/5/169 1500/11/169 1499/12/169
f 1505/1/169 1506/4/169 1504/3/169 1502/2/169
f 1504/3/169 1501/6/169 1503/5/169 1502/2/169
f 1506/4/170 1508/8/170 1507/7/170 1504/3/170
f 1503/5/171 1510/10/171 1509/9/171 1502/2/171
f 1501/6/169 1511/12/169 1512/11/169 1503/5/169
f 1472/2/172 1493/2/172 1505/1/172 1484/1/172
f 1474/3/173 1495/3/173 1492/6/173 1471/6/173
f 1487/8/174 1508/8/174 1496/7/174 1475/7/174
f 1475/7/13 1496/7/13 1495/3/13 1474/3/13
f 1477/10/175 1498/10/175 1497/9/175 1476/9/175
f 1473/5/13 1494/5/13 1498/10/13 1477/10/13
f 1476/9/11 1497/9/11 1493/2/11 1472/2/11
f 1478/12/13 1499/12/13 1500/11/13 1479/11/13
f 1471/6/173 1492/6/173 1499/12/173 1478/12/173
f 1479/11/172 1500/11/172 1494/5/172 1473/5/172
f 1484/1/172 1505/1/172 1502/2/172 1481/2/172
f 1480/6/173 1501/6/173 1504/3/173 1483/3/173
f 1486/7/174 1507/7/174 1508/8/174 1487/8/174
f 1483/3/11 1504/3/11 1507/7/11 1486/7/11
f 1488/9/175 1509/9/175 1510/10/175 1489/10/175
f 1489/10/11 1510/10/11 1503/5/11 1482/5/11
f 1481/2/13 1502/2/13 1509/9/13 1488/9/13
f 1491/11/11 1512/11/11 1511/12/11 1490/12/11
f 1490/12/173 1511/12/173 1501/6/173 1480/6/173
f 1482/5/172 1503/5/172 1512/11/172 1491/11/172
o BezierCircle
v 2.285740 3.602670 -1.626882
v 2.285740 3.575051 -1.951765
v 2.285740 3.496154 -2.246114
v 2.285740 3.371921 -2.509901
v 2.285740 3.208291 -2.743097
v 2.285740 3.011207 -2.945674
v 2.285740 2.786609 -3.117605
v 2.285740 2.540438 -3.258861
v 2.285740 2.278636 -3.369413
v 2.285740 2.007143 -3.449234
v 2.285740 1.731900 -3.498296
v 2.285740 1.458848 -3.516570
v 2.285740 1.193928 -3.504028
v 2.285740 0.888684 -3.438274
v 2.285740 0.644907 -3.318286
v 2.285740 0.456001 -3.150410
v 2.285740 0.315374 -2.940987
v 2.285740 0.216431 -2.696362
v 2.285740 0.152579 -2.422878
v 2.285740 0.117222 -2.126879
v 2.285740 0.103768 -1.814708
v 2.285740 0.105623 -1.492710
v 2.285740 0.116192 -1.167227
v 2.285740 0.128881 -0.844603
v 2.285740 0.137097 -0.531182
v 2.285740 0.139473 -0.185716
v 2.285740 0.141813 0.219090
v 2.285740 0.148395 0.665262
v 2.285740 0.163497 1.134828
v 2.285740 0.191396 1.609813
v 2.285740 0.236372 2.072245
v 2.285740 0.302701 2.504149
v 2.285740 0.394661 2.887554
v 2.285740 0.516530 3.204485
v 2.285740 0.672586 3.436968
v 2.285740 0.867107 3.567031
v 2.285740 1.104371 3.576701
v 2.285740 1.469544 3.431620
v 2.285740 1.811772 3.172215
v 2.285740 2.129375 2.817045
v 2.285740 2.420676 2.384667
v 2.285740 2.683994 1.893639
v 2.285740 2.917650 1.362520
v 2.285740 3.119966 0.809867
v 2.285740 3.289262 0.254237
v 2.285740 3.423859 -0.285810
v 2.285740 3.522079 -0.791718
v 2.285740 3.582242 -1.244929
l 1513 1514
l 1514 1515
l 1515 1516
l 1516 1517
l 1517 1518
l 1518 1519
l 1519 1520
l 1520 1521
l 1521 1522
l 1522 1523
l 1523 1524
l 1524 1525
l 1525 1526
l 1526 1527
l 1527 1528
l 1528 1529
l 1529 1530
l 1530 1531
l 1531 1532
l 1532 1533
l 1533 1534
l 1534 1535
l 1535 1536
l 1536 1537
l 1537 1538
l 1538 1539
l 1539 1540
l 1540 1541
l 1541 1542
l 1542 1543
l 1543 1544
l 1544 1545
l 1545 1546
l 1546 1547
l 1547 1548
l 1548 1549
l 1549 1550
l 1550 1551
l 1551 1552
l 1552 1553
l 1553 1554
l 1554 1555
l 1555 1556
l 1556 1557
l 1557 1558
l 1558 1559
l 1559 1560
l 1560 1513
o Cylinder
v 1.284044 1.808022 -3.274523
v 3.233929 1.808023 -2.789410
v 1.284044 1.190724 -3.151735
v 3.233929 1.376370 -2.703549
v 1.284044 0.667405 -2.802064
v 3.233929 1.010432 -2.459037
v 1.284044 0.317734 -2.278744
v 3.233929 0.765921 -2.093099
v 1.284044 0.194946 -1.661446
v 3.233929 0.680059 -1.661446
v 1.284044 0.317734 -1.044149
v 3.233929 0.765920 -1.229794
v 1.284044 0.667405 -0.520829
v 3.233929 1.010432 -0.863856
v 1.284044 1.190724 -0.171158
v 3.233929 1.376370 -0.619344
v 1.284044 1.808022 -0.048370
v 3.233929 1.808022 -0.533483
v 1.284044 2.425320 -0.171158
v 3.233929 2.239675 -0.619344
v 1.284044 2.948640 -0.520829
v 3.233929 2.605613 -0.863856
v 1.284044 3.298311 -1.044148
v 3.233929 2.850125 -1.229793
v 1.284044 3.421099 -1.661446
v 3.233929 2.935986 -1.661446
v 1.284044 3.298311 -2.278744
v 3.233929 2.850125 -2.093100
v 1.284044 2.948639 -2.802064
v 3.233929 2.605613 -2.459037
v 1.284044 2.425319 -3.151735
v 3.233929 2.239675 -2.703549
v 3.233929 1.190725 -3.151735
v 3.233929 1.808023 -3.274523
v 3.233929 0.667405 -2.802064
v 3.233929 0.317734 -2.278744
v 3.233929 0.194946 -1.661446
v 3.233929 0.317734 -1.044149
v 3.233929 0.667405 -0.520829
v 3.233929 1.190725 -0.171158
v 3.233929 1.808022 -0.048370
v 3.233929 2.425320 -0.171158
v 3.233929 2.948640 -0.520829
v 3.233929 3.298311 -1.044148
v 3.233929 3.421099 -1.661446
v 3.233929 3.298311 -2.278744
v 3.233929 2.948640 -2.802064
v 3.233929 2.425320 -3.151735
v 2.973817 1.416051 -2.607750
v 2.973817 1.808023 -2.685719
v 2.973817 1.083753 -2.385716
v 2.973817 0.861719 -2.053418
v 2.973817 0.783751 -1.661446
v 2.973817 0.861719 -1.269475
v 2.973817 1.083753 -0.937177
v 2.973817 1.416051 -0.715143
v 2.973817 1.808023 -0.637174
v 2.973817 2.199994 -0.715142
v 2.973817 2.532292 -0.937177
v 2.973817 2.754327 -1.269474
v 2.973817 2.832295 -1.661446
v 2.973817 2.754326 -2.053419
v 2.973817 2.532292 -2.385716
v 2.973817 2.199994 -2.607751
v -1.483616 1.808023 -3.274523
v -3.433501 1.808023 -2.789410
v -1.483616 1.190725 -3.151735
v -3.433501 1.376370 -2.703549
v -1.483616 0.667405 -2.802064
v -3.433501 1.010432 -2.459037
v -1.483616 0.317734 -2.278744
v -3.433501 0.765921 -2.093099
v -1.483616 0.194946 -1.661446
v -3.433501 0.680059 -1.661446
v -1.483616 0.317734 -1.044149
v -3.433501 0.765921 -1.229794
v -1.483616 0.667405 -0.520829
v -3.433501 1.010432 -0.863856
v -1.483616 1.190725 -0.171158
v -3.433501 1.376370 -0.619344
v -1.483616 1.808022 -0.048370
v -3.433501 1.808023 -0.533483
v -1.483616 2.425320 -0.171158
v -3.433501 2.239676 -0.619344
v -1.483616 2.948640 -0.520829
v -3.433501 2.605613 -0.863856
v -1.483616 3.298311 -1.044148
v -3.433501 2.850125 -1.229793
v -1.483616 3.421099 -1.661446
v -3.433501 2.935986 -1.661446
v -1.483616 3.298311 -2.278744
v -3.433501 2.850125 -2.093100
v -1.483616 2.948640 -2.802064
v -3.433501 2.605613 -2.459037
v -1.483616 2.425320 -3.151735
v -3.433501 2.239675 -2.703549
v -3.433501 1.190725 -3.151735
v -3.433501 1.808023 -3.274523
v -3.433501 0.667405 -2.802064
v -3.433501 0.317734 -2.278744
v -3.433501 0.194946 -1.661446
v -3.433501 0.317734 -1.044149
v -3.433501 0.667405 -0.520829
v -3.433501 1.190725 -0.171158
v -3.433501 1.808023 -0.048370
v -3.433501 2.425320 -0.171158
v -3.433501 2.948640 -0.520829
v -3.433501 3.298311 -1.044148
v -3.433501 3.421099 -1.661446
v -3.433501 3.298311 -2.278744
v -3.433501 2.948640 -2.802064
v -3.433501 2.425320 -3.151735
v -3.173389 1.416051 -2.607750
v -3.173389 1.808023 -2.685719
v -3.173389 1.083753 -2.385716
v -3.173389 0.861719 -2.053418
v -3.173389 0.783751 -1.661446
v -3.173389 0.861719 -1.269475
v -3.173389 1.083753 -0.937177
v -3.173389 1.416051 -0.715143
v -3.173389 1.808023 -0.637174
v -3.173389 2.199995 -0.715142
v -3.173389 2.532292 -0.937177
v -3.173389 2.754327 -1.269474
v -3.173389 2.832295 -1.661446
v -3.173389 2.754327 -2.053419
v -3.173389 2.532292 -2.385716
v -3.173389 2.199994 -2.607751
vn -0.0000 -0.1951 -0.9808
vn -0.0000 -0.5556 -0.8315
vn -0.0000 -0.8315 -0.5556
vn -0.0000 -0.9808 -0.1951
vn -0.0000 -0.9808 0.1951
vn -0.0000 -0.8315 0.5556
vn -0.0000 -0.5556 0.8315
vn -0.0000 -0.1951 0.9808
vn -0.0000 0.1951 0.9808
vn -0.0000 0.5556 0.8315
vn -0.0000 0.8315 0.5556
vn -0.0000 0.9808 0.1951
vn -0.0000 0.9808 -0.1951
vn -0.0000 0.8315 -0.5556
vn 0.3641 0.9134 0.1817
vn -0.0000 0.5556 -0.8315
vn -0.0000 0.1951 -0.9808
vn -1.0000 -0.0000 -0.0000
vn 1.0000 -0.0000 -0.0000
vn 0.3641 -0.9134 -0.1817
vn 0.3641 0.9134 -0.1817
vn 0.3641 -0.9134 0.1817
vn 0.3641 0.7744 -0.5174
vn 0.3641 -0.7744 0.5174
vn 0.3641 0.5174 -0.7744
vn 0.3641 -0.5174 0.7744
vn 0.3641 0.1817 -0.9134
vn 0.3641 0.1817 0.9134
vn 0.3641 -0.1817 0.9134
vn 0.3641 -0.1817 -0.9134
vn 0.3641 0.5174 0.7744
vn 0.3641 -0.5174 -0.7744
vn 0.3641 0.7744 0.5174
vn 0.3641 -0.7744 -0.5174
vn -0.3641 0.9134 0.1817
vn -0.3641 -0.9134 -0.1817
vn -0.3641 0.9134 -0.1817
vn -0.3641 -0.9134 0.1817
vn -0.3641 0.7744 -0.5174
vn -0.3641 -0.7744 0.5174
vn -0.3641 0.5174 -0.7744
vn -0.3641 -0.5174 0.7744
vn -0.3641 0.1817 -0.9134
vn -0.3641 0.1817 0.9134
vn -0.3641 -0.1817 0.9134
vn -0.3641 -0.1817 -0.9134
vn -0.3641 0.5174 0.7744
vn -0.3641 -0.5174 -0.7744
vn -0.3641 0.7744 0.5174
vn -0.3641 -0.7744 -0.5174
vt 0.829906 0.315891
vt 0.832636 0.315891
vt 0.832703 0.316721
vt 0.829973 0.316721
vt 0.832827 0.317357
vt 0.830097 0.317357
vt 0.828128 0.283906
vt 0.830858 0.283906
vt 0.830791 0.284736
vt 0.828061 0.284736
vt 0.830791 0.285635
vt 0.828061 0.285635
vt 0.830858 0.286465
vt 0.828128 0.286465
vt 0.830981 0.287100
vt 0.828252 0.287100
vt 0.826164 0.357277
vt 0.828894 0.357277
vt 0.828770 0.357913
vt 0.826040 0.357913
vt 0.828703 0.358743
vt 0.825973 0.358743
vt 0.828703 0.359641
vt 0.825973 0.359641
vt 0.828770 0.360471
vt 0.826040 0.360471
vt 0.828900 0.369200
vt 0.828900 0.366470
vt 0.829729 0.366537
vt 0.829729 0.369267
vt 0.830628 0.366537
vt 0.830628 0.369267
vt 0.831458 0.366470
vt 0.831458 0.369200
vt 0.830097 0.313528
vt 0.832827 0.313528
vt 0.832703 0.314163
vt 0.829973 0.314163
vt 0.818542 0.710195
vt 0.818518 0.710823
vt 0.818127 0.710778
vt 0.818149 0.710209
vt 0.832636 0.314993
vt 0.829906 0.314993
vt 0.853840 0.351136
vt 0.853496 0.351966
vt 0.852861 0.352601
vt 0.852031 0.352945
vt 0.851133 0.352945
vt 0.850303 0.352601
vt 0.849668 0.351966
vt 0.849324 0.351136
vt 0.849324 0.350237
vt 0.849668 0.349407
vt 0.850303 0.348772
vt 0.851133 0.348428
vt 0.852031 0.348428
vt 0.852861 0.348772
vt 0.853496 0.349407
vt 0.853840 0.350237
vt 0.893377 0.311390
vt 0.893821 0.310946
vt 0.894396 0.311330
vt 0.893761 0.311966
vt 0.894061 0.310365
vt 0.894740 0.310500
vt 0.894061 0.309737
vt 0.894740 0.309602
vt 0.893821 0.309157
vt 0.894396 0.308772
vt 0.893377 0.308712
vt 0.893761 0.308137
vt 0.892796 0.308472
vt 0.892931 0.307793
vt 0.892168 0.308472
vt 0.892033 0.307793
vt 0.891588 0.308712
vt 0.891203 0.308137
vt 0.891143 0.309157
vt 0.890568 0.308772
vt 0.890903 0.309737
vt 0.890224 0.309602
vt 0.890903 0.310365
vt 0.890224 0.310500
vt 0.891143 0.310946
vt 0.890568 0.311330
vt 0.891588 0.311390
vt 0.891203 0.311966
vt 0.892168 0.311630
vt 0.892033 0.312309
vt 0.892796 0.311630
vt 0.892931 0.312309
vt 0.892078 0.725198
vt 0.892297 0.725725
vt 0.892297 0.726296
vt 0.892078 0.726823
vt 0.891675 0.727226
vt 0.891148 0.727444
vt 0.890578 0.727444
vt 0.890050 0.727226
vt 0.889647 0.726823
vt 0.889429 0.726296
vt 0.889429 0.725725
vt 0.889647 0.725198
vt 0.890050 0.724795
vt 0.890578 0.724577
vt 0.891148 0.724577
vt 0.891675 0.724795
vt 0.818501 0.660108
vt 0.818476 0.660736
vt 0.818085 0.660692
vt 0.818107 0.660122
vt 0.818518 0.709613
vt 0.818127 0.709680
vt 0.818476 0.659526
vt 0.818085 0.659593
vt 0.818449 0.709166
vt 0.818064 0.709274
vt 0.818407 0.659079
vt 0.818022 0.659187
vt 0.818547 0.737494
vt 0.818477 0.738072
vt 0.818093 0.737975
vt 0.818156 0.737450
vt 0.818424 0.727590
vt 0.818355 0.728038
vt 0.817970 0.727929
vt 0.818033 0.727523
vt 0.818571 0.736867
vt 0.818178 0.736880
vt 0.818424 0.726381
vt 0.818448 0.727009
vt 0.818055 0.726995
vt 0.818033 0.726425
vt 0.818547 0.736285
vt 0.818156 0.736352
vt 0.818355 0.725803
vt 0.817970 0.725900
vt 0.818477 0.735838
vt 0.818093 0.735946
vt 0.818449 0.711401
vt 0.818064 0.711303
vt 0.818407 0.661314
vt 0.818022 0.661217
s 0
usemtl Material.001
f 1561/13/176 1594/14/176 1593/15/176 1563/16/176
f 1563/16/177 1593/15/177 1595/17/177 1565/18/177
f 1565/19/178 1595/20/178 1596/21/178 1567/22/178
f 1567/22/179 1596/21/179 1597/23/179 1569/24/179
f 1569/24/180 1597/23/180 1598/25/180 1571/26/180
f 1571/26/181 1598/25/181 1599/27/181 1573/28/181
f 1573/29/182 1599/30/182 1600/31/182 1575/32/182
f 1575/32/183 1600/31/183 1601/33/183 1577/34/183
f 1577/34/184 1601/33/184 1602/35/184 1579/36/184
f 1579/36/185 1602/35/185 1603/37/185 1581/38/185
f 1581/39/186 1603/40/186 1604/41/186 1583/42/186
f 1583/42/187 1604/41/187 1605/43/187 1585/44/187
f 1585/44/188 1605/43/188 1606/45/188 1587/46/188
f 1587/47/189 1606/48/189 1607/49/189 1589/50/189
f 1570/51/190 1568/52/190 1612/53/190 1613/54/190
f 1589/50/191 1607/49/191 1608/55/191 1591/56/191
f 1591/56/192 1608/55/192 1594/14/192 1561/13/192
f 1561/57/193 1563/58/193 1565/59/193 1567/60/193 1569/61/193 1571/62/193 1573/63/193 1575/64/193 1577/65/193 1579/66/193 1581/67/193 1583/68/193 1585/69/193 1587/70/193 1589/71/193 1591/72/193
f 1562/73/194 1564/74/194 1593/75/194 1594/76/194
f 1564/74/194 1566/77/194 1595/78/194 1593/75/194
f 1566/77/194 1568/79/194 1596/80/194 1595/78/194
f 1568/79/194 1570/81/194 1597/82/194 1596/80/194
f 1570/81/194 1572/83/194 1598/84/194 1597/82/194
f 1572/83/194 1574/85/194 1599/86/194 1598/84/194
f 1574/85/194 1576/87/194 1600/88/194 1599/86/194
f 1576/87/194 1578/89/194 1601/90/194 1600/88/194
f 1578/89/194 1580/91/194 1602/92/194 1601/90/194
f 1580/91/194 1582/93/194 1603/94/194 1602/92/194
f 1582/93/194 1584/95/194 1604/96/194 1603/94/194
f 1584/95/194 1586/97/194 1605/98/194 1604/96/194
f 1586/97/194 1588/99/194 1606/100/194 1605/98/194
f 1588/99/194 1590/101/194 1607/102/194 1606/100/194
f 1590/101/194 1592/103/194 1608/104/194 1607/102/194
f 1592/103/194 1562/73/194 1594/76/194 1608/104/194
f 1609/105/194 1610/106/194 1624/107/194 1623/108/194 1622/109/194 1621/110/194 1620/111/194 1619/112/194 1618/113/194 1617/114/194 1616/115/194 1615/116/194 1614/117/194 1613/118/194 1612/119/194 1611/120/194
f 1586/121/195 1584/122/195 1620/123/195 1621/124/195
f 1572/125/196 1570/51/196 1613/54/196 1614/126/196
f 1588/127/197 1586/121/197 1621/124/197 1622/128/197
f 1574/129/198 1572/125/198 1614/126/198 1615/130/198
f 1590/131/199 1588/127/199 1622/128/199 1623/132/199
f 1576/133/200 1574/134/200 1615/135/200 1616/136/200
f 1592/137/201 1590/138/201 1623/139/201 1624/140/201
f 1578/141/202 1576/133/202 1616/136/202 1617/142/202
f 1564/143/203 1562/144/203 1610/145/203 1609/146/203
f 1562/144/204 1592/137/204 1624/140/204 1610/145/204
f 1580/147/205 1578/141/205 1617/142/205 1618/148/205
f 1566/149/206 1564/143/206 1609/146/206 1611/150/206
f 1582/151/207 1580/147/207 1618/148/207 1619/152/207
f 1568/52/208 1566/153/208 1611/154/208 1612/53/208
f 1584/122/209 1582/155/209 1619/156/209 1620/123/209
f 1625/13/176 1627/16/176 1657/15/176 1658/14/176
f 1627/16/177 1629/18/177 1659/17/177 1657/15/177
f 1629/19/178 1631/22/178 1660/21/178 1659/20/178
f 1631/22/179 1633/24/179 1661/23/179 1660/21/179
f 1633/24/180 1635/26/180 1662/25/180 1661/23/180
f 1635/26/181 1637/28/181 1663/27/181 1662/25/181
f 1637/29/182 1639/32/182 1664/31/182 1663/30/182
f 1639/32/183 1641/34/183 1665/33/183 1664/31/183
f 1641/34/184 1643/36/184 1666/35/184 1665/33/184
f 1643/36/185 1645/38/185 1667/37/185 1666/35/185
f 1645/39/186 1647/42/186 1668/41/186 1667/40/186
f 1647/42/187 1649/44/187 1669/43/187 1668/41/187
f 1649/44/188 1651/46/188 1670/45/188 1669/43/188
f 1651/47/189 1653/50/189 1671/49/189 1670/48/189
f 1634/51/210 1677/54/210 1676/53/210 1632/52/210
f 1653/50/191 1655/56/191 1672/55/191 1671/49/191
f 1655/56/192 1625/13/192 1658/14/192 1672/55/192
f 1625/57/194 1655/72/194 1653/71/194 1651/70/194 1649/69/194 1647/68/194 1645/67/194 1643/66/194 1641/65/194 1639/64/194 1637/63/194 1635/62/194 1633/61/194 1631/60/194 1629/59/194 1627/58/194
f 1626/73/193 1658/76/193 1657/75/193 1628/74/193
f 1628/74/193 1657/75/193 1659/78/193 1630/77/193
f 1630/77/193 1659/78/193 1660/80/193 1632/79/193
f 1632/79/193 1660/80/193 1661/82/193 1634/81/193
f 1634/81/193 1661/82/193 1662/84/193 1636/83/193
f 1636/83/193 1662/84/193 1663/86/193 1638/85/193
f 1638/85/193 1663/86/193 1664/88/193 1640/87/193
f 1640/87/193 1664/88/193 1665/90/193 1642/89/193
f 1642/89/193 1665/90/193 1666/92/193 1644/91/193
f 1644/91/193 1666/92/193 1667/94/193 1646/93/193
f 1646/93/193 1667/94/193 1668/96/193 1648/95/193
f 1648/95/193 1668/96/193 1669/98/193 1650/97/193
f 1650/97/193 1669/98/193 1670/100/193 1652/99/193
f 1652/99/193 1670/100/193 1671/102/193 1654/101/193
f 1654/101/193 1671/102/193 1672/104/193 1656/103/193
f 1656/103/193 1672/104/193 1658/76/193 1626/73/193
f 1673/105/193 1675/120/193 1676/119/193 1677/118/193 1678/117/193 1679/116/193 1680/115/193 1681/114/193 1682/113/193 1683/112/193 1684/111/193 1685/110/193 1686/109/193 1687/108/193 1688/107/193 1674/106/193
f 1650/121/211 1685/124/211 1684/123/211 1648/122/211
f 1636/125/212 1678/126/212 1677/54/212 1634/51/212
f 1652/127/213 1686/128/213 1685/124/213 1650/121/213
f 1638/129/214 1679/130/214 1678/126/214 1636/125/214
f 1654/131/215 1687/132/215 1686/128/215 1652/127/215
f 1640/133/216 1680/136/216 1679/135/216 1638/134/216
f 1656/137/217 1688/140/217 1687/139/217 1654/138/217
f 1642/141/218 1681/142/218 1680/136/218 1640/133/218
f 1628/143/219 1673/146/219 1674/145/219 1626/144/219
f 1626/144/220 1674/145/220 1688/140/220 1656/137/220
f 1644/147/221 1682/148/221 1681/142/221 1642/141/221
f 1630/149/222 1675/150/222 1673/146/222 1628/143/222
f 1646/151/223 1683/152/223 1682/148/223 1644/147/223
f 1632/52/224 1676/53/224 1675/154/224 1630/153/224
f 1648/122/225 1684/123/225 1683/156/225 1646/155/225
o Cylinder.001
v 1.324673 1.552972 -0.150425
v 3.241838 1.552972 0.232941
v 1.324673 1.092215 -0.058775
v 3.241838 1.238924 0.295409
v 1.324673 0.701605 0.202222
v 3.241838 0.972686 0.473304
v 1.324673 0.440607 0.592833
v 3.241838 0.794792 0.739541
v 1.324673 0.348957 1.053590
v 3.241838 0.732324 1.053590
v 1.324673 0.440607 1.514346
v 3.241838 0.794792 1.367638
v 1.324673 0.701605 1.904957
v 3.241838 0.972686 1.633876
v 1.324673 1.092215 2.165954
v 3.241838 1.238924 1.811770
v 1.324673 1.552972 2.257605
v 3.241838 1.552972 1.874238
v 1.324673 2.013728 2.165954
v 3.241838 1.867020 1.811770
v 1.324673 2.404339 1.904957
v 3.241838 2.133258 1.633876
v 1.324673 2.665337 1.514346
v 3.241838 2.311152 1.367638
v 1.324673 2.756987 1.053590
v 3.241838 2.373621 1.053590
v 1.324673 2.665337 0.592833
v 3.241838 2.311152 0.739541
v 1.324673 2.404339 0.202222
v 3.241838 2.133258 0.473303
v 1.324673 2.013728 -0.058775
v 3.241838 1.867020 0.295409
v 3.241838 1.092216 -0.058775
v 3.241838 1.552972 -0.150425
v 3.241838 0.701605 0.202222
v 3.241838 0.440608 0.592833
v 3.241838 0.348957 1.053590
v 3.241838 0.440608 1.514346
v 3.241838 0.701605 1.904957
v 3.241838 1.092216 2.165954
v 3.241838 1.552972 2.257605
v 3.241838 2.013728 2.165954
v 3.241838 2.404339 1.904957
v 3.241838 2.665337 1.514346
v 3.241838 2.756987 1.053590
v 3.241838 2.665337 0.592833
v 3.241838 2.404339 0.202222
v 3.241838 2.013728 -0.058775
v 3.092410 1.310496 0.468200
v 3.092410 1.552972 0.419969
v 3.092410 1.104934 0.605552
v 3.092410 0.967583 0.811113
v 3.092410 0.919351 1.053590
v 3.092410 0.967583 1.296066
v 3.092410 1.104934 1.501627
v 3.092410 1.310496 1.638979
v 3.092410 1.552972 1.687211
v 3.092410 1.795448 1.638979
v 3.092410 2.001010 1.501628
v 3.092410 2.138362 1.296066
v 3.092410 2.186593 1.053590
v 3.092410 2.138361 0.811113
v 3.092410 2.001009 0.605552
v 3.092410 1.795448 0.468200
v -1.524245 1.552971 -0.150425
v -3.441410 1.552972 0.232942
v -1.524245 1.092215 -0.058775
v -3.441410 1.238923 0.295410
v -1.524245 0.701604 0.202223
v -3.441410 0.972685 0.473304
v -1.524245 0.440607 0.592833
v -3.441410 0.794791 0.739541
v -1.524245 0.348957 1.053590
v -3.441410 0.732323 1.053590
v -1.524245 0.440607 1.514346
v -3.441410 0.794791 1.367638
v -1.524245 0.701604 1.904957
v -3.441410 0.972685 1.633876
v -1.524245 1.092215 2.165955
v -3.441410 1.238923 1.811770
v -1.524245 1.552971 2.257605
v -3.441410 1.552971 1.874238
v -1.524245 2.013728 2.165955
v -3.441410 1.867020 1.811770
v -1.524245 2.404338 1.904957
v -3.441410 2.133257 1.633876
v -1.524245 2.665336 1.514347
v -3.441410 2.311152 1.367639
v -1.524245 2.756986 1.053590
v -3.441409 2.373620 1.053590
v -1.524245 2.665336 0.592833
v -3.441410 2.311152 0.739541
v -1.524245 2.404338 0.202223
v -3.441410 2.133257 0.473304
v -1.524245 2.013727 -0.058775
v -3.441410 1.867020 0.295410
v -3.441410 1.092215 -0.058775
v -3.441410 1.552972 -0.150425
v -3.441410 0.701604 0.202223
v -3.441410 0.440607 0.592833
v -3.441410 0.348957 1.053590
v -3.441410 0.440607 1.514346
v -3.441410 0.701604 1.904957
v -3.441410 1.092215 2.165955
v -3.441410 1.552971 2.257605
v -3.441410 2.013728 2.165955
v -3.441410 2.404338 1.904957
v -3.441409 2.665336 1.514347
v -3.441409 2.756986 1.053590
v -3.441409 2.665336 0.592833
v -3.441410 2.404338 0.202223
v -3.441410 2.013727 -0.058775
v -3.291982 1.310495 0.468200
v -3.291982 1.552971 0.419969
v -3.291982 1.104934 0.605552
v -3.291982 0.967582 0.811114
v -3.291982 0.919350 1.053590
v -3.291982 0.967582 1.296066
v -3.291982 1.104934 1.501628
v -3.291982 1.310495 1.638979
v -3.291982 1.552971 1.687211
v -3.291982 1.795448 1.638979
v -3.291982 2.001009 1.501628
v -3.291982 2.138361 1.296066
v -3.291982 2.186593 1.053590
v -3.291982 2.138361 0.811114
v -3.291982 2.001009 0.605552
v -3.291982 1.795447 0.468200
vn -0.0000 -0.1951 -0.9808
vn -0.0000 -0.5556 -0.8315
vn -0.0000 -0.8315 -0.5556
vn -0.0000 -0.9808 -0.1951
vn -0.0000 -0.9808 0.1951
vn -0.0000 -0.8315 0.5556
vn -0.0000 -0.5556 0.8315
vn -0.0000 -0.1951 0.9808
vn -0.0000 0.1951 0.9808
vn -0.0000 0.5556 0.8315
vn -0.0000 0.8315 0.5556
vn -0.0000 0.9808 0.1951
vn -0.0000 0.9808 -0.1951
vn -0.0000 0.8315 -0.5556
vn 0.7753 0.6194 0.1232
vn -0.0000 0.5556 -0.8315
vn -0.0000 0.1951 -0.9808
vn -1.0000 -0.0000 -0.0000
vn 1.0000 -0.0000 -0.0000
vn 0.7753 -0.6194 -0.1232
vn 0.7753 0.6194 -0.1232
vn 0.7753 -0.6194 0.1232
vn 0.7753 0.5251 -0.3509
vn 0.7753 -0.5251 0.3509
vn 0.7753 0.3509 -0.5251
vn 0.7753 -0.3509 0.5251
vn 0.7753 0.1232 -0.6194
vn 0.7753 0.1232 0.6194
vn 0.7753 -0.1232 0.6194
vn 0.7753 -0.1232 -0.6194
vn 0.7753 0.3509 0.5251
vn 0.7753 -0.3509 -0.5251
vn 0.7753 0.5251 0.3509
vn 0.7753 -0.5251 -0.3509
vn -0.7753 0.6194 0.1232
vn -0.7753 -0.6194 -0.1232
vn -0.7753 0.6194 -0.1232
vn -0.7753 -0.6194 0.1232
vn -0.7753 0.5251 -0.3509
vn -0.7753 -0.5251 0.3509
vn -0.7753 0.3509 -0.5251
vn -0.7753 -0.3509 0.5251
vn -0.7753 0.1232 -0.6194
vn -0.7753 0.1232 0.6194
vn -0.7753 -0.1232 0.6194
vn -0.7753 -0.1232 -0.6194
vn -0.7753 0.3509 0.5251
vn -0.7753 -0.3509 -0.5251
vn -0.7753 0.5251 0.3509
vn -0.7753 -0.5251 -0.3509
vt 0.881476 0.320628
vt 0.878740 0.320628
vt 0.878740 0.320154
vt 0.881476 0.320154
vt 0.878740 0.319534
vt 0.881476 0.319534
vt 0.878740 0.318864
vt 0.881476 0.318864
vt 0.878740 0.318244
vt 0.881476 0.318244
vt 0.878740 0.317770
vt 0.881476 0.317770
vt 0.859037 0.318192
vt 0.859037 0.315455
vt 0.859511 0.315455
vt 0.859511 0.318192
vt 0.860131 0.315455
vt 0.860131 0.318192
vt 0.860801 0.315455
vt 0.860801 0.318192
vt 0.861421 0.315455
vt 0.861421 0.318192
vt 0.837733 0.331803
vt 0.837733 0.334540
vt 0.837113 0.334540
vt 0.837113 0.331803
vt 0.836443 0.334540
vt 0.836443 0.331803
vt 0.835823 0.334540
vt 0.835823 0.331803
vt 0.838064 0.338217
vt 0.838064 0.335480
vt 0.838683 0.335480
vt 0.838683 0.338217
vt 0.839354 0.335480
vt 0.839354 0.338217
vt 0.851733 0.717518
vt 0.851733 0.717975
vt 0.851471 0.717923
vt 0.851471 0.717570
vt 0.839973 0.335480
vt 0.839973 0.338217
vt 0.840448 0.335480
vt 0.840448 0.338217
vt 0.853352 0.342683
vt 0.853095 0.343303
vt 0.852621 0.343777
vt 0.852001 0.344033
vt 0.851331 0.344033
vt 0.850711 0.343777
vt 0.850237 0.343303
vt 0.849981 0.342683
vt 0.849981 0.342012
vt 0.850237 0.341393
vt 0.850711 0.340919
vt 0.851331 0.340662
vt 0.852001 0.340662
vt 0.852621 0.340919
vt 0.853095 0.341393
vt 0.853352 0.342012
vt 0.880000 0.330348
vt 0.880422 0.330173
vt 0.880726 0.330628
vt 0.880107 0.330885
vt 0.880745 0.329850
vt 0.881200 0.330154
vt 0.880920 0.329428
vt 0.881457 0.329535
vt 0.880920 0.328971
vt 0.881457 0.328864
vt 0.880745 0.328549
vt 0.881200 0.328245
vt 0.880422 0.328225
vt 0.880726 0.327770
vt 0.880000 0.328051
vt 0.880107 0.327514
vt 0.879543 0.328051
vt 0.879436 0.327514
vt 0.879121 0.328225
vt 0.878817 0.327770
vt 0.878798 0.328549
vt 0.878343 0.328245
vt 0.878623 0.328971
vt 0.878086 0.328864
vt 0.878623 0.329428
vt 0.878086 0.329535
vt 0.878798 0.329850
vt 0.878343 0.330154
vt 0.879121 0.330173
vt 0.878817 0.330628
vt 0.879543 0.330348
vt 0.879436 0.330885
vt 0.851087 0.718498
vt 0.850761 0.718633
vt 0.850408 0.718633
vt 0.850082 0.718498
vt 0.849832 0.718249
vt 0.849697 0.717923
vt 0.849697 0.717570
vt 0.849832 0.717244
vt 0.850082 0.716994
vt 0.850408 0.716859
vt 0.850761 0.716859
vt 0.851087 0.716994
vt 0.851336 0.717244
vt 0.851336 0.718249
vt 0.849435 0.717975
vt 0.849435 0.717518
vt 0.851558 0.717096
vt 0.849610 0.718397
vt 0.851235 0.716772
vt 0.849933 0.718720
vt 0.850813 0.716598
vt 0.850356 0.718895
vt 0.850356 0.716598
vt 0.851235 0.718720
vt 0.850813 0.718895
vt 0.849933 0.716772
vt 0.851558 0.718397
vt 0.849610 0.717096
s 0
usemtl Material.001
f 1689/157/226 1722/158/226 1721/159/226 1691/160/226
f 1691/160/227 1721/159/227 1723/161/227 1693/162/227
f 1693/162/228 1723/161/228 1724/163/228 1695/164/228
f 1695/164/229 1724/163/229 1725/165/229 1697/166/229
f 1697/166/230 1725/165/230 1726/167/230 1699/168/230
f 1699/169/231 1726/170/231 1727/171/231 1701/172/231
f 1701/172/232 1727/171/232 1728/173/232 1703/174/232
f 1703/174/233 1728/173/233 1729/175/233 1705/176/233
f 1705/176/234 1729/175/234 1730/177/234 1707/178/234
f 1707/179/235 1730/180/235 1731/181/235 1709/182/235
f 1709/182/236 1731/181/236 1732/183/236 1711/184/236
f 1711/184/237 1732/183/237 1733/185/237 1713/186/237
f 1713/187/238 1733/188/238 1734/189/238 1715/190/238
f 1715/190/239 1734/189/239 1735/191/239 1717/192/239
f 1698/193/240 1696/194/240 1740/195/240 1741/196/240
f 1717/192/241 1735/191/241 1736/197/241 1719/198/241
f 1719/198/242 1736/197/242 1722/199/242 1689/200/242
f 1689/201/243 1691/202/243 1693/203/243 1695/204/243 1697/205/243 1699/206/243 1701/207/243 1703/208/243 1705/209/243 1707/210/243 1709/211/243 1711/212/243 1713/213/243 1715/214/243 1717/215/243 1719/216/243
f 1690/217/244 1692/218/244 1721/219/244 1722/220/244
f 1692/218/244 1694/221/244 1723/222/244 1721/219/244
f 1694/221/244 1696/223/244 1724/224/244 1723/222/244
f 1696/223/244 1698/225/244 1725/226/244 1724/224/244
f 1698/225/244 1700/227/244 1726/228/244 1725/226/244
f 1700/227/244 1702/229/244 1727/230/244 1726/228/244
f 1702/229/244 1704/231/244 1728/232/244 1727/230/244
f 1704/231/244 1706/233/244 1729/234/244 1728/232/244
f 1706/233/244 1708/235/244 1730/236/244 1729/234/244
f 1708/235/244 1710/237/244 1731/238/244 1730/236/244
f 1710/237/244 1712/239/244 1732/240/244 1731/238/244
f 1712/239/244 1714/241/244 1733/242/244 1732/240/244
f 1714/241/244 1716/243/244 1734/244/244 1733/242/244
f 1716/243/244 1718/245/244 1735/246/244 1734/244/244
f 1718/245/244 1720/247/244 1736/248/244 1735/246/244
f 1720/247/244 1690/217/244 1722/220/244 1736/248/244
f 1737/249/244 1738/250/244 1752/251/244 1751/252/244 1750/253/244 1749/254/244 1748/255/244 1747/256/244 1746/257/244 1745/258/244 1744/259/244 1743/260/244 1742/261/244 1741/196/244 1740/195/244 1739/262/244
f 1714/263/245 1712/264/245 1748/255/245 1749/254/245
f 1700/265/246 1698/193/246 1741/196/246 1742/261/246
f 1716/266/247 1714/263/247 1749/254/247 1750/253/247
f 1702/267/248 1700/265/248 1742/261/248 1743/260/248
f 1718/268/249 1716/266/249 1750/253/249 1751/252/249
f 1704/269/250 1702/267/250 1743/260/250 1744/259/250
f 1720/270/251 1718/268/251 1751/252/251 1752/251/251
f 1706/271/252 1704/269/252 1744/259/252 1745/258/252
f 1692/272/253 1690/273/253 1738/250/253 1737/249/253
f 1690/273/254 1720/270/254 1752/251/254 1738/250/254
f 1708/274/255 1706/271/255 1745/258/255 1746/257/255
f 1694/275/256 1692/272/256 1737/249/256 1739/262/256
f 1710/276/257 1708/274/257 1746/257/257 1747/256/257
f 1696/194/258 1694/275/258 1739/262/258 1740/195/258
f 1712/264/259 1710/276/259 1747/256/259 1748/255/259
f 1753/157/226 1755/160/226 1785/159/226 1786/158/226
f 1755/160/227 1757/162/227 1787/161/227 1785/159/227
f 1757/162/228 1759/164/228 1788/163/228 1787/161/228
f 1759/164/229 1761/166/229 1789/165/229 1788/163/229
f 1761/166/230 1763/168/230 1790/167/230 1789/165/230
f 1763/169/231 1765/172/231 1791/171/231 1790/170/231
f 1765/172/232 1767/174/232 1792/173/232 1791/171/232
f 1767/174/233 1769/176/233 1793/175/233 1792/173/233
f 1769/176/234 1771/178/234 1794/177/234 1793/175/234
f 1771/179/235 1773/182/235 1795/181/235 1794/180/235
f 1773/182/236 1775/184/236 1796/183/236 1795/181/236
f 1775/184/237 1777/186/237 1797/185/237 1796/183/237
f 1777/187/238 1779/190/238 1798/189/238 1797/188/238
f 1779/190/239 1781/192/239 1799/191/239 1798/189/239
f 1762/193/260 1805/196/260 1804/195/260 1760/194/260
f 1781/192/241 1783/198/241 1800/197/241 1799/191/241
f 1783/198/242 1753/200/242 1786/199/242 1800/197/242
f 1753/201/244 1783/216/244 1781/215/244 1779/214/244 1777/213/244 1775/212/244 1773/211/244 1771/210/244 1769/209/244 1767/208/244 1765/207/244 1763/206/244 1761/205/244 1759/204/244 1757/203/244 1755/202/244
f 1754/217/243 1786/220/243 1785/219/243 1756/218/243
f 1756/218/243 1785/219/243 1787/222/243 1758/221/243
f 1758/221/243 1787/222/243 1788/224/243 1760/223/243
f 1760/223/243 1788/224/243 1789/226/243 1762/225/243
f 1762/225/243 1789/226/243 1790/228/243 1764/227/243
f 1764/227/243 1790/228/243 1791/230/243 1766/229/243
f 1766/229/243 1791/230/243 1792/232/243 1768/231/243
f 1768/231/243 1792/232/243 1793/234/243 1770/233/243
f 1770/233/243 1793/234/243 1794/236/243 1772/235/243
f 1772/235/243 1794/236/243 1795/238/243 1774/237/243
f 1774/237/243 1795/238/243 1796/240/243 1776/239/243
f 1776/239/243 1796/240/243 1797/242/243 1778/241/243
f 1778/241/243 1797/242/243 1798/244/243 1780/243/243
f 1780/243/243 1798/244/243 1799/246/243 1782/245/243
f 1782/245/243 1799/246/243 1800/248/243 1784/247/243
f 1784/247/243 1800/248/243 1786/220/243 1754/217/243
f 1801/249/243 1803/262/243 1804/195/243 1805/196/243 1806/261/243 1807/260/243 1808/259/243 1809/258/243 1810/257/243 1811/256/243 1812/255/243 1813/254/243 1814/253/243 1815/252/243 1816/251/243 1802/250/243
f 1778/263/261 1813/254/261 1812/255/261 1776/264/261
f 1764/265/262 1806/261/262 1805/196/262 1762/193/262
f 1780/266/263 1814/253/263 1813/254/263 1778/263/263
f 1766/267/264 1807/260/264 1806/261/264 1764/265/264
f 1782/268/265 1815/252/265 1814/253/265 1780/266/265
f 1768/269/266 1808/259/266 1807/260/266 1766/267/266
f 1784/270/267 1816/251/267 1815/252/267 1782/268/267
f 1770/271/268 1809/258/268 1808/259/268 1768/269/268
f 1756/272/269 1801/249/269 1802/250/269 1754/273/269
f 1754/273/270 1802/250/270 1816/251/270 1784/270/270
f 1772/274/271 1810/257/271 1809/258/271 1770/271/271
f 1758/275/272 1803/262/272 1801/249/272 1756/272/272
f 1774/276/273 1811/256/273 1810/257/273 1772/274/273
f 1760/194/274 1804/195/274 1803/262/274 1758/275/274
f 1776/264/275 1812/255/275 1811/256/275 1774/276/275
o Cylinder.002
v 1.320706 1.166819 2.185932
v 3.225417 1.166819 2.436023
v 1.320706 0.944970 2.230060
v 3.225417 1.040676 2.461114
v 1.320706 0.756895 2.355727
v 3.225417 0.933737 2.532568
v 1.320706 0.631228 2.543802
v 3.225417 0.862283 2.639508
v 1.320706 0.587100 2.765651
v 3.225417 0.837191 2.765651
v 1.320706 0.631228 2.987499
v 3.225417 0.862283 2.891794
v 1.320706 0.756895 3.175574
v 3.225417 0.933737 2.998733
v 1.320706 0.944970 3.301241
v 3.225417 1.040676 3.070187
v 1.320706 1.166819 3.345370
v 3.225417 1.166819 3.095278
v 1.320706 1.388667 3.301241
v 3.225417 1.292962 3.070187
v 1.320706 1.576742 3.175574
v 3.225417 1.399901 2.998733
v 1.320706 1.702409 2.987499
v 3.225417 1.471355 2.891794
v 1.320706 1.746538 2.765651
v 3.225417 1.496446 2.765651
v 1.320706 1.702409 2.543802
v 3.225417 1.471355 2.639508
v 1.320706 1.576742 2.355727
v 3.225417 1.399901 2.532568
v 1.320706 1.388667 2.230060
v 3.225417 1.292962 2.461114
v 3.225417 0.944970 2.230060
v 3.225417 1.166819 2.185932
v 3.225417 0.756895 2.355727
v 3.225417 0.631228 2.543802
v 3.225417 0.587100 2.765651
v 3.225417 0.631228 2.987499
v 3.225417 0.756895 3.175574
v 3.225417 0.944970 3.301241
v 3.225417 1.166819 3.345370
v 3.225417 1.388667 3.301241
v 3.225417 1.576742 3.175574
v 3.225417 1.702409 2.987499
v 3.225417 1.746538 2.765651
v 3.225417 1.702409 2.543802
v 3.225417 1.576742 2.355727
v 3.225417 1.388667 2.230060
v 3.127056 1.083107 2.563552
v 3.127056 1.166819 2.546901
v 3.127056 1.012140 2.610971
v 3.127056 0.964721 2.681939
v 3.127056 0.948069 2.765651
v 3.127056 0.964721 2.849362
v 3.127056 1.012140 2.920330
v 3.127056 1.083107 2.967749
v 3.127056 1.166819 2.984400
v 3.127056 1.250530 2.967749
v 3.127056 1.321498 2.920330
v 3.127056 1.368917 2.849362
v 3.127056 1.385568 2.765651
v 3.127056 1.368917 2.681939
v 3.127056 1.321498 2.610971
v 3.127056 1.250530 2.563552
v -1.520278 1.166818 2.185932
v -3.424989 1.166819 2.436023
v -1.520278 0.944970 2.230061
v -3.424989 1.040676 2.461115
v -1.520278 0.756895 2.355728
v -3.424989 0.933737 2.532569
v -1.520278 0.631228 2.543802
v -3.424989 0.862282 2.639508
v -1.520278 0.587100 2.765651
v -3.424989 0.837191 2.765651
v -1.520278 0.631228 2.987500
v -3.424989 0.862282 2.891794
v -1.520278 0.756895 3.175574
v -3.424989 0.933737 2.998733
v -1.520278 0.944970 3.301241
v -3.424989 1.040676 3.070187
v -1.520278 1.166818 3.345370
v -3.424989 1.166819 3.095279
v -1.520278 1.388667 3.301242
v -3.424989 1.292962 3.070187
v -1.520278 1.576742 3.175574
v -3.424989 1.399901 2.998733
v -1.520278 1.702409 2.987500
v -3.424989 1.471355 2.891794
v -1.520278 1.746538 2.765651
v -3.424989 1.496446 2.765651
v -1.520278 1.702409 2.543802
v -3.424989 1.471355 2.639508
v -1.520278 1.576742 2.355728
v -3.424989 1.399900 2.532569
v -1.520278 1.388667 2.230061
v -3.424989 1.292961 2.461115
v -3.424989 0.944970 2.230061
v -3.424989 1.166819 2.185932
v -3.424989 0.756895 2.355728
v -3.424989 0.631228 2.543802
v -3.424989 0.587100 2.765651
v -3.424989 0.631228 2.987500
v -3.424989 0.756895 3.175574
v -3.424989 0.944970 3.301241
v -3.424989 1.166818 3.345370
v -3.424989 1.388667 3.301242
v -3.424989 1.576742 3.175574
v -3.424989 1.702409 2.987500
v -3.424989 1.746538 2.765651
v -3.424989 1.702409 2.543802
v -3.424989 1.576742 2.355728
v -3.424989 1.388667 2.230061
v -3.326628 1.083107 2.563553
v -3.326628 1.166819 2.546902
v -3.326628 1.012139 2.610972
v -3.326628 0.964721 2.681939
v -3.326628 0.948069 2.765651
v -3.326628 0.964721 2.849363
v -3.326628 1.012139 2.920330
v -3.326628 1.083107 2.967749
v -3.326628 1.166819 2.984400
v -3.326628 1.250530 2.967749
v -3.326628 1.321498 2.920330
v -3.326628 1.368917 2.849363
v -3.326628 1.385568 2.765651
v -3.326628 1.368917 2.681939
v -3.326628 1.321498 2.610972
v -3.326628 1.250530 2.563553
vn -0.0000 -0.1951 -0.9808
vn -0.0000 -0.5556 -0.8315
vn -0.0000 -0.8315 -0.5556
vn -0.0000 -0.9808 -0.1951
vn -0.0000 -0.9808 0.1951
vn -0.0000 -0.8315 0.5556
vn -0.0000 -0.5556 0.8315
vn -0.0000 -0.1951 0.9808
vn -0.0000 0.1951 0.9808
vn -0.0000 0.5556 0.8315
vn -0.0000 0.8315 0.5556
vn -0.0000 0.9808 0.1951
vn -0.0000 0.9808 -0.1951
vn -0.0000 0.8315 -0.5556
vn 0.7416 0.5578 -0.3727
vn -0.0000 0.5556 -0.8315
vn -0.0000 0.1951 -0.9808
vn -1.0000 -0.0000 -0.0000
vn 1.0000 -0.0000 -0.0000
vn 0.7416 -0.5578 0.3727
vn 0.7416 0.3727 -0.5578
vn 0.7416 -0.3727 0.5578
vn 0.7416 0.1309 -0.6579
vn 0.7416 0.1309 0.6579
vn 0.7416 -0.1309 0.6579
vn 0.7416 -0.1309 -0.6579
vn 0.7416 0.3727 0.5578
vn 0.7416 -0.3727 -0.5578
vn 0.7416 0.5578 0.3727
vn 0.7416 -0.5578 -0.3727
vn 0.7416 0.6579 0.1309
vn 0.7416 -0.6579 -0.1309
vn 0.7416 0.6579 -0.1309
vn 0.7416 -0.6579 0.1309
vn -0.7416 0.5577 -0.3727
vn -0.7416 -0.5578 0.3727
vn -0.7416 0.3727 -0.5578
vn -0.7416 -0.3727 0.5578
vn -0.7416 0.1309 -0.6579
vn -0.7416 0.1309 0.6579
vn -0.7416 -0.1309 0.6579
vn -0.7416 -0.1309 -0.6579
vn -0.7416 0.3727 0.5578
vn -0.7416 -0.3727 -0.5578
vn -0.7416 0.5578 0.3727
vn -0.7416 -0.5577 -0.3727
vn -0.7416 0.6579 0.1309
vn -0.7416 -0.6579 -0.1309
vn -0.7416 0.6579 -0.1309
vn -0.7416 -0.6579 0.1309
vt 0.829894 0.340586
vt 0.829894 0.337868
vt 0.830192 0.337868
vt 0.830192 0.340586
vt 0.830420 0.337868
vt 0.830420 0.340586
vt 0.826659 0.358434
vt 0.826659 0.355715
vt 0.826957 0.355715
vt 0.826957 0.358434
vt 0.827280 0.355715
vt 0.827280 0.358434
vt 0.827578 0.355715
vt 0.827578 0.358434
vt 0.827807 0.355715
vt 0.827807 0.358434
vt 0.827811 0.359639
vt 0.827811 0.362358
vt 0.827583 0.362358
vt 0.827583 0.359639
vt 0.827284 0.362358
vt 0.827284 0.359639
vt 0.826962 0.362358
vt 0.826962 0.359639
vt 0.826663 0.362358
vt 0.826663 0.359639
vt 0.825196 0.312204
vt 0.825196 0.309485
vt 0.825494 0.309485
vt 0.825494 0.312204
vt 0.825817 0.309485
vt 0.825817 0.312204
vt 0.826115 0.309485
vt 0.826115 0.312204
vt 0.829044 0.340586
vt 0.829044 0.337868
vt 0.829273 0.337868
vt 0.829273 0.340586
vt 0.840283 0.721173
vt 0.840213 0.721343
vt 0.840081 0.721255
vt 0.840128 0.721143
vt 0.829571 0.337868
vt 0.829571 0.340586
vt 0.829809 0.367179
vt 0.829486 0.367179
vt 0.829187 0.367055
vt 0.828959 0.366827
vt 0.828836 0.366529
vt 0.828836 0.366206
vt 0.828959 0.365908
vt 0.829187 0.365679
vt 0.829486 0.365556
vt 0.829809 0.365556
vt 0.830107 0.365679
vt 0.830335 0.365908
vt 0.830459 0.366206
vt 0.830459 0.366529
vt 0.830335 0.366827
vt 0.830107 0.367055
vt 0.895373 0.287085
vt 0.895503 0.287214
vt 0.895305 0.287511
vt 0.895076 0.287283
vt 0.895673 0.287285
vt 0.895603 0.287635
vt 0.895856 0.287285
vt 0.895926 0.287635
vt 0.896026 0.287214
vt 0.896224 0.287511
vt 0.896156 0.287085
vt 0.896452 0.287283
vt 0.896226 0.286915
vt 0.896576 0.286985
vt 0.896226 0.286731
vt 0.896576 0.286662
vt 0.896156 0.286562
vt 0.896452 0.286363
vt 0.896026 0.286432
vt 0.896224 0.286135
vt 0.895856 0.286362
vt 0.895926 0.286012
vt 0.895673 0.286362
vt 0.895603 0.286012
vt 0.895503 0.286432
vt 0.895305 0.286135
vt 0.895373 0.286562
vt 0.895076 0.286363
vt 0.895303 0.286731
vt 0.894953 0.286662
vt 0.895303 0.286915
vt 0.894953 0.286985
vt 0.839648 0.721341
vt 0.839562 0.721255
vt 0.839516 0.721143
vt 0.839516 0.721021
vt 0.839562 0.720908
vt 0.839648 0.720822
vt 0.839761 0.720775
vt 0.839883 0.720775
vt 0.839995 0.720822
vt 0.840081 0.720908
vt 0.840128 0.721021
vt 0.839995 0.721341
vt 0.839883 0.721388
vt 0.839761 0.721388
vt 0.839360 0.720990
vt 0.839431 0.720820
vt 0.840283 0.720990
vt 0.839360 0.721173
vt 0.840213 0.720820
vt 0.839561 0.721473
vt 0.839431 0.721343
vt 0.840083 0.720690
vt 0.839730 0.721543
vt 0.839914 0.720620
vt 0.839914 0.721543
vt 0.839730 0.720620
vt 0.840083 0.721473
vt 0.839561 0.720690
s 0
usemtl Material.001
f 1817/277/276 1850/278/276 1849/279/276 1819/280/276
f 1819/280/277 1849/279/277 1851/281/277 1821/282/277
f 1821/283/278 1851/284/278 1852/285/278 1823/286/278
f 1823/286/279 1852/285/279 1853/287/279 1825/288/279
f 1825/288/280 1853/287/280 1854/289/280 1827/290/280
f 1827/290/281 1854/289/281 1855/291/281 1829/292/281
f 1829/293/282 1855/294/282 1856/295/282 1831/296/282
f 1831/296/283 1856/295/283 1857/297/283 1833/298/283
f 1833/298/284 1857/297/284 1858/299/284 1835/300/284
f 1835/300/285 1858/299/285 1859/301/285 1837/302/285
f 1837/303/286 1859/304/286 1860/305/286 1839/306/286
f 1839/306/287 1860/305/287 1861/307/287 1841/308/287
f 1841/308/288 1861/307/288 1862/309/288 1843/310/288
f 1843/311/289 1862/312/289 1863/313/289 1845/314/289
f 1830/315/290 1828/316/290 1870/317/290 1871/318/290
f 1845/314/291 1863/313/291 1864/319/291 1847/320/291
f 1847/320/292 1864/319/292 1850/278/292 1817/277/292
f 1817/321/293 1819/322/293 1821/323/293 1823/324/293 1825/325/293 1827/326/293 1829/327/293 1831/328/293 1833/329/293 1835/330/293 1837/331/293 1839/332/293 1841/333/293 1843/334/293 1845/335/293 1847/336/293
f 1818/337/294 1820/338/294 1849/339/294 1850/340/294
f 1820/338/294 1822/341/294 1851/342/294 1849/339/294
f 1822/341/294 1824/343/294 1852/344/294 1851/342/294
f 1824/343/294 1826/345/294 1853/346/294 1852/344/294
f 1826/345/294 1828/347/294 1854/348/294 1853/346/294
f 1828/347/294 1830/349/294 1855/350/294 1854/348/294
f 1830/349/294 1832/351/294 1856/352/294 1855/350/294
f 1832/351/294 1834/353/294 1857/354/294 1856/352/294
f 1834/353/294 1836/355/294 1858/356/294 1857/354/294
f 1836/355/294 1838/357/294 1859/358/294 1858/356/294
f 1838/357/294 1840/359/294 1860/360/294 1859/358/294
f 1840/359/294 1842/361/294 1861/362/294 1860/360/294
f 1842/361/294 1844/363/294 1862/364/294 1861/362/294
f 1844/363/294 1846/365/294 1863/366/294 1862/364/294
f 1846/365/294 1848/367/294 1864/368/294 1863/366/294
f 1848/367/294 1818/337/294 1850/340/294 1864/368/294
f 1865/369/294 1866/370/294 1880/371/294 1879/372/294 1878/373/294 1877/374/294 1876/375/294 1875/376/294 1874/377/294 1873/378/294 1872/379/294 1871/318/294 1870/317/294 1869/380/294 1868/381/294 1867/382/294
f 1846/383/295 1844/384/295 1878/373/295 1879/372/295
f 1832/385/296 1830/315/296 1871/318/296 1872/379/296
f 1848/386/297 1846/383/297 1879/372/297 1880/371/297
f 1834/387/298 1832/385/298 1872/379/298 1873/378/298
f 1820/388/299 1818/389/299 1866/370/299 1865/369/299
f 1818/389/300 1848/386/300 1880/371/300 1866/370/300
f 1836/390/301 1834/387/301 1873/378/301 1874/377/301
f 1822/391/302 1820/388/302 1865/369/302 1867/382/302
f 1838/392/303 1836/390/303 1874/377/303 1875/376/303
f 1824/393/304 1822/391/304 1867/382/304 1868/381/304
f 1840/394/305 1838/392/305 1875/376/305 1876/375/305
f 1826/395/306 1824/393/306 1868/381/306 1869/380/306
f 1842/396/307 1840/394/307 1876/375/307 1877/374/307
f 1828/316/308 1826/395/308 1869/380/308 1870/317/308
f 1844/384/309 1842/396/309 1877/374/309 1878/373/309
f 1881/277/276 1883/280/276 1913/279/276 1914/278/276
f 1883/280/277 1885/282/277 1915/281/277 1913/279/277
f 1885/283/278 1887/286/278 1916/285/278 1915/284/278
f 1887/286/279 1889/288/279 1917/287/279 1916/285/279
f 1889/288/280 1891/290/280 1918/289/280 1917/287/280
f 1891/290/281 1893/292/281 1919/291/281 1918/289/281
f 1893/293/282 1895/296/282 1920/295/282 1919/294/282
f 1895/296/283 1897/298/283 1921/297/283 1920/295/283
f 1897/298/284 1899/300/284 1922/299/284 1921/297/284
f 1899/300/285 1901/302/285 1923/301/285 1922/299/285
f 1901/303/286 1903/306/286 1924/305/286 1923/304/286
f 1903/306/287 1905/308/287 1925/307/287 1924/305/287
f 1905/308/288 1907/310/288 1926/309/288 1925/307/288
f 1907/311/289 1909/314/289 1927/313/289 1926/312/289
f 1894/315/310 1935/318/310 1934/317/310 1892/316/310
f 1909/314/291 1911/320/291 1928/319/291 1927/313/291
f 1911/320/292 1881/277/292 1914/278/292 1928/319/292
f 1881/321/294 1911/336/294 1909/335/294 1907/334/294 1905/333/294 1903/332/294 1901/331/294 1899/330/294 1897/329/294 1895/328/294 1893/327/294 1891/326/294 1889/325/294 1887/324/294 1885/323/294 1883/322/294
f 1882/337/293 1914/340/293 1913/339/293 1884/338/293
f 1884/338/293 1913/339/293 1915/342/293 1886/341/293
f 1886/341/293 1915/342/293 1916/344/293 1888/343/293
f 1888/343/293 1916/344/293 1917/346/293 1890/345/293
f 1890/345/293 1917/346/293 1918/348/293 1892/347/293
f 1892/347/293 1918/348/293 1919/350/293 1894/349/293
f 1894/349/293 1919/350/293 1920/352/293 1896/351/293
f 1896/351/293 1920/352/293 1921/354/293 1898/353/293
f 1898/353/293 1921/354/293 1922/356/293 1900/355/293
f 1900/355/293 1922/356/293 1923/358/293 1902/357/293
f 1902/357/293 1923/358/293 1924/360/293 1904/359/293
f 1904/359/293 1924/360/293 1925/362/293 1906/361/293
f 1906/361/293 1925/362/293 1926/364/293 1908/363/293
f 1908/363/293 1926/364/293 1927/366/293 1910/365/293
f 1910/365/293 1927/366/293 1928/368/293 1912/367/293
f 1912/367/293 1928/368/293 1914/340/293 1882/337/293
f 1929/369/293 1931/382/293 1932/381/293 1933/380/293 1934/317/293 1935/318/293 1936/379/293 1937/378/293 1938/377/293 1939/376/293 1940/375/293 1941/374/293 1942/373/293 1943/372/293 1944/371/293 1930/370/293
f 1910/383/311 1943/372/311 1942/373/311 1908/384/311
f 1896/385/312 1936/379/312 1935/318/312 1894/315/312
f 1912/386/313 1944/371/313 1943/372/313 1910/383/313
f 1898/387/314 1937/378/314 1936/379/314 1896/385/314
f 1884/388/315 1929/369/315 1930/370/315 1882/389/315
f 1882/389/316 1930/370/316 1944/371/316 1912/386/316
f 1900/390/317 1938/377/317 1937/378/317 1898/387/317
f 1886/391/318 1931/382/318 1929/369/318 1884/388/318
f 1902/392/319 1939/376/319 1938/377/319 1900/390/319
f 1888/393/320 1932/381/320 1931/382/320 1886/391/320
f 1904/394/321 1940/375/321 1939/376/321 1902/392/321
f 1890/395/322 1933/380/322 1932/381/322 1888/393/322
f 1906/396/323 1941/374/323 1940/375/323 1904/394/323
f 1892/316/324 1934/317/324 1933/380/324 1890/395/324
f 1908/384/325 1942/373/325 1941/374/325 1906/396/325
o tank_base1
v 1.114940 3.367327 0.420306
v 1.114940 3.673039 -1.579694
v 1.114940 2.150373 -1.579694
v 0.941169 4.397804 -1.579694
v 0.941169 4.397804 0.420306
v 1.114940 2.802934 2.305335
v 0.941169 3.668797 1.820910
v 1.114940 3.085131 1.173301
v 1.114940 1.674653 0.420306
v 0.941169 4.233190 1.173301
v 2.867139 3.673039 -1.579694
v 2.867139 3.367327 0.420306
v 2.867139 4.005996 -1.579694
v 2.867139 3.814759 0.420306
v 2.867139 3.085131 1.173301
v 2.867139 2.802934 1.926295
v 2.867139 3.021043 1.926295
v 2.867139 3.487751 1.173301
v 1.334981 3.673039 -1.579694
v 1.334981 4.005996 -1.579694
v 1.334981 3.021043 1.926295
v 1.334981 3.487751 1.173301
v 1.334981 3.367327 0.420306
v 1.334981 3.085131 1.173301
v 1.334981 2.802934 1.926295
v 1.334981 3.814759 0.420306
v 1.114940 3.673039 -2.593199
v 0.941169 4.397804 -2.593199
v 1.334981 3.673039 -2.593199
v 1.334981 4.005996 -2.593199
v 2.867139 4.005996 -2.593199
v 2.867139 3.673039 -2.593199
v 1.114940 1.674653 1.173301
v 1.114940 2.744936 -2.593199
v -1.314512 3.367327 0.420306
v -1.314512 3.673039 -1.579694
v -1.314512 2.150373 -1.579694
v -0.099786 4.397804 -1.579694
v -1.140741 4.397804 -1.579694
v -1.140741 4.397804 0.420306
v -0.099786 4.397804 0.420306
v -1.314512 2.802934 2.305335
v -0.099786 2.802934 2.305335
v -1.140741 3.668797 1.820910
v -0.099786 3.668797 1.820910
v -1.314512 3.085131 1.173301
v -1.314512 1.674653 0.420306
v -1.140741 4.233190 1.173301
v -0.099786 4.233190 1.173301
v -3.066711 3.673039 -1.579694
v -3.066711 3.367327 0.420306
v -3.066711 4.005996 -1.579694
v -3.066711 3.814759 0.420306
v -3.066711 3.085131 1.173301
v -3.066711 2.802934 1.926295
v -3.066711 3.021043 1.926295
v -3.066711 3.487751 1.173301
v -1.534553 3.673039 -1.579694
v -1.534553 4.005996 -1.579694
v -1.534553 3.021043 1.926295
v -1.534553 3.487751 1.173301
v -1.534553 3.367327 0.420306
v -1.534553 3.085131 1.173301
v -1.534553 2.802934 1.926295
v -1.534553 3.814759 0.420306
v -0.099786 3.673039 -2.593199
v -1.314512 3.673039 -2.593199
v -0.099786 4.397804 -2.593199
v -1.140741 4.397804 -2.593199
v -1.534553 3.673039 -2.593199
v -1.534553 4.005996 -2.593199
v -3.066711 4.005996 -2.593199
v -3.066711 3.673039 -2.593199
v -1.314512 1.674653 1.173301
v -0.099786 2.744936 -2.593199
v -1.314512 2.744936 -2.593199
v -0.099786 2.150373 -1.579694
v -0.099786 1.674653 0.420306
v -0.099786 1.674653 1.173301
v 1.114940 2.047465 2.487161
v 1.114940 1.628391 2.108092
v -1.314512 1.628391 2.108092
v -1.314512 2.047465 2.487161
v -0.099786 2.047465 2.487161
v -0.099786 1.628391 2.108092
v -0.099786 3.811291 -4.095474
v 0.939623 3.811291 -4.095474
v -0.099786 4.259553 -4.095474
v 0.832147 4.259553 -4.095474
v 1.334981 3.673039 -4.095474
v 1.334981 4.005996 -4.095474
v 2.867139 4.005996 -3.501299
v 2.867139 3.673039 -3.501299
v -1.139195 3.811291 -4.095474
v -1.031719 4.259553 -4.095474
v -1.534553 3.673039 -4.095474
v -1.534553 4.005996 -4.095474
v -3.066711 4.005996 -3.501299
v -3.066711 3.673039 -3.501299
v -0.099786 3.500967 -3.987632
v 0.911866 3.500967 -3.987632
v -0.099786 4.397804 -4.095474
v 0.941169 4.397804 -4.095474
v -1.111438 3.500967 -3.987632
v -1.140741 4.397804 -4.095474
v -0.099786 3.811291 -3.924778
v -0.099786 4.259553 -3.924778
v 0.939623 3.811291 -3.924778
v 0.832147 4.259553 -3.924778
v -1.139195 3.811291 -3.924778
v -1.031719 4.259553 -3.924778
v 0.911866 2.917009 -3.621654
v -0.099786 2.917009 -3.621654
v -1.111438 2.917009 -3.621654
v -0.099786 3.673039 -4.095474
v 1.114940 3.673039 -4.095474
v -1.314512 3.673039 -4.095474
v -0.099786 2.744936 -3.513812
v 1.114940 2.744936 -3.513812
v -1.314512 2.744936 -3.513812
v -0.099786 3.500967 -3.717714
v -0.099786 2.917009 -3.351735
v 0.911866 3.500967 -3.717714
v -1.111438 3.500967 -3.717714
v 0.911866 2.917009 -3.351735
v -1.111438 2.917009 -3.351735
vn 0.7053 0.7089 -0.0000
vn 1.0000 -0.0000 -0.0000
vn -0.0000 1.0000 -0.0000
vn -0.0000 -0.9885 -0.1511
vn -0.0000 0.4883 0.8727
vn -0.0000 0.8500 0.5268
vn -0.0000 0.7539 0.6570
vn -0.0000 0.9769 0.2136
vn -0.0000 -1.0000 -0.0000
vn -0.0000 -0.9364 -0.3509
vn -0.0000 -0.0000 1.0000
vn -0.0000 0.9172 0.3983
vn -0.0000 0.9955 0.0952
vn 0.7775 0.6282 0.0300
vn 0.8485 0.5031 0.1642
vn 0.6837 0.3863 0.6192
vn -0.2398 -0.9300 -0.2785
vn 0.8025 0.4805 0.3537
vn -0.7053 0.7089 -0.0000
vn -1.0000 -0.0000 -0.0000
vn -0.0000 -0.9988 -0.0494
vn -0.0000 -0.0000 -1.0000
vn -0.0000 -0.8625 -0.5060
vn -0.7775 0.6282 0.0300
vn -0.8485 0.5031 0.1642
vn -0.6837 0.3863 0.6192
vn 0.2398 -0.9300 -0.2785
vn -0.8025 0.4805 0.3537
vn -0.0000 -0.9729 -0.2314
vn -0.0000 0.2340 0.9722
vn -0.0000 -0.6708 0.7416
vn 0.3616 -0.0000 -0.9323
vn 0.9724 -0.2332 -0.0000
vn -0.3616 -0.0000 -0.9323
vn -0.9724 -0.2332 -0.0000
vn -0.0000 0.5310 0.8473
vt 0.669146 0.369421
vt 0.668580 0.369506
vt 0.668346 0.368078
vt 0.668912 0.367994
vt 0.681794 0.325899
vt 0.682129 0.327306
vt 0.680015 0.327810
vt 0.680506 0.326206
vt 0.727781 0.352562
vt 0.727781 0.354048
vt 0.726595 0.354048
vt 0.726595 0.352562
vt 0.744317 0.374870
vt 0.744317 0.371982
vt 0.746504 0.371982
vt 0.746504 0.374870
vt 0.728382 0.352562
vt 0.728382 0.354048
vt 0.723407 0.354048
vt 0.723407 0.352314
vt 0.724818 0.352562
vt 0.724818 0.354048
vt 0.724967 0.352000
vt 0.723915 0.352000
vt 0.723915 0.349813
vt 0.724967 0.349813
vt 0.725935 0.352562
vt 0.725935 0.354048
vt 0.744317 0.370549
vt 0.746504 0.370549
vt 0.682365 0.330184
vt 0.680015 0.330744
vt 0.675453 0.315312
vt 0.675432 0.312424
vt 0.675901 0.312349
vt 0.676084 0.315211
vt 0.675226 0.316437
vt 0.675793 0.316346
vt 0.675305 0.317513
vt 0.674998 0.317562
vt 0.744317 0.377109
vt 0.744317 0.375990
vt 0.746504 0.375990
vt 0.746504 0.377109
vt 0.723632 0.352000
vt 0.723632 0.349813
vt 0.725838 0.352000
vt 0.725838 0.349813
vt 0.727272 0.352000
vt 0.727272 0.349813
vt 0.669606 0.372238
vt 0.668771 0.372367
vt 0.744003 0.375990
vt 0.744003 0.374870
vt 0.669548 0.373337
vt 0.668484 0.373503
vt 0.744003 0.377645
vt 0.668902 0.374379
vt 0.668001 0.374672
vt 0.744003 0.371982
vt 0.667913 0.323577
vt 0.668477 0.323662
vt 0.668131 0.325778
vt 0.667567 0.325693
vt 0.740221 0.370549
vt 0.738034 0.370549
vt 0.738034 0.369265
vt 0.740221 0.368425
vt 0.721955 0.347966
vt 0.722424 0.348041
vt 0.722219 0.349321
vt 0.721750 0.349246
vt 0.744003 0.370549
vt 0.675203 0.310996
vt 0.675672 0.310921
vt 0.727873 0.349813
vt 0.727873 0.352000
vt 0.696904 0.341968
vt 0.696904 0.340638
vt 0.698638 0.340638
vt 0.698638 0.341968
vt 0.651768 0.296709
vt 0.651768 0.298443
vt 0.650443 0.298443
vt 0.650443 0.296709
vt 0.682222 0.331323
vt 0.682204 0.332988
vt 0.681215 0.333491
vt 0.680508 0.333103
vt 0.680264 0.331789
vt 0.700371 0.336652
vt 0.698638 0.336652
vt 0.698638 0.335103
vt 0.700371 0.335103
vt 0.668710 0.322235
vt 0.668147 0.322149
vt 0.713171 0.327062
vt 0.711882 0.326756
vt 0.711391 0.325152
vt 0.713505 0.325655
vt 0.727781 0.355534
vt 0.726595 0.355534
vt 0.740221 0.374870
vt 0.738034 0.374870
vt 0.738034 0.371982
vt 0.740221 0.371982
vt 0.728382 0.355534
vt 0.724818 0.355534
vt 0.723407 0.355782
vt 0.724967 0.356096
vt 0.724967 0.358283
vt 0.723915 0.358283
vt 0.723915 0.356096
vt 0.725935 0.355534
vt 0.711391 0.322218
vt 0.713741 0.322777
vt 0.722205 0.343650
vt 0.722836 0.343751
vt 0.722653 0.346613
vt 0.722184 0.346538
vt 0.721978 0.342525
vt 0.721750 0.341400
vt 0.722057 0.341449
vt 0.722545 0.342616
vt 0.740221 0.377109
vt 0.738034 0.377109
vt 0.738034 0.375990
vt 0.740221 0.375990
vt 0.723632 0.358283
vt 0.723632 0.356096
vt 0.725838 0.356096
vt 0.725838 0.358283
vt 0.727272 0.356096
vt 0.727272 0.358283
vt 0.668338 0.319288
vt 0.669171 0.319418
vt 0.740535 0.375990
vt 0.740535 0.374870
vt 0.668051 0.318152
vt 0.669113 0.318319
vt 0.740535 0.377645
vt 0.667567 0.316984
vt 0.668467 0.317277
vt 0.740535 0.371982
vt 0.744003 0.368425
vt 0.744317 0.368425
vt 0.727873 0.358283
vt 0.727873 0.356096
vt 0.728763 0.356096
vt 0.728411 0.358283
vt 0.729272 0.352562
vt 0.729272 0.354048
vt 0.740535 0.370549
vt 0.650443 0.294975
vt 0.651768 0.294975
vt 0.713598 0.321638
vt 0.711640 0.321172
vt 0.711885 0.319859
vt 0.712591 0.319471
vt 0.713580 0.319973
vt 0.696904 0.336652
vt 0.696904 0.335103
vt 0.696904 0.339573
vt 0.698638 0.339573
vt 0.700371 0.339573
vt 0.722318 0.354048
vt 0.722318 0.352314
vt 0.722318 0.355782
vt 0.700371 0.340638
vt 0.700371 0.342423
vt 0.698638 0.342423
vt 0.700371 0.341968
vt 0.696904 0.342423
vt 0.915340 0.366576
vt 0.915340 0.365092
vt 0.915441 0.365092
vt 0.915441 0.366576
vt 0.738327 0.356015
vt 0.738802 0.356015
vt 0.738802 0.358202
vt 0.738327 0.358202
vt 0.738327 0.355701
vt 0.739361 0.355453
vt 0.838052 0.321109
vt 0.838052 0.320473
vt 0.838296 0.320474
vt 0.838296 0.321110
vt 0.738327 0.351919
vt 0.738327 0.349732
vt 0.738802 0.349732
vt 0.738802 0.351919
vt 0.738327 0.352233
vt 0.739361 0.352481
vt 0.728411 0.349813
vt 0.728763 0.352000
vt 0.742269 0.370549
vt 0.740535 0.368425
vt 0.742269 0.368425
vt 0.674998 0.309716
vt 0.675467 0.309641
vt 0.729272 0.355534
vt 0.746504 0.369265
vt 0.668001 0.365962
vt 0.668566 0.365878
vt 0.738524 0.353967
vt 0.738524 0.355450
vt 0.738327 0.353967
vt 0.739164 0.355297
vt 0.739164 0.353967
vt 0.739361 0.353967
vt 0.738524 0.352483
vt 0.739164 0.352637
vt 0.821355 0.346173
vt 0.821355 0.344690
vt 0.821995 0.344690
vt 0.821995 0.346020
vt 0.821355 0.343206
vt 0.821995 0.343359
vt 0.896115 0.318129
vt 0.896115 0.319459
vt 0.895873 0.319459
vt 0.895873 0.318129
vt 0.896115 0.316799
vt 0.895873 0.316799
vt 0.665239 0.306995
vt 0.665239 0.307631
vt 0.664995 0.307632
vt 0.664995 0.306996
vt 0.915340 0.368059
vt 0.915441 0.368059
vt 0.696904 0.333801
vt 0.698638 0.333801
vt 0.700371 0.333801
vt 0.645899 0.298621
vt 0.647223 0.299452
vt 0.647223 0.300766
vt 0.645899 0.300766
vt 0.712675 0.329148
vt 0.711578 0.328034
vt 0.665711 0.282866
vt 0.665711 0.281422
vt 0.666093 0.281422
vt 0.666093 0.282866
vt 0.701266 0.309735
vt 0.701266 0.308751
vt 0.701592 0.308956
vt 0.701592 0.309939
vt 0.652199 0.358887
vt 0.652199 0.360331
vt 0.651911 0.360620
vt 0.651911 0.358887
vt 0.652199 0.357443
vt 0.651911 0.357153
vt 0.653174 0.360331
vt 0.653174 0.358887
vt 0.653461 0.358887
vt 0.653461 0.360620
vt 0.653174 0.357443
vt 0.653461 0.357153
vt 0.859103 0.361744
vt 0.860078 0.361744
vt 0.860078 0.363188
vt 0.859103 0.363188
vt 0.859103 0.360300
vt 0.860078 0.360300
vt 0.652359 0.358887
vt 0.652359 0.360331
vt 0.718556 0.315495
vt 0.718556 0.316479
vt 0.718229 0.316683
vt 0.718229 0.315700
vt 0.665711 0.284310
vt 0.666093 0.284310
vt 0.652359 0.357443
s 0
usemtl Material.001
f 1948/397/326 1964/398/326 1974/399/326 1972/400/326
f 1971/401/327 1946/402/327 1947/403/327 1978/404/327
f 1948/405/328 1982/406/328 1985/407/328 1949/408/328
f 1967/409/329 1963/410/329 1955/411/329 1956/412/329
f 1982/406/328 1948/405/328 1972/413/328 2012/414/328
f 1987/415/330 1950/416/330 1951/417/330 1989/418/330
f 1966/419/331 1965/420/331 1961/421/331 1962/422/331
f 1954/423/332 1993/424/332 1989/418/332 1951/417/332
f 1949/408/333 1985/407/333 1993/424/333 1954/423/333
f 1955/411/334 1963/410/334 1973/425/334 1976/426/334
f 1946/402/327 1945/427/327 1953/428/327 1947/403/327
f 1956/429/327 1955/430/327 1957/431/327 1958/432/327
f 1959/433/327 1962/434/327 1961/435/327 1960/436/327
f 1956/429/327 1958/432/327 1962/434/327 1959/433/327
f 1969/437/335 1968/438/335 1959/439/335 1960/440/335
f 1965/420/336 1969/441/336 1960/442/336 1961/421/336
f 1970/443/337 1966/419/337 1962/422/337 1958/444/337
f 1968/438/335 1967/409/335 1956/412/335 1959/439/335
f 1964/445/338 1970/443/338 1958/444/338 1957/446/338
f 1948/397/339 1949/447/339 1970/448/339 1964/398/339
f 1952/449/335 1945/450/335 1967/409/335 1968/438/335
f 1949/447/340 1954/451/340 1966/452/340 1970/448/340
f 1951/417/341 1950/416/341 1969/441/341 1965/420/341
f 1950/453/342 1952/449/342 1968/438/342 1969/437/342
f 1954/451/343 1951/454/343 1965/455/343 1966/452/343
f 1945/450/329 1946/456/329 1963/410/329 1967/409/329
f 2015/457/344 2013/458/344 2049/459/344 2041/460/344
f 2014/461/334 2017/462/334 2043/463/334 2040/464/334
f 2017/465/345 2016/466/345 2042/467/345 2043/468/345
f 1963/410/334 1946/456/334 1971/469/334 1973/425/334
f 1957/431/327 1955/430/327 1976/470/327 1975/471/327
f 1964/445/328 1957/446/328 1975/472/328 1974/473/328
f 2026/474/346 2018/475/346 2023/476/346 2029/477/346
f 2010/478/347 1971/479/347 1978/480/347 2019/481/347
f 1952/482/327 1950/483/327 2024/484/327 2025/485/327 1977/486/327
f 1945/427/327 1952/482/327 1977/486/327 1953/428/327
f 1947/487/348 2021/488/348 2019/489/348 1978/490/348
f 1983/491/344 2013/458/344 2015/457/344 2003/492/344
f 2011/493/345 2020/494/345 1981/495/345 1980/496/345
f 1983/497/328 1984/498/328 1985/407/328 1982/406/328
f 2006/499/329 1995/500/329 1994/501/329 2002/502/329
f 1982/406/328 2012/414/328 2013/503/328 1983/497/328
f 1987/415/330 1989/418/330 1988/504/330 1986/505/330
f 2005/506/331 2001/507/331 2000/508/331 2004/509/331
f 1992/510/332 1988/504/332 1989/418/332 1993/424/332
f 1984/498/333 1992/510/333 1993/424/333 1985/407/333
f 1994/501/334 2017/462/334 2014/461/334 2002/502/334
f 1980/496/345 1981/495/345 1991/511/345 1979/512/345
f 1995/513/345 1997/514/345 1996/515/345 1994/516/345
f 1998/517/345 1999/518/345 2000/519/345 2001/520/345
f 1995/513/345 1998/517/345 2001/520/345 1997/514/345
f 2008/521/335 1999/522/335 1998/523/335 2007/524/335
f 2004/509/336 2000/508/336 1999/525/336 2008/526/336
f 2009/527/337 1997/528/337 2001/507/337 2005/506/337
f 2007/524/335 1998/523/335 1995/500/335 2006/499/335
f 2003/529/338 1996/530/338 1997/528/338 2009/527/338
f 1983/491/349 2003/492/349 2009/531/349 1984/532/349
f 1990/533/335 2007/524/335 2006/499/335 1979/534/335
f 1984/532/350 2009/531/350 2005/535/350 1992/536/350
f 1988/504/351 2004/509/351 2008/526/351 1986/505/351
f 1986/537/352 2008/521/352 2007/524/352 1990/533/352
f 1992/536/353 2005/535/353 2004/538/353 1988/539/353
f 1979/534/329 2006/499/329 2002/502/329 1980/540/329
f 1973/425/334 1971/469/334 2060/541/334 2034/542/334
f 2016/543/328 2015/544/328 2041/545/328 2042/546/328
f 2012/414/328 1972/413/328 2047/547/328 2046/548/328
f 2002/502/334 2014/461/334 2011/549/334 1980/540/334
f 1996/515/345 2016/466/345 2017/465/345 1994/516/345
f 2003/529/328 2015/544/328 2016/543/328 1996/530/328
f 2010/478/347 2019/481/347 2020/550/347 2011/551/347
f 1990/552/345 2018/553/345 2026/554/345 2027/555/345 1986/556/345
f 1979/512/345 1991/511/345 2018/553/345 1990/552/345
f 2021/488/348 1981/557/348 2020/558/348 2019/489/348
f 1991/559/354 1981/557/354 2021/488/354 2022/560/354
f 1953/561/354 2022/560/354 2021/488/354 1947/487/354
f 2018/475/334 1991/559/334 2022/560/334 2023/476/334
f 1950/416/355 1987/415/355 2028/562/355 2024/563/355
f 1986/505/355 2027/564/355 2028/562/355 1987/415/355
f 1953/561/334 1977/565/334 2023/476/334 2022/560/334
f 2024/566/356 2028/567/356 2029/477/356 2025/568/356
f 2026/474/356 2029/477/356 2028/567/356 2027/569/356
f 1977/565/346 2025/568/346 2029/477/346 2023/476/346
f 2030/570/328 2038/571/328 2054/572/328 2050/573/328
f 2034/574/357 2035/575/357 2036/576/357 2037/577/357
f 2060/578/347 2047/579/347 2035/575/347 2034/574/347
f 2038/580/358 2039/581/358 2055/582/358 2054/583/358
f 2040/584/359 2043/585/359 2042/586/359 2041/587/359
f 2061/588/347 2040/584/347 2041/587/347 2049/589/347
f 1974/473/328 1975/472/328 2036/590/328 2035/591/328
f 2010/592/334 2011/549/334 2061/593/334 2059/594/334
f 1975/471/327 1976/470/327 2037/595/327 2036/596/327
f 2013/503/328 2012/414/328 2046/548/328 2049/597/328
f 1976/426/334 1973/425/334 2034/542/334 2037/598/334
f 1971/469/334 2010/592/334 2059/594/334 2060/541/334
f 2011/549/334 2014/461/334 2040/464/334 2061/593/334
f 1972/400/326 1974/399/326 2035/599/326 2047/600/326
f 2030/601/347 2031/602/347 2060/578/347 2059/603/347
f 2033/604/347 2032/605/347 2046/606/347 2047/579/347
f 2031/602/347 2033/604/347 2047/579/347 2060/578/347
f 2038/607/347 2030/601/347 2059/603/347 2061/588/347
f 2032/605/347 2039/608/347 2049/589/347 2046/606/347
f 2039/608/347 2038/607/347 2061/588/347 2049/589/347
f 2052/609/347 2050/610/347 2051/611/347 2053/612/347
f 2054/613/347 2055/614/347 2051/611/347 2050/610/347
f 2032/615/334 2033/616/334 2053/617/334 2051/618/334
f 2039/619/334 2032/615/334 2051/618/334 2055/620/334
f 2033/621/360 2031/622/360 2052/623/360 2053/624/360
f 2031/625/328 2030/570/328 2050/573/328 2052/626/328
f 2019/489/334 2020/558/334 2064/627/334 2062/628/334
f 1978/490/334 2019/489/334 2062/628/334 2063/629/334
f 2060/630/345 2063/631/345 1978/632/345 1971/633/345
f 2061/634/345 2064/635/345 2020/494/345 2011/493/345
f 2057/636/334 2056/637/334 2069/638/334 2066/639/334
f 2056/640/327 2045/641/327 2067/642/327 2069/643/327
f 2044/644/361 2045/645/361 2060/646/361 2059/647/361
f 2048/648/361 2044/644/361 2059/647/361 2061/649/361
f 2056/650/361 2057/651/361 2062/652/361 2063/653/361
f 2057/651/361 2058/654/361 2064/655/361 2062/652/361
f 2045/645/361 2056/650/361 2063/653/361 2060/646/361
f 2058/654/361 2048/648/361 2061/649/361 2064/655/361
f 2065/656/361 2066/657/361 2069/658/361 2067/659/361
f 2066/657/361 2065/656/361 2068/660/361 2070/661/361
f 2045/645/328 2044/644/328 2065/662/328 2067/663/328
f 2048/664/345 2058/665/345 2070/666/345 2068/667/345
f 2058/668/334 2057/636/334 2066/639/334 2070/669/334
f 2044/644/328 2048/648/328 2068/670/328 2065/662/328
