# Blender 5.0.0
# www.blender.org
mtllib enemigo1.mtl
o tank_track1
v 1.667410 0.712608 3.497095
v 2.039741 1.488240 3.450815
v 1.667410 1.488240 3.450815
v 2.075030 0.712608 3.497095
v 2.075030 0.617312 3.387990
v 2.039741 1.614351 3.355224
v 1.667410 1.614351 3.355224
v 1.597004 0.712608 3.497095
v 1.597005 1.488240 3.450815
v 3.353638 0.712608 3.497095
v 2.981307 1.488240 3.450815
v 3.353638 1.488240 3.450815
v 2.946018 0.712608 3.497095
v 2.510524 1.488240 3.450815
v 2.510524 0.712608 3.497095
v 2.946017 0.617312 3.387990
v 2.510524 0.617312 3.387990
v 2.981307 1.614351 3.355225
v 3.353638 1.614351 3.355225
v 3.424043 0.712608 3.497095
v 3.424043 1.488240 3.450815
v 1.667410 0.839592 3.342579
v 2.039741 1.387819 3.277853
v 1.667410 1.387819 3.277853
v 2.075030 0.839592 3.342579
v 2.075030 0.773140 3.262620
v 2.039741 1.499558 3.191448
v 1.667410 1.499558 3.191448
v 1.597004 0.839592 3.342579
v 1.597005 1.387819 3.277853
v 3.353638 0.839592 3.342579
v 2.981307 1.387819 3.277854
v 3.353638 1.387819 3.277854
v 2.946018 0.839592 3.342579
v 2.510524 1.387819 3.277853
v 2.510524 0.839592 3.342579
v 2.946017 0.773140 3.262620
v 2.510524 0.773140 3.262620
v 2.981307 1.499558 3.191449
v 3.353638 1.499558 3.191449
v 3.424043 0.839592 3.342579
v 3.424043 1.387819 3.277854
v 1.667410 0.309985 2.567886
v 2.039741 0.592947 3.351693
v 1.667410 0.592947 3.351693
v 2.075030 0.309985 2.567886
v 2.075030 0.285080 2.422774
v 2.039741 0.685349 3.478868
v 1.667410 0.685349 3.478868
v 1.597005 0.309985 2.567886
v 1.597005 0.592947 3.351693
v 3.353638 0.309985 2.567886
v 2.981307 0.592947 3.351693
v 3.353638 0.592947 3.351693
v 2.946017 0.309985 2.567886
v 2.510524 0.592947 3.351693
v 2.510524 0.309985 2.567886
v 2.946017 0.285080 2.422774
v 2.510524 0.285080 2.422774
v 2.981307 0.685349 3.478868
v 3.353638 0.685349 3.478868
v 3.424043 0.309985 2.567886
v 3.424043 0.592947 3.351693
v 1.667410 0.505902 2.527682
v 2.039741 0.754606 3.233937
v 1.667410 0.754606 3.233937
v 2.075030 0.505903 2.527682
v 2.075030 0.482008 2.387854
v 2.039741 0.822216 3.333035
v 1.667410 0.822216 3.333035
v 1.597005 0.505902 2.527682
v 1.597005 0.754606 3.233937
v 3.353638 0.505902 2.527682
v 2.981307 0.754606 3.233937
v 3.353638 0.754606 3.233937
v 2.946017 0.505902 2.527682
v 2.510524 0.754606 3.233937
v 2.510524 0.505902 2.527682
v 2.946017 0.482008 2.387854
v 2.510524 0.482008 2.387854
v 2.981307 0.822216 3.333035
v 3.353638 0.822216 3.333035
v 3.424043 0.505902 2.527682
v 3.424043 0.754606 3.233937
v 1.667410 0.185654 1.545413
v 2.039741 0.278444 2.379564
v 1.667410 0.278444 2.379564
v 2.075030 0.185654 1.545413
v 2.075030 0.177016 1.398348
v 2.039741 0.302464 2.535974
v 1.667410 0.302464 2.535974
v 1.597005 0.185654 1.545413
v 1.597004 0.278444 2.379564
v 3.353638 0.185654 1.545413
v 2.981307 0.278444 2.379564
v 3.353638 0.278444 2.379564
v 2.946018 0.185654 1.545413
v 2.510524 0.278444 2.379564
v 2.510524 0.185654 1.545413
v 2.946018 0.177016 1.398348
v 2.510524 0.177016 1.398348
v 2.981307 0.302464 2.535974
v 3.353638 0.302464 2.535974
v 3.424043 0.185654 1.545413
v 3.424043 0.278444 2.379564
v 1.667410 0.385148 1.531197
v 2.039741 0.475609 2.346008
v 1.667410 0.475608 2.346008
v 2.075030 0.385148 1.531197
v 2.075030 0.376642 1.386134
v 2.039741 0.498726 2.497486
v 1.667410 0.498726 2.497486
v 1.597004 0.385148 1.531197
v 1.597005 0.475608 2.346008
v 3.353638 0.385148 1.531197
v 2.981307 0.475608 2.346008
v 3.353638 0.475609 2.346008
v 2.946018 0.385148 1.531197
v 2.510524 0.475608 2.346008
v 2.510524 0.385148 1.531197
v 2.946018 0.376642 1.386134
v 2.510524 0.376642 1.386134
v 2.981307 0.498726 2.497486
v 3.353638 0.498726 2.497486
v 3.424043 0.385148 1.531197
v 3.424043 0.475609 2.346008
v 1.667410 0.145694 0.515577
v 2.039741 0.174452 1.354706
v 1.667410 0.174452 1.354706
v 2.075030 0.145694 0.515577
v 2.075030 0.143521 0.368274
v 2.039741 0.183731 1.512678
v 1.667410 0.183731 1.512678
v 1.597004 0.145694 0.515577
v 1.597004 0.174452 1.354706
v 3.353638 0.145694 0.515577
v 2.981307 0.174452 1.354706
v 3.353638 0.174452 1.354706
v 2.946018 0.145694 0.515577
v 2.510524 0.174452 1.354706
v 2.510524 0.145694 0.515577
v 2.946017 0.143521 0.368274
v 2.510524 0.143521 0.368274
v 2.981307 0.183731 1.512678
v 3.353638 0.183731 1.512678
v 3.424043 0.145694 0.515577
v 3.424043 0.174452 1.354706
v 1.667410 0.345662 0.511969
v 2.039741 0.374114 1.343086
v 1.667410 0.374114 1.343086
v 2.075030 0.345662 0.511969
v 2.075030 0.343502 0.365537
v 2.039741 0.383256 1.498907
v 1.667410 0.383256 1.498907
v 1.597004 0.345662 0.511969
v 1.597004 0.374114 1.343086
v 3.353638 0.345662 0.511969
v 2.981307 0.374114 1.343086
v 3.353638 0.374114 1.343086
v 2.946018 0.345662 0.511969
v 2.510524 0.374114 1.343086
v 2.510524 0.345662 0.511969
v 2.946017 0.343502 0.365537
v 2.510524 0.343502 0.365537
v 2.981307 0.383256 1.498907
v 3.353638 0.383257 1.498907
v 3.424043 0.345662 0.511969
v 3.424043 0.374114 1.343086
v 1.667410 0.136643 -0.515122
v 2.039741 0.142876 0.324563
v 1.667410 0.142876 0.324563
v 2.075030 0.136643 -0.515122
v 2.075030 0.132783 -0.662390
v 2.039741 0.145211 0.482790
v 1.667410 0.145211 0.482790
v 1.597004 0.136643 -0.515122
v 1.597005 0.142876 0.324563
v 3.353638 0.136643 -0.515122
v 2.981307 0.142876 0.324562
v 3.353638 0.142876 0.324562
v 2.946018 0.136643 -0.515122
v 2.510524 0.142876 0.324562
v 2.510524 0.136643 -0.515122
v 2.946018 0.132783 -0.662390
v 2.510524 0.132783 -0.662390
v 2.981307 0.145211 0.482790
v 3.353638 0.145211 0.482790
v 3.424043 0.136643 -0.515122
v 3.424043 0.142876 0.324562
v 1.667410 0.336613 -0.518609
v 2.039741 0.342861 0.322083
v 1.667410 0.342861 0.322083
v 2.075030 0.336613 -0.518609
v 2.075030 0.332720 -0.667401
v 2.039741 0.345181 0.479376
v 1.667410 0.345181 0.479376
v 1.597004 0.336613 -0.518609
v 1.597005 0.342861 0.322083
v 3.353638 0.336613 -0.518609
v 2.981307 0.342861 0.322083
v 3.353637 0.342861 0.322083
v 2.946018 0.336613 -0.518609
v 2.510524 0.342861 0.322083
v 2.510524 0.336613 -0.518609
v 2.946018 0.332720 -0.667401
v 2.510524 0.332720 -0.667401
v 2.981307 0.345181 0.479376
v 3.353638 0.345181 0.479376
v 3.424043 0.336613 -0.518609
v 3.424043 0.342861 0.322083
v 1.667410 0.105127 -1.545347
v 2.039740 0.131637 -0.706092
v 1.667410 0.131637 -0.706092
v 2.075030 0.105127 -1.545347
v 2.075030 0.104279 -1.692664
v 2.039741 0.135784 -0.547902
v 1.667410 0.135784 -0.547902
v 1.597005 0.105127 -1.545347
v 1.597004 0.131637 -0.706092
v 3.353638 0.105127 -1.545347
v 2.981307 0.131637 -0.706093
v 3.353638 0.131637 -0.706093
v 2.946017 0.105127 -1.545347
v 2.510524 0.131637 -0.706093
v 2.510524 0.105127 -1.545347
v 2.946017 0.104279 -1.692664
v 2.510524 0.104279 -1.692664
v 2.981307 0.135784 -0.547902
v 3.353638 0.135784 -0.547902
v 3.424043 0.105127 -1.545347
v 3.424043 0.131637 -0.706093
v 1.667410 0.305119 -1.547151
v 2.039741 0.331563 -0.711556
v 1.667410 0.331562 -0.711556
v 2.075030 0.305119 -1.547151
v 2.075030 0.304272 -1.691013
v 2.039741 0.335748 -0.551728
v 1.667410 0.335747 -0.551728
v 1.597005 0.305119 -1.547151
v 1.597004 0.331563 -0.711556
v 3.353638 0.305119 -1.547151
v 2.981307 0.331563 -0.711556
v 3.353638 0.331563 -0.711556
v 2.946017 0.305119 -1.547151
v 2.510524 0.331563 -0.711556
v 2.510524 0.305119 -1.547151
v 2.946017 0.304272 -1.691013
v 2.510524 0.304272 -1.691013
v 2.981307 0.335747 -0.551728
v 3.353638 0.335748 -0.551728
v 3.424043 0.305119 -1.547151
v 3.424043 0.331563 -0.711556
v 1.667410 0.194456 -2.568876
v 2.039741 0.104027 -1.736382
v 1.667410 0.104027 -1.736382
v 2.075030 0.194456 -2.568876
v 2.075030 0.235430 -2.709968
v 2.039741 0.104938 -1.578139
v 1.667410 0.104938 -1.578139
v 1.597005 0.194456 -2.568876
v 1.597005 0.104027 -1.736382
v 3.353638 0.194456 -2.568876
v 2.981307 0.104027 -1.736382
v 3.353638 0.104027 -1.736382
v 2.946017 0.194456 -2.568876
v 2.510524 0.104027 -1.736382
v 2.510524 0.194456 -2.568876
v 2.946017 0.235430 -2.709968
v 2.510524 0.235430 -2.709968
v 2.981307 0.104938 -1.578139
v 3.353638 0.104938 -1.578139
v 3.424043 0.194456 -2.568876
v 3.424043 0.104027 -1.736382
v 1.667410 0.387673 -2.517231
v 2.039741 0.304009 -1.733706
v 1.667410 0.304009 -1.733706
v 2.075030 0.387673 -2.517231
v 2.075030 0.423873 -2.642966
v 2.039741 0.304936 -1.579175
v 1.667410 0.304936 -1.579175
v 1.597005 0.387673 -2.517231
v 1.597005 0.304009 -1.733706
v 3.353638 0.387673 -2.517232
v 2.981307 0.304009 -1.733706
v 3.353638 0.304009 -1.733706
v 2.946018 0.387673 -2.517232
v 2.510524 0.304009 -1.733706
v 2.510524 0.387673 -2.517232
v 2.946018 0.423873 -2.642966
v 2.510524 0.423873 -2.642966
v 2.981307 0.304936 -1.579175
v 3.353638 0.304936 -1.579175
v 3.424043 0.387673 -2.517232
v 3.424043 0.304009 -1.733706
v 1.667410 0.793164 -3.357892
v 2.039741 0.251822 -2.750495
v 1.667410 0.251821 -2.750494
v 2.075030 0.793164 -3.357893
v 2.075030 0.928624 -3.413511
v 2.039741 0.201911 -2.600808
v 1.667410 0.201911 -2.600808
v 1.597004 0.793164 -3.357892
v 1.597005 0.251821 -2.750494
v 3.353638 0.793164 -3.357893
v 2.981307 0.251822 -2.750495
v 3.353637 0.251822 -2.750495
v 2.946018 0.793164 -3.357893
v 2.510524 0.251822 -2.750495
v 2.510524 0.793164 -3.357893
v 2.946018 0.928624 -3.413511
v 2.510524 0.928624 -3.413511
v 2.981307 0.201911 -2.600808
v 3.353638 0.201911 -2.600808
v 3.424043 0.793164 -3.357893
v 3.424043 0.251822 -2.750495
v 1.667410 0.877546 -3.176565
v 2.039741 0.438171 -2.677874
v 1.667410 0.438171 -2.677874
v 2.075030 0.877546 -3.176565
v 2.075030 0.989245 -3.222920
v 2.039741 0.394305 -2.546176
v 1.667410 0.394305 -2.546176
v 1.597005 0.877546 -3.176565
v 1.597005 0.438171 -2.677874
v 3.353638 0.877546 -3.176565
v 2.981307 0.438171 -2.677874
v 3.353637 0.438171 -2.677874
v 2.946018 0.877546 -3.176565
v 2.510524 0.438171 -2.677874
v 2.510524 0.877546 -3.176565
v 2.946018 0.989245 -3.222920
v 2.510524 0.989245 -3.222920
v 2.981307 0.394305 -2.546176
v 3.353638 0.394305 -2.546176
v 3.424043 0.877546 -3.176565
v 3.424043 0.438171 -2.677874
v 1.667410 1.803925 -3.452091
v 2.039741 0.971361 -3.422717
v 1.667410 0.971361 -3.422717
v 2.075030 1.803925 -3.452091
v 2.075030 1.948959 -3.426239
v 2.039741 0.822586 -3.372374
v 1.667410 0.822585 -3.372374
v 1.597005 1.803925 -3.452091
v 1.597005 0.971361 -3.422717
v 3.353638 1.803925 -3.452091
v 2.981307 0.971361 -3.422717
v 3.353638 0.971361 -3.422717
v 2.946017 1.803925 -3.452091
v 2.510524 0.971361 -3.422717
v 2.510524 1.803925 -3.452091
v 2.946018 1.948959 -3.426239
v 2.510524 1.948959 -3.426239
v 2.981307 0.822586 -3.372374
v 3.353638 0.822586 -3.372374
v 3.424043 1.803925 -3.452091
v 3.424043 0.971361 -3.422718
v 1.667410 1.773982 -3.254345
v 2.039741 1.026487 -3.230464
v 1.667410 1.026487 -3.230464
v 2.075030 1.773982 -3.254345
v 2.075030 1.907656 -3.230550
v 2.039741 0.901300 -3.188515
v 1.667410 0.901300 -3.188514
v 1.597005 1.773982 -3.254345
v 1.597005 1.026487 -3.230464
v 3.353638 1.773982 -3.254345
v 2.981307 1.026487 -3.230465
v 3.353638 1.026487 -3.230465
v 2.946017 1.773982 -3.254345
v 2.510524 1.026487 -3.230464
v 2.510524 1.773982 -3.254345
v 2.946018 1.907656 -3.230550
v 2.510524 1.907656 -3.230550
v 2.981307 0.901300 -3.188515
v 3.353638 0.901300 -3.188515
v 3.424043 1.773982 -3.254345
v 3.424043 1.026487 -3.230465
v 1.667410 2.763485 -3.097507
v 2.039741 1.991998 -3.418567
v 1.667410 1.991998 -3.418567
v 2.075030 2.763485 -3.097507
v 2.075030 2.882418 -3.010896
v 2.039741 1.836208 -3.446337
v 1.667410 1.836208 -3.446336
v 1.597005 2.763485 -3.097507
v 1.597004 1.991998 -3.418567
v 3.353638 2.763485 -3.097507
v 2.981307 1.991998 -3.418567
v 3.353638 1.991998 -3.418567
v 2.946018 2.763485 -3.097507
v 2.510524 1.991998 -3.418567
v 2.510524 2.763485 -3.097507
v 2.946017 2.882418 -3.010896
v 2.510524 2.882418 -3.010896
v 2.981307 1.836208 -3.446337
v 3.353638 1.836209 -3.446337
v 3.424043 2.763485 -3.097507
v 3.424043 1.991998 -3.418567
v 1.667410 2.654680 -2.929693
v 2.039741 1.947348 -3.223615
v 1.667410 1.947348 -3.223615
v 2.075030 2.654680 -2.929693
v 2.075030 2.761941 -2.851255
v 2.039741 1.803726 -3.248992
v 1.667410 1.803726 -3.248991
v 1.597004 2.654680 -2.929693
v 1.597004 1.947348 -3.223615
v 3.353638 2.654680 -2.929693
v 2.981307 1.947349 -3.223615
v 3.353638 1.947349 -3.223615
v 2.946018 2.654680 -2.929693
v 2.510524 1.947349 -3.223615
v 2.510524 2.654680 -2.929693
v 2.946018 2.761942 -2.851255
v 2.510524 2.761941 -2.851255
v 2.981307 1.803727 -3.248992
v 3.353638 1.803727 -3.248992
v 3.424043 2.654680 -2.929693
v 3.424043 1.947349 -3.223615
v 1.667410 3.437421 -2.337456
v 2.039741 2.917132 -2.984323
v 1.667410 2.917132 -2.984323
v 2.075030 3.437422 -2.337456
v 2.075030 3.498607 -2.203597
v 2.039741 2.791477 -3.080512
v 1.667410 2.791477 -3.080512
v 1.597005 3.437421 -2.337456
v 1.597005 2.917132 -2.984323
v 3.353638 3.437422 -2.337456
v 2.981307 2.917132 -2.984323
v 3.353638 2.917132 -2.984323
v 2.946017 3.437422 -2.337456
v 2.510524 2.917132 -2.984323
v 2.510524 3.437422 -2.337456
v 2.946018 3.498607 -2.203597
v 2.510524 3.498607 -2.203597
v 2.981307 2.791477 -3.080512
v 3.353638 2.791477 -3.080512
v 3.424043 3.437422 -2.337456
v 3.424043 2.917132 -2.984323
v 1.667410 3.255941 -2.253402
v 2.039741 2.793251 -2.827308
v 1.667410 2.793251 -2.827308
v 2.075030 3.255942 -2.253402
v 2.075030 3.310425 -2.135865
v 2.039741 2.680178 -2.914342
v 1.667410 2.680178 -2.914342
v 1.597005 3.255941 -2.253402
v 1.597005 2.793251 -2.827308
v 3.353638 3.255942 -2.253402
v 2.981307 2.793252 -2.827308
v 3.353638 2.793252 -2.827308
v 2.946017 3.255942 -2.253402
v 2.510524 2.793251 -2.827308
v 2.510524 3.255942 -2.253402
v 2.946018 3.310425 -2.135865
v 2.510524 3.310425 -2.135865
v 2.981307 2.680178 -2.914342
v 3.353638 2.680178 -2.914342
v 3.424043 3.255942 -2.253402
v 3.424043 2.793252 -2.827308
v 1.667410 3.588672 -1.331781
v 2.039741 3.509925 -2.161371
v 1.667410 3.509925 -2.161371
v 2.075030 3.588672 -1.331781
v 2.075030 3.578699 -1.184868
v 2.039741 3.451393 -2.307790
v 1.667410 3.451393 -2.307790
v 1.597005 3.588672 -1.331781
v 1.597005 3.509925 -2.161371
v 3.353638 3.588673 -1.331781
v 2.981307 3.509925 -2.161371
v 3.353638 3.509925 -2.161371
v 2.946018 3.588672 -1.331781
v 2.510524 3.509925 -2.161371
v 2.510524 3.588672 -1.331781
v 2.946017 3.578699 -1.184868
v 2.510524 3.578699 -1.184868
v 2.981307 3.451393 -2.307790
v 3.353638 3.451393 -2.307790
v 3.424043 3.588673 -1.331781
v 3.424043 3.509925 -2.161371
v 1.667410 3.389015 -1.343492
v 2.039741 3.320078 -2.098456
v 1.667410 3.320078 -2.098456
v 2.075030 3.389015 -1.343492
v 2.075030 3.379635 -1.204193
v 2.039741 3.268294 -2.227324
v 1.667410 3.268294 -2.227324
v 1.597005 3.389015 -1.343492
v 1.597005 3.320078 -2.098456
v 3.353638 3.389016 -1.343492
v 2.981307 3.320078 -2.098456
v 3.353638 3.320079 -2.098456
v 2.946018 3.389015 -1.343492
v 2.510524 3.320078 -2.098456
v 2.510524 3.389015 -1.343492
v 2.946017 3.379635 -1.204193
v 2.510524 3.379635 -1.204193
v 2.981307 3.268294 -2.227324
v 3.353638 3.268294 -2.227324
v 3.424043 3.389016 -1.343492
v 3.424043 3.320079 -2.098456
v 1.667410 3.435710 -0.313486
v 2.039741 3.572946 -1.141531
v 1.667410 3.572946 -1.141531
v 2.075030 3.435710 -0.313486
v 2.075030 3.403270 -0.169833
v 2.039741 3.586921 -1.299037
v 1.667410 3.586921 -1.299037
v 1.597005 3.435710 -0.313486
v 1.597005 3.572946 -1.141531
v 3.353638 3.435711 -0.313486
v 2.981307 3.572946 -1.141531
v 3.353638 3.572947 -1.141531
v 2.946017 3.435711 -0.313486
v 2.510524 3.572946 -1.141531
v 2.510524 3.435710 -0.313486
v 2.946018 3.403270 -0.169833
v 2.510524 3.403270 -0.169833
v 2.981307 3.586921 -1.299037
v 3.353638 3.586921 -1.299037
v 3.424043 3.435711 -0.313486
v 3.424043 3.572947 -1.141531
v 1.667410 3.240156 -0.355419
v 2.039741 3.374014 -1.162173
v 1.667410 3.374014 -1.162173
v 2.075030 3.240156 -0.355419
v 2.075030 3.208354 -0.214642
v 2.039741 3.387382 -1.312602
v 1.667410 3.387381 -1.312602
v 1.597005 3.240156 -0.355419
v 1.597005 3.374014 -1.162173
v 3.353638 3.240156 -0.355419
v 2.981307 3.374014 -1.162173
v 3.353638 3.374014 -1.162173
v 2.946018 3.240156 -0.355419
v 2.510524 3.374014 -1.162173
v 2.510524 3.240156 -0.355419
v 2.946018 3.208354 -0.214642
v 2.510524 3.208354 -0.214642
v 2.981307 3.387382 -1.312602
v 3.353638 3.387382 -1.312602
v 3.424043 3.240156 -0.355419
v 3.424043 3.374014 -1.162173
v 1.667410 3.169179 0.681715
v 2.039741 3.392698 -0.127414
v 1.667410 3.392698 -0.127414
v 2.075030 3.169179 0.681716
v 2.075030 3.126241 0.822638
v 2.039741 3.429461 -0.281295
v 1.667410 3.429461 -0.281295
v 1.597004 3.169178 0.681715
v 1.597005 3.392698 -0.127414
v 3.353638 3.169179 0.681716
v 2.981307 3.392698 -0.127414
v 3.353638 3.392698 -0.127414
v 2.946018 3.169179 0.681716
v 2.510524 3.392698 -0.127414
v 2.510524 3.169179 0.681716
v 2.946018 3.126241 0.822638
v 2.510524 3.126241 0.822638
v 2.981307 3.429461 -0.281295
v 3.353638 3.429461 -0.281295
v 3.424043 3.169179 0.681716
v 3.424043 3.392698 -0.127414
v 1.667410 2.978580 0.621116
v 2.039741 3.197967 -0.173019
v 1.667410 3.197967 -0.173019
v 2.075030 2.978580 0.621116
v 2.075030 2.936480 0.759466
v 2.039741 3.234057 -0.323927
v 1.667410 3.234057 -0.323927
v 1.597004 2.978580 0.621116
v 1.597005 3.197967 -0.173019
v 3.353638 2.978581 0.621116
v 2.981307 3.197967 -0.173019
v 3.353638 3.197967 -0.173019
v 2.946018 2.978581 0.621116
v 2.510524 3.197967 -0.173019
v 2.510524 2.978580 0.621116
v 2.946018 2.936480 0.759466
v 2.510524 2.936480 0.759466
v 2.981307 3.234057 -0.323927
v 3.353638 3.234057 -0.323927
v 3.424043 2.978581 0.621116
v 3.424043 3.197967 -0.173019
v 1.667410 2.807564 1.646120
v 2.039741 3.112338 0.864069
v 1.667410 3.112338 0.864069
v 2.075030 2.807564 1.646121
v 2.075030 2.748240 1.780968
v 2.039741 3.159621 0.713082
v 1.667410 3.159621 0.713082
v 1.597005 2.807564 1.646120
v 1.597005 3.112338 0.864069
v 3.353638 2.807564 1.646121
v 2.981307 3.112338 0.864069
v 3.353638 3.112339 0.864069
v 2.946018 2.807564 1.646121
v 2.510524 3.112338 0.864069
v 2.510524 2.807564 1.646121
v 2.946018 2.748240 1.780968
v 2.510524 2.748240 1.780968
v 2.981307 3.159622 0.713082
v 3.353638 3.159622 0.713083
v 3.424043 2.807564 1.646121
v 3.424043 3.112338 0.864069
v 1.667410 2.624619 1.565304
v 2.039741 2.922845 0.800097
v 1.667410 2.922845 0.800097
v 2.075030 2.624619 1.565304
v 2.075030 2.566775 1.696882
v 2.039741 2.969207 0.651909
v 1.667410 2.969207 0.651909
v 1.597005 2.624619 1.565304
v 1.597005 2.922845 0.800097
v 3.353638 2.624619 1.565304
v 2.981307 2.922845 0.800097
v 3.353638 2.922845 0.800097
v 2.946018 2.624620 1.565304
v 2.510524 2.922845 0.800097
v 2.510524 2.624619 1.565304
v 2.946018 2.566775 1.696883
v 2.510524 2.566775 1.696882
v 2.981307 2.969207 0.651909
v 3.353638 2.969207 0.651909
v 3.424043 2.624620 1.565304
v 3.424043 2.922845 0.800097
v 1.667410 2.327528 2.556292
v 2.039741 2.730636 1.820983
v 1.667410 2.730636 1.820983
v 2.075030 2.327528 2.556293
v 2.075030 2.245215 2.678469
v 2.039741 2.794359 1.676136
v 1.667410 2.794359 1.676136
v 1.597005 2.327528 2.556292
v 1.597005 2.730636 1.820983
v 3.353638 2.327528 2.556293
v 2.981307 2.730637 1.820983
v 3.353638 2.730637 1.820983
v 2.946017 2.327528 2.556293
v 2.510524 2.730636 1.820983
v 2.510524 2.327528 2.556293
v 2.946018 2.245215 2.678470
v 2.510524 2.245215 2.678470
v 2.981307 2.794359 1.676136
v 3.353638 2.794360 1.676136
v 3.424043 2.327528 2.556293
v 3.424043 2.730637 1.820983
v 1.667410 2.160291 2.446603
v 2.039741 2.549621 1.735933
v 1.667410 2.549621 1.735933
v 2.075030 2.160291 2.446604
v 2.075030 2.081750 2.563234
v 2.039741 2.611739 1.594589
v 1.667410 2.611739 1.594589
v 1.597005 2.160291 2.446603
v 1.597005 2.549621 1.735933
v 3.353638 2.160291 2.446604
v 2.981307 2.549621 1.735933
v 3.353638 2.549621 1.735933
v 2.946018 2.160291 2.446604
v 2.510524 2.549621 1.735933
v 2.510524 2.160291 2.446604
v 2.946018 2.081750 2.563235
v 2.510524 2.081750 2.563234
v 2.981307 2.611739 1.594589
v 3.353638 2.611739 1.594589
v 3.424043 2.160291 2.446604
v 3.424043 2.549621 1.735933
v 1.667410 1.652668 3.326180
v 2.039741 2.220788 2.714728
v 1.667410 2.220788 2.714727
v 2.075030 1.652668 3.326180
v 2.075030 1.535264 3.415171
v 2.039741 2.309206 2.583488
v 1.667410 2.309206 2.583488
v 1.597005 1.652668 3.326180
v 1.597005 2.220788 2.714727
v 3.353638 1.652669 3.326180
v 2.981307 2.220788 2.714728
v 3.353638 2.220788 2.714728
v 2.946017 1.652669 3.326180
v 2.510524 2.220788 2.714728
v 2.510524 1.652669 3.326180
v 2.946017 1.535264 3.415171
v 2.510524 1.535264 3.415171
v 2.981307 2.309206 2.583488
v 3.353638 2.309207 2.583488
v 3.424043 1.652669 3.326180
v 3.424043 2.220788 2.714728
v 1.667410 1.533669 3.165434
v 2.039741 2.058478 2.597871
v 1.667410 2.058478 2.597871
v 2.075030 1.533669 3.165434
v 2.075030 1.429393 3.245491
v 2.039741 2.142792 2.472553
v 1.667410 2.142792 2.472553
v 1.597005 1.533669 3.165434
v 1.597005 2.058478 2.597871
v 3.353638 1.533670 3.165434
v 2.981307 2.058478 2.597871
v 3.353638 2.058478 2.597871
v 2.946018 1.533670 3.165434
v 2.510524 2.058478 2.597871
v 2.510524 1.533669 3.165434
v 2.946018 1.429394 3.245491
v 2.510524 1.429393 3.245491
v 2.981307 2.142793 2.472553
v 3.353638 2.142793 2.472553
v 3.424043 1.533670 3.165434
v 3.424043 2.058478 2.597871
v 1.667410 0.725318 3.505593
v 2.039741 1.500425 3.441579
v 1.667410 1.500425 3.441579
v 2.075030 0.725318 3.505593
v 2.075030 0.625833 3.400685
v 2.039741 1.626535 3.345989
v 1.667410 1.626535 3.345989
v 1.597005 0.725318 3.505593
v 1.597005 1.500425 3.441579
v 3.353638 0.725318 3.505593
v 2.981307 1.500425 3.441579
v 3.353638 1.500425 3.441580
v 2.946018 0.725318 3.505593
v 2.510524 1.500425 3.441579
v 2.510524 0.725318 3.505593
v 2.946018 0.625833 3.400685
v 2.510524 0.625833 3.400685
v 2.981307 1.626535 3.345989
v 3.353638 1.626535 3.345989
v 3.424043 0.725318 3.505593
v 3.424043 1.500425 3.441580
v 1.667410 0.847504 3.347256
v 2.039741 1.398582 3.269451
v 1.667410 1.398582 3.269451
v 2.075030 0.847504 3.347256
v 2.075030 0.779536 3.272719
v 2.039741 1.510396 3.183165
v 1.667410 1.510396 3.183164
v 1.597005 0.847504 3.347256
v 1.597005 1.398582 3.269451
v 3.353638 0.847504 3.347256
v 2.981307 1.398582 3.269452
v 3.353638 1.398582 3.269452
v 2.946018 0.847504 3.347256
v 2.510524 1.398582 3.269452
v 2.510524 0.847504 3.347256
v 2.946018 0.779536 3.272719
v 2.510524 0.779536 3.272719
v 2.981307 1.510396 3.183165
v 3.353638 1.510396 3.183165
v 3.424043 0.847504 3.347256
v 3.424043 1.398582 3.269452
v -1.417413 0.712608 3.497095
v -1.789744 1.488240 3.450815
v -1.417413 1.488240 3.450815
v -1.825033 0.712608 3.497095
v -1.825034 0.617312 3.387990
v -1.789744 1.614351 3.355224
v -1.417413 1.614351 3.355224
v -1.347008 0.712608 3.497095
v -1.347008 1.488241 3.450815
v -3.103641 0.712608 3.497095
v -2.731311 1.488241 3.450815
v -3.103641 1.488241 3.450815
v -2.696021 0.712608 3.497095
v -2.260527 1.488241 3.450815
v -2.260527 0.712608 3.497095
v -2.696021 0.617312 3.387990
v -2.260527 0.617312 3.387990
v -2.731311 1.614351 3.355225
v -3.103641 1.614352 3.355225
v -3.174047 0.712608 3.497095
v -3.174046 1.488241 3.450815
v -1.417413 0.839593 3.342579
v -1.789744 1.387820 3.277853
v -1.417413 1.387820 3.277853
v -1.825033 0.839593 3.342579
v -1.825034 0.773140 3.262620
v -1.789744 1.499558 3.191448
v -1.417413 1.499558 3.191448
v -1.347008 0.839593 3.342579
v -1.347008 1.387820 3.277853
v -3.103641 0.839593 3.342579
v -2.731311 1.387820 3.277854
v -3.103641 1.387820 3.277854
v -2.696021 0.839593 3.342579
v -2.260527 1.387820 3.277853
v -2.260527 0.839593 3.342579
v -2.696021 0.773140 3.262620
v -2.260527 0.773140 3.262620
v -2.731311 1.499558 3.191449
v -3.103641 1.499558 3.191449
v -3.174047 0.839593 3.342579
v -3.174047 1.387820 3.277854
v -1.417413 0.309985 2.567886
v -1.789744 0.592948 3.351693
v -1.417413 0.592948 3.351693
v -1.825034 0.309985 2.567886
v -1.825034 0.285080 2.422774
v -1.789744 0.685349 3.478868
v -1.417413 0.685349 3.478868
v -1.347008 0.309985 2.567886
v -1.347008 0.592948 3.351693
v -3.103641 0.309985 2.567886
v -2.731311 0.592948 3.351693
v -3.103641 0.592948 3.351693
v -2.696021 0.309985 2.567886
v -2.260527 0.592948 3.351693
v -2.260527 0.309985 2.567886
v -2.696021 0.285080 2.422774
v -2.260527 0.285080 2.422774
v -2.731311 0.685349 3.478868
v -3.103641 0.685349 3.478868
v -3.174046 0.309985 2.567886
v -3.174046 0.592948 3.351693
v -1.417413 0.505903 2.527682
v -1.789744 0.754606 3.233937
v -1.417413 0.754606 3.233937
v -1.825033 0.505903 2.527682
v -1.825034 0.482008 2.387854
v -1.789744 0.822217 3.333035
v -1.417413 0.822216 3.333035
v -1.347008 0.505903 2.527682
v -1.347008 0.754606 3.233937
v -3.103641 0.505903 2.527682
v -2.731311 0.754606 3.233937
v -3.103641 0.754606 3.233937
v -2.696021 0.505903 2.527682
v -2.260527 0.754606 3.233937
v -2.260527 0.505903 2.527682
v -2.696021 0.482008 2.387854
v -2.260527 0.482008 2.387854
v -2.731311 0.822216 3.333035
v -3.103641 0.822216 3.333035
v -3.174046 0.505903 2.527682
v -3.174046 0.754606 3.233937
v -1.417413 0.185654 1.545413
v -1.789744 0.278444 2.379564
v -1.417413 0.278444 2.379564
v -1.825033 0.185654 1.545413
v -1.825033 0.177016 1.398348
v -1.789744 0.302465 2.535974
v -1.417413 0.302465 2.535974
v -1.347008 0.185654 1.545413
v -1.347008 0.278444 2.379564
v -3.103641 0.185654 1.545413
v -2.731311 0.278444 2.379564
v -3.103641 0.278444 2.379564
v -2.696021 0.185654 1.545413
v -2.260527 0.278444 2.379564
v -2.260527 0.185654 1.545413
v -2.696021 0.177016 1.398348
v -2.260527 0.177016 1.398348
v -2.731311 0.302465 2.535974
v -3.103641 0.302465 2.535974
v -3.174046 0.185654 1.545413
v -3.174046 0.278444 2.379564
v -1.417413 0.385148 1.531197
v -1.789744 0.475609 2.346008
v -1.417413 0.475609 2.346008
v -1.825034 0.385149 1.531197
v -1.825034 0.376643 1.386134
v -1.789744 0.498726 2.497486
v -1.417413 0.498726 2.497486
v -1.347008 0.385149 1.531197
v -1.347008 0.475609 2.346008
v -3.103641 0.385149 1.531197
v -2.731311 0.475609 2.346008
v -3.103641 0.475609 2.346008
v -2.696021 0.385149 1.531197
v -2.260527 0.475609 2.346008
v -2.260527 0.385149 1.531197
v -2.696021 0.376643 1.386134
v -2.260527 0.376643 1.386134
v -2.731311 0.498726 2.497486
v -3.103641 0.498726 2.497486
v -3.174046 0.385149 1.531197
v -3.174046 0.475609 2.346008
v -1.417413 0.145695 0.515577
v -1.789744 0.174453 1.354706
v -1.417413 0.174453 1.354706
v -1.825033 0.145694 0.515577
v -1.825034 0.143522 0.368274
v -1.789744 0.183732 1.512678
v -1.417413 0.183732 1.512678
v -1.347008 0.145694 0.515577
v -1.347008 0.174453 1.354706
v -3.103641 0.145694 0.515577
v -2.731311 0.174453 1.354706
v -3.103641 0.174453 1.354706
v -2.696021 0.145694 0.515577
v -2.260527 0.174453 1.354706
v -2.260527 0.145694 0.515577
v -2.696021 0.143522 0.368274
v -2.260527 0.143522 0.368274
v -2.731311 0.183732 1.512678
v -3.103641 0.183732 1.512678
v -3.174047 0.145694 0.515577
v -3.174047 0.174453 1.354706
v -1.417413 0.345662 0.511969
v -1.789744 0.374115 1.343086
v -1.417413 0.374115 1.343086
v -1.825033 0.345662 0.511969
v -1.825034 0.343503 0.365537
v -1.789744 0.383257 1.498907
v -1.417413 0.383257 1.498907
v -1.347008 0.345662 0.511969
v -1.347008 0.374115 1.343086
v -3.103641 0.345662 0.511969
v -2.731311 0.374115 1.343086
v -3.103641 0.374115 1.343086
v -2.696021 0.345662 0.511969
v -2.260527 0.374115 1.343086
v -2.260527 0.345662 0.511969
v -2.696021 0.343503 0.365537
v -2.260527 0.343503 0.365537
v -2.731311 0.383257 1.498907
v -3.103641 0.383257 1.498907
v -3.174047 0.345662 0.511969
v -3.174046 0.374115 1.343086
v -1.417413 0.136644 -0.515122
v -1.789744 0.142877 0.324563
v -1.417413 0.142877 0.324563
v -1.825033 0.136644 -0.515122
v -1.825033 0.132783 -0.662390
v -1.789744 0.145211 0.482790
v -1.417413 0.145211 0.482790
v -1.347008 0.136644 -0.515122
v -1.347008 0.142877 0.324563
v -3.103641 0.136644 -0.515122
v -2.731311 0.142877 0.324562
v -3.103641 0.142877 0.324562
v -2.696021 0.136644 -0.515122
v -2.260527 0.142877 0.324562
v -2.260527 0.136644 -0.515122
v -2.696021 0.132783 -0.662390
v -2.260527 0.132783 -0.662390
v -2.731311 0.145211 0.482790
v -3.103641 0.145211 0.482790
v -3.174047 0.136644 -0.515122
v -3.174046 0.142877 0.324562
v -1.417413 0.336613 -0.518609
v -1.789744 0.342862 0.322083
v -1.417413 0.342862 0.322083
v -1.825033 0.336614 -0.518609
v -1.825033 0.332721 -0.667401
v -1.789744 0.345182 0.479376
v -1.417413 0.345182 0.479376
v -1.347008 0.336614 -0.518609
v -1.347008 0.342862 0.322083
v -3.103641 0.336614 -0.518609
v -2.731311 0.342862 0.322083
v -3.103641 0.342862 0.322083
v -2.696021 0.336614 -0.518609
v -2.260527 0.342862 0.322083
v -2.260527 0.336614 -0.518609
v -2.696021 0.332720 -0.667401
v -2.260527 0.332720 -0.667401
v -2.731311 0.345182 0.479376
v -3.103641 0.345182 0.479376
v -3.174046 0.336614 -0.518609
v -3.174046 0.342862 0.322083
v -1.417413 0.105128 -1.545347
v -1.789744 0.131638 -0.706092
v -1.417413 0.131638 -0.706092
v -1.825033 0.105128 -1.545347
v -1.825034 0.104279 -1.692664
v -1.789744 0.135785 -0.547902
v -1.417413 0.135785 -0.547902
v -1.347008 0.105128 -1.545347
v -1.347008 0.131638 -0.706092
v -3.103641 0.105128 -1.545347
v -2.731311 0.131638 -0.706093
v -3.103641 0.131638 -0.706093
v -2.696021 0.105128 -1.545347
v -2.260527 0.131638 -0.706093
v -2.260527 0.105128 -1.545347
v -2.696021 0.104279 -1.692664
v -2.260527 0.104279 -1.692664
v -2.731311 0.135785 -0.547902
v -3.103641 0.135785 -0.547902
v -3.174046 0.105128 -1.545347
v -3.174047 0.131638 -0.706093
v -1.417413 0.305119 -1.547151
v -1.789744 0.331563 -0.711556
v -1.417413 0.331563 -0.711556
v -1.825033 0.305120 -1.547151
v -1.825034 0.304272 -1.691013
v -1.789744 0.335748 -0.551728
v -1.417413 0.335748 -0.551728
v -1.347008 0.305120 -1.547151
v -1.347008 0.331563 -0.711556
v -3.103641 0.305120 -1.547151
v -2.731311 0.331563 -0.711556
v -3.103641 0.331563 -0.711556
v -2.696021 0.305119 -1.547151
v -2.260527 0.331563 -0.711556
v -2.260527 0.305120 -1.547151
v -2.696021 0.304272 -1.691013
v -2.260527 0.304272 -1.691013
v -2.731311 0.335748 -0.551728
v -3.103641 0.335748 -0.551728
v -3.174046 0.305120 -1.547151
v -3.174047 0.331563 -0.711556
v -1.417413 0.194457 -2.568876
v -1.789744 0.104028 -1.736382
v -1.417413 0.104028 -1.736382
v -1.825034 0.194457 -2.568876
v -1.825034 0.235430 -2.709968
v -1.789744 0.104939 -1.578139
v -1.417413 0.104939 -1.578139
v -1.347008 0.194457 -2.568876
v -1.347008 0.104028 -1.736382
v -3.103641 0.194457 -2.568876
v -2.731311 0.104028 -1.736382
v -3.103641 0.104027 -1.736382
v -2.696021 0.194457 -2.568876
v -2.260527 0.104028 -1.736382
v -2.260527 0.194457 -2.568876
v -2.696021 0.235430 -2.709968
v -2.260527 0.235430 -2.709968
v -2.731311 0.104939 -1.578139
v -3.103641 0.104939 -1.578139
v -3.174046 0.194457 -2.568876
v -3.174046 0.104027 -1.736382
v -1.417413 0.387674 -2.517231
v -1.789744 0.304010 -1.733706
v -1.417413 0.304010 -1.733706
v -1.825034 0.387674 -2.517231
v -1.825034 0.423873 -2.642966
v -1.789744 0.304936 -1.579175
v -1.417413 0.304936 -1.579175
v -1.347008 0.387674 -2.517231
v -1.347008 0.304010 -1.733706
v -3.103641 0.387674 -2.517232
v -2.731311 0.304010 -1.733706
v -3.103641 0.304010 -1.733706
v -2.696021 0.387674 -2.517232
v -2.260527 0.304010 -1.733706
v -2.260527 0.387674 -2.517232
v -2.696021 0.423873 -2.642966
v -2.260527 0.423873 -2.642966
v -2.731311 0.304936 -1.579175
v -3.103641 0.304936 -1.579175
v -3.174046 0.387674 -2.517232
v -3.174046 0.304010 -1.733706
v -1.417413 0.793165 -3.357892
v -1.789744 0.251822 -2.750495
v -1.417413 0.251822 -2.750494
v -1.825033 0.793165 -3.357893
v -1.825033 0.928624 -3.413511
v -1.789744 0.201912 -2.600808
v -1.417413 0.201912 -2.600808
v -1.347008 0.793165 -3.357892
v -1.347008 0.251822 -2.750494
v -3.103641 0.793165 -3.357893
v -2.731311 0.251822 -2.750495
v -3.103641 0.251822 -2.750495
v -2.696021 0.793165 -3.357893
v -2.260527 0.251822 -2.750495
v -2.260527 0.793165 -3.357893
v -2.696021 0.928624 -3.413511
v -2.260527 0.928624 -3.413511
v -2.731311 0.201912 -2.600808
v -3.103641 0.201912 -2.600808
v -3.174047 0.793165 -3.357893
v -3.174046 0.251822 -2.750495
v -1.417413 0.877547 -3.176565
v -1.789744 0.438172 -2.677874
v -1.417413 0.438172 -2.677874
v -1.825033 0.877547 -3.176565
v -1.825034 0.989246 -3.222920
v -1.789744 0.394306 -2.546176
v -1.417413 0.394306 -2.546176
v -1.347008 0.877547 -3.176565
v -1.347008 0.438172 -2.677874
v -3.103641 0.877547 -3.176565
v -2.731311 0.438172 -2.677874
v -3.103641 0.438172 -2.677874
v -2.696021 0.877547 -3.176565
v -2.260527 0.438172 -2.677874
v -2.260527 0.877547 -3.176565
v -2.696021 0.989246 -3.222920
v -2.260527 0.989246 -3.222920
v -2.731311 0.394306 -2.546176
v -3.103641 0.394306 -2.546176
v -3.174047 0.877547 -3.176565
v -3.174046 0.438172 -2.677874
v -1.417413 1.803926 -3.452091
v -1.789744 0.971361 -3.422717
v -1.417413 0.971361 -3.422717
v -1.825034 1.803926 -3.452091
v -1.825033 1.948959 -3.426239
v -1.789744 0.822586 -3.372374
v -1.417413 0.822586 -3.372374
v -1.347008 1.803926 -3.452091
v -1.347008 0.971361 -3.422717
v -3.103641 1.803926 -3.452091
v -2.731311 0.971361 -3.422717
v -3.103641 0.971361 -3.422717
v -2.696021 1.803926 -3.452091
v -2.260527 0.971361 -3.422717
v -2.260527 1.803926 -3.452091
v -2.696021 1.948960 -3.426239
v -2.260527 1.948960 -3.426239
v -2.731311 0.822586 -3.372374
v -3.103641 0.822586 -3.372374
v -3.174046 1.803926 -3.452091
v -3.174046 0.971361 -3.422718
v -1.417413 1.773982 -3.254345
v -1.789744 1.026487 -3.230464
v -1.417413 1.026487 -3.230464
v -1.825034 1.773982 -3.254345
v -1.825034 1.907656 -3.230550
v -1.789744 0.901300 -3.188515
v -1.417413 0.901300 -3.188514
v -1.347008 1.773982 -3.254345
v -1.347008 1.026487 -3.230464
v -3.103641 1.773982 -3.254345
v -2.731311 1.026487 -3.230465
v -3.103641 1.026487 -3.230465
v -2.696021 1.773982 -3.254345
v -2.260527 1.026487 -3.230464
v -2.260527 1.773982 -3.254345
v -2.696021 1.907656 -3.230550
v -2.260527 1.907656 -3.230550
v -2.731311 0.901300 -3.188515
v -3.103641 0.901300 -3.188515
v -3.174046 1.773982 -3.254345
v -3.174046 1.026487 -3.230465
v -1.417413 2.763485 -3.097507
v -1.789744 1.991998 -3.418567
v -1.417413 1.991998 -3.418567
v -1.825033 2.763485 -3.097507
v -1.825033 2.882418 -3.010896
v -1.789744 1.836209 -3.446337
v -1.417413 1.836209 -3.446336
v -1.347008 2.763485 -3.097507
v -1.347008 1.991998 -3.418567
v -3.103641 2.763486 -3.097507
v -2.731311 1.991999 -3.418567
v -3.103641 1.991999 -3.418567
v -2.696021 2.763485 -3.097507
v -2.260527 1.991999 -3.418567
v -2.260527 2.763485 -3.097507
v -2.696021 2.882419 -3.010896
v -2.260527 2.882419 -3.010896
v -2.731311 1.836209 -3.446337
v -3.103641 1.836209 -3.446337
v -3.174046 2.763486 -3.097507
v -3.174047 1.991999 -3.418567
v -1.417413 2.654680 -2.929693
v -1.789744 1.947349 -3.223615
v -1.417413 1.947349 -3.223615
v -1.825033 2.654681 -2.929693
v -1.825034 2.761942 -2.851255
v -1.789744 1.803727 -3.248992
v -1.417413 1.803727 -3.248991
v -1.347008 2.654681 -2.929693
v -1.347008 1.947349 -3.223615
v -3.103641 2.654681 -2.929693
v -2.731311 1.947349 -3.223615
v -3.103641 1.947349 -3.223615
v -2.696021 2.654681 -2.929693
v -2.260527 1.947349 -3.223615
v -2.260527 2.654681 -2.929693
v -2.696021 2.761942 -2.851255
v -2.260527 2.761942 -2.851255
v -2.731311 1.803727 -3.248992
v -3.103641 1.803727 -3.248992
v -3.174047 2.654681 -2.929693
v -3.174047 1.947349 -3.223615
v -1.417413 3.437422 -2.337456
v -1.789744 2.917132 -2.984323
v -1.417413 2.917132 -2.984323
v -1.825034 3.437422 -2.337456
v -1.825033 3.498607 -2.203597
v -1.789744 2.791477 -3.080512
v -1.417413 2.791477 -3.080512
v -1.347008 3.437422 -2.337456
v -1.347008 2.917132 -2.984323
v -3.103641 3.437422 -2.337456
v -2.731311 2.917133 -2.984323
v -3.103641 2.917133 -2.984323
v -2.696021 3.437422 -2.337456
v -2.260527 2.917132 -2.984323
v -2.260527 3.437422 -2.337456
v -2.696021 3.498608 -2.203597
v -2.260527 3.498607 -2.203597
v -2.731311 2.791478 -3.080512
v -3.103641 2.791478 -3.080512
v -3.174046 3.437422 -2.337456
v -3.174046 2.917133 -2.984323
v -1.417413 3.255942 -2.253402
v -1.789744 2.793252 -2.827308
v -1.417413 2.793252 -2.827308
v -1.825034 3.255942 -2.253402
v -1.825034 3.310426 -2.135865
v -1.789744 2.680179 -2.914342
v -1.417413 2.680178 -2.914342
v -1.347008 3.255942 -2.253402
v -1.347008 2.793252 -2.827308
v -3.103641 3.255942 -2.253402
v -2.731311 2.793252 -2.827308
v -3.103641 2.793252 -2.827308
v -2.696021 3.255942 -2.253402
v -2.260527 2.793252 -2.827308
v -2.260527 3.255942 -2.253402
v -2.696021 3.310426 -2.135865
v -2.260527 3.310426 -2.135865
v -2.731311 2.680179 -2.914342
v -3.103641 2.680179 -2.914342
v -3.174046 3.255942 -2.253402
v -3.174046 2.793252 -2.827308
v -1.417413 3.588672 -1.331781
v -1.789744 3.509926 -2.161371
v -1.417413 3.509925 -2.161371
v -1.825033 3.588673 -1.331781
v -1.825034 3.578700 -1.184868
v -1.789744 3.451393 -2.307790
v -1.417413 3.451393 -2.307790
v -1.347008 3.588672 -1.331781
v -1.347008 3.509925 -2.161371
v -3.103641 3.588673 -1.331781
v -2.731311 3.509926 -2.161371
v -3.103641 3.509926 -2.161371
v -2.696021 3.588673 -1.331781
v -2.260527 3.509926 -2.161371
v -2.260527 3.588673 -1.331781
v -2.696021 3.578700 -1.184868
v -2.260527 3.578700 -1.184868
v -2.731311 3.451393 -2.307790
v -3.103641 3.451394 -2.307790
v -3.174046 3.588673 -1.331781
v -3.174046 3.509926 -2.161371
v -1.417413 3.389015 -1.343492
v -1.789744 3.320079 -2.098456
v -1.417413 3.320079 -2.098456
v -1.825034 3.389016 -1.343492
v -1.825034 3.379635 -1.204193
v -1.789744 3.268294 -2.227324
v -1.417413 3.268294 -2.227324
v -1.347008 3.389015 -1.343492
v -1.347008 3.320079 -2.098456
v -3.103641 3.389016 -1.343492
v -2.731311 3.320079 -2.098456
v -3.103641 3.320079 -2.098456
v -2.696021 3.389016 -1.343492
v -2.260527 3.320079 -2.098456
v -2.260527 3.389016 -1.343492
v -2.696021 3.379635 -1.204193
v -2.260527 3.379635 -1.204193
v -2.731311 3.268294 -2.227324
v -3.103641 3.268295 -2.227324
v -3.174046 3.389016 -1.343492
v -3.174046 3.320079 -2.098456
v -1.417413 3.435711 -0.313486
v -1.789744 3.572947 -1.141531
v -1.417413 3.572947 -1.141531
v -1.825034 3.435711 -0.313486
v -1.825033 3.403271 -0.169833
v -1.789744 3.586921 -1.299037
v -1.417413 3.586921 -1.299037
v -1.347008 3.435711 -0.313486
v -1.347008 3.572947 -1.141531
v -3.103641 3.435711 -0.313486
v -2.731311 3.572947 -1.141531
v -3.103641 3.572947 -1.141531
v -2.696021 3.435711 -0.313486
v -2.260527 3.572947 -1.141531
v -2.260527 3.435711 -0.313486
v -2.696021 3.403271 -0.169833
v -2.260527 3.403271 -0.169833
v -2.731311 3.586922 -1.299037
v -3.103641 3.586922 -1.299037
v -3.174046 3.435711 -0.313486
v -3.174046 3.572947 -1.141531
v -1.417413 3.240156 -0.355419
v -1.789744 3.374015 -1.162173
v -1.417413 3.374014 -1.162173
v -1.825034 3.240156 -0.355419
v -1.825034 3.208355 -0.214642
v -1.789744 3.387382 -1.312602
v -1.417413 3.387382 -1.312602
v -1.347008 3.240156 -0.355419
v -1.347008 3.374014 -1.162173
v -3.103641 3.240157 -0.355419
v -2.731311 3.374015 -1.162173
v -3.103641 3.374015 -1.162173
v -2.696021 3.240157 -0.355419
v -2.260527 3.374015 -1.162173
v -2.260527 3.240156 -0.355419
v -2.696021 3.208355 -0.214642
v -2.260527 3.208355 -0.214642
v -2.731311 3.387382 -1.312602
v -3.103641 3.387383 -1.312602
v -3.174046 3.240157 -0.355419
v -3.174046 3.374015 -1.162173
v -1.417413 3.169179 0.681715
v -1.789744 3.392698 -0.127414
v -1.417413 3.392698 -0.127414
v -1.825033 3.169179 0.681716
v -1.825033 3.126241 0.822638
v -1.789744 3.429461 -0.281295
v -1.417413 3.429461 -0.281295
v -1.347008 3.169179 0.681715
v -1.347008 3.392698 -0.127414
v -3.103641 3.169179 0.681716
v -2.731311 3.392698 -0.127414
v -3.103641 3.392699 -0.127414
v -2.696021 3.169179 0.681716
v -2.260527 3.392698 -0.127414
v -2.260527 3.169179 0.681716
v -2.696021 3.126241 0.822638
v -2.260527 3.126241 0.822638
v -2.731311 3.429461 -0.281295
v -3.103641 3.429461 -0.281295
v -3.174047 3.169179 0.681716
v -3.174046 3.392699 -0.127414
v -1.417413 2.978581 0.621116
v -1.789744 3.197967 -0.173019
v -1.417413 3.197967 -0.173019
v -1.825033 2.978581 0.621116
v -1.825034 2.936480 0.759466
v -1.789744 3.234058 -0.323927
v -1.417413 3.234057 -0.323927
v -1.347008 2.978581 0.621116
v -1.347008 3.197967 -0.173019
v -3.103641 2.978581 0.621116
v -2.731311 3.197967 -0.173019
v -3.103641 3.197967 -0.173019
v -2.696021 2.978581 0.621116
v -2.260527 3.197967 -0.173019
v -2.260527 2.978581 0.621116
v -2.696021 2.936480 0.759466
v -2.260527 2.936480 0.759466
v -2.731311 3.234058 -0.323927
v -3.103641 3.234058 -0.323927
v -3.174047 2.978581 0.621116
v -3.174046 3.197967 -0.173019
v -1.417413 2.807564 1.646120
v -1.789744 3.112339 0.864069
v -1.417413 3.112339 0.864069
v -1.825033 2.807564 1.646121
v -1.825033 2.748241 1.780968
v -1.789744 3.159622 0.713082
v -1.417413 3.159622 0.713082
v -1.347008 2.807564 1.646120
v -1.347008 3.112339 0.864069
v -3.103641 2.807565 1.646121
v -2.731311 3.112339 0.864069
v -3.103641 3.112339 0.864069
v -2.696021 2.807564 1.646121
v -2.260527 3.112339 0.864069
v -2.260527 2.807564 1.646121
v -2.696021 2.748241 1.780968
v -2.260527 2.748241 1.780968
v -2.731311 3.159622 0.713082
v -3.103641 3.159622 0.713083
v -3.174046 2.807564 1.646121
v -3.174046 3.112339 0.864069
v -1.417413 2.624620 1.565304
v -1.789744 2.922845 0.800097
v -1.417413 2.922845 0.800097
v -1.825034 2.624620 1.565304
v -1.825034 2.566775 1.696882
v -1.789744 2.969207 0.651909
v -1.417413 2.969207 0.651909
v -1.347008 2.624620 1.565304
v -1.347008 2.922845 0.800097
v -3.103641 2.624620 1.565304
v -2.731311 2.922846 0.800097
v -3.103641 2.922846 0.800097
v -2.696021 2.624620 1.565304
v -2.260527 2.922846 0.800097
v -2.260527 2.624620 1.565304
v -2.696021 2.566776 1.696883
v -2.260527 2.566775 1.696882
v -2.731311 2.969207 0.651909
v -3.103641 2.969207 0.651909
v -3.174046 2.624620 1.565304
v -3.174046 2.922846 0.800097
v -1.417413 2.327529 2.556292
v -1.789744 2.730637 1.820983
v -1.417413 2.730637 1.820983
v -1.825034 2.327529 2.556293
v -1.825033 2.245216 2.678469
v -1.789744 2.794360 1.676136
v -1.417413 2.794360 1.676136
v -1.347008 2.327529 2.556292
v -1.347008 2.730637 1.820983
v -3.103641 2.327529 2.556293
v -2.731311 2.730637 1.820983
v -3.103641 2.730637 1.820983
v -2.696021 2.327529 2.556293
v -2.260527 2.730637 1.820983
v -2.260527 2.327529 2.556293
v -2.696021 2.245216 2.678470
v -2.260527 2.245216 2.678470
v -2.731311 2.794360 1.676136
v -3.103641 2.794360 1.676136
v -3.174046 2.327529 2.556293
v -3.174046 2.730637 1.820983
v -1.417413 2.160291 2.446603
v -1.789744 2.549622 1.735933
v -1.417413 2.549621 1.735933
v -1.825034 2.160291 2.446604
v -1.825034 2.081751 2.563234
v -1.789744 2.611739 1.594589
v -1.417413 2.611739 1.594589
v -1.347008 2.160291 2.446603
v -1.347008 2.549621 1.735933
v -3.103641 2.160292 2.446604
v -2.731311 2.549622 1.735933
v -3.103641 2.549622 1.735933
v -2.696021 2.160292 2.446604
v -2.260527 2.549622 1.735933
v -2.260527 2.160292 2.446604
v -2.696021 2.081751 2.563235
v -2.260527 2.081751 2.563234
v -2.731311 2.611740 1.594589
v -3.103641 2.611740 1.594589
v -3.174046 2.160292 2.446604
v -3.174046 2.549622 1.735933
v -1.417413 1.652669 3.326180
v -1.789744 2.220788 2.714728
v -1.417413 2.220788 2.714727
v -1.825033 1.652669 3.326180
v -1.825034 1.535265 3.415171
v -1.789744 2.309207 2.583488
v -1.417413 2.309206 2.583488
v -1.347008 1.652669 3.326180
v -1.347008 2.220788 2.714727
v -3.103641 1.652669 3.326180
v -2.731311 2.220788 2.714728
v -3.103641 2.220788 2.714728
v -2.696021 1.652669 3.326180
v -2.260527 2.220788 2.714728
v -2.260527 1.652669 3.326180
v -2.696021 1.535265 3.415171
v -2.260527 1.535265 3.415171
v -2.731311 2.309207 2.583488
v -3.103641 2.309207 2.583488
v -3.174046 1.652669 3.326180
v -3.174046 2.220788 2.714728
v -1.417413 1.533670 3.165434
v -1.789744 2.058478 2.597871
v -1.417413 2.058478 2.597871
v -1.825034 1.533670 3.165434
v -1.825034 1.429394 3.245491
v -1.789744 2.142793 2.472553
v -1.417413 2.142793 2.472553
v -1.347008 1.533670 3.165434
v -1.347008 2.058478 2.597871
v -3.103641 1.533670 3.165434
v -2.731311 2.058478 2.597871
v -3.103641 2.058478 2.597871
v -2.696021 1.533670 3.165434
v -2.260527 2.058478 2.597871
v -2.260527 1.533670 3.165434
v -2.696021 1.429394 3.245491
v -2.260527 1.429394 3.245491
v -2.731311 2.142793 2.472553
v -3.103641 2.142793 2.472553
v -3.174046 1.533670 3.165434
v -3.174046 2.058478 2.597871
v -1.417413 0.725318 3.505593
v -1.789744 1.500425 3.441579
v -1.417413 1.500425 3.441579
v -1.825033 0.725318 3.505593
v -1.825033 0.625834 3.400685
v -1.789744 1.626535 3.345989
v -1.417413 1.626535 3.345989
v -1.347008 0.725318 3.505593
v -1.347008 1.500425 3.441579
v -3.103641 0.725318 3.505593
v -2.731311 1.500425 3.441579
v -3.103641 1.500425 3.441580
v -2.696021 0.725318 3.505593
v -2.260527 1.500425 3.441579
v -2.260527 0.725318 3.505593
v -2.696021 0.625834 3.400685
v -2.260527 0.625834 3.400685
v -2.731311 1.626536 3.345989
v -3.103641 1.626536 3.345989
v -3.174046 0.725318 3.505593
v -3.174046 1.500425 3.441580
v -1.417413 0.847504 3.347256
v -1.789744 1.398582 3.269451
v -1.417413 1.398582 3.269451
v -1.825033 0.847504 3.347256
v -1.825033 0.779537 3.272719
v -1.789744 1.510397 3.183165
v -1.417413 1.510397 3.183164
v -1.347008 0.847504 3.347256
v -1.347008 1.398582 3.269451
v -3.103641 0.847504 3.347256
v -2.731311 1.398582 3.269452
v -3.103641 1.398582 3.269452
v -2.696021 0.847504 3.347256
v -2.260527 1.398582 3.269452
v -2.260527 0.847504 3.347256
v -2.696021 0.779537 3.272719
v -2.260527 0.779537 3.272719
v -2.731311 1.510397 3.183165
v -3.103641 1.510397 3.183165
v -3.174046 0.847504 3.347256
v -3.174046 1.398582 3.269452
vn -0.0000 0.0596 0.9982
vn -0.0000 -0.7532 0.6578
vn -0.0000 0.6041 0.7969
vn -0.0000 -0.1173 -0.9931
vn -0.0000 -0.1172 -0.9931
vn -0.0000 0.7691 -0.6392
vn -0.0000 -0.6117 -0.7911
vn -0.0000 0.8648 -0.5021
vn -0.0000 -0.7726 -0.6349
vn -0.0000 -0.6269 -0.7791
vn -1.0000 -0.0000 -0.0000
vn -0.0000 0.8189 -0.5740
vn 1.0000 -0.0000 -0.0000
vn -0.0000 -0.9406 0.3396
vn -0.0000 -0.9856 0.1692
vn -0.0000 -0.8090 0.5878
vn -0.0000 0.9432 -0.3322
vn -0.0000 0.9857 -0.1684
vn -0.0000 0.8261 -0.5636
vn -0.0000 0.5888 0.8083
vn -0.0000 -0.2010 -0.9796
vn -0.0000 -0.1746 -0.9846
vn -0.0000 0.7292 0.6843
vn -0.0000 -0.9939 0.1106
vn -0.0000 -0.9983 0.0586
vn -0.0000 -0.9884 0.1518
vn -0.0000 0.9939 -0.1103
vn -0.0000 0.9983 -0.0585
vn -0.0000 0.9886 -0.1509
vn -0.0000 0.1678 0.9858
vn -0.0000 -0.0711 -0.9975
vn -0.0000 -0.0611 -0.9981
vn -0.0000 0.1924 0.9813
vn -0.0000 -0.9994 0.0343
vn -0.0000 -0.9999 0.0147
vn -0.0000 0.9994 -0.0342
vn -0.0000 0.9999 -0.0147
vn -0.0000 0.9983 -0.0586
vn -0.0000 0.0581 0.9983
vn -0.0000 -0.0180 -0.9998
vn -0.0000 -0.0137 -0.9999
vn -0.0000 0.0689 0.9976
vn -0.0000 -1.0000 0.0074
vn -0.0000 -0.9997 0.0262
vn -0.0000 -0.9999 0.0148
vn -0.0000 1.0000 -0.0074
vn -0.0000 0.9997 -0.0262
vn -0.0000 0.0124 0.9999
vn -0.0000 -0.0174 -0.9998
vn -0.0000 -0.0251 -0.9997
vn -0.0000 0.0171 0.9999
vn -0.0000 -0.9995 0.0316
vn -0.0000 -1.0000 0.0058
vn -0.0000 0.9995 -0.0316
vn -0.0000 1.0000 -0.0059
vn -0.0000 0.0273 0.9996
vn -0.0000 -0.0090 -1.0000
vn -0.0000 0.0083 -1.0000
vn -0.0000 0.0191 0.9998
vn -0.0000 -0.9942 -0.1080
vn -0.0000 -0.9603 -0.2789
vn -0.0000 0.9943 0.1062
vn -0.0000 0.9610 0.2767
vn -0.0000 1.0000 -0.0060
vn -0.0000 -0.0134 0.9999
vn -0.0000 0.2582 -0.9661
vn -0.0000 0.3350 -0.9422
vn -0.0000 0.0052 1.0000
vn -0.0000 -0.7465 -0.6653
vn -0.0000 -0.3798 -0.9251
vn -0.0000 -0.9487 -0.3163
vn -0.0000 0.7503 0.6611
vn -0.0000 0.3833 0.9236
vn -0.0000 0.9488 0.3160
vn -0.0000 -0.3631 0.9317
vn -0.0000 0.9066 -0.4219
vn -0.0000 0.9530 -0.3031
vn -0.0000 -0.2732 0.9620
vn -0.0000 -0.0353 -0.9994
vn -0.0000 0.1755 -0.9845
vn -0.0000 -0.3205 -0.9472
vn -0.0000 0.0319 0.9995
vn -0.0000 -0.1753 0.9845
vn -0.0000 0.3177 0.9482
vn -0.0000 -0.9613 0.2756
vn -0.0000 0.9887 0.1497
vn -0.0000 0.9784 0.2065
vn -0.0000 -0.9193 0.3936
vn -0.0000 0.3842 -0.9232
vn -0.0000 0.5887 -0.8084
vn -0.0000 -0.3837 0.9234
vn -0.0000 -0.5903 0.8072
vn -0.0000 -0.1740 0.9847
vn -0.0000 -0.9748 -0.2232
vn -0.0000 0.8391 0.5440
vn -0.0000 0.7982 0.6024
vn -0.0000 -0.9867 -0.1624
vn -0.0000 0.7792 -0.6267
vn -0.0000 0.9095 -0.4157
vn -0.0000 0.6079 -0.7941
vn -0.0000 0.6078 -0.7941
vn -0.0000 -0.7785 0.6276
vn -0.0000 -0.9073 0.4206
vn -0.0000 -0.6099 0.7924
vn -0.0000 -0.7851 -0.6194
vn -0.0000 0.4203 0.9074
vn -0.0000 0.3387 0.9409
vn -0.0000 -0.8309 -0.5565
vn -0.0000 0.9955 -0.0945
vn -0.0000 0.9977 0.0677
vn -0.0000 0.9286 -0.3712
vn -0.0000 -0.9959 0.0909
vn -0.0000 -0.9977 -0.0672
vn -0.0000 -0.9279 0.3729
vn -0.0000 -0.3146 -0.9492
vn -0.0000 -0.0586 0.9983
vn -0.0000 -0.0966 0.9953
vn -0.0000 -0.4023 -0.9155
vn -0.0000 0.9865 0.1635
vn -0.0000 0.9754 0.2203
vn -0.0000 0.9961 0.0884
vn -0.0000 -0.9865 -0.1637
vn -0.0000 -0.9754 -0.2203
vn -0.0000 -0.9961 -0.0885
vn -0.0000 0.1032 -0.9947
vn -0.0000 -0.2097 0.9778
vn -0.0000 -0.2240 0.9746
vn -0.0000 0.0678 -0.9977
vn -0.0000 0.9639 0.2663
vn -0.0000 0.9566 0.2915
vn -0.0000 0.9726 0.2324
vn -0.0000 -0.9639 -0.2663
vn -0.0000 -0.9567 -0.2911
vn -0.0000 -0.9726 -0.2326
vn -0.0000 0.2280 -0.9737
vn -0.0000 -0.3030 0.9530
vn -0.0000 -0.3159 0.9488
vn -0.0000 0.2132 -0.9770
vn -0.0000 0.9317 0.3631
vn -0.0000 0.9153 0.4027
vn -0.0000 0.9543 0.2989
vn -0.0000 -0.9317 -0.3631
vn -0.0000 -0.9154 -0.4024
vn -0.0000 -0.9544 -0.2986
vn -0.0000 0.3199 -0.9475
vn -0.0000 -0.4041 0.9147
vn -0.0000 -0.4204 0.9073
vn -0.0000 0.3059 -0.9521
vn -0.0000 0.8769 0.4807
vn -0.0000 0.8293 0.5587
vn -0.0000 -0.8770 -0.4805
vn -0.0000 -0.8295 -0.5586
vn -0.0000 -0.9155 -0.4023
vn -0.0000 0.4253 -0.9051
vn -0.0000 -0.5484 0.8362
vn -0.0000 -0.5762 0.8173
vn -0.0000 0.4077 -0.9131
vn -0.0000 0.4252 -0.9051
vn -0.0000 0.7326 0.6807
vn -0.0000 -0.7342 -0.6789
vn -0.0000 -0.6090 -0.7932
vn -0.0000 -0.8297 -0.5582
vn -0.0000 0.5843 -0.8116
vn -0.0000 -0.8037 0.5950
vn -0.0000 -0.8484 0.5294
vn -0.0000 0.5547 -0.8321
vn -0.0000 0.0823 0.9966
vn -0.0000 -0.7256 0.6881
vn -0.0000 -0.1398 -0.9902
vn -0.0000 0.7389 -0.6738
vn -0.0000 -0.6109 -0.7917
vn -0.0000 0.8606 -0.5092
vn -0.0000 -0.7917 -0.6109
vn -0.0000 -0.6398 -0.7685
vn -0.0000 0.8141 -0.5807
vt 0.824153 0.677109
vt 0.823481 0.677109
vt 0.823531 0.675911
vt 0.824153 0.675911
vt 0.822949 0.677109
vt 0.822949 0.675911
vt 0.823531 0.675700
vt 0.824153 0.675700
vt 0.823481 0.677335
vt 0.822949 0.677335
vt 0.822849 0.677109
vt 0.822849 0.675911
s 0
usemtl Material.001
f 14/1/1 2/2/1 4/3/1 15/4/1
f 4/3/1 2/2/1 3/5/1 1/6/1
f 15/4/2 4/3/2 5/7/2 17/8/2
f 3/5/3 2/2/3 6/9/3 7/10/3
f 1/6/1 3/5/1 9/11/1 8/12/1
f 14/1/1 15/4/1 13/3/1 11/2/1
f 13/3/1 10/6/1 12/5/1 11/2/1
f 15/4/2 17/8/2 16/7/2 13/3/2
f 12/5/3 19/10/3 18/9/3 11/2/3
f 10/6/1 20/12/1 21/11/1 12/5/1
f 35/1/4 36/4/4 25/3/4 23/2/4
f 25/3/5 22/6/5 24/5/5 23/2/5
f 36/4/6 38/8/6 26/7/6 25/3/6
f 24/5/7 28/10/7 27/9/7 23/2/7
f 22/6/4 29/12/4 30/11/4 24/5/4
f 35/1/5 32/2/5 34/3/5 36/4/5
f 34/3/5 32/2/5 33/5/5 31/6/5
f 36/4/6 34/3/6 37/7/6 38/8/6
f 33/5/7 32/2/7 39/9/7 40/10/7
f 31/6/5 33/5/5 42/11/5 41/12/5
f 2/2/8 14/1/8 35/1/8 23/2/8
f 4/3/9 1/6/9 22/6/9 25/3/9
f 17/8/10 5/7/10 26/7/10 38/8/10
f 5/7/11 4/3/11 25/3/11 26/7/11
f 7/10/12 6/9/12 27/9/12 28/10/12
f 3/5/11 7/10/11 28/10/11 24/5/11
f 6/9/13 2/2/13 23/2/13 27/9/13
f 8/12/11 9/11/11 30/11/11 29/12/11
f 1/6/9 8/12/9 29/12/9 22/6/9
f 9/11/8 3/5/8 24/5/8 30/11/8
f 14/1/8 11/2/8 32/2/8 35/1/8
f 10/6/9 13/3/9 34/3/9 31/6/9
f 16/7/10 17/8/10 38/8/10 37/7/10
f 13/3/13 16/7/13 37/7/13 34/3/13
f 18/9/12 19/10/12 40/10/12 39/9/12
f 19/10/13 12/5/13 33/5/13 40/10/13
f 11/2/11 18/9/11 39/9/11 32/2/11
f 21/11/13 20/12/13 41/12/13 42/11/13
f 20/12/9 10/6/9 31/6/9 41/12/9
f 12/5/8 21/11/8 42/11/8 33/5/8
f 56/1/14 44/2/14 46/3/14 57/4/14
f 46/3/14 44/2/14 45/5/14 43/6/14
f 57/4/15 46/3/15 47/7/15 59/8/15
f 45/5/16 44/2/16 48/9/16 49/10/16
f 43/6/14 45/5/14 51/11/14 50/12/14
f 56/1/14 57/4/14 55/3/14 53/2/14
f 55/3/14 52/6/14 54/5/14 53/2/14
f 57/4/15 59/8/15 58/7/15 55/3/15
f 54/5/16 61/10/16 60/9/16 53/2/16
f 52/6/14 62/12/14 63/11/14 54/5/14
f 77/1/17 78/4/17 67/3/17 65/2/17
f 67/3/17 64/6/17 66/5/17 65/2/17
f 78/4/18 80/8/18 68/7/18 67/3/18
f 66/5/19 70/10/19 69/9/19 65/2/19
f 64/6/17 71/12/17 72/11/17 66/5/17
f 77/1/17 74/2/17 76/3/17 78/4/17
f 76/3/17 74/2/17 75/5/17 73/6/17
f 78/4/18 76/3/18 79/7/18 80/8/18
f 75/5/19 74/2/19 81/9/19 82/10/19
f 73/6/17 75/5/17 84/11/17 83/12/17
f 44/2/20 56/1/20 77/1/20 65/2/20
f 46/3/21 43/6/21 64/6/21 67/3/21
f 59/8/22 47/7/22 68/7/22 80/8/22
f 47/7/11 46/3/11 67/3/11 68/7/11
f 49/10/23 48/9/23 69/9/23 70/10/23
f 45/5/11 49/10/11 70/10/11 66/5/11
f 48/9/13 44/2/13 65/2/13 69/9/13
f 50/12/11 51/11/11 72/11/11 71/12/11
f 43/6/21 50/12/21 71/12/21 64/6/21
f 51/11/20 45/5/20 66/5/20 72/11/20
f 56/1/20 53/2/20 74/2/20 77/1/20
f 52/6/21 55/3/21 76/3/21 73/6/21
f 58/7/22 59/8/22 80/8/22 79/7/22
f 55/3/13 58/7/13 79/7/13 76/3/13
f 60/9/23 61/10/23 82/10/23 81/9/23
f 61/10/13 54/5/13 75/5/13 82/10/13
f 53/2/11 60/9/11 81/9/11 74/2/11
f 63/11/13 62/12/13 83/12/13 84/11/13
f 62/12/21 52/6/21 73/6/21 83/12/21
f 54/5/20 63/11/20 84/11/20 75/5/20
f 98/1/24 86/2/24 88/3/24 99/4/24
f 88/3/24 86/2/24 87/5/24 85/6/24
f 99/4/25 88/3/25 89/7/25 101/8/25
f 87/5/26 86/2/26 90/9/26 91/10/26
f 85/6/24 87/5/24 93/11/24 92/12/24
f 98/1/24 99/4/24 97/3/24 95/2/24
f 97/3/24 94/6/24 96/5/24 95/2/24
f 99/4/25 101/8/25 100/7/25 97/3/25
f 96/5/26 103/10/26 102/9/26 95/2/26
f 94/6/24 104/12/24 105/11/24 96/5/24
f 119/1/27 120/4/27 109/3/27 107/2/27
f 109/3/27 106/6/27 108/5/27 107/2/27
f 120/4/28 122/8/28 110/7/28 109/3/28
f 108/5/29 112/10/29 111/9/29 107/2/29
f 106/6/27 113/12/27 114/11/27 108/5/27
f 119/1/27 116/2/27 118/3/27 120/4/27
f 118/3/27 116/2/27 117/5/27 115/6/27
f 120/4/28 118/3/28 121/7/28 122/8/28
f 117/5/29 116/2/29 123/9/29 124/10/29
f 115/6/27 117/5/27 126/11/27 125/12/27
f 86/2/30 98/1/30 119/1/30 107/2/30
f 88/3/31 85/6/31 106/6/31 109/3/31
f 101/8/32 89/7/32 110/7/32 122/8/32
f 89/7/11 88/3/11 109/3/11 110/7/11
f 91/10/33 90/9/33 111/9/33 112/10/33
f 87/5/11 91/10/11 112/10/11 108/5/11
f 90/9/13 86/2/13 107/2/13 111/9/13
f 92/12/11 93/11/11 114/11/11 113/12/11
f 85/6/31 92/12/31 113/12/31 106/6/31
f 93/11/30 87/5/30 108/5/30 114/11/30
f 98/1/30 95/2/30 116/2/30 119/1/30
f 94/6/31 97/3/31 118/3/31 115/6/31
f 100/7/32 101/8/32 122/8/32 121/7/32
f 97/3/13 100/7/13 121/7/13 118/3/13
f 102/9/33 103/10/33 124/10/33 123/9/33
f 103/10/13 96/5/13 117/5/13 124/10/13
f 95/2/11 102/9/11 123/9/11 116/2/11
f 105/11/13 104/12/13 125/12/13 126/11/13
f 104/12/31 94/6/31 115/6/31 125/12/31
f 96/5/30 105/11/30 126/11/30 117/5/30
f 140/1/34 128/2/34 130/3/34 141/4/34
f 130/3/34 128/2/34 129/5/34 127/6/34
f 141/4/35 130/3/35 131/7/35 143/8/35
f 129/5/25 128/2/25 132/9/25 133/10/25
f 127/6/34 129/5/34 135/11/34 134/12/34
f 140/1/34 141/4/34 139/3/34 137/2/34
f 139/3/34 136/6/34 138/5/34 137/2/34
f 141/4/35 143/8/35 142/7/35 139/3/35
f 138/5/25 145/10/25 144/9/25 137/2/25
f 136/6/34 146/12/34 147/11/34 138/5/34
f 161/1/36 162/4/36 151/3/36 149/2/36
f 151/3/36 148/6/36 150/5/36 149/2/36
f 162/4/37 164/8/37 152/7/37 151/3/37
f 150/5/38 154/10/38 153/9/38 149/2/38
f 148/6/36 155/12/36 156/11/36 150/5/36
f 161/1/36 158/2/36 160/3/36 162/4/36
f 160/3/36 158/2/36 159/5/36 157/6/36
f 162/4/37 160/3/37 163/7/37 164/8/37
f 159/5/38 158/2/38 165/9/38 166/10/38
f 157/6/36 159/5/36 168/11/36 167/12/36
f 128/2/39 140/1/39 161/1/39 149/2/39
f 130/3/40 127/6/40 148/6/40 151/3/40
f 143/8/41 131/7/41 152/7/41 164/8/41
f 131/7/11 130/3/11 151/3/11 152/7/11
f 133/10/42 132/9/42 153/9/42 154/10/42
f 129/5/11 133/10/11 154/10/11 150/5/11
f 132/9/13 128/2/13 149/2/13 153/9/13
f 134/12/11 135/11/11 156/11/11 155/12/11
f 127/6/40 134/12/40 155/12/40 148/6/40
f 135/11/39 129/5/39 150/5/39 156/11/39
f 140/1/39 137/2/39 158/2/39 161/1/39
f 136/6/40 139/3/40 160/3/40 157/6/40
f 142/7/41 143/8/41 164/8/41 163/7/41
f 139/3/13 142/7/13 163/7/13 160/3/13
f 144/9/42 145/10/42 166/10/42 165/9/42
f 145/10/13 138/5/13 159/5/13 166/10/13
f 137/2/11 144/9/11 165/9/11 158/2/11
f 147/11/13 146/12/13 167/12/13 168/11/13
f 146/12/40 136/6/40 157/6/40 167/12/40
f 138/5/39 147/11/39 168/11/39 159/5/39
f 182/1/43 170/2/43 172/3/43 183/4/43
f 172/3/43 170/2/43 171/5/43 169/6/43
f 183/4/44 172/3/44 173/7/44 185/8/44
f 171/5/45 170/2/45 174/9/45 175/10/45
f 169/6/43 171/5/43 177/11/43 176/12/43
f 182/1/43 183/4/43 181/3/43 179/2/43
f 181/3/43 178/6/43 180/5/43 179/2/43
f 183/4/44 185/8/44 184/7/44 181/3/44
f 180/5/45 187/10/45 186/9/45 179/2/45
f 178/6/43 188/12/43 189/11/43 180/5/43
f 203/1/46 204/4/46 193/3/46 191/2/46
f 193/3/46 190/6/46 192/5/46 191/2/46
f 204/4/47 206/8/47 194/7/47 193/3/47
f 192/5/37 196/10/37 195/9/37 191/2/37
f 190/6/46 197/12/46 198/11/46 192/5/46
f 203/1/46 200/2/46 202/3/46 204/4/46
f 202/3/46 200/2/46 201/5/46 199/6/46
f 204/4/47 202/3/47 205/7/47 206/8/47
f 201/5/37 200/2/37 207/9/37 208/10/37
f 199/6/46 201/5/46 210/11/46 209/12/46
f 170/2/48 182/1/48 203/1/48 191/2/48
f 172/3/49 169/6/49 190/6/49 193/3/49
f 185/8/50 173/7/50 194/7/50 206/8/50
f 173/7/11 172/3/11 193/3/11 194/7/11
f 175/10/51 174/9/51 195/9/51 196/10/51
f 171/5/11 175/10/11 196/10/11 192/5/11
f 174/9/13 170/2/13 191/2/13 195/9/13
f 176/12/11 177/11/11 198/11/11 197/12/11
f 169/6/49 176/12/49 197/12/49 190/6/49
f 177/11/48 171/5/48 192/5/48 198/11/48
f 182/1/48 179/2/48 200/2/48 203/1/48
f 178/6/49 181/3/49 202/3/49 199/6/49
f 184/7/50 185/8/50 206/8/50 205/7/50
f 181/3/13 184/7/13 205/7/13 202/3/13
f 186/9/51 187/10/51 208/10/51 207/9/51
f 187/10/13 180/5/13 201/5/13 208/10/13
f 179/2/11 186/9/11 207/9/11 200/2/11
f 189/11/13 188/12/13 209/12/13 210/11/13
f 188/12/49 178/6/49 199/6/49 209/12/49
f 180/5/48 189/11/48 210/11/48 201/5/48
f 224/1/52 212/2/52 214/3/52 225/4/52
f 214/3/52 212/2/52 213/5/52 211/6/52
f 225/4/53 214/3/53 215/7/53 227/8/53
f 213/5/44 212/2/44 216/9/44 217/10/44
f 211/6/52 213/5/52 219/11/52 218/12/52
f 224/1/52 225/4/52 223/3/52 221/2/52
f 223/3/52 220/6/52 222/5/52 221/2/52
f 225/4/53 227/8/53 226/7/53 223/3/53
f 222/5/44 229/10/44 228/9/44 221/2/44
f 220/6/52 230/12/52 231/11/52 222/5/52
f 245/1/54 246/4/54 235/3/54 233/2/54
f 235/3/54 232/6/54 234/5/54 233/2/54
f 246/4/55 248/8/55 236/7/55 235/3/55
f 234/5/47 238/10/47 237/9/47 233/2/47
f 232/6/54 239/12/54 240/11/54 234/5/54
f 245/1/54 242/2/54 244/3/54 246/4/54
f 244/3/54 242/2/54 243/5/54 241/6/54
f 246/4/55 244/3/55 247/7/55 248/8/55
f 243/5/47 242/2/47 249/9/47 250/10/47
f 241/6/54 243/5/54 252/11/54 251/12/54
f 212/2/56 224/1/56 245/1/56 233/2/56
f 214/3/57 211/6/57 232/6/57 235/3/57
f 227/8/58 215/7/58 236/7/58 248/8/58
f 215/7/11 214/3/11 235/3/11 236/7/11
f 217/10/59 216/9/59 237/9/59 238/10/59
f 213/5/11 217/10/11 238/10/11 234/5/11
f 216/9/13 212/2/13 233/2/13 237/9/13
f 218/12/11 219/11/11 240/11/11 239/12/11
f 211/6/57 218/12/57 239/12/57 232/6/57
f 219/11/56 213/5/56 234/5/56 240/11/56
f 224/1/56 221/2/56 242/2/56 245/1/56
f 220/6/57 223/3/57 244/3/57 241/6/57
f 226/7/58 227/8/58 248/8/58 247/7/58
f 223/3/13 226/7/13 247/7/13 244/3/13
f 228/9/59 229/10/59 250/10/59 249/9/59
f 229/10/13 222/5/13 243/5/13 250/10/13
f 221/2/11 228/9/11 249/9/11 242/2/11
f 231/11/13 230/12/13 251/12/13 252/11/13
f 230/12/57 220/6/57 241/6/57 251/12/57
f 222/5/56 231/11/56 252/11/56 243/5/56
f 266/1/60 254/2/60 256/3/60 267/4/60
f 256/3/60 254/2/60 255/5/60 253/6/60
f 267/4/61 256/3/61 257/7/61 269/8/61
f 255/5/53 254/2/53 258/9/53 259/10/53
f 253/6/60 255/5/60 261/11/60 260/12/60
f 266/1/60 267/4/60 265/3/60 263/2/60
f 265/3/60 262/6/60 264/5/60 263/2/60
f 267/4/61 269/8/61 268/7/61 265/3/61
f 264/5/53 271/10/53 270/9/53 263/2/53
f 262/6/60 272/12/60 273/11/60 264/5/60
f 287/1/62 288/4/62 277/3/62 275/2/62
f 277/3/62 274/6/62 276/5/62 275/2/62
f 288/4/63 290/8/63 278/7/63 277/3/63
f 276/5/64 280/10/64 279/9/64 275/2/64
f 274/6/62 281/12/62 282/11/62 276/5/62
f 287/1/62 284/2/62 286/3/62 288/4/62
f 286/3/62 284/2/62 285/5/62 283/6/62
f 288/4/63 286/3/63 289/7/63 290/8/63
f 285/5/64 284/2/64 291/9/64 292/10/64
f 283/6/62 285/5/62 294/11/62 293/12/62
f 254/2/65 266/1/65 287/1/65 275/2/65
f 256/3/66 253/6/66 274/6/66 277/3/66
f 269/8/67 257/7/67 278/7/67 290/8/67
f 257/7/11 256/3/11 277/3/11 278/7/11
f 259/10/68 258/9/68 279/9/68 280/10/68
f 255/5/11 259/10/11 280/10/11 276/5/11
f 258/9/13 254/2/13 275/2/13 279/9/13
f 260/12/11 261/11/11 282/11/11 281/12/11
f 253/6/66 260/12/66 281/12/66 274/6/66
f 261/11/65 255/5/65 276/5/65 282/11/65
f 266/1/65 263/2/65 284/2/65 287/1/65
f 262/6/66 265/3/66 286/3/66 283/6/66
f 268/7/67 269/8/67 290/8/67 289/7/67
f 265/3/13 268/7/13 289/7/13 286/3/13
f 270/9/68 271/10/68 292/10/68 291/9/68
f 271/10/13 264/5/13 285/5/13 292/10/13
f 263/2/11 270/9/11 291/9/11 284/2/11
f 273/11/13 272/12/13 293/12/13 294/11/13
f 272/12/66 262/6/66 283/6/66 293/12/66
f 264/5/65 273/11/65 294/11/65 285/5/65
f 308/1/69 296/2/69 298/3/69 309/4/69
f 298/3/69 296/2/69 297/5/69 295/6/69
f 309/4/70 298/3/70 299/7/70 311/8/70
f 297/5/71 296/2/71 300/9/71 301/10/71
f 295/6/69 297/5/69 303/11/69 302/12/69
f 308/1/69 309/4/69 307/3/69 305/2/69
f 307/3/69 304/6/69 306/5/69 305/2/69
f 309/4/70 311/8/70 310/7/70 307/3/70
f 306/5/71 313/10/71 312/9/71 305/2/71
f 304/6/69 314/12/69 315/11/69 306/5/69
f 329/1/72 330/4/72 319/3/72 317/2/72
f 319/3/72 316/6/72 318/5/72 317/2/72
f 330/4/73 332/8/73 320/7/73 319/3/73
f 318/5/74 322/10/74 321/9/74 317/2/74
f 316/6/72 323/12/72 324/11/72 318/5/72
f 329/1/72 326/2/72 328/3/72 330/4/72
f 328/3/72 326/2/72 327/5/72 325/6/72
f 330/4/73 328/3/73 331/7/73 332/8/73
f 327/5/74 326/2/74 333/9/74 334/10/74
f 325/6/72 327/5/72 336/11/72 335/12/72
f 296/2/75 308/1/75 329/1/75 317/2/75
f 298/3/76 295/6/76 316/6/76 319/3/76
f 311/8/77 299/7/77 320/7/77 332/8/77
f 299/7/11 298/3/11 319/3/11 320/7/11
f 301/10/78 300/9/78 321/9/78 322/10/78
f 297/5/11 301/10/11 322/10/11 318/5/11
f 300/9/13 296/2/13 317/2/13 321/9/13
f 302/12/11 303/11/11 324/11/11 323/12/11
f 295/6/76 302/12/76 323/12/76 316/6/76
f 303/11/75 297/5/75 318/5/75 324/11/75
f 308/1/75 305/2/75 326/2/75 329/1/75
f 304/6/76 307/3/76 328/3/76 325/6/76
f 310/7/77 311/8/77 332/8/77 331/7/77
f 307/3/13 310/7/13 331/7/13 328/3/13
f 312/9/78 313/10/78 334/10/78 333/9/78
f 313/10/13 306/5/13 327/5/13 334/10/13
f 305/2/11 312/9/11 333/9/11 326/2/11
f 315/11/13 314/12/13 335/12/13 336/11/13
f 314/12/76 304/6/76 325/6/76 335/12/76
f 306/5/75 315/11/75 336/11/75 327/5/75
f 350/1/79 338/2/79 340/3/79 351/4/79
f 340/3/79 338/2/79 339/5/79 337/6/79
f 351/4/80 340/3/80 341/7/80 353/8/80
f 339/5/81 338/2/81 342/9/81 343/10/81
f 337/6/79 339/5/79 345/11/79 344/12/79
f 350/1/79 351/4/79 349/3/79 347/2/79
f 349/3/79 346/6/79 348/5/79 347/2/79
f 351/4/80 353/8/80 352/7/80 349/3/80
f 348/5/81 355/10/81 354/9/81 347/2/81
f 346/6/79 356/12/79 357/11/79 348/5/79
f 371/1/82 372/4/82 361/3/82 359/2/82
f 361/3/82 358/6/82 360/5/82 359/2/82
f 372/4/83 374/8/83 362/7/83 361/3/83
f 360/5/84 364/10/84 363/9/84 359/2/84
f 358/6/82 365/12/82 366/11/82 360/5/82
f 371/1/82 368/2/82 370/3/82 372/4/82
f 370/3/82 368/2/82 369/5/82 367/6/82
f 372/4/83 370/3/83 373/7/83 374/8/83
f 369/5/84 368/2/84 375/9/84 376/10/84
f 367/6/82 369/5/82 378/11/82 377/12/82
f 338/2/85 350/1/85 371/1/85 359/2/85
f 340/3/86 337/6/86 358/6/86 361/3/86
f 353/8/87 341/7/87 362/7/87 374/8/87
f 341/7/11 340/3/11 361/3/11 362/7/11
f 343/10/88 342/9/88 363/9/88 364/10/88
f 339/5/11 343/10/11 364/10/11 360/5/11
f 342/9/13 338/2/13 359/2/13 363/9/13
f 344/12/11 345/11/11 366/11/11 365/12/11
f 337/6/86 344/12/86 365/12/86 358/6/86
f 345/11/85 339/5/85 360/5/85 366/11/85
f 350/1/85 347/2/85 368/2/85 371/1/85
f 346/6/86 349/3/86 370/3/86 367/6/86
f 352/7/87 353/8/87 374/8/87 373/7/87
f 349/3/13 352/7/13 373/7/13 370/3/13
f 354/9/88 355/10/88 376/10/88 375/9/88
f 355/10/13 348/5/13 369/5/13 376/10/13
f 347/2/11 354/9/11 375/9/11 368/2/11
f 357/11/13 356/12/13 377/12/13 378/11/13
f 356/12/86 346/6/86 367/6/86 377/12/86
f 348/5/85 357/11/85 378/11/85 369/5/85
f 392/1/89 380/2/89 382/3/89 393/4/89
f 382/3/89 380/2/89 381/5/89 379/6/89
f 393/4/90 382/3/90 383/7/90 395/8/90
f 381/5/80 380/2/80 384/9/80 385/10/80
f 379/6/89 381/5/89 387/11/89 386/12/89
f 392/1/89 393/4/89 391/3/89 389/2/89
f 391/3/89 388/6/89 390/5/89 389/2/89
f 393/4/90 395/8/90 394/7/90 391/3/90
f 390/5/80 397/10/80 396/9/80 389/2/80
f 388/6/89 398/12/89 399/11/89 390/5/89
f 413/1/91 414/4/91 403/3/91 401/2/91
f 403/3/91 400/6/91 402/5/91 401/2/91
f 414/4/92 416/8/92 404/7/92 403/3/92
f 402/5/93 406/10/93 405/9/93 401/2/93
f 400/6/91 407/12/91 408/11/91 402/5/91
f 413/1/91 410/2/91 412/3/91 414/4/91
f 412/3/91 410/2/91 411/5/91 409/6/91
f 414/4/92 412/3/92 415/7/92 416/8/92
f 411/5/93 410/2/93 417/9/93 418/10/93
f 409/6/91 411/5/91 420/11/91 419/12/91
f 380/2/94 392/1/94 413/1/94 401/2/94
f 382/3/95 379/6/95 400/6/95 403/3/95
f 395/8/96 383/7/96 404/7/96 416/8/96
f 383/7/11 382/3/11 403/3/11 404/7/11
f 385/10/97 384/9/97 405/9/97 406/10/97
f 381/5/11 385/10/11 406/10/11 402/5/11
f 384/9/13 380/2/13 401/2/13 405/9/13
f 386/12/11 387/11/11 408/11/11 407/12/11
f 379/6/95 386/12/95 407/12/95 400/6/95
f 387/11/94 381/5/94 402/5/94 408/11/94
f 392/1/94 389/2/94 410/2/94 413/1/94
f 388/6/95 391/3/95 412/3/95 409/6/95
f 394/7/96 395/8/96 416/8/96 415/7/96
f 391/3/13 394/7/13 415/7/13 412/3/13
f 396/9/97 397/10/97 418/10/97 417/9/97
f 397/10/13 390/5/13 411/5/13 418/10/13
f 389/2/11 396/9/11 417/9/11 410/2/11
f 399/11/13 398/12/13 419/12/13 420/11/13
f 398/12/95 388/6/95 409/6/95 419/12/95
f 390/5/94 399/11/94 420/11/94 411/5/94
f 434/1/98 422/2/98 424/3/98 435/4/98
f 424/3/98 422/2/98 423/5/98 421/6/98
f 435/4/99 424/3/99 425/7/99 437/8/99
f 423/5/100 422/2/100 426/9/100 427/10/100
f 421/6/98 423/5/98 429/11/98 428/12/98
f 434/1/98 435/4/98 433/3/98 431/2/98
f 433/3/98 430/6/98 432/5/98 431/2/98
f 435/4/99 437/8/99 436/7/99 433/3/99
f 432/5/101 439/10/101 438/9/101 431/2/101
f 430/6/98 440/12/98 441/11/98 432/5/98
f 455/1/102 456/4/102 445/3/102 443/2/102
f 445/3/102 442/6/102 444/5/102 443/2/102
f 456/4/103 458/8/103 446/7/103 445/3/103
f 444/5/104 448/10/104 447/9/104 443/2/104
f 442/6/102 449/12/102 450/11/102 444/5/102
f 455/1/102 452/2/102 454/3/102 456/4/102
f 454/3/102 452/2/102 453/5/102 451/6/102
f 456/4/103 454/3/103 457/7/103 458/8/103
f 453/5/104 452/2/104 459/9/104 460/10/104
f 451/6/102 453/5/102 462/11/102 461/12/102
f 422/2/105 434/1/105 455/1/105 443/2/105
f 424/3/106 421/6/106 442/6/106 445/3/106
f 437/8/107 425/7/107 446/7/107 458/8/107
f 425/7/11 424/3/11 445/3/11 446/7/11
f 427/10/108 426/9/108 447/9/108 448/10/108
f 423/5/11 427/10/11 448/10/11 444/5/11
f 426/9/13 422/2/13 443/2/13 447/9/13
f 428/12/11 429/11/11 450/11/11 449/12/11
f 421/6/106 428/12/106 449/12/106 442/6/106
f 429/11/105 423/5/105 444/5/105 450/11/105
f 434/1/105 431/2/105 452/2/105 455/1/105
f 430/6/106 433/3/106 454/3/106 451/6/106
f 436/7/107 437/8/107 458/8/107 457/7/107
f 433/3/13 436/7/13 457/7/13 454/3/13
f 438/9/108 439/10/108 460/10/108 459/9/108
f 439/10/13 432/5/13 453/5/13 460/10/13
f 431/2/11 438/9/11 459/9/11 452/2/11
f 441/11/13 440/12/13 461/12/13 462/11/13
f 440/12/106 430/6/106 451/6/106 461/12/106
f 432/5/105 441/11/105 462/11/105 453/5/105
f 476/1/109 464/2/109 466/3/109 477/4/109
f 466/3/109 464/2/109 465/5/109 463/6/109
f 477/4/110 466/3/110 467/7/110 479/8/110
f 465/5/111 464/2/111 468/9/111 469/10/111
f 463/6/109 465/5/109 471/11/109 470/12/109
f 476/1/109 477/4/109 475/3/109 473/2/109
f 475/3/109 472/6/109 474/5/109 473/2/109
f 477/4/110 479/8/110 478/7/110 475/3/110
f 474/5/111 481/10/111 480/9/111 473/2/111
f 472/6/109 482/12/109 483/11/109 474/5/109
f 497/1/112 498/4/112 487/3/112 485/2/112
f 487/3/112 484/6/112 486/5/112 485/2/112
f 498/4/113 500/8/113 488/7/113 487/3/113
f 486/5/114 490/10/114 489/9/114 485/2/114
f 484/6/112 491/12/112 492/11/112 486/5/112
f 497/1/112 494/2/112 496/3/112 498/4/112
f 496/3/112 494/2/112 495/5/112 493/6/112
f 498/4/113 496/3/113 499/7/113 500/8/113
f 495/5/114 494/2/114 501/9/114 502/10/114
f 493/6/112 495/5/112 504/11/112 503/12/112
f 464/2/115 476/1/115 497/1/115 485/2/115
f 466/3/116 463/6/116 484/6/116 487/3/116
f 479/8/117 467/7/117 488/7/117 500/8/117
f 467/7/11 466/3/11 487/3/11 488/7/11
f 469/10/118 468/9/118 489/9/118 490/10/118
f 465/5/11 469/10/11 490/10/11 486/5/11
f 468/9/13 464/2/13 485/2/13 489/9/13
f 470/12/11 471/11/11 492/11/11 491/12/11
f 463/6/116 470/12/116 491/12/116 484/6/116
f 471/11/115 465/5/115 486/5/115 492/11/115
f 476/1/115 473/2/115 494/2/115 497/1/115
f 472/6/116 475/3/116 496/3/116 493/6/116
f 478/7/117 479/8/117 500/8/117 499/7/117
f 475/3/13 478/7/13 499/7/13 496/3/13
f 480/9/118 481/10/118 502/10/118 501/9/118
f 481/10/13 474/5/13 495/5/13 502/10/13
f 473/2/11 480/9/11 501/9/11 494/2/11
f 483/11/13 482/12/13 503/12/13 504/11/13
f 482/12/116 472/6/116 493/6/116 503/12/116
f 474/5/115 483/11/115 504/11/115 495/5/115
f 518/1/119 506/2/119 508/3/119 519/4/119
f 508/3/119 506/2/119 507/5/119 505/6/119
f 519/4/120 508/3/120 509/7/120 521/8/120
f 507/5/121 506/2/121 510/9/121 511/10/121
f 505/6/119 507/5/119 513/11/119 512/12/119
f 518/1/119 519/4/119 517/3/119 515/2/119
f 517/3/119 514/6/119 516/5/119 515/2/119
f 519/4/120 521/8/120 520/7/120 517/3/120
f 516/5/121 523/10/121 522/9/121 515/2/121
f 514/6/119 524/12/119 525/11/119 516/5/119
f 539/1/122 540/4/122 529/3/122 527/2/122
f 529/3/122 526/6/122 528/5/122 527/2/122
f 540/4/123 542/8/123 530/7/123 529/3/123
f 528/5/124 532/10/124 531/9/124 527/2/124
f 526/6/122 533/12/122 534/11/122 528/5/122
f 539/1/122 536/2/122 538/3/122 540/4/122
f 538/3/122 536/2/122 537/5/122 535/6/122
f 540/4/123 538/3/123 541/7/123 542/8/123
f 537/5/124 536/2/124 543/9/124 544/10/124
f 535/6/122 537/5/122 546/11/122 545/12/122
f 506/2/125 518/1/125 539/1/125 527/2/125
f 508/3/126 505/6/126 526/6/126 529/3/126
f 521/8/127 509/7/127 530/7/127 542/8/127
f 509/7/11 508/3/11 529/3/11 530/7/11
f 511/10/128 510/9/128 531/9/128 532/10/128
f 507/5/11 511/10/11 532/10/11 528/5/11
f 510/9/13 506/2/13 527/2/13 531/9/13
f 512/12/11 513/11/11 534/11/11 533/12/11
f 505/6/126 512/12/126 533/12/126 526/6/126
f 513/11/125 507/5/125 528/5/125 534/11/125
f 518/1/125 515/2/125 536/2/125 539/1/125
f 514/6/126 517/3/126 538/3/126 535/6/126
f 520/7/127 521/8/127 542/8/127 541/7/127
f 517/3/13 520/7/13 541/7/13 538/3/13
f 522/9/128 523/10/128 544/10/128 543/9/128
f 523/10/13 516/5/13 537/5/13 544/10/13
f 515/2/11 522/9/11 543/9/11 536/2/11
f 525/11/13 524/12/13 545/12/13 546/11/13
f 524/12/126 514/6/126 535/6/126 545/12/126
f 516/5/125 525/11/125 546/11/125 537/5/125
f 560/1/129 548/2/129 550/3/129 561/4/129
f 550/3/129 548/2/129 549/5/129 547/6/129
f 561/4/130 550/3/130 551/7/130 563/8/130
f 549/5/131 548/2/131 552/9/131 553/10/131
f 547/6/129 549/5/129 555/11/129 554/12/129
f 560/1/129 561/4/129 559/3/129 557/2/129
f 559/3/129 556/6/129 558/5/129 557/2/129
f 561/4/130 563/8/130 562/7/130 559/3/130
f 558/5/131 565/10/131 564/9/131 557/2/131
f 556/6/129 566/12/129 567/11/129 558/5/129
f 581/1/132 582/4/132 571/3/132 569/2/132
f 571/3/132 568/6/132 570/5/132 569/2/132
f 582/4/133 584/8/133 572/7/133 571/3/133
f 570/5/134 574/10/134 573/9/134 569/2/134
f 568/6/132 575/12/132 576/11/132 570/5/132
f 581/1/132 578/2/132 580/3/132 582/4/132
f 580/3/132 578/2/132 579/5/132 577/6/132
f 582/4/133 580/3/133 583/7/133 584/8/133
f 579/5/134 578/2/134 585/9/134 586/10/134
f 577/6/132 579/5/132 588/11/132 587/12/132
f 548/2/135 560/1/135 581/1/135 569/2/135
f 550/3/136 547/6/136 568/6/136 571/3/136
f 563/8/137 551/7/137 572/7/137 584/8/137
f 551/7/11 550/3/11 571/3/11 572/7/11
f 553/10/138 552/9/138 573/9/138 574/10/138
f 549/5/11 553/10/11 574/10/11 570/5/11
f 552/9/13 548/2/13 569/2/13 573/9/13
f 554/12/11 555/11/11 576/11/11 575/12/11
f 547/6/136 554/12/136 575/12/136 568/6/136
f 555/11/135 549/5/135 570/5/135 576/11/135
f 560/1/135 557/2/135 578/2/135 581/1/135
f 556/6/136 559/3/136 580/3/136 577/6/136
f 562/7/137 563/8/137 584/8/137 583/7/137
f 559/3/13 562/7/13 583/7/13 580/3/13
f 564/9/138 565/10/138 586/10/138 585/9/138
f 565/10/13 558/5/13 579/5/13 586/10/13
f 557/2/11 564/9/11 585/9/11 578/2/11
f 567/11/13 566/12/13 587/12/13 588/11/13
f 566/12/136 556/6/136 577/6/136 587/12/136
f 558/5/135 567/11/135 588/11/135 579/5/135
f 602/1/139 590/2/139 592/3/139 603/4/139
f 592/3/139 590/2/139 591/5/139 589/6/139
f 603/4/140 592/3/140 593/7/140 605/8/140
f 591/5/141 590/2/141 594/9/141 595/10/141
f 589/6/139 591/5/139 597/11/139 596/12/139
f 602/1/139 603/4/139 601/3/139 599/2/139
f 601/3/139 598/6/139 600/5/139 599/2/139
f 603/4/140 605/8/140 604/7/140 601/3/140
f 600/5/141 607/10/141 606/9/141 599/2/141
f 598/6/139 608/12/139 609/11/139 600/5/139
f 623/1/142 624/4/142 613/3/142 611/2/142
f 613/3/142 610/6/142 612/5/142 611/2/142
f 624/4/143 626/8/143 614/7/143 613/3/143
f 612/5/144 616/10/144 615/9/144 611/2/144
f 610/6/142 617/12/142 618/11/142 612/5/142
f 623/1/142 620/2/142 622/3/142 624/4/142
f 622/3/142 620/2/142 621/5/142 619/6/142
f 624/4/143 622/3/143 625/7/143 626/8/143
f 621/5/144 620/2/144 627/9/144 628/10/144
f 619/6/142 621/5/142 630/11/142 629/12/142
f 590/2/145 602/1/145 623/1/145 611/2/145
f 592/3/146 589/6/146 610/6/146 613/3/146
f 605/8/147 593/7/147 614/7/147 626/8/147
f 593/7/11 592/3/11 613/3/11 614/7/11
f 595/10/148 594/9/148 615/9/148 616/10/148
f 591/5/11 595/10/11 616/10/11 612/5/11
f 594/9/13 590/2/13 611/2/13 615/9/13
f 596/12/11 597/11/11 618/11/11 617/12/11
f 589/6/146 596/12/146 617/12/146 610/6/146
f 597/11/145 591/5/145 612/5/145 618/11/145
f 602/1/145 599/2/145 620/2/145 623/1/145
f 598/6/146 601/3/146 622/3/146 619/6/146
f 604/7/147 605/8/147 626/8/147 625/7/147
f 601/3/13 604/7/13 625/7/13 622/3/13
f 606/9/148 607/10/148 628/10/148 627/9/148
f 607/10/13 600/5/13 621/5/13 628/10/13
f 599/2/11 606/9/11 627/9/11 620/2/11
f 609/11/13 608/12/13 629/12/13 630/11/13
f 608/12/146 598/6/146 619/6/146 629/12/146
f 600/5/145 609/11/145 630/11/145 621/5/145
f 644/1/149 632/2/149 634/3/149 645/4/149
f 634/3/149 632/2/149 633/5/149 631/6/149
f 645/4/150 634/3/150 635/7/150 647/8/150
f 633/5/140 632/2/140 636/9/140 637/10/140
f 631/6/149 633/5/149 639/11/149 638/12/149
f 644/1/149 645/4/149 643/3/149 641/2/149
f 643/3/149 640/6/149 642/5/149 641/2/149
f 645/4/150 647/8/150 646/7/150 643/3/150
f 642/5/140 649/10/140 648/9/140 641/2/140
f 640/6/149 650/12/149 651/11/149 642/5/149
f 665/1/151 666/4/151 655/3/151 653/2/151
f 655/3/151 652/6/151 654/5/151 653/2/151
f 666/4/152 668/8/152 656/7/152 655/3/152
f 654/5/153 658/10/153 657/9/153 653/2/153
f 652/6/151 659/12/151 660/11/151 654/5/151
f 665/1/151 662/2/151 664/3/151 666/4/151
f 664/3/151 662/2/151 663/5/151 661/6/151
f 666/4/152 664/3/152 667/7/152 668/8/152
f 663/5/153 662/2/153 669/9/153 670/10/153
f 661/6/151 663/5/151 672/11/151 671/12/151
f 632/2/154 644/1/154 665/1/154 653/2/154
f 634/3/155 631/6/155 652/6/155 655/3/155
f 647/8/156 635/7/156 656/7/156 668/8/156
f 635/7/11 634/3/11 655/3/11 656/7/11
f 637/10/157 636/9/157 657/9/157 658/10/157
f 633/5/11 637/10/11 658/10/11 654/5/11
f 636/9/13 632/2/13 653/2/13 657/9/13
f 638/12/11 639/11/11 660/11/11 659/12/11
f 631/6/155 638/12/155 659/12/155 652/6/155
f 639/11/158 633/5/158 654/5/158 660/11/158
f 644/1/158 641/2/158 662/2/158 665/1/158
f 640/6/155 643/3/155 664/3/155 661/6/155
f 646/7/156 647/8/156 668/8/156 667/7/156
f 643/3/13 646/7/13 667/7/13 664/3/13
f 648/9/157 649/10/157 670/10/157 669/9/157
f 649/10/13 642/5/13 663/5/13 670/10/13
f 641/2/11 648/9/11 669/9/11 662/2/11
f 651/11/13 650/12/13 671/12/13 672/11/13
f 650/12/155 640/6/155 661/6/155 671/12/155
f 642/5/158 651/11/158 672/11/158 663/5/158
f 686/1/159 674/2/159 676/3/159 687/4/159
f 676/3/159 674/2/159 675/5/159 673/6/159
f 687/4/3 676/3/3 677/7/3 689/8/3
f 675/5/150 674/2/150 678/9/150 679/10/150
f 673/6/159 675/5/159 681/11/159 680/12/159
f 686/1/159 687/4/159 685/3/159 683/2/159
f 685/3/159 682/6/159 684/5/159 683/2/159
f 687/4/3 689/8/3 688/7/3 685/3/3
f 684/5/150 691/10/150 690/9/150 683/2/150
f 682/6/159 692/12/159 693/11/159 684/5/159
f 707/1/160 708/4/160 697/3/160 695/2/160
f 697/3/160 694/6/160 696/5/160 695/2/160
f 708/4/161 710/8/161 698/7/161 697/3/161
f 696/5/162 700/10/162 699/9/162 695/2/162
f 694/6/160 701/12/160 702/11/160 696/5/160
f 707/1/160 704/2/160 706/3/160 708/4/160
f 706/3/160 704/2/160 705/5/160 703/6/160
f 708/4/161 706/3/161 709/7/161 710/8/161
f 705/5/162 704/2/162 711/9/162 712/10/162
f 703/6/160 705/5/160 714/11/160 713/12/160
f 674/2/163 686/1/163 707/1/163 695/2/163
f 676/3/164 673/6/164 694/6/164 697/3/164
f 689/8/165 677/7/165 698/7/165 710/8/165
f 677/7/11 676/3/11 697/3/11 698/7/11
f 679/10/166 678/9/166 699/9/166 700/10/166
f 675/5/11 679/10/11 700/10/11 696/5/11
f 678/9/13 674/2/13 695/2/13 699/9/13
f 680/12/11 681/11/11 702/11/11 701/12/11
f 673/6/164 680/12/164 701/12/164 694/6/164
f 681/11/163 675/5/163 696/5/163 702/11/163
f 686/1/163 683/2/163 704/2/163 707/1/163
f 682/6/164 685/3/164 706/3/164 703/6/164
f 688/7/165 689/8/165 710/8/165 709/7/165
f 685/3/13 688/7/13 709/7/13 706/3/13
f 690/9/166 691/10/166 712/10/166 711/9/166
f 691/10/13 684/5/13 705/5/13 712/10/13
f 683/2/11 690/9/11 711/9/11 704/2/11
f 693/11/13 692/12/13 713/12/13 714/11/13
f 692/12/164 682/6/164 703/6/164 713/12/164
f 684/5/163 693/11/163 714/11/163 705/5/163
f 728/1/167 716/2/167 718/3/167 729/4/167
f 718/3/167 716/2/167 717/5/167 715/6/167
f 729/4/168 718/3/168 719/7/168 731/8/168
f 717/5/3 716/2/3 720/9/3 721/10/3
f 715/6/167 717/5/167 723/11/167 722/12/167
f 728/1/167 729/4/167 727/3/167 725/2/167
f 727/3/167 724/6/167 726/5/167 725/2/167
f 729/4/168 731/8/168 730/7/168 727/3/168
f 726/5/3 733/10/3 732/9/3 725/2/3
f 724/6/167 734/12/167 735/11/167 726/5/167
f 749/1/169 750/4/169 739/3/169 737/2/169
f 739/3/169 736/6/169 738/5/169 737/2/169
f 750/4/170 752/8/170 740/7/170 739/3/170
f 738/5/171 742/10/171 741/9/171 737/2/171
f 736/6/169 743/12/169 744/11/169 738/5/169
f 749/1/169 746/2/169 748/3/169 750/4/169
f 748/3/169 746/2/169 747/5/169 745/6/169
f 750/4/170 748/3/170 751/7/170 752/8/170
f 747/5/171 746/2/171 753/9/171 754/10/171
f 745/6/169 747/5/169 756/11/169 755/12/169
f 716/2/172 728/1/172 749/1/172 737/2/172
f 718/3/173 715/6/173 736/6/173 739/3/173
f 731/8/174 719/7/174 740/7/174 752/8/174
f 719/7/11 718/3/11 739/3/11 740/7/11
f 721/10/175 720/9/175 741/9/175 742/10/175
f 717/5/11 721/10/11 742/10/11 738/5/11
f 720/9/13 716/2/13 737/2/13 741/9/13
f 722/12/11 723/11/11 744/11/11 743/12/11
f 715/6/173 722/12/173 743/12/173 736/6/173
f 723/11/172 717/5/172 738/5/172 744/11/172
f 728/1/172 725/2/172 746/2/172 749/1/172
f 724/6/173 727/3/173 748/3/173 745/6/173
f 730/7/174 731/8/174 752/8/174 751/7/174
f 727/3/13 730/7/13 751/7/13 748/3/13
f 732/9/175 733/10/175 754/10/175 753/9/175
f 733/10/13 726/5/13 747/5/13 754/10/13
f 725/2/11 732/9/11 753/9/11 746/2/11
f 735/11/13 734/12/13 755/12/13 756/11/13
f 734/12/173 724/6/173 745/6/173 755/12/173
f 726/5/172 735/11/172 756/11/172 747/5/172
f 770/1/1 771/4/1 760/3/1 758/2/1
f 760/3/1 757/6/1 759/5/1 758/2/1
f 771/4/2 773/8/2 761/7/2 760/3/2
f 759/5/3 763/10/3 762/9/3 758/2/3
f 757/6/1 764/12/1 765/11/1 759/5/1
f 770/1/1 767/2/1 769/3/1 771/4/1
f 769/3/1 767/2/1 768/5/1 766/6/1
f 771/4/2 769/3/2 772/7/2 773/8/2
f 768/5/3 767/2/3 774/9/3 775/10/3
f 766/6/1 768/5/1 777/11/1 776/12/1
f 791/1/5 779/2/5 781/3/5 792/4/5
f 781/3/5 779/2/5 780/5/5 778/6/5
f 792/4/6 781/3/6 782/7/6 794/8/6
f 780/5/7 779/2/7 783/9/7 784/10/7
f 778/6/4 780/5/4 786/11/4 785/12/4
f 791/1/5 792/4/5 790/3/5 788/2/5
f 790/3/5 787/6/5 789/5/5 788/2/5
f 792/4/6 794/8/6 793/7/6 790/3/6
f 789/5/7 796/10/7 795/9/7 788/2/7
f 787/6/5 797/12/5 798/11/5 789/5/5
f 758/2/8 779/2/8 791/1/8 770/1/8
f 760/3/9 781/3/9 778/6/9 757/6/9
f 773/8/10 794/8/10 782/7/10 761/7/10
f 761/7/13 782/7/13 781/3/13 760/3/13
f 763/10/12 784/10/12 783/9/12 762/9/12
f 759/5/13 780/5/13 784/10/13 763/10/13
f 762/9/11 783/9/11 779/2/11 758/2/11
f 764/12/13 785/12/13 786/11/13 765/11/13
f 757/6/9 778/6/9 785/12/9 764/12/9
f 765/11/8 786/11/8 780/5/8 759/5/8
f 770/1/8 791/1/8 788/2/8 767/2/8
f 766/6/9 787/6/9 790/3/9 769/3/9
f 772/7/10 793/7/10 794/8/10 773/8/10
f 769/3/11 790/3/11 793/7/11 772/7/11
f 774/9/12 795/9/12 796/10/12 775/10/12
f 775/10/11 796/10/11 789/5/11 768/5/11
f 767/2/13 788/2/13 795/9/13 774/9/13
f 777/11/11 798/11/11 797/12/11 776/12/11
f 776/12/9 797/12/9 787/6/9 766/6/9
f 768/5/8 789/5/8 798/11/8 777/11/8
f 812/1/14 813/4/14 802/3/14 800/2/14
f 802/3/14 799/6/14 801/5/14 800/2/14
f 813/4/15 815/8/15 803/7/15 802/3/15
f 801/5/16 805/10/16 804/9/16 800/2/16
f 799/6/14 806/12/14 807/11/14 801/5/14
f 812/1/14 809/2/14 811/3/14 813/4/14
f 811/3/14 809/2/14 810/5/14 808/6/14
f 813/4/15 811/3/15 814/7/15 815/8/15
f 810/5/16 809/2/16 816/9/16 817/10/16
f 808/6/14 810/5/14 819/11/14 818/12/14
f 833/1/17 821/2/17 823/3/17 834/4/17
f 823/3/17 821/2/17 822/5/17 820/6/17
f 834/4/18 823/3/18 824/7/18 836/8/18
f 822/5/19 821/2/19 825/9/19 826/10/19
f 820/6/17 822/5/17 828/11/17 827/12/17
f 833/1/17 834/4/17 832/3/17 830/2/17
f 832/3/17 829/6/17 831/5/17 830/2/17
f 834/4/18 836/8/18 835/7/18 832/3/18
f 831/5/19 838/10/19 837/9/19 830/2/19
f 829/6/17 839/12/17 840/11/17 831/5/17
f 800/2/20 821/2/20 833/1/20 812/1/20
f 802/3/21 823/3/21 820/6/21 799/6/21
f 815/8/22 836/8/22 824/7/22 803/7/22
f 803/7/13 824/7/13 823/3/13 802/3/13
f 805/10/23 826/10/23 825/9/23 804/9/23
f 801/5/13 822/5/13 826/10/13 805/10/13
f 804/9/11 825/9/11 821/2/11 800/2/11
f 806/12/13 827/12/13 828/11/13 807/11/13
f 799/6/21 820/6/21 827/12/21 806/12/21
f 807/11/20 828/11/20 822/5/20 801/5/20
f 812/1/20 833/1/20 830/2/20 809/2/20
f 808/6/21 829/6/21 832/3/21 811/3/21
f 814/7/22 835/7/22 836/8/22 815/8/22
f 811/3/11 832/3/11 835/7/11 814/7/11
f 816/9/23 837/9/23 838/10/23 817/10/23
f 817/10/11 838/10/11 831/5/11 810/5/11
f 809/2/13 830/2/13 837/9/13 816/9/13
f 819/11/11 840/11/11 839/12/11 818/12/11
f 818/12/21 839/12/21 829/6/21 808/6/21
f 810/5/20 831/5/20 840/11/20 819/11/20
f 854/1/24 855/4/24 844/3/24 842/2/24
f 844/3/24 841/6/24 843/5/24 842/2/24
f 855/4/25 857/8/25 845/7/25 844/3/25
f 843/5/26 847/10/26 846/9/26 842/2/26
f 841/6/24 848/12/24 849/11/24 843/5/24
f 854/1/24 851/2/24 853/3/24 855/4/24
f 853/3/24 851/2/24 852/5/24 850/6/24
f 855/4/25 853/3/25 856/7/25 857/8/25
f 852/5/26 851/2/26 858/9/26 859/10/26
f 850/6/24 852/5/24 861/11/24 860/12/24
f 875/1/27 863/2/27 865/3/27 876/4/27
f 865/3/27 863/2/27 864/5/27 862/6/27
f 876/4/28 865/3/28 866/7/28 878/8/28
f 864/5/29 863/2/29 867/9/29 868/10/29
f 862/6/27 864/5/27 870/11/27 869/12/27
f 875/1/27 876/4/27 874/3/27 872/2/27
f 874/3/27 871/6/27 873/5/27 872/2/27
f 876/4/28 878/8/28 877/7/28 874/3/28
f 873/5/29 880/10/29 879/9/29 872/2/29
f 871/6/27 881/12/27 882/11/27 873/5/27
f 842/2/30 863/2/30 875/1/30 854/1/30
f 844/3/31 865/3/31 862/6/31 841/6/31
f 857/8/32 878/8/32 866/7/32 845/7/32
f 845/7/13 866/7/13 865/3/13 844/3/13
f 847/10/33 868/10/33 867/9/33 846/9/33
f 843/5/13 864/5/13 868/10/13 847/10/13
f 846/9/11 867/9/11 863/2/11 842/2/11
f 848/12/13 869/12/13 870/11/13 849/11/13
f 841/6/31 862/6/31 869/12/31 848/12/31
f 849/11/30 870/11/30 864/5/30 843/5/30
f 854/1/30 875/1/30 872/2/30 851/2/30
f 850/6/31 871/6/31 874/3/31 853/3/31
f 856/7/32 877/7/32 878/8/32 857/8/32
f 853/3/11 874/3/11 877/7/11 856/7/11
f 858/9/33 879/9/33 880/10/33 859/10/33
f 859/10/11 880/10/11 873/5/11 852/5/11
f 851/2/13 872/2/13 879/9/13 858/9/13
f 861/11/11 882/11/11 881/12/11 860/12/11
f 860/12/31 881/12/31 871/6/31 850/6/31
f 852/5/30 873/5/30 882/11/30 861/11/30
f 896/1/34 897/4/34 886/3/34 884/2/34
f 886/3/34 883/6/34 885/5/34 884/2/34
f 897/4/35 899/8/35 887/7/35 886/3/35
f 885/5/25 889/10/25 888/9/25 884/2/25
f 883/6/34 890/12/34 891/11/34 885/5/34
f 896/1/34 893/2/34 895/3/34 897/4/34
f 895/3/34 893/2/34 894/5/34 892/6/34
f 897/4/35 895/3/35 898/7/35 899/8/35
f 894/5/25 893/2/25 900/9/25 901/10/25
f 892/6/34 894/5/34 903/11/34 902/12/34
f 917/1/36 905/2/36 907/3/36 918/4/36
f 907/3/36 905/2/36 906/5/36 904/6/36
f 918/4/37 907/3/37 908/7/37 920/8/37
f 906/5/38 905/2/38 909/9/38 910/10/38
f 904/6/36 906/5/36 912/11/36 911/12/36
f 917/1/36 918/4/36 916/3/36 914/2/36
f 916/3/36 913/6/36 915/5/36 914/2/36
f 918/4/37 920/8/37 919/7/37 916/3/37
f 915/5/38 922/10/38 921/9/38 914/2/38
f 913/6/36 923/12/36 924/11/36 915/5/36
f 884/2/39 905/2/39 917/1/39 896/1/39
f 886/3/40 907/3/40 904/6/40 883/6/40
f 899/8/41 920/8/41 908/7/41 887/7/41
f 887/7/13 908/7/13 907/3/13 886/3/13
f 889/10/42 910/10/42 909/9/42 888/9/42
f 885/5/13 906/5/13 910/10/13 889/10/13
f 888/9/11 909/9/11 905/2/11 884/2/11
f 890/12/13 911/12/13 912/11/13 891/11/13
f 883/6/40 904/6/40 911/12/40 890/12/40
f 891/11/39 912/11/39 906/5/39 885/5/39
f 896/1/39 917/1/39 914/2/39 893/2/39
f 892/6/40 913/6/40 916/3/40 895/3/40
f 898/7/41 919/7/41 920/8/41 899/8/41
f 895/3/11 916/3/11 919/7/11 898/7/11
f 900/9/42 921/9/42 922/10/42 901/10/42
f 901/10/11 922/10/11 915/5/11 894/5/11
f 893/2/13 914/2/13 921/9/13 900/9/13
f 903/11/11 924/11/11 923/12/11 902/12/11
f 902/12/40 923/12/40 913/6/40 892/6/40
f 894/5/39 915/5/39 924/11/39 903/11/39
f 938/1/43 939/4/43 928/3/43 926/2/43
f 928/3/43 925/6/43 927/5/43 926/2/43
f 939/4/44 941/8/44 929/7/44 928/3/44
f 927/5/45 931/10/45 930/9/45 926/2/45
f 925/6/43 932/12/43 933/11/43 927/5/43
f 938/1/43 935/2/43 937/3/43 939/4/43
f 937/3/43 935/2/43 936/5/43 934/6/43
f 939/4/44 937/3/44 940/7/44 941/8/44
f 936/5/45 935/2/45 942/9/45 943/10/45
f 934/6/43 936/5/43 945/11/43 944/12/43
f 959/1/46 947/2/46 949/3/46 960/4/46
f 949/3/46 947/2/46 948/5/46 946/6/46
f 960/4/47 949/3/47 950/7/47 962/8/47
f 948/5/37 947/2/37 951/9/37 952/10/37
f 946/6/46 948/5/46 954/11/46 953/12/46
f 959/1/46 960/4/46 958/3/46 956/2/46
f 958/3/46 955/6/46 957/5/46 956/2/46
f 960/4/47 962/8/47 961/7/47 958/3/47
f 957/5/37 964/10/37 963/9/37 956/2/37
f 955/6/46 965/12/46 966/11/46 957/5/46
f 926/2/48 947/2/48 959/1/48 938/1/48
f 928/3/49 949/3/49 946/6/49 925/6/49
f 941/8/50 962/8/50 950/7/50 929/7/50
f 929/7/13 950/7/13 949/3/13 928/3/13
f 931/10/51 952/10/51 951/9/51 930/9/51
f 927/5/13 948/5/13 952/10/13 931/10/13
f 930/9/11 951/9/11 947/2/11 926/2/11
f 932/12/13 953/12/13 954/11/13 933/11/13
f 925/6/49 946/6/49 953/12/49 932/12/49
f 933/11/48 954/11/48 948/5/48 927/5/48
f 938/1/48 959/1/48 956/2/48 935/2/48
f 934/6/49 955/6/49 958/3/49 937/3/49
f 940/7/50 961/7/50 962/8/50 941/8/50
f 937/3/11 958/3/11 961/7/11 940/7/11
f 942/9/51 963/9/51 964/10/51 943/10/51
f 943/10/11 964/10/11 957/5/11 936/5/11
f 935/2/13 956/2/13 963/9/13 942/9/13
f 945/11/11 966/11/11 965/12/11 944/12/11
f 944/12/49 965/12/49 955/6/49 934/6/49
f 936/5/48 957/5/48 966/11/48 945/11/48
f 980/1/52 981/4/52 970/3/52 968/2/52
f 970/3/52 967/6/52 969/5/52 968/2/52
f 981/4/53 983/8/53 971/7/53 970/3/53
f 969/5/44 973/10/44 972/9/44 968/2/44
f 967/6/52 974/12/52 975/11/52 969/5/52
f 980/1/52 977/2/52 979/3/52 981/4/52
f 979/3/52 977/2/52 978/5/52 976/6/52
f 981/4/53 979/3/53 982/7/53 983/8/53
f 978/5/44 977/2/44 984/9/44 985/10/44
f 976/6/52 978/5/52 987/11/52 986/12/52
f 1001/1/54 989/2/54 991/3/54 1002/4/54
f 991/3/54 989/2/54 990/5/54 988/6/54
f 1002/4/55 991/3/55 992/7/55 1004/8/55
f 990/5/47 989/2/47 993/9/47 994/10/47
f 988/6/54 990/5/54 996/11/54 995/12/54
f 1001/1/54 1002/4/54 1000/3/54 998/2/54
f 1000/3/54 997/6/54 999/5/54 998/2/54
f 1002/4/55 1004/8/55 1003/7/55 1000/3/55
f 999/5/47 1006/10/47 1005/9/47 998/2/47
f 997/6/54 1007/12/54 1008/11/54 999/5/54
f 968/2/56 989/2/56 1001/1/56 980/1/56
f 970/3/57 991/3/57 988/6/57 967/6/57
f 983/8/58 1004/8/58 992/7/58 971/7/58
f 971/7/13 992/7/13 991/3/13 970/3/13
f 973/10/59 994/10/59 993/9/59 972/9/59
f 969/5/13 990/5/13 994/10/13 973/10/13
f 972/9/11 993/9/11 989/2/11 968/2/11
f 974/12/13 995/12/13 996/11/13 975/11/13
f 967/6/57 988/6/57 995/12/57 974/12/57
f 975/11/56 996/11/56 990/5/56 969/5/56
f 980/1/56 1001/1/56 998/2/56 977/2/56
f 976/6/57 997/6/57 1000/3/57 979/3/57
f 982/7/58 1003/7/58 1004/8/58 983/8/58
f 979/3/11 1000/3/11 1003/7/11 982/7/11
f 984/9/59 1005/9/59 1006/10/59 985/10/59
f 985/10/11 1006/10/11 999/5/11 978/5/11
f 977/2/13 998/2/13 1005/9/13 984/9/13
f 987/11/11 1008/11/11 1007/12/11 986/12/11
f 986/12/57 1007/12/57 997/6/57 976/6/57
f 978/5/56 999/5/56 1008/11/56 987/11/56
f 1022/1/60 1023/4/60 1012/3/60 1010/2/60
f 1012/3/60 1009/6/60 1011/5/60 1010/2/60
f 1023/4/61 1025/8/61 1013/7/61 1012/3/61
f 1011/5/53 1015/10/53 1014/9/53 1010/2/53
f 1009/6/60 1016/12/60 1017/11/60 1011/5/60
f 1022/1/60 1019/2/60 1021/3/60 1023/4/60
f 1021/3/60 1019/2/60 1020/5/60 1018/6/60
f 1023/4/61 1021/3/61 1024/7/61 1025/8/61
f 1020/5/53 1019/2/53 1026/9/53 1027/10/53
f 1018/6/60 1020/5/60 1029/11/60 1028/12/60
f 1043/1/62 1031/2/62 1033/3/62 1044/4/62
f 1033/3/62 1031/2/62 1032/5/62 1030/6/62
f 1044/4/63 1033/3/63 1034/7/63 1046/8/63
f 1032/5/64 1031/2/64 1035/9/64 1036/10/64
f 1030/6/62 1032/5/62 1038/11/62 1037/12/62
f 1043/1/62 1044/4/62 1042/3/62 1040/2/62
f 1042/3/62 1039/6/62 1041/5/62 1040/2/62
f 1044/4/63 1046/8/63 1045/7/63 1042/3/63
f 1041/5/64 1048/10/64 1047/9/64 1040/2/64
f 1039/6/62 1049/12/62 1050/11/62 1041/5/62
f 1010/2/65 1031/2/65 1043/1/65 1022/1/65
f 1012/3/66 1033/3/66 1030/6/66 1009/6/66
f 1025/8/67 1046/8/67 1034/7/67 1013/7/67
f 1013/7/13 1034/7/13 1033/3/13 1012/3/13
f 1015/10/68 1036/10/68 1035/9/68 1014/9/68
f 1011/5/13 1032/5/13 1036/10/13 1015/10/13
f 1014/9/11 1035/9/11 1031/2/11 1010/2/11
f 1016/12/13 1037/12/13 1038/11/13 1017/11/13
f 1009/6/66 1030/6/66 1037/12/66 1016/12/66
f 1017/11/65 1038/11/65 1032/5/65 1011/5/65
f 1022/1/65 1043/1/65 1040/2/65 1019/2/65
f 1018/6/66 1039/6/66 1042/3/66 1021/3/66
f 1024/7/67 1045/7/67 1046/8/67 1025/8/67
f 1021/3/11 1042/3/11 1045/7/11 1024/7/11
f 1026/9/68 1047/9/68 1048/10/68 1027/10/68
f 1027/10/11 1048/10/11 1041/5/11 1020/5/11
f 1019/2/13 1040/2/13 1047/9/13 1026/9/13
f 1029/11/11 1050/11/11 1049/12/11 1028/12/11
f 1028/12/66 1049/12/66 1039/6/66 1018/6/66
f 1020/5/65 1041/5/65 1050/11/65 1029/11/65
f 1064/1/69 1065/4/69 1054/3/69 1052/2/69
f 1054/3/69 1051/6/69 1053/5/69 1052/2/69
f 1065/4/70 1067/8/70 1055/7/70 1054/3/70
f 1053/5/71 1057/10/71 1056/9/71 1052/2/71
f 1051/6/69 1058/12/69 1059/11/69 1053/5/69
f 1064/1/69 1061/2/69 1063/3/69 1065/4/69
f 1063/3/69 1061/2/69 1062/5/69 1060/6/69
f 1065/4/70 1063/3/70 1066/7/70 1067/8/70
f 1062/5/71 1061/2/71 1068/9/71 1069/10/71
f 1060/6/69 1062/5/69 1071/11/69 1070/12/69
f 1085/1/72 1073/2/72 1075/3/72 1086/4/72
f 1075/3/72 1073/2/72 1074/5/72 1072/6/72
f 1086/4/73 1075/3/73 1076/7/73 1088/8/73
f 1074/5/74 1073/2/74 1077/9/74 1078/10/74
f 1072/6/72 1074/5/72 1080/11/72 1079/12/72
f 1085/1/72 1086/4/72 1084/3/72 1082/2/72
f 1084/3/72 1081/6/72 1083/5/72 1082/2/72
f 1086/4/73 1088/8/73 1087/7/73 1084/3/73
f 1083/5/74 1090/10/74 1089/9/74 1082/2/74
f 1081/6/72 1091/12/72 1092/11/72 1083/5/72
f 1052/2/75 1073/2/75 1085/1/75 1064/1/75
f 1054/3/76 1075/3/76 1072/6/76 1051/6/76
f 1067/8/77 1088/8/77 1076/7/77 1055/7/77
f 1055/7/13 1076/7/13 1075/3/13 1054/3/13
f 1057/10/78 1078/10/78 1077/9/78 1056/9/78
f 1053/5/13 1074/5/13 1078/10/13 1057/10/13
f 1056/9/11 1077/9/11 1073/2/11 1052/2/11
f 1058/12/13 1079/12/13 1080/11/13 1059/11/13
f 1051/6/76 1072/6/76 1079/12/76 1058/12/76
f 1059/11/75 1080/11/75 1074/5/75 1053/5/75
f 1064/1/75 1085/1/75 1082/2/75 1061/2/75
f 1060/6/76 1081/6/76 1084/3/76 1063/3/76
f 1066/7/77 1087/7/77 1088/8/77 1067/8/77
f 1063/3/11 1084/3/11 1087/7/11 1066/7/11
f 1068/9/78 1089/9/78 1090/10/78 1069/10/78
f 1069/10/11 1090/10/11 1083/5/11 1062/5/11
f 1061/2/13 1082/2/13 1089/9/13 1068/9/13
f 1071/11/11 1092/11/11 1091/12/11 1070/12/11
f 1070/12/76 1091/12/76 1081/6/76 1060/6/76
f 1062/5/75 1083/5/75 1092/11/75 1071/11/75
f 1106/1/79 1107/4/79 1096/3/79 1094/2/79
f 1096/3/79 1093/6/79 1095/5/79 1094/2/79
f 1107/4/80 1109/8/80 1097/7/80 1096/3/80
f 1095/5/81 1099/10/81 1098/9/81 1094/2/81
f 1093/6/79 1100/12/79 1101/11/79 1095/5/79
f 1106/1/79 1103/2/79 1105/3/79 1107/4/79
f 1105/3/79 1103/2/79 1104/5/79 1102/6/79
f 1107/4/80 1105/3/80 1108/7/80 1109/8/80
f 1104/5/81 1103/2/81 1110/9/81 1111/10/81
f 1102/6/79 1104/5/79 1113/11/79 1112/12/79
f 1127/1/82 1115/2/82 1117/3/82 1128/4/82
f 1117/3/82 1115/2/82 1116/5/82 1114/6/82
f 1128/4/83 1117/3/83 1118/7/83 1130/8/83
f 1116/5/84 1115/2/84 1119/9/84 1120/10/84
f 1114/6/82 1116/5/82 1122/11/82 1121/12/82
f 1127/1/82 1128/4/82 1126/3/82 1124/2/82
f 1126/3/82 1123/6/82 1125/5/82 1124/2/82
f 1128/4/83 1130/8/83 1129/7/83 1126/3/83
f 1125/5/84 1132/10/84 1131/9/84 1124/2/84
f 1123/6/82 1133/12/82 1134/11/82 1125/5/82
f 1094/2/85 1115/2/85 1127/1/85 1106/1/85
f 1096/3/86 1117/3/86 1114/6/86 1093/6/86
f 1109/8/87 1130/8/87 1118/7/87 1097/7/87
f 1097/7/13 1118/7/13 1117/3/13 1096/3/13
f 1099/10/88 1120/10/88 1119/9/88 1098/9/88
f 1095/5/13 1116/5/13 1120/10/13 1099/10/13
f 1098/9/11 1119/9/11 1115/2/11 1094/2/11
f 1100/12/13 1121/12/13 1122/11/13 1101/11/13
f 1093/6/86 1114/6/86 1121/12/86 1100/12/86
f 1101/11/85 1122/11/85 1116/5/85 1095/5/85
f 1106/1/85 1127/1/85 1124/2/85 1103/2/85
f 1102/6/86 1123/6/86 1126/3/86 1105/3/86
f 1108/7/87 1129/7/87 1130/8/87 1109/8/87
f 1105/3/11 1126/3/11 1129/7/11 1108/7/11
f 1110/9/88 1131/9/88 1132/10/88 1111/10/88
f 1111/10/11 1132/10/11 1125/5/11 1104/5/11
f 1103/2/13 1124/2/13 1131/9/13 1110/9/13
f 1113/11/11 1134/11/11 1133/12/11 1112/12/11
f 1112/12/86 1133/12/86 1123/6/86 1102/6/86
f 1104/5/85 1125/5/85 1134/11/85 1113/11/85
f 1148/1/89 1149/4/89 1138/3/89 1136/2/89
f 1138/3/89 1135/6/89 1137/5/89 1136/2/89
f 1149/4/90 1151/8/90 1139/7/90 1138/3/90
f 1137/5/80 1141/10/80 1140/9/80 1136/2/80
f 1135/6/89 1142/12/89 1143/11/89 1137/5/89
f 1148/1/89 1145/2/89 1147/3/89 1149/4/89
f 1147/3/89 1145/2/89 1146/5/89 1144/6/89
f 1149/4/90 1147/3/90 1150/7/90 1151/8/90
f 1146/5/80 1145/2/80 1152/9/80 1153/10/80
f 1144/6/89 1146/5/89 1155/11/89 1154/12/89
f 1169/1/91 1157/2/91 1159/3/91 1170/4/91
f 1159/3/91 1157/2/91 1158/5/91 1156/6/91
f 1170/4/92 1159/3/92 1160/7/92 1172/8/92
f 1158/5/93 1157/2/93 1161/9/93 1162/10/93
f 1156/6/91 1158/5/91 1164/11/91 1163/12/91
f 1169/1/91 1170/4/91 1168/3/91 1166/2/91
f 1168/3/91 1165/6/91 1167/5/91 1166/2/91
f 1170/4/92 1172/8/92 1171/7/92 1168/3/92
f 1167/5/93 1174/10/93 1173/9/93 1166/2/93
f 1165/6/91 1175/12/91 1176/11/91 1167/5/91
f 1136/2/94 1157/2/94 1169/1/94 1148/1/94
f 1138/3/95 1159/3/95 1156/6/95 1135/6/95
f 1151/8/96 1172/8/96 1160/7/96 1139/7/96
f 1139/7/13 1160/7/13 1159/3/13 1138/3/13
f 1141/10/97 1162/10/97 1161/9/97 1140/9/97
f 1137/5/13 1158/5/13 1162/10/13 1141/10/13
f 1140/9/11 1161/9/11 1157/2/11 1136/2/11
f 1142/12/13 1163/12/13 1164/11/13 1143/11/13
f 1135/6/95 1156/6/95 1163/12/95 1142/12/95
f 1143/11/94 1164/11/94 1158/5/94 1137/5/94
f 1148/1/94 1169/1/94 1166/2/94 1145/2/94
f 1144/6/95 1165/6/95 1168/3/95 1147/3/95
f 1150/7/96 1171/7/96 1172/8/96 1151/8/96
f 1147/3/11 1168/3/11 1171/7/11 1150/7/11
f 1152/9/97 1173/9/97 1174/10/97 1153/10/97
f 1153/10/11 1174/10/11 1167/5/11 1146/5/11
f 1145/2/13 1166/2/13 1173/9/13 1152/9/13
f 1155/11/11 1176/11/11 1175/12/11 1154/12/11
f 1154/12/95 1175/12/95 1165/6/95 1144/6/95
f 1146/5/94 1167/5/94 1176/11/94 1155/11/94
f 1190/1/98 1191/4/98 1180/3/98 1178/2/98
f 1180/3/98 1177/6/98 1179/5/98 1178/2/98
f 1191/4/99 1193/8/99 1181/7/99 1180/3/99
f 1179/5/100 1183/10/100 1182/9/100 1178/2/100
f 1177/6/98 1184/12/98 1185/11/98 1179/5/98
f 1190/1/98 1187/2/98 1189/3/98 1191/4/98
f 1189/3/98 1187/2/98 1188/5/98 1186/6/98
f 1191/4/99 1189/3/99 1192/7/99 1193/8/99
f 1188/5/101 1187/2/101 1194/9/101 1195/10/101
f 1186/6/98 1188/5/98 1197/11/98 1196/12/98
f 1211/1/102 1199/2/102 1201/3/102 1212/4/102
f 1201/3/102 1199/2/102 1200/5/102 1198/6/102
f 1212/4/103 1201/3/103 1202/7/103 1214/8/103
f 1200/5/104 1199/2/104 1203/9/104 1204/10/104
f 1198/6/102 1200/5/102 1206/11/102 1205/12/102
f 1211/1/102 1212/4/102 1210/3/102 1208/2/102
f 1210/3/102 1207/6/102 1209/5/102 1208/2/102
f 1212/4/103 1214/8/103 1213/7/103 1210/3/103
f 1209/5/104 1216/10/104 1215/9/104 1208/2/104
f 1207/6/102 1217/12/102 1218/11/102 1209/5/102
f 1178/2/105 1199/2/105 1211/1/105 1190/1/105
f 1180/3/106 1201/3/106 1198/6/106 1177/6/106
f 1193/8/107 1214/8/107 1202/7/107 1181/7/107
f 1181/7/13 1202/7/13 1201/3/13 1180/3/13
f 1183/10/108 1204/10/108 1203/9/108 1182/9/108
f 1179/5/13 1200/5/13 1204/10/13 1183/10/13
f 1182/9/11 1203/9/11 1199/2/11 1178/2/11
f 1184/12/13 1205/12/13 1206/11/13 1185/11/13
f 1177/6/106 1198/6/106 1205/12/106 1184/12/106
f 1185/11/105 1206/11/105 1200/5/105 1179/5/105
f 1190/1/105 1211/1/105 1208/2/105 1187/2/105
f 1186/6/106 1207/6/106 1210/3/106 1189/3/106
f 1192/7/107 1213/7/107 1214/8/107 1193/8/107
f 1189/3/11 1210/3/11 1213/7/11 1192/7/11
f 1194/9/108 1215/9/108 1216/10/108 1195/10/108
f 1195/10/11 1216/10/11 1209/5/11 1188/5/11
f 1187/2/13 1208/2/13 1215/9/13 1194/9/13
f 1197/11/11 1218/11/11 1217/12/11 1196/12/11
f 1196/12/106 1217/12/106 1207/6/106 1186/6/106
f 1188/5/105 1209/5/105 1218/11/105 1197/11/105
f 1232/1/109 1233/4/109 1222/3/109 1220/2/109
f 1222/3/109 1219/6/109 1221/5/109 1220/2/109
f 1233/4/110 1235/8/110 1223/7/110 1222/3/110
f 1221/5/111 1225/10/111 1224/9/111 1220/2/111
f 1219/6/109 1226/12/109 1227/11/109 1221/5/109
f 1232/1/109 1229/2/109 1231/3/109 1233/4/109
f 1231/3/109 1229/2/109 1230/5/109 1228/6/109
f 1233/4/110 1231/3/110 1234/7/110 1235/8/110
f 1230/5/111 1229/2/111 1236/9/111 1237/10/111
f 1228/6/109 1230/5/109 1239/11/109 1238/12/109
f 1253/1/112 1241/2/112 1243/3/112 1254/4/112
f 1243/3/112 1241/2/112 1242/5/112 1240/6/112
f 1254/4/113 1243/3/113 1244/7/113 1256/8/113
f 1242/5/114 1241/2/114 1245/9/114 1246/10/114
f 1240/6/112 1242/5/112 1248/11/112 1247/12/112
f 1253/1/112 1254/4/112 1252/3/112 1250/2/112
f 1252/3/112 1249/6/112 1251/5/112 1250/2/112
f 1254/4/113 1256/8/113 1255/7/113 1252/3/113
f 1251/5/114 1258/10/114 1257/9/114 1250/2/114
f 1249/6/112 1259/12/112 1260/11/112 1251/5/112
f 1220/2/115 1241/2/115 1253/1/115 1232/1/115
f 1222/3/116 1243/3/116 1240/6/116 1219/6/116
f 1235/8/117 1256/8/117 1244/7/117 1223/7/117
f 1223/7/13 1244/7/13 1243/3/13 1222/3/13
f 1225/10/118 1246/10/118 1245/9/118 1224/9/118
f 1221/5/13 1242/5/13 1246/10/13 1225/10/13
f 1224/9/11 1245/9/11 1241/2/11 1220/2/11
f 1226/12/13 1247/12/13 1248/11/13 1227/11/13
f 1219/6/116 1240/6/116 1247/12/116 1226/12/116
f 1227/11/115 1248/11/115 1242/5/115 1221/5/115
f 1232/1/115 1253/1/115 1250/2/115 1229/2/115
f 1228/6/116 1249/6/116 1252/3/116 1231/3/116
f 1234/7/117 1255/7/117 1256/8/117 1235/8/117
f 1231/3/11 1252/3/11 1255/7/11 1234/7/11
f 1236/9/118 1257/9/118 1258/10/118 1237/10/118
f 1237/10/11 1258/10/11 1251/5/11 1230/5/11
f 1229/2/13 1250/2/13 1257/9/13 1236/9/13
f 1239/11/11 1260/11/11 1259/12/11 1238/12/11
f 1238/12/116 1259/12/116 1249/6/116 1228/6/116
f 1230/5/115 1251/5/115 1260/11/115 1239/11/115
f 1274/1/119 1275/4/119 1264/3/119 1262/2/119
f 1264/3/119 1261/6/119 1263/5/119 1262/2/119
f 1275/4/120 1277/8/120 1265/7/120 1264/3/120
f 1263/5/121 1267/10/121 1266/9/121 1262/2/121
f 1261/6/119 1268/12/119 1269/11/119 1263/5/119
f 1274/1/119 1271/2/119 1273/3/119 1275/4/119
f 1273/3/119 1271/2/119 1272/5/119 1270/6/119
f 1275/4/120 1273/3/120 1276/7/120 1277/8/120
f 1272/5/121 1271/2/121 1278/9/121 1279/10/121
f 1270/6/119 1272/5/119 1281/11/119 1280/12/119
f 1295/1/122 1283/2/122 1285/3/122 1296/4/122
f 1285/3/122 1283/2/122 1284/5/122 1282/6/122
f 1296/4/123 1285/3/123 1286/7/123 1298/8/123
f 1284/5/124 1283/2/124 1287/9/124 1288/10/124
f 1282/6/122 1284/5/122 1290/11/122 1289/12/122
f 1295/1/122 1296/4/122 1294/3/122 1292/2/122
f 1294/3/122 1291/6/122 1293/5/122 1292/2/122
f 1296/4/123 1298/8/123 1297/7/123 1294/3/123
f 1293/5/124 1300/10/124 1299/9/124 1292/2/124
f 1291/6/122 1301/12/122 1302/11/122 1293/5/122
f 1262/2/125 1283/2/125 1295/1/125 1274/1/125
f 1264/3/126 1285/3/126 1282/6/126 1261/6/126
f 1277/8/127 1298/8/127 1286/7/127 1265/7/127
f 1265/7/13 1286/7/13 1285/3/13 1264/3/13
f 1267/10/128 1288/10/128 1287/9/128 1266/9/128
f 1263/5/13 1284/5/13 1288/10/13 1267/10/13
f 1266/9/11 1287/9/11 1283/2/11 1262/2/11
f 1268/12/13 1289/12/13 1290/11/13 1269/11/13
f 1261/6/126 1282/6/126 1289/12/126 1268/12/126
f 1269/11/125 1290/11/125 1284/5/125 1263/5/125
f 1274/1/125 1295/1/125 1292/2/125 1271/2/125
f 1270/6/126 1291/6/126 1294/3/126 1273/3/126
f 1276/7/127 1297/7/127 1298/8/127 1277/8/127
f 1273/3/11 1294/3/11 1297/7/11 1276/7/11
f 1278/9/128 1299/9/128 1300/10/128 1279/10/128
f 1279/10/11 1300/10/11 1293/5/11 1272/5/11
f 1271/2/13 1292/2/13 1299/9/13 1278/9/13
f 1281/11/11 1302/11/11 1301/12/11 1280/12/11
f 1280/12/126 1301/12/126 1291/6/126 1270/6/126
f 1272/5/125 1293/5/125 1302/11/125 1281/11/125
f 1316/1/129 1317/4/129 1306/3/129 1304/2/129
f 1306/3/129 1303/6/129 1305/5/129 1304/2/129
f 1317/4/130 1319/8/130 1307/7/130 1306/3/130
f 1305/5/131 1309/10/131 1308/9/131 1304/2/131
f 1303/6/129 1310/12/129 1311/11/129 1305/5/129
f 1316/1/129 1313/2/129 1315/3/129 1317/4/129
f 1315/3/129 1313/2/129 1314/5/129 1312/6/129
f 1317/4/130 1315/3/130 1318/7/130 1319/8/130
f 1314/5/131 1313/2/131 1320/9/131 1321/10/131
f 1312/6/129 1314/5/129 1323/11/129 1322/12/129
f 1337/1/132 1325/2/132 1327/3/132 1338/4/132
f 1327/3/132 1325/2/132 1326/5/132 1324/6/132
f 1338/4/133 1327/3/133 1328/7/133 1340/8/133
f 1326/5/134 1325/2/134 1329/9/134 1330/10/134
f 1324/6/132 1326/5/132 1332/11/132 1331/12/132
f 1337/1/132 1338/4/132 1336/3/132 1334/2/132
f 1336/3/132 1333/6/132 1335/5/132 1334/2/132
f 1338/4/133 1340/8/133 1339/7/133 1336/3/133
f 1335/5/134 1342/10/134 1341/9/134 1334/2/134
f 1333/6/132 1343/12/132 1344/11/132 1335/5/132
f 1304/2/135 1325/2/135 1337/1/135 1316/1/135
f 1306/3/136 1327/3/136 1324/6/136 1303/6/136
f 1319/8/137 1340/8/137 1328/7/137 1307/7/137
f 1307/7/13 1328/7/13 1327/3/13 1306/3/13
f 1309/10/138 1330/10/138 1329/9/138 1308/9/138
f 1305/5/13 1326/5/13 1330/10/13 1309/10/13
f 1308/9/11 1329/9/11 1325/2/11 1304/2/11
f 1310/12/13 1331/12/13 1332/11/13 1311/11/13
f 1303/6/136 1324/6/136 1331/12/136 1310/12/136
f 1311/11/135 1332/11/135 1326/5/135 1305/5/135
f 1316/1/135 1337/1/135 1334/2/135 1313/2/135
f 1312/6/136 1333/6/136 1336/3/136 1315/3/136
f 1318/7/137 1339/7/137 1340/8/137 1319/8/137
f 1315/3/11 1336/3/11 1339/7/11 1318/7/11
f 1320/9/138 1341/9/138 1342/10/138 1321/10/138
f 1321/10/11 1342/10/11 1335/5/11 1314/5/11
f 1313/2/13 1334/2/13 1341/9/13 1320/9/13
f 1323/11/11 1344/11/11 1343/12/11 1322/12/11
f 1322/12/136 1343/12/136 1333/6/136 1312/6/136
f 1314/5/135 1335/5/135 1344/11/135 1323/11/135
f 1358/1/139 1359/4/139 1348/3/139 1346/2/139
f 1348/3/139 1345/6/139 1347/5/139 1346/2/139
f 1359/4/140 1361/8/140 1349/7/140 1348/3/140
f 1347/5/141 1351/10/141 1350/9/141 1346/2/141
f 1345/6/139 1352/12/139 1353/11/139 1347/5/139
f 1358/1/139 1355/2/139 1357/3/139 1359/4/139
f 1357/3/139 1355/2/139 1356/5/139 1354/6/139
f 1359/4/140 1357/3/140 1360/7/140 1361/8/140
f 1356/5/141 1355/2/141 1362/9/141 1363/10/141
f 1354/6/139 1356/5/139 1365/11/139 1364/12/139
f 1379/1/142 1367/2/142 1369/3/142 1380/4/142
f 1369/3/142 1367/2/142 1368/5/142 1366/6/142
f 1380/4/143 1369/3/143 1370/7/143 1382/8/143
f 1368/5/144 1367/2/144 1371/9/144 1372/10/144
f 1366/6/142 1368/5/142 1374/11/142 1373/12/142
f 1379/1/142 1380/4/142 1378/3/142 1376/2/142
f 1378/3/142 1375/6/142 1377/5/142 1376/2/142
f 1380/4/143 1382/8/143 1381/7/143 1378/3/143
f 1377/5/144 1384/10/144 1383/9/144 1376/2/144
f 1375/6/142 1385/12/142 1386/11/142 1377/5/142
f 1346/2/145 1367/2/145 1379/1/145 1358/1/145
f 1348/3/146 1369/3/146 1366/6/146 1345/6/146
f 1361/8/147 1382/8/147 1370/7/147 1349/7/147
f 1349/7/13 1370/7/13 1369/3/13 1348/3/13
f 1351/10/148 1372/10/148 1371/9/148 1350/9/148
f 1347/5/13 1368/5/13 1372/10/13 1351/10/13
f 1350/9/11 1371/9/11 1367/2/11 1346/2/11
f 1352/12/13 1373/12/13 1374/11/13 1353/11/13
f 1345/6/146 1366/6/146 1373/12/146 1352/12/146
f 1353/11/145 1374/11/145 1368/5/145 1347/5/145
f 1358/1/145 1379/1/145 1376/2/145 1355/2/145
f 1354/6/146 1375/6/146 1378/3/146 1357/3/146
f 1360/7/147 1381/7/147 1382/8/147 1361/8/147
f 1357/3/11 1378/3/11 1381/7/11 1360/7/11
f 1362/9/148 1383/9/148 1384/10/148 1363/10/148
f 1363/10/11 1384/10/11 1377/5/11 1356/5/11
f 1355/2/13 1376/2/13 1383/9/13 1362/9/13
f 1365/11/11 1386/11/11 1385/12/11 1364/12/11
f 1364/12/146 1385/12/146 1375/6/146 1354/6/146
f 1356/5/145 1377/5/145 1386/11/145 1365/11/145
f 1400/1/149 1401/4/149 1390/3/149 1388/2/149
f 1390/3/149 1387/6/149 1389/5/149 1388/2/149
f 1401/4/150 1403/8/150 1391/7/150 1390/3/150
f 1389/5/140 1393/10/140 1392/9/140 1388/2/140
f 1387/6/149 1394/12/149 1395/11/149 1389/5/149
f 1400/1/149 1397/2/149 1399/3/149 1401/4/149
f 1399/3/149 1397/2/149 1398/5/149 1396/6/149
f 1401/4/150 1399/3/150 1402/7/150 1403/8/150
f 1398/5/140 1397/2/140 1404/9/140 1405/10/140
f 1396/6/149 1398/5/149 1407/11/149 1406/12/149
f 1421/1/151 1409/2/151 1411/3/151 1422/4/151
f 1411/3/151 1409/2/151 1410/5/151 1408/6/151
f 1422/4/152 1411/3/152 1412/7/152 1424/8/152
f 1410/5/153 1409/2/153 1413/9/153 1414/10/153
f 1408/6/151 1410/5/151 1416/11/151 1415/12/151
f 1421/1/151 1422/4/151 1420/3/151 1418/2/151
f 1420/3/151 1417/6/151 1419/5/151 1418/2/151
f 1422/4/152 1424/8/152 1423/7/152 1420/3/152
f 1419/5/153 1426/10/153 1425/9/153 1418/2/153
f 1417/6/151 1427/12/151 1428/11/151 1419/5/151
f 1388/2/154 1409/2/154 1421/1/154 1400/1/154
f 1390/3/155 1411/3/155 1408/6/155 1387/6/155
f 1403/8/156 1424/8/156 1412/7/156 1391/7/156
f 1391/7/13 1412/7/13 1411/3/13 1390/3/13
f 1393/10/157 1414/10/157 1413/9/157 1392/9/157
f 1389/5/13 1410/5/13 1414/10/13 1393/10/13
f 1392/9/11 1413/9/11 1409/2/11 1388/2/11
f 1394/12/13 1415/12/13 1416/11/13 1395/11/13
f 1387/6/155 1408/6/155 1415/12/155 1394/12/155
f 1395/11/154 1416/11/154 1410/5/154 1389/5/154
f 1400/1/158 1421/1/158 1418/2/158 1397/2/158
f 1396/6/155 1417/6/155 1420/3/155 1399/3/155
f 1402/7/156 1423/7/156 1424/8/156 1403/8/156
f 1399/3/11 1420/3/11 1423/7/11 1402/7/11
f 1404/9/157 1425/9/157 1426/10/157 1405/10/157
f 1405/10/11 1426/10/11 1419/5/11 1398/5/11
f 1397/2/13 1418/2/13 1425/9/13 1404/9/13
f 1407/11/11 1428/11/11 1427/12/11 1406/12/11
f 1406/12/155 1427/12/155 1417/6/155 1396/6/155
f 1398/5/154 1419/5/154 1428/11/154 1407/11/154
f 1442/1/159 1443/4/159 1432/3/159 1430/2/159
f 1432/3/159 1429/6/159 1431/5/159 1430/2/159
f 1443/4/3 1445/8/3 1433/7/3 1432/3/3
f 1431/5/150 1435/10/150 1434/9/150 1430/2/150
f 1429/6/159 1436/12/159 1437/11/159 1431/5/159
f 1442/1/159 1439/2/159 1441/3/159 1443/4/159
f 1441/3/159 1439/2/159 1440/5/159 1438/6/159
f 1443/4/3 1441/3/3 1444/7/3 1445/8/3
f 1440/5/150 1439/2/150 1446/9/150 1447/10/150
f 1438/6/159 1440/5/159 1449/11/159 1448/12/159
f 1463/1/160 1451/2/160 1453/3/160 1464/4/160
f 1453/3/160 1451/2/160 1452/5/160 1450/6/160
f 1464/4/161 1453/3/161 1454/7/161 1466/8/161
f 1452/5/162 1451/2/162 1455/9/162 1456/10/162
f 1450/6/160 1452/5/160 1458/11/160 1457/12/160
f 1463/1/160 1464/4/160 1462/3/160 1460/2/160
f 1462/3/160 1459/6/160 1461/5/160 1460/2/160
f 1464/4/161 1466/8/161 1465/7/161 1462/3/161
f 1461/5/162 1468/10/162 1467/9/162 1460/2/162
f 1459/6/160 1469/12/160 1470/11/160 1461/5/160
f 1430/2/163 1451/2/163 1463/1/163 1442/1/163
f 1432/3/164 1453/3/164 1450/6/164 1429/6/164
f 1445/8/165 1466/8/165 1454/7/165 1433/7/165
f 1433/7/13 1454/7/13 1453/3/13 1432/3/13
f 1435/10/166 1456/10/166 1455/9/166 1434/9/166
f 1431/5/13 1452/5/13 1456/10/13 1435/10/13
f 1434/9/11 1455/9/11 1451/2/11 1430/2/11
f 1436/12/13 1457/12/13 1458/11/13 1437/11/13
f 1429/6/164 1450/6/164 1457/12/164 1436/12/164
f 1437/11/163 1458/11/163 1452/5/163 1431/5/163
f 1442/1/163 1463/1/163 1460/2/163 1439/2/163
f 1438/6/164 1459/6/164 1462/3/164 1441/3/164
f 1444/7/165 1465/7/165 1466/8/165 1445/8/165
f 1441/3/11 1462/3/11 1465/7/11 1444/7/11
f 1446/9/166 1467/9/166 1468/10/166 1447/10/166
f 1447/10/11 1468/10/11 1461/5/11 1440/5/11
f 1439/2/13 1460/2/13 1467/9/13 1446/9/13
f 1449/11/11 1470/11/11 1469/12/11 1448/12/11
f 1448/12/164 1469/12/164 1459/6/164 1438/6/164
f 1440/5/163 1461/5/163 1470/11/163 1449/11/163
f 1484/1/167 1485/4/167 1474/3/167 1472/2/167
f 1474/3/167 1471/6/167 1473/5/167 1472/2/167
f 1485/4/168 1487/8/168 1475/7/168 1474/3/168
f 1473/5/3 1477/10/3 1476/9/3 1472/2/3
f 1471/6/167 1478/12/167 1479/11/167 1473/5/167
f 1484/1/167 1481/2/167 1483/3/167 1485/4/167
f 1483/3/167 1481/2/167 1482/5/167 1480/6/167
f 1485/4/168 1483/3/168 1486/7/168 1487/8/168
f 1482/5/3 1481/2/3 1488/9/3 1489/10/3
f 1480/6/167 1482/5/167 1491/11/167 1490/12/167
f 1505/1/169 1493/2/169 1495/3/169 1506/4/169
f 1495/3/169 1493/2/169 1494/5/169 1492/6/169
f 1506/4/170 1495/3/170 1496/7/170 1508/8/170
f 1494/5/171 1493/2/171 1497/9/171 1498/10/171
f 1492/6/169 1494/5/169 1500/11/169 1499/12/169
f 1505/1/169 1506/4/169 1504/3/169 1502/2/169
f 1504/3/169 1501/6/169 1503/5/169 1502/2/169
f 1506/4/170 1508/8/170 1507/7/170 1504/3/170
f 1503/5/171 1510/10/171 1509/9/171 1502/2/171
f 1501/6/169 1511/12/169 1512/11/169 1503/5/169
f 1472/2/172 1493/2/172 1505/1/172 1484/1/172
f 1474/3/173 1495/3/173 1492/6/173 1471/6/173
f 1487/8/174 1508/8/174 1496/7/174 1475/7/174
f 1475/7/13 1496/7/13 1495/3/13 1474/3/13
f 1477/10/175 1498/10/175 1497/9/175 1476/9/175
f 1473/5/13 1494/5/13 1498/10/13 1477/10/13
f 1476/9/11 1497/9/11 1493/2/11 1472/2/11
f 1478/12/13 1499/12/13 1500/11/13 1479/11/13
f 1471/6/173 1492/6/173 1499/12/173 1478/12/173
f 1479/11/172 1500/11/172 1494/5/172 1473/5/172
f 1484/1/172 1505/1/172 1502/2/172 1481/2/172
f 1480/6/173 1501/6/173 1504/3/173 1483/3/173
f 1486/7/174 1507/7/174 1508/8/174 1487/8/174
f 1483/3/11 1504/3/11 1507/7/11 1486/7/11
f 1488/9/175 1509/9/175 1510/10/175 1489/10/175
f 1489/10/11 1510/10/11 1503/5/11 1482/5/11
f 1481/2/13 1502/2/13 1509/9/13 1488/9/13
f 1491/11/11 1512/11/11 1511/12/11 1490/12/11
f 1490/12/173 1511/12/173 1501/6/173 1480/6/173
f 1482/5/172 1503/5/172 1512/11/172 1491/11/172
o BezierCircle
v 2.510524 3.602670 -1.593515
v 2.510524 3.575051 -1.918399
v 2.510524 3.496154 -2.212748
v 2.510524 3.371921 -2.476534
v 2.510524 3.208291 -2.709730
v 2.510524 3.011207 -2.912308
v 2.510524 2.786609 -3.084238
v 2.510524 2.540438 -3.225494
v 2.510524 2.278636 -3.336046
v 2.510524 2.007143 -3.415868
v 2.510524 1.731900 -3.464929
v 2.510524 1.458848 -3.483204
v 2.510524 1.193928 -3.470662
v 2.510524 0.888684 -3.404907
v 2.510524 0.644907 -3.284920
v 2.510524 0.456001 -3.117043
v 2.510524 0.315374 -2.907620
v 2.510524 0.216431 -2.662995
v 2.510524 0.152579 -2.389511
v 2.510524 0.117222 -2.093513
v 2.510524 0.103768 -1.781342
v 2.510524 0.105623 -1.459343
v 2.510524 0.116192 -1.133860
v 2.510524 0.128881 -0.811237
v 2.510524 0.137097 -0.497816
v 2.510524 0.139473 -0.152350
v 2.510524 0.141813 0.252456
v 2.510524 0.148395 0.698629
v 2.510524 0.163497 1.168194
v 2.510524 0.191396 1.643180
v 2.510524 0.236372 2.105611
v 2.510524 0.302701 2.537516
v 2.510524 0.394661 2.920921
v 2.510524 0.516530 3.237851
v 2.510524 0.672586 3.470335
v 2.510524 0.867107 3.600398
v 2.510524 1.104371 3.610068
v 2.510524 1.469544 3.464986
v 2.510524 1.811772 3.205581
v 2.510524 2.129375 2.850411
v 2.510524 2.420676 2.418033
v 2.510524 2.683994 1.927006
v 2.510524 2.917650 1.395886
v 2.510524 3.119966 0.843233
v 2.510524 3.289262 0.287604
v 2.510524 3.423859 -0.252444
v 2.510524 3.522079 -0.758352
v 2.510524 3.582242 -1.211562
l 1513 1514
l 1514 1515
l 1515 1516
l 1516 1517
l 1517 1518
l 1518 1519
l 1519 1520
l 1520 1521
l 1521 1522
l 1522 1523
l 1523 1524
l 1524 1525
l 1525 1526
l 1526 1527
l 1527 1528
l 1528 1529
l 1529 1530
l 1530 1531
l 1531 1532
l 1532 1533
l 1533 1534
l 1534 1535
l 1535 1536
l 1536 1537
l 1537 1538
l 1538 1539
l 1539 1540
l 1540 1541
l 1541 1542
l 1542 1543
l 1543 1544
l 1544 1545
l 1545 1546
l 1546 1547
l 1547 1548
l 1548 1549
l 1549 1550
l 1550 1551
l 1551 1552
l 1552 1553
l 1553 1554
l 1554 1555
l 1555 1556
l 1556 1557
l 1557 1558
l 1558 1559
l 1559 1560
l 1560 1513
o Cylinder
v 1.508828 1.808022 -3.241157
v 3.458713 1.808023 -2.756043
v 1.508828 1.190724 -3.118368
v 3.458713 1.376370 -2.670182
v 1.508828 0.667405 -2.768698
v 3.458713 1.010432 -2.425671
v 1.508828 0.317734 -2.245378
v 3.458713 0.765921 -2.059733
v 1.508828 0.194946 -1.628080
v 3.458713 0.680059 -1.628080
v 1.508828 0.317734 -1.010782
v 3.458713 0.765920 -1.196427
v 1.508828 0.667405 -0.487462
v 3.458713 1.010432 -0.830489
v 1.508828 1.190724 -0.137792
v 3.458713 1.376370 -0.585978
v 1.508828 1.808022 -0.015003
v 3.458713 1.808022 -0.500116
v 1.508828 2.425320 -0.137791
v 3.458713 2.239675 -0.585978
v 1.508828 2.948640 -0.487462
v 3.458713 2.605613 -0.830489
v 1.508828 3.298311 -1.010782
v 3.458713 2.850125 -1.196427
v 1.508828 3.421099 -1.628080
v 3.458713 2.935986 -1.628080
v 1.508828 3.298311 -2.245378
v 3.458713 2.850125 -2.059733
v 1.508828 2.948639 -2.768698
v 3.458713 2.605613 -2.425671
v 1.508828 2.425319 -3.118369
v 3.458713 2.239675 -2.670182
v 3.458713 1.190725 -3.118368
v 3.458713 1.808023 -3.241157
v 3.458713 0.667405 -2.768698
v 3.458713 0.317734 -2.245378
v 3.458713 0.194946 -1.628080
v 3.458713 0.317734 -1.010782
v 3.458713 0.667405 -0.487462
v 3.458713 1.190725 -0.137792
v 3.458713 1.808022 -0.015003
v 3.458713 2.425320 -0.137791
v 3.458713 2.948640 -0.487462
v 3.458713 3.298311 -1.010782
v 3.458713 3.421099 -1.628080
v 3.458713 3.298311 -2.245378
v 3.458713 2.948640 -2.768698
v 3.458713 2.425320 -3.118369
v 3.198601 1.416051 -2.574384
v 3.198601 1.808023 -2.652352
v 3.198601 1.083753 -2.352350
v 3.198601 0.861719 -2.020052
v 3.198601 0.783751 -1.628080
v 3.198601 0.861719 -1.236108
v 3.198601 1.083753 -0.903810
v 3.198601 1.416051 -0.681776
v 3.198601 1.808023 -0.603808
v 3.198601 2.199994 -0.681776
v 3.198601 2.532292 -0.903810
v 3.198601 2.754327 -1.236108
v 3.198601 2.832295 -1.628080
v 3.198601 2.754326 -2.020052
v 3.198601 2.532292 -2.352350
v 3.198601 2.199994 -2.574384
v -1.258831 1.808023 -3.241157
v -3.208716 1.808023 -2.756043
v -1.258831 1.190725 -3.118368
v -3.208716 1.376370 -2.670182
v -1.258831 0.667405 -2.768698
v -3.208716 1.010432 -2.425671
v -1.258831 0.317734 -2.245378
v -3.208717 0.765921 -2.059733
v -1.258831 0.194946 -1.628080
v -3.208717 0.680059 -1.628080
v -1.258831 0.317734 -1.010782
v -3.208717 0.765921 -1.196427
v -1.258831 0.667405 -0.487462
v -3.208716 1.010432 -0.830489
v -1.258831 1.190725 -0.137792
v -3.208716 1.376370 -0.585978
v -1.258831 1.808022 -0.015003
v -3.208716 1.808023 -0.500116
v -1.258831 2.425320 -0.137791
v -3.208716 2.239676 -0.585978
v -1.258831 2.948640 -0.487462
v -3.208716 2.605613 -0.830489
v -1.258831 3.298311 -1.010782
v -3.208716 2.850125 -1.196427
v -1.258831 3.421099 -1.628080
v -3.208716 2.935986 -1.628080
v -1.258831 3.298311 -2.245378
v -3.208716 2.850125 -2.059733
v -1.258831 2.948640 -2.768698
v -3.208716 2.605613 -2.425671
v -1.258831 2.425320 -3.118369
v -3.208716 2.239675 -2.670182
v -3.208716 1.190725 -3.118368
v -3.208716 1.808023 -3.241157
v -3.208716 0.667405 -2.768698
v -3.208717 0.317734 -2.245378
v -3.208717 0.194946 -1.628080
v -3.208717 0.317734 -1.010782
v -3.208716 0.667405 -0.487462
v -3.208716 1.190725 -0.137792
v -3.208716 1.808023 -0.015003
v -3.208716 2.425320 -0.137791
v -3.208716 2.948640 -0.487462
v -3.208716 3.298311 -1.010782
v -3.208716 3.421099 -1.628080
v -3.208716 3.298311 -2.245378
v -3.208716 2.948640 -2.768698
v -3.208716 2.425320 -3.118369
v -2.948604 1.416051 -2.574384
v -2.948604 1.808023 -2.652352
v -2.948604 1.083753 -2.352350
v -2.948605 0.861719 -2.020052
v -2.948605 0.783751 -1.628080
v -2.948605 0.861719 -1.236108
v -2.948604 1.083753 -0.903810
v -2.948604 1.416051 -0.681776
v -2.948604 1.808023 -0.603808
v -2.948604 2.199995 -0.681776
v -2.948604 2.532292 -0.903810
v -2.948604 2.754327 -1.236108
v -2.948604 2.832295 -1.628080
v -2.948604 2.754327 -2.020052
v -2.948604 2.532292 -2.352350
v -2.948604 2.199994 -2.574384
vn -0.0000 -0.1951 -0.9808
vn -0.0000 -0.5556 -0.8315
vn -0.0000 -0.8315 -0.5556
vn -0.0000 -0.9808 -0.1951
vn -0.0000 -0.9808 0.1951
vn -0.0000 -0.8315 0.5556
vn -0.0000 -0.5556 0.8315
vn -0.0000 -0.1951 0.9808
vn -0.0000 0.1951 0.9808
vn -0.0000 0.5556 0.8315
vn -0.0000 0.8315 0.5556
vn -0.0000 0.9808 0.1951
vn -0.0000 0.9808 -0.1951
vn -0.0000 0.8315 -0.5556
vn 0.3641 0.9134 0.1817
vn -0.0000 0.5556 -0.8315
vn -0.0000 0.1951 -0.9808
vn -1.0000 -0.0000 -0.0000
vn 1.0000 -0.0000 -0.0000
vn 0.3641 -0.9134 -0.1817
vn 0.3641 0.9134 -0.1817
vn 0.3641 -0.9134 0.1817
vn 0.3641 0.7744 -0.5174
vn 0.3641 -0.7744 0.5174
vn 0.3641 0.5174 -0.7744
vn 0.3641 -0.5174 0.7744
vn 0.3641 0.1817 -0.9134
vn 0.3641 0.1817 0.9134
vn 0.3641 -0.1817 0.9134
vn 0.3641 -0.1817 -0.9134
vn 0.3641 0.5174 0.7744
vn 0.3641 -0.5174 -0.7744
vn 0.3641 0.7744 0.5174
vn 0.3641 -0.7744 -0.5174
vn -0.3641 0.9134 0.1817
vn -0.3641 -0.9134 -0.1817
vn -0.3641 0.9134 -0.1817
vn -0.3641 -0.9134 0.1817
vn -0.3641 0.7744 -0.5174
vn -0.3641 -0.7744 0.5174
vn -0.3641 0.5174 -0.7744
vn -0.3641 -0.5174 0.7744
vn -0.3641 0.1817 -0.9134
vn -0.3641 0.1817 0.9134
vn -0.3641 -0.1817 0.9134
vn -0.3641 -0.1817 -0.9134
vn -0.3641 0.5174 0.7744
vn -0.3641 -0.5174 -0.7744
vn -0.3641 0.7744 0.5174
vn -0.3641 -0.7744 -0.5174
vt 0.829906 0.315891
vt 0.832636 0.315891
vt 0.832703 0.316721
vt 0.829973 0.316721
vt 0.832827 0.317357
vt 0.830097 0.317357
vt 0.828128 0.283906
vt 0.830858 0.283906
vt 0.830791 0.284736
vt 0.828061 0.284736
vt 0.830791 0.285635
vt 0.828061 0.285635
vt 0.830858 0.286465
vt 0.828128 0.286465
vt 0.830981 0.287100
vt 0.828252 0.287100
vt 0.826164 0.357277
vt 0.828894 0.357277
vt 0.828770 0.357913
vt 0.826040 0.357913
vt 0.828703 0.358743
vt 0.825973 0.358743
vt 0.828703 0.359641
vt 0.825973 0.359641
vt 0.828770 0.360471
vt 0.826040 0.360471
vt 0.828900 0.369200
vt 0.828900 0.366470
vt 0.829729 0.366537
vt 0.829729 0.369267
vt 0.830628 0.366537
vt 0.830628 0.369267
vt 0.831458 0.366470
vt 0.831458 0.369200
vt 0.830097 0.313528
vt 0.832827 0.313528
vt 0.832703 0.314163
vt 0.829973 0.314163
vt 0.818542 0.710195
vt 0.818518 0.710823
vt 0.818127 0.710778
vt 0.818149 0.710209
vt 0.832636 0.314993
vt 0.829906 0.314993
vt 0.853840 0.351136
vt 0.853496 0.351966
vt 0.852861 0.352601
vt 0.852031 0.352945
vt 0.851133 0.352945
vt 0.850303 0.352601
vt 0.849668 0.351966
vt 0.849324 0.351136
vt 0.849324 0.350237
vt 0.849668 0.349407
vt 0.850303 0.348772
vt 0.851133 0.348428
vt 0.852031 0.348428
vt 0.852861 0.348772
vt 0.853496 0.349407
vt 0.853840 0.350237
vt 0.893377 0.311390
vt 0.893821 0.310946
vt 0.894396 0.311330
vt 0.893761 0.311966
vt 0.894061 0.310365
vt 0.894740 0.310500
vt 0.894061 0.309737
vt 0.894740 0.309602
vt 0.893821 0.309157
vt 0.894396 0.308772
vt 0.893377 0.308712
vt 0.893761 0.308137
vt 0.892796 0.308472
vt 0.892931 0.307793
vt 0.892168 0.308472
vt 0.892033 0.307793
vt 0.891588 0.308712
vt 0.891203 0.308137
vt 0.891143 0.309157
vt 0.890568 0.308772
vt 0.890903 0.309737
vt 0.890224 0.309602
vt 0.890903 0.310365
vt 0.890224 0.310500
vt 0.891143 0.310946
vt 0.890568 0.311330
vt 0.891588 0.311390
vt 0.891203 0.311966
vt 0.892168 0.311630
vt 0.892033 0.312309
vt 0.892796 0.311630
vt 0.892931 0.312309
vt 0.892078 0.725198
vt 0.892297 0.725725
vt 0.892297 0.726296
vt 0.892078 0.726823
vt 0.891675 0.727226
vt 0.891148 0.727444
vt 0.890578 0.727444
vt 0.890050 0.727226
vt 0.889647 0.726823
vt 0.889429 0.726296
vt 0.889429 0.725725
vt 0.889647 0.725198
vt 0.890050 0.724795
vt 0.890578 0.724577
vt 0.891148 0.724577
vt 0.891675 0.724795
vt 0.818501 0.660108
vt 0.818476 0.660736
vt 0.818085 0.660692
vt 0.818107 0.660122
vt 0.818518 0.709613
vt 0.818127 0.709680
vt 0.818476 0.659526
vt 0.818085 0.659593
vt 0.818449 0.709166
vt 0.818064 0.709274
vt 0.818407 0.659079
vt 0.818022 0.659187
vt 0.818547 0.737494
vt 0.818477 0.738072
vt 0.818093 0.737975
vt 0.818156 0.737450
vt 0.818424 0.727590
vt 0.818355 0.728038
vt 0.817970 0.727929
vt 0.818033 0.727523
vt 0.818571 0.736867
vt 0.818178 0.736880
vt 0.818424 0.726381
vt 0.818448 0.727009
vt 0.818055 0.726995
vt 0.818033 0.726425
vt 0.818547 0.736285
vt 0.818156 0.736352
vt 0.818355 0.725803
vt 0.817970 0.725900
vt 0.818477 0.735838
vt 0.818093 0.735946
vt 0.818449 0.711401
vt 0.818064 0.711303
vt 0.818407 0.661314
vt 0.818022 0.661217
s 0
usemtl Material.001
f 1561/13/176 1594/14/176 1593/15/176 1563/16/176
f 1563/16/177 1593/15/177 1595/17/177 1565/18/177
f 1565/19/178 1595/20/178 1596/21/178 1567/22/178
f 1567/22/179 1596/21/179 1597/23/179 1569/24/179
f 1569/24/180 1597/23/180 1598/25/180 1571/26/180
f 1571/26/181 1598/25/181 1599/27/181 1573/28/181
f 1573/29/182 1599/30/182 1600/31/182 1575/32/182
f 1575/32/183 1600/31/183 1601/33/183 1577/34/183
f 1577/34/184 1601/33/184 1602/35/184 1579/36/184
f 1579/36/185 1602/35/185 1603/37/185 1581/38/185
f 1581/39/186 1603/40/186 1604/41/186 1583/42/186
f 1583/42/187 1604/41/187 1605/43/187 1585/44/187
f 1585/44/188 1605/43/188 1606/45/188 1587/46/188
f 1587/47/189 1606/48/189 1607/49/189 1589/50/189
f 1570/51/190 1568/52/190 1612/53/190 1613/54/190
f 1589/50/191 1607/49/191 1608/55/191 1591/56/191
f 1591/56/192 1608/55/192 1594/14/192 1561/13/192
f 1561/57/193 1563/58/193 1565/59/193 1567/60/193 1569/61/193 1571/62/193 1573/63/193 1575/64/193 1577/65/193 1579/66/193 1581/67/193 1583/68/193 1585/69/193 1587/70/193 1589/71/193 1591/72/193
f 1562/73/194 1564/74/194 1593/75/194 1594/76/194
f 1564/74/194 1566/77/194 1595/78/194 1593/75/194
f 1566/77/194 1568/79/194 1596/80/194 1595/78/194
f 1568/79/194 1570/81/194 1597/82/194 1596/80/194
f 1570/81/194 1572/83/194 1598/84/194 1597/82/194
f 1572/83/194 1574/85/194 1599/86/194 1598/84/194
f 1574/85/194 1576/87/194 1600/88/194 1599/86/194
f 1576/87/194 1578/89/194 1601/90/194 1600/88/194
f 1578/89/194 1580/91/194 1602/92/194 1601/90/194
f 1580/91/194 1582/93/194 1603/94/194 1602/92/194
f 1582/93/194 1584/95/194 1604/96/194 1603/94/194
f 1584/95/194 1586/97/194 1605/98/194 1604/96/194
f 1586/97/194 1588/99/194 1606/100/194 1605/98/194
f 1588/99/194 1590/101/194 1607/102/194 1606/100/194
f 1590/101/194 1592/103/194 1608/104/194 1607/102/194
f 1592/103/194 1562/73/194 1594/76/194 1608/104/194
f 1609/105/194 1610/106/194 1624/107/194 1623/108/194 1622/109/194 1621/110/194 1620/111/194 1619/112/194 1618/113/194 1617/114/194 1616/115/194 1615/116/194 1614/117/194 1613/118/194 1612/119/194 1611/120/194
f 1586/121/195 1584/122/195 1620/123/195 1621/124/195
f 1572/125/196 1570/51/196 1613/54/196 1614/126/196
f 1588/127/197 1586/121/197 1621/124/197 1622/128/197
f 1574/129/198 1572/125/198 1614/126/198 1615/130/198
f 1590/131/199 1588/127/199 1622/128/199 1623/132/199
f 1576/133/200 1574/134/200 1615/135/200 1616/136/200
f 1592/137/201 1590/138/201 1623/139/201 1624/140/201
f 1578/141/202 1576/133/202 1616/136/202 1617/142/202
f 1564/143/203 1562/144/203 1610/145/203 1609/146/203
f 1562/144/204 1592/137/204 1624/140/204 1610/145/204
f 1580/147/205 1578/141/205 1617/142/205 1618/148/205
f 1566/149/206 1564/143/206 1609/146/206 1611/150/206
f 1582/151/207 1580/147/207 1618/148/207 1619/152/207
f 1568/52/208 1566/153/208 1611/154/208 1612/53/208
f 1584/122/209 1582/155/209 1619/156/209 1620/123/209
f 1625/13/176 1627/16/176 1657/15/176 1658/14/176
f 1627/16/177 1629/18/177 1659/17/177 1657/15/177
f 1629/19/178 1631/22/178 1660/21/178 1659/20/178
f 1631/22/179 1633/24/179 1661/23/179 1660/21/179
f 1633/24/180 1635/26/180 1662/25/180 1661/23/180
f 1635/26/181 1637/28/181 1663/27/181 1662/25/181
f 1637/29/182 1639/32/182 1664/31/182 1663/30/182
f 1639/32/183 1641/34/183 1665/33/183 1664/31/183
f 1641/34/184 1643/36/184 1666/35/184 1665/33/184
f 1643/36/185 1645/38/185 1667/37/185 1666/35/185
f 1645/39/186 1647/42/186 1668/41/186 1667/40/186
f 1647/42/187 1649/44/187 1669/43/187 1668/41/187
f 1649/44/188 1651/46/188 1670/45/188 1669/43/188
f 1651/47/189 1653/50/189 1671/49/189 1670/48/189
f 1634/51/210 1677/54/210 1676/53/210 1632/52/210
f 1653/50/191 1655/56/191 1672/55/191 1671/49/191
f 1655/56/192 1625/13/192 1658/14/192 1672/55/192
f 1625/57/194 1655/72/194 1653/71/194 1651/70/194 1649/69/194 1647/68/194 1645/67/194 1643/66/194 1641/65/194 1639/64/194 1637/63/194 1635/62/194 1633/61/194 1631/60/194 1629/59/194 1627/58/194
f 1626/73/193 1658/76/193 1657/75/193 1628/74/193
f 1628/74/193 1657/75/193 1659/78/193 1630/77/193
f 1630/77/193 1659/78/193 1660/80/193 1632/79/193
f 1632/79/193 1660/80/193 1661/82/193 1634/81/193
f 1634/81/193 1661/82/193 1662/84/193 1636/83/193
f 1636/83/193 1662/84/193 1663/86/193 1638/85/193
f 1638/85/193 1663/86/193 1664/88/193 1640/87/193
f 1640/87/193 1664/88/193 1665/90/193 1642/89/193
f 1642/89/193 1665/90/193 1666/92/193 1644/91/193
f 1644/91/193 1666/92/193 1667/94/193 1646/93/193
f 1646/93/193 1667/94/193 1668/96/193 1648/95/193
f 1648/95/193 1668/96/193 1669/98/193 1650/97/193
f 1650/97/193 1669/98/193 1670/100/193 1652/99/193
f 1652/99/193 1670/100/193 1671/102/193 1654/101/193
f 1654/101/193 1671/102/193 1672/104/193 1656/103/193
f 1656/103/193 1672/104/193 1658/76/193 1626/73/193
f 1673/105/193 1675/120/193 1676/119/193 1677/118/193 1678/117/193 1679/116/193 1680/115/193 1681/114/193 1682/113/193 1683/112/193 1684/111/193 1685/110/193 1686/109/193 1687/108/193 1688/107/193 1674/106/193
f 1650/121/211 1685/124/211 1684/123/211 1648/122/211
f 1636/125/212 1678/126/212 1677/54/212 1634/51/212
f 1652/127/213 1686/128/213 1685/124/213 1650/121/213
f 1638/129/214 1679/130/214 1678/126/214 1636/125/214
f 1654/131/215 1687/132/215 1686/128/215 1652/127/215
f 1640/133/216 1680/136/216 1679/135/216 1638/134/216
f 1656/137/217 1688/140/217 1687/139/217 1654/138/217
f 1642/141/218 1681/142/218 1680/136/218 1640/133/218
f 1628/143/219 1673/146/219 1674/145/219 1626/144/219
f 1626/144/220 1674/145/220 1688/140/220 1656/137/220
f 1644/147/221 1682/148/221 1681/142/221 1642/141/221
f 1630/149/222 1675/150/222 1673/146/222 1628/143/222
f 1646/151/223 1683/152/223 1682/148/223 1644/147/223
f 1632/52/224 1676/53/224 1675/154/224 1630/153/224
f 1648/122/225 1684/123/225 1683/156/225 1646/155/225
o Cylinder.001
v 1.549457 1.552972 -0.117059
v 3.466622 1.552972 0.266308
v 1.549457 1.092215 -0.025408
v 3.466622 1.238924 0.328776
v 1.549457 0.701605 0.235589
v 3.466622 0.972686 0.506670
v 1.549457 0.440607 0.626200
v 3.466622 0.794792 0.772908
v 1.549457 0.348957 1.086956
v 3.466622 0.732324 1.086956
v 1.549457 0.440607 1.547713
v 3.466622 0.794792 1.401005
v 1.549457 0.701605 1.938323
v 3.466622 0.972686 1.667242
v 1.549457 1.092215 2.199321
v 3.466622 1.238924 1.845136
v 1.549457 1.552972 2.290971
v 3.466622 1.552972 1.907605
v 1.549457 2.013728 2.199321
v 3.466622 1.867020 1.845137
v 1.549457 2.404339 1.938323
v 3.466622 2.133258 1.667242
v 1.549457 2.665337 1.547713
v 3.466622 2.311152 1.401005
v 1.549457 2.756987 1.086956
v 3.466622 2.373621 1.086956
v 1.549457 2.665337 0.626199
v 3.466622 2.311152 0.772908
v 1.549457 2.404339 0.235589
v 3.466622 2.133258 0.506670
v 1.549457 2.013728 -0.025409
v 3.466622 1.867020 0.328776
v 3.466622 1.092216 -0.025408
v 3.466622 1.552972 -0.117059
v 3.466622 0.701605 0.235589
v 3.466622 0.440608 0.626200
v 3.466622 0.348957 1.086956
v 3.466622 0.440608 1.547713
v 3.466622 0.701605 1.938323
v 3.466622 1.092216 2.199321
v 3.466622 1.552972 2.290971
v 3.466622 2.013728 2.199321
v 3.466622 2.404339 1.938323
v 3.466622 2.665337 1.547713
v 3.466622 2.756987 1.086956
v 3.466622 2.665337 0.626199
v 3.466622 2.404339 0.235589
v 3.466622 2.013728 -0.025409
v 3.317194 1.310496 0.501567
v 3.317194 1.552972 0.453335
v 3.317194 1.104934 0.638918
v 3.317194 0.967583 0.844480
v 3.317194 0.919351 1.086956
v 3.317194 0.967583 1.329432
v 3.317194 1.104934 1.534994
v 3.317194 1.310496 1.672346
v 3.317194 1.552972 1.720577
v 3.317194 1.795448 1.672346
v 3.317194 2.001010 1.534994
v 3.317194 2.138362 1.329433
v 3.317194 2.186593 1.086956
v 3.317194 2.138361 0.844480
v 3.317194 2.001009 0.638918
v 3.317194 1.795448 0.501567
v -1.299461 1.552971 -0.117058
v -3.216625 1.552972 0.266308
v -1.299461 1.092215 -0.025408
v -3.216625 1.238923 0.328776
v -1.299461 0.701604 0.235589
v -3.216625 0.972685 0.506670
v -1.299461 0.440607 0.626200
v -3.216625 0.794791 0.772908
v -1.299461 0.348957 1.086957
v -3.216625 0.732323 1.086957
v -1.299461 0.440607 1.547713
v -3.216625 0.794791 1.401005
v -1.299461 0.701604 1.938323
v -3.216625 0.972685 1.667243
v -1.299461 1.092215 2.199321
v -3.216625 1.238923 1.845137
v -1.299461 1.552971 2.290971
v -3.216625 1.552971 1.907605
v -1.299461 2.013728 2.199321
v -3.216625 1.867020 1.845137
v -1.299460 2.404338 1.938324
v -3.216625 2.133257 1.667243
v -1.299460 2.665336 1.547713
v -3.216625 2.311152 1.401005
v -1.299460 2.756986 1.086957
v -3.216625 2.373620 1.086957
v -1.299460 2.665336 0.626200
v -3.216625 2.311152 0.772908
v -1.299460 2.404338 0.235589
v -3.216625 2.133257 0.506670
v -1.299461 2.013727 -0.025408
v -3.216625 1.867020 0.328776
v -3.216625 1.092215 -0.025408
v -3.216625 1.552972 -0.117058
v -3.216625 0.701604 0.235589
v -3.216625 0.440607 0.626200
v -3.216625 0.348957 1.086957
v -3.216625 0.440607 1.547713
v -3.216625 0.701604 1.938323
v -3.216625 1.092215 2.199321
v -3.216625 1.552971 2.290971
v -3.216625 2.013728 2.199321
v -3.216625 2.404338 1.938324
v -3.216625 2.665336 1.547713
v -3.216625 2.756986 1.086957
v -3.216625 2.665336 0.626200
v -3.216625 2.404338 0.235589
v -3.216625 2.013727 -0.025408
v -3.067198 1.310495 0.501567
v -3.067198 1.552971 0.453335
v -3.067198 1.104934 0.638919
v -3.067198 0.967582 0.844480
v -3.067198 0.919350 1.086957
v -3.067198 0.967582 1.329433
v -3.067198 1.104934 1.534994
v -3.067198 1.310495 1.672346
v -3.067198 1.552971 1.720578
v -3.067198 1.795448 1.672346
v -3.067198 2.001009 1.534994
v -3.067198 2.138361 1.329433
v -3.067198 2.186593 1.086957
v -3.067198 2.138361 0.844480
v -3.067198 2.001009 0.638919
v -3.067198 1.795447 0.501567
vn -0.0000 -0.1951 -0.9808
vn -0.0000 -0.5556 -0.8315
vn -0.0000 -0.8315 -0.5556
vn -0.0000 -0.9808 -0.1951
vn -0.0000 -0.9808 0.1951
vn -0.0000 -0.8315 0.5556
vn -0.0000 -0.5556 0.8315
vn -0.0000 -0.1951 0.9808
vn -0.0000 0.1951 0.9808
vn -0.0000 0.5556 0.8315
vn -0.0000 0.8315 0.5556
vn -0.0000 0.9808 0.1951
vn -0.0000 0.9808 -0.1951
vn -0.0000 0.8315 -0.5556
vn 0.7753 0.6194 0.1232
vn -0.0000 0.5556 -0.8315
vn -0.0000 0.1951 -0.9808
vn -1.0000 -0.0000 -0.0000
vn 1.0000 -0.0000 -0.0000
vn 0.7753 -0.6194 -0.1232
vn 0.7753 0.6194 -0.1232
vn 0.7753 -0.6194 0.1232
vn 0.7753 0.5251 -0.3509
vn 0.7753 -0.5251 0.3509
vn 0.7753 0.3509 -0.5251
vn 0.7753 -0.3509 0.5251
vn 0.7753 0.1232 -0.6194
vn 0.7753 0.1232 0.6194
vn 0.7753 -0.1232 0.6194
vn 0.7753 -0.1232 -0.6194
vn 0.7753 0.3509 0.5251
vn 0.7753 -0.3509 -0.5251
vn 0.7753 0.5251 0.3509
vn 0.7753 -0.5251 -0.3509
vn -0.7753 0.6194 0.1232
vn -0.7753 -0.6194 -0.1232
vn -0.7753 0.6194 -0.1232
vn -0.7753 -0.6194 0.1232
vn -0.7753 0.5251 -0.3509
vn -0.7753 -0.5251 0.3509
vn -0.7753 0.3509 -0.5251
vn -0.7753 -0.3509 0.5251
vn -0.7753 0.1232 -0.6194
vn -0.7753 0.1232 0.6194
vn -0.7753 -0.1232 0.6194
vn -0.7753 -0.1232 -0.6194
vn -0.7753 0.3509 0.5251
vn -0.7753 -0.3509 -0.5251
vn -0.7753 0.5251 0.3509
vn -0.7753 -0.5251 -0.3509
vt 0.881476 0.320628
vt 0.878740 0.320628
vt 0.878740 0.320154
vt 0.881476 0.320154
vt 0.878740 0.319534
vt 0.881476 0.319534
vt 0.878740 0.318864
vt 0.881476 0.318864
vt 0.878740 0.318244
vt 0.881476 0.318244
vt 0.878740 0.317770
vt 0.881476 0.317770
vt 0.859037 0.318192
vt 0.859037 0.315455
vt 0.859511 0.315455
vt 0.859511 0.318192
vt 0.860131 0.315455
vt 0.860131 0.318192
vt 0.860801 0.315455
vt 0.860801 0.318192
vt 0.861421 0.315455
vt 0.861421 0.318192
vt 0.837733 0.331803
vt 0.837733 0.334540
vt 0.837113 0.334540
vt 0.837113 0.331803
vt 0.836443 0.334540
vt 0.836443 0.331803
vt 0.835823 0.334540
vt 0.835823 0.331803
vt 0.838064 0.338217
vt 0.838064 0.335480
vt 0.838683 0.335480
vt 0.838683 0.338217
vt 0.839354 0.335480
vt 0.839354 0.338217
vt 0.851733 0.717518
vt 0.851733 0.717975
vt 0.851471 0.717923
vt 0.851471 0.717570
vt 0.839973 0.335480
vt 0.839973 0.338217
vt 0.840448 0.335480
vt 0.840448 0.338217
vt 0.853352 0.342683
vt 0.853095 0.343303
vt 0.852621 0.343777
vt 0.852001 0.344033
vt 0.851331 0.344033
vt 0.850711 0.343777
vt 0.850237 0.343303
vt 0.849981 0.342683
vt 0.849981 0.342012
vt 0.850237 0.341393
vt 0.850711 0.340919
vt 0.851331 0.340662
vt 0.852001 0.340662
vt 0.852621 0.340919
vt 0.853095 0.341393
vt 0.853352 0.342012
vt 0.880000 0.330348
vt 0.880422 0.330173
vt 0.880726 0.330628
vt 0.880107 0.330885
vt 0.880745 0.329850
vt 0.881200 0.330154
vt 0.880920 0.329428
vt 0.881457 0.329535
vt 0.880920 0.328971
vt 0.881457 0.328864
vt 0.880745 0.328549
vt 0.881200 0.328245
vt 0.880422 0.328225
vt 0.880726 0.327770
vt 0.880000 0.328051
vt 0.880107 0.327514
vt 0.879543 0.328051
vt 0.879436 0.327514
vt 0.879121 0.328225
vt 0.878817 0.327770
vt 0.878798 0.328549
vt 0.878343 0.328245
vt 0.878623 0.328971
vt 0.878086 0.328864
vt 0.878623 0.329428
vt 0.878086 0.329535
vt 0.878798 0.329850
vt 0.878343 0.330154
vt 0.879121 0.330173
vt 0.878817 0.330628
vt 0.879543 0.330348
vt 0.879436 0.330885
vt 0.851087 0.718498
vt 0.850761 0.718633
vt 0.850408 0.718633
vt 0.850082 0.718498
vt 0.849832 0.718249
vt 0.849697 0.717923
vt 0.849697 0.717570
vt 0.849832 0.717244
vt 0.850082 0.716994
vt 0.850408 0.716859
vt 0.850761 0.716859
vt 0.851087 0.716994
vt 0.851336 0.717244
vt 0.851336 0.718249
vt 0.849435 0.717975
vt 0.849435 0.717518
vt 0.851558 0.717096
vt 0.849610 0.718397
vt 0.851235 0.716772
vt 0.849933 0.718720
vt 0.850813 0.716598
vt 0.850356 0.718895
vt 0.850356 0.716598
vt 0.851235 0.718720
vt 0.850813 0.718895
vt 0.849933 0.716772
vt 0.851558 0.718397
vt 0.849610 0.717096
s 0
usemtl Material.001
f 1689/157/226 1722/158/226 1721/159/226 1691/160/226
f 1691/160/227 1721/159/227 1723/161/227 1693/162/227
f 1693/162/228 1723/161/228 1724/163/228 1695/164/228
f 1695/164/229 1724/163/229 1725/165/229 1697/166/229
f 1697/166/230 1725/165/230 1726/167/230 1699/168/230
f 1699/169/231 1726/170/231 1727/171/231 1701/172/231
f 1701/172/232 1727/171/232 1728/173/232 1703/174/232
f 1703/174/233 1728/173/233 1729/175/233 1705/176/233
f 1705/176/234 1729/175/234 1730/177/234 1707/178/234
f 1707/179/235 1730/180/235 1731/181/235 1709/182/235
f 1709/182/236 1731/181/236 1732/183/236 1711/184/236
f 1711/184/237 1732/183/237 1733/185/237 1713/186/237
f 1713/187/238 1733/188/238 1734/189/238 1715/190/238
f 1715/190/239 1734/189/239 1735/191/239 1717/192/239
f 1698/193/240 1696/194/240 1740/195/240 1741/196/240
f 1717/192/241 1735/191/241 1736/197/241 1719/198/241
f 1719/198/242 1736/197/242 1722/199/242 1689/200/242
f 1689/201/243 1691/202/243 1693/203/243 1695/204/243 1697/205/243 1699/206/243 1701/207/243 1703/208/243 1705/209/243 1707/210/243 1709/211/243 1711/212/243 1713/213/243 1715/214/243 1717/215/243 1719/216/243
f 1690/217/244 1692/218/244 1721/219/244 1722/220/244
f 1692/218/244 1694/221/244 1723/222/244 1721/219/244
f 1694/221/244 1696/223/244 1724/224/244 1723/222/244
f 1696/223/244 1698/225/244 1725/226/244 1724/224/244
f 1698/225/244 1700/227/244 1726/228/244 1725/226/244
f 1700/227/244 1702/229/244 1727/230/244 1726/228/244
f 1702/229/244 1704/231/244 1728/232/244 1727/230/244
f 1704/231/244 1706/233/244 1729/234/244 1728/232/244
f 1706/233/244 1708/235/244 1730/236/244 1729/234/244
f 1708/235/244 1710/237/244 1731/238/244 1730/236/244
f 1710/237/244 1712/239/244 1732/240/244 1731/238/244
f 1712/239/244 1714/241/244 1733/242/244 1732/240/244
f 1714/241/244 1716/243/244 1734/244/244 1733/242/244
f 1716/243/244 1718/245/244 1735/246/244 1734/244/244
f 1718/245/244 1720/247/244 1736/248/244 1735/246/244
f 1720/247/244 1690/217/244 1722/220/244 1736/248/244
f 1737/249/244 1738/250/244 1752/251/244 1751/252/244 1750/253/244 1749/254/244 1748/255/244 1747/256/244 1746/257/244 1745/258/244 1744/259/244 1743/260/244 1742/261/244 1741/196/244 1740/195/244 1739/262/244
f 1714/263/245 1712/264/245 1748/255/245 1749/254/245
f 1700/265/246 1698/193/246 1741/196/246 1742/261/246
f 1716/266/247 1714/263/247 1749/254/247 1750/253/247
f 1702/267/248 1700/265/248 1742/261/248 1743/260/248
f 1718/268/249 1716/266/249 1750/253/249 1751/252/249
f 1704/269/250 1702/267/250 1743/260/250 1744/259/250
f 1720/270/251 1718/268/251 1751/252/251 1752/251/251
f 1706/271/252 1704/269/252 1744/259/252 1745/258/252
f 1692/272/253 1690/273/253 1738/250/253 1737/249/253
f 1690/273/254 1720/270/254 1752/251/254 1738/250/254
f 1708/274/255 1706/271/255 1745/258/255 1746/257/255
f 1694/275/256 1692/272/256 1737/249/256 1739/262/256
f 1710/276/257 1708/274/257 1746/257/257 1747/256/257
f 1696/194/258 1694/275/258 1739/262/258 1740/195/258
f 1712/264/259 1710/276/259 1747/256/259 1748/255/259
f 1753/157/226 1755/160/226 1785/159/226 1786/158/226
f 1755/160/227 1757/162/227 1787/161/227 1785/159/227
f 1757/162/228 1759/164/228 1788/163/228 1787/161/228
f 1759/164/229 1761/166/229 1789/165/229 1788/163/229
f 1761/166/230 1763/168/230 1790/167/230 1789/165/230
f 1763/169/231 1765/172/231 1791/171/231 1790/170/231
f 1765/172/232 1767/174/232 1792/173/232 1791/171/232
f 1767/174/233 1769/176/233 1793/175/233 1792/173/233
f 1769/176/234 1771/178/234 1794/177/234 1793/175/234
f 1771/179/235 1773/182/235 1795/181/235 1794/180/235
f 1773/182/236 1775/184/236 1796/183/236 1795/181/236
f 1775/184/237 1777/186/237 1797/185/237 1796/183/237
f 1777/187/238 1779/190/238 1798/189/238 1797/188/238
f 1779/190/239 1781/192/239 1799/191/239 1798/189/239
f 1762/193/260 1805/196/260 1804/195/260 1760/194/260
f 1781/192/241 1783/198/241 1800/197/241 1799/191/241
f 1783/198/242 1753/200/242 1786/199/242 1800/197/242
f 1753/201/244 1783/216/244 1781/215/244 1779/214/244 1777/213/244 1775/212/244 1773/211/244 1771/210/244 1769/209/244 1767/208/244 1765/207/244 1763/206/244 1761/205/244 1759/204/244 1757/203/244 1755/202/244
f 1754/217/243 1786/220/243 1785/219/243 1756/218/243
f 1756/218/243 1785/219/243 1787/222/243 1758/221/243
f 1758/221/243 1787/222/243 1788/224/243 1760/223/243
f 1760/223/243 1788/224/243 1789/226/243 1762/225/243
f 1762/225/243 1789/226/243 1790/228/243 1764/227/243
f 1764/227/243 1790/228/243 1791/230/243 1766/229/243
f 1766/229/243 1791/230/243 1792/232/243 1768/231/243
f 1768/231/243 1792/232/243 1793/234/243 1770/233/243
f 1770/233/243 1793/234/243 1794/236/243 1772/235/243
f 1772/235/243 1794/236/243 1795/238/243 1774/237/243
f 1774/237/243 1795/238/243 1796/240/243 1776/239/243
f 1776/239/243 1796/240/243 1797/242/243 1778/241/243
f 1778/241/243 1797/242/243 1798/244/243 1780/243/243
f 1780/243/243 1798/244/243 1799/246/243 1782/245/243
f 1782/245/243 1799/246/243 1800/248/243 1784/247/243
f 1784/247/243 1800/248/243 1786/220/243 1754/217/243
f 1801/249/243 1803/262/243 1804/195/243 1805/196/243 1806/261/243 1807/260/243 1808/259/243 1809/258/243 1810/257/243 1811/256/243 1812/255/243 1813/254/243 1814/253/243 1815/252/243 1816/251/243 1802/250/243
f 1778/263/261 1813/254/261 1812/255/261 1776/264/261
f 1764/265/262 1806/261/262 1805/196/262 1762/193/262
f 1780/266/263 1814/253/263 1813/254/263 1778/263/263
f 1766/267/264 1807/260/264 1806/261/264 1764/265/264
f 1782/268/265 1815/252/265 1814/253/265 1780/266/265
f 1768/269/266 1808/259/266 1807/260/266 1766/267/266
f 1784/270/267 1816/251/267 1815/252/267 1782/268/267
f 1770/271/268 1809/258/268 1808/259/268 1768/269/268
f 1756/272/269 1801/249/269 1802/250/269 1754/273/269
f 1754/273/270 1802/250/270 1816/251/270 1784/270/270
f 1772/274/271 1810/257/271 1809/258/271 1770/271/271
f 1758/275/272 1803/262/272 1801/249/272 1756/272/272
f 1774/276/273 1811/256/273 1810/257/273 1772/274/273
f 1760/194/274 1804/195/274 1803/262/274 1758/275/274
f 1776/264/275 1812/255/275 1811/256/275 1774/276/275
o Cylinder.002
v 1.545491 1.166819 2.219298
v 3.450201 1.166819 2.469389
v 1.545491 0.944970 2.263427
v 3.450201 1.040676 2.494481
v 1.545491 0.756895 2.389094
v 3.450201 0.933737 2.565935
v 1.545491 0.631228 2.577168
v 3.450201 0.862283 2.672874
v 1.545491 0.587100 2.799017
v 3.450201 0.837191 2.799017
v 1.545491 0.631228 3.020866
v 3.450201 0.862283 2.925160
v 1.545491 0.756895 3.208941
v 3.450201 0.933737 3.032099
v 1.545491 0.944970 3.334608
v 3.450201 1.040676 3.103554
v 1.545491 1.166819 3.378736
v 3.450201 1.166819 3.128645
v 1.545491 1.388667 3.334608
v 3.450201 1.292962 3.103554
v 1.545491 1.576742 3.208941
v 3.450201 1.399901 3.032099
v 1.545491 1.702409 3.020866
v 3.450201 1.471355 2.925160
v 1.545491 1.746538 2.799017
v 3.450201 1.496446 2.799017
v 1.545491 1.702409 2.577168
v 3.450201 1.471355 2.672874
v 1.545491 1.576742 2.389094
v 3.450201 1.399901 2.565935
v 1.545491 1.388667 2.263427
v 3.450201 1.292962 2.494481
v 3.450201 0.944970 2.263427
v 3.450201 1.166819 2.219298
v 3.450201 0.756895 2.389094
v 3.450201 0.631228 2.577168
v 3.450201 0.587100 2.799017
v 3.450201 0.631228 3.020866
v 3.450201 0.756895 3.208941
v 3.450201 0.944970 3.334608
v 3.450201 1.166819 3.378736
v 3.450201 1.388667 3.334608
v 3.450201 1.576742 3.208941
v 3.450201 1.702409 3.020866
v 3.450201 1.746538 2.799017
v 3.450201 1.702409 2.577168
v 3.450201 1.576742 2.389094
v 3.450201 1.388667 2.263427
v 3.351840 1.083107 2.596919
v 3.351840 1.166819 2.580268
v 3.351840 1.012140 2.644338
v 3.351840 0.964721 2.715306
v 3.351840 0.948069 2.799017
v 3.351840 0.964721 2.882729
v 3.351840 1.012140 2.953696
v 3.351840 1.083107 3.001115
v 3.351840 1.166819 3.017766
v 3.351840 1.250530 3.001115
v 3.351840 1.321498 2.953696
v 3.351840 1.368917 2.882729
v 3.351840 1.385568 2.799017
v 3.351840 1.368917 2.715306
v 3.351840 1.321498 2.644338
v 3.351840 1.250530 2.596919
v -1.295494 1.166818 2.219299
v -3.200205 1.166819 2.469390
v -1.295494 0.944970 2.263427
v -3.200205 1.040676 2.494482
v -1.295494 0.756895 2.389094
v -3.200205 0.933737 2.565936
v -1.295494 0.631228 2.577169
v -3.200205 0.862282 2.672875
v -1.295494 0.587100 2.799018
v -3.200205 0.837191 2.799018
v -1.295494 0.631228 3.020867
v -3.200205 0.862282 2.925161
v -1.295494 0.756895 3.208941
v -3.200205 0.933737 3.032100
v -1.295494 0.944970 3.334608
v -3.200205 1.040676 3.103554
v -1.295494 1.166818 3.378737
v -3.200205 1.166819 3.128645
v -1.295494 1.388667 3.334608
v -3.200205 1.292962 3.103554
v -1.295494 1.576742 3.208941
v -3.200205 1.399901 3.032100
v -1.295494 1.702409 3.020867
v -3.200205 1.471355 2.925161
v -1.295494 1.746538 2.799018
v -3.200205 1.496446 2.799018
v -1.295494 1.702409 2.577169
v -3.200205 1.471355 2.672875
v -1.295494 1.576742 2.389094
v -3.200205 1.399900 2.565936
v -1.295494 1.388667 2.263427
v -3.200205 1.292961 2.494482
v -3.200205 0.944970 2.263427
v -3.200205 1.166819 2.219299
v -3.200205 0.756895 2.389094
v -3.200205 0.631228 2.577169
v -3.200205 0.587100 2.799018
v -3.200205 0.631228 3.020867
v -3.200205 0.756895 3.208941
v -3.200205 0.944970 3.334608
v -3.200205 1.166818 3.378737
v -3.200205 1.388667 3.334608
v -3.200205 1.576742 3.208941
v -3.200205 1.702409 3.020867
v -3.200205 1.746538 2.799018
v -3.200205 1.702409 2.577169
v -3.200205 1.576742 2.389094
v -3.200205 1.388667 2.263427
v -3.101844 1.083107 2.596920
v -3.101844 1.166819 2.580268
v -3.101844 1.012139 2.644339
v -3.101844 0.964721 2.715306
v -3.101844 0.948069 2.799018
v -3.101844 0.964721 2.882730
v -3.101844 1.012139 2.953697
v -3.101844 1.083107 3.001116
v -3.101844 1.166819 3.017767
v -3.101844 1.250530 3.001116
v -3.101844 1.321498 2.953697
v -3.101844 1.368917 2.882730
v -3.101844 1.385568 2.799018
v -3.101844 1.368917 2.715306
v -3.101844 1.321498 2.644339
v -3.101844 1.250530 2.596920
vn -0.0000 -0.1951 -0.9808
vn -0.0000 -0.5556 -0.8315
vn -0.0000 -0.8315 -0.5556
vn -0.0000 -0.9808 -0.1951
vn -0.0000 -0.9808 0.1951
vn -0.0000 -0.8315 0.5556
vn -0.0000 -0.5556 0.8315
vn -0.0000 -0.1951 0.9808
vn -0.0000 0.1951 0.9808
vn -0.0000 0.5556 0.8315
vn -0.0000 0.8315 0.5556
vn -0.0000 0.9808 0.1951
vn -0.0000 0.9808 -0.1951
vn -0.0000 0.8315 -0.5556
vn 0.7416 0.5578 -0.3727
vn -0.0000 0.5556 -0.8315
vn -0.0000 0.1951 -0.9808
vn -1.0000 -0.0000 -0.0000
vn 1.0000 -0.0000 -0.0000
vn 0.7416 -0.5578 0.3727
vn 0.7416 0.3727 -0.5578
vn 0.7416 -0.3727 0.5578
vn 0.7416 0.1309 -0.6579
vn 0.7416 0.1309 0.6579
vn 0.7416 -0.1309 0.6579
vn 0.7416 -0.1309 -0.6579
vn 0.7416 0.3727 0.5578
vn 0.7416 -0.3727 -0.5578
vn 0.7416 0.5578 0.3727
vn 0.7416 -0.5578 -0.3727
vn 0.7416 0.6579 0.1309
vn 0.7416 -0.6579 -0.1309
vn 0.7416 0.6579 -0.1309
vn 0.7416 -0.6579 0.1309
vn -0.7416 0.5577 -0.3727
vn -0.7416 -0.5578 0.3727
vn -0.7416 0.3727 -0.5578
vn -0.7416 -0.3727 0.5578
vn -0.7416 0.1309 -0.6579
vn -0.7416 0.1309 0.6579
vn -0.7416 -0.1309 0.6579
vn -0.7416 -0.1309 -0.6579
vn -0.7416 0.3727 0.5578
vn -0.7416 -0.3727 -0.5578
vn -0.7416 0.5578 0.3727
vn -0.7416 -0.5577 -0.3727
vn -0.7416 0.6579 0.1309
vn -0.7416 -0.6579 -0.1309
vn -0.7416 0.6579 -0.1309
vn -0.7416 -0.6579 0.1309
vt 0.829894 0.340586
vt 0.829894 0.337868
vt 0.830192 0.337868
vt 0.830192 0.340586
vt 0.830420 0.337868
vt 0.830420 0.340586
vt 0.826659 0.358434
vt 0.826659 0.355715
vt 0.826957 0.355715
vt 0.826957 0.358434
vt 0.827280 0.355715
vt 0.827280 0.358434
vt 0.827578 0.355715
vt 0.827578 0.358434
vt 0.827807 0.355715
vt 0.827807 0.358434
vt 0.827811 0.359639
vt 0.827811 0.362358
vt 0.827583 0.362358
vt 0.827583 0.359639
vt 0.827284 0.362358
vt 0.827284 0.359639
vt 0.826962 0.362358
vt 0.826962 0.359639
vt 0.826663 0.362358
vt 0.826663 0.359639
vt 0.825196 0.312204
vt 0.825196 0.309485
vt 0.825494 0.309485
vt 0.825494 0.312204
vt 0.825817 0.309485
vt 0.825817 0.312204
vt 0.826115 0.309485
vt 0.826115 0.312204
vt 0.829044 0.340586
vt 0.829044 0.337868
vt 0.829273 0.337868
vt 0.829273 0.340586
vt 0.840283 0.721173
vt 0.840213 0.721343
vt 0.840081 0.721255
vt 0.840128 0.721143
vt 0.829571 0.337868
vt 0.829571 0.340586
vt 0.829809 0.367179
vt 0.829486 0.367179
vt 0.829187 0.367055
vt 0.828959 0.366827
vt 0.828836 0.366529
vt 0.828836 0.366206
vt 0.828959 0.365908
vt 0.829187 0.365679
vt 0.829486 0.365556
vt 0.829809 0.365556
vt 0.830107 0.365679
vt 0.830335 0.365908
vt 0.830459 0.366206
vt 0.830459 0.366529
vt 0.830335 0.366827
vt 0.830107 0.367055
vt 0.895373 0.287085
vt 0.895503 0.287214
vt 0.895305 0.287511
vt 0.895076 0.287283
vt 0.895673 0.287285
vt 0.895603 0.287635
vt 0.895856 0.287285
vt 0.895926 0.287635
vt 0.896026 0.287214
vt 0.896224 0.287511
vt 0.896156 0.287085
vt 0.896452 0.287283
vt 0.896226 0.286915
vt 0.896576 0.286985
vt 0.896226 0.286731
vt 0.896576 0.286662
vt 0.896156 0.286562
vt 0.896452 0.286363
vt 0.896026 0.286432
vt 0.896224 0.286135
vt 0.895856 0.286362
vt 0.895926 0.286012
vt 0.895673 0.286362
vt 0.895603 0.286012
vt 0.895503 0.286432
vt 0.895305 0.286135
vt 0.895373 0.286562
vt 0.895076 0.286363
vt 0.895303 0.286731
vt 0.894953 0.286662
vt 0.895303 0.286915
vt 0.894953 0.286985
vt 0.839648 0.721341
vt 0.839562 0.721255
vt 0.839516 0.721143
vt 0.839516 0.721021
vt 0.839562 0.720908
vt 0.839648 0.720822
vt 0.839761 0.720775
vt 0.839883 0.720775
vt 0.839995 0.720822
vt 0.840081 0.720908
vt 0.840128 0.721021
vt 0.839995 0.721341
vt 0.839883 0.721388
vt 0.839761 0.721388
vt 0.839360 0.720990
vt 0.839431 0.720820
vt 0.840283 0.720990
vt 0.839360 0.721173
vt 0.840213 0.720820
vt 0.839561 0.721473
vt 0.839431 0.721343
vt 0.840083 0.720690
vt 0.839730 0.721543
vt 0.839914 0.720620
vt 0.839914 0.721543
vt 0.839730 0.720620
vt 0.840083 0.721473
vt 0.839561 0.720690
s 0
usemtl Material.001
f 1817/277/276 1850/278/276 1849/279/276 1819/280/276
f 1819/280/277 1849/279/277 1851/281/277 1821/282/277
f 1821/283/278 1851/284/278 1852/285/278 1823/286/278
f 1823/286/279 1852/285/279 1853/287/279 1825/288/279
f 1825/288/280 1853/287/280 1854/289/280 1827/290/280
f 1827/290/281 1854/289/281 1855/291/281 1829/292/281
f 1829/293/282 1855/294/282 1856/295/282 1831/296/282
f 1831/296/283 1856/295/283 1857/297/283 1833/298/283
f 1833/298/284 1857/297/284 1858/299/284 1835/300/284
f 1835/300/285 1858/299/285 1859/301/285 1837/302/285
f 1837/303/286 1859/304/286 1860/305/286 1839/306/286
f 1839/306/287 1860/305/287 1861/307/287 1841/308/287
f 1841/308/288 1861/307/288 1862/309/288 1843/310/288
f 1843/311/289 1862/312/289 1863/313/289 1845/314/289
f 1830/315/290 1828/316/290 1870/317/290 1871/318/290
f 1845/314/291 1863/313/291 1864/319/291 1847/320/291
f 1847/320/292 1864/319/292 1850/278/292 1817/277/292
f 1817/321/293 1819/322/293 1821/323/293 1823/324/293 1825/325/293 1827/326/293 1829/327/293 1831/328/293 1833/329/293 1835/330/293 1837/331/293 1839/332/293 1841/333/293 1843/334/293 1845/335/293 1847/336/293
f 1818/337/294 1820/338/294 1849/339/294 1850/340/294
f 1820/338/294 1822/341/294 1851/342/294 1849/339/294
f 1822/341/294 1824/343/294 1852/344/294 1851/342/294
f 1824/343/294 1826/345/294 1853/346/294 1852/344/294
f 1826/345/294 1828/347/294 1854/348/294 1853/346/294
f 1828/347/294 1830/349/294 1855/350/294 1854/348/294
f 1830/349/294 1832/351/294 1856/352/294 1855/350/294
f 1832/351/294 1834/353/294 1857/354/294 1856/352/294
f 1834/353/294 1836/355/294 1858/356/294 1857/354/294
f 1836/355/294 1838/357/294 1859/358/294 1858/356/294
f 1838/357/294 1840/359/294 1860/360/294 1859/358/294
f 1840/359/294 1842/361/294 1861/362/294 1860/360/294
f 1842/361/294 1844/363/294 1862/364/294 1861/362/294
f 1844/363/294 1846/365/294 1863/366/294 1862/364/294
f 1846/365/294 1848/367/294 1864/368/294 1863/366/294
f 1848/367/294 1818/337/294 1850/340/294 1864/368/294
f 1865/369/294 1866/370/294 1880/371/294 1879/372/294 1878/373/294 1877/374/294 1876/375/294 1875/376/294 1874/377/294 1873/378/294 1872/379/294 1871/318/294 1870/317/294 1869/380/294 1868/381/294 1867/382/294
f 1846/383/295 1844/384/295 1878/373/295 1879/372/295
f 1832/385/296 1830/315/296 1871/318/296 1872/379/296
f 1848/386/297 1846/383/297 1879/372/297 1880/371/297
f 1834/387/298 1832/385/298 1872/379/298 1873/378/298
f 1820/388/299 1818/389/299 1866/370/299 1865/369/299
f 1818/389/300 1848/386/300 1880/371/300 1866/370/300
f 1836/390/301 1834/387/301 1873/378/301 1874/377/301
f 1822/391/302 1820/388/302 1865/369/302 1867/382/302
f 1838/392/303 1836/390/303 1874/377/303 1875/376/303
f 1824/393/304 1822/391/304 1867/382/304 1868/381/304
f 1840/394/305 1838/392/305 1875/376/305 1876/375/305
f 1826/395/306 1824/393/306 1868/381/306 1869/380/306
f 1842/396/307 1840/394/307 1876/375/307 1877/374/307
f 1828/316/308 1826/395/308 1869/380/308 1870/317/308
f 1844/384/309 1842/396/309 1877/374/309 1878/373/309
f 1881/277/276 1883/280/276 1913/279/276 1914/278/276
f 1883/280/277 1885/282/277 1915/281/277 1913/279/277
f 1885/283/278 1887/286/278 1916/285/278 1915/284/278
f 1887/286/279 1889/288/279 1917/287/279 1916/285/279
f 1889/288/280 1891/290/280 1918/289/280 1917/287/280
f 1891/290/281 1893/292/281 1919/291/281 1918/289/281
f 1893/293/282 1895/296/282 1920/295/282 1919/294/282
f 1895/296/283 1897/298/283 1921/297/283 1920/295/283
f 1897/298/284 1899/300/284 1922/299/284 1921/297/284
f 1899/300/285 1901/302/285 1923/301/285 1922/299/285
f 1901/303/286 1903/306/286 1924/305/286 1923/304/286
f 1903/306/287 1905/308/287 1925/307/287 1924/305/287
f 1905/308/288 1907/310/288 1926/309/288 1925/307/288
f 1907/311/289 1909/314/289 1927/313/289 1926/312/289
f 1894/315/310 1935/318/310 1934/317/310 1892/316/310
f 1909/314/291 1911/320/291 1928/319/291 1927/313/291
f 1911/320/292 1881/277/292 1914/278/292 1928/319/292
f 1881/321/294 1911/336/294 1909/335/294 1907/334/294 1905/333/294 1903/332/294 1901/331/294 1899/330/294 1897/329/294 1895/328/294 1893/327/294 1891/326/294 1889/325/294 1887/324/294 1885/323/294 1883/322/294
f 1882/337/293 1914/340/293 1913/339/293 1884/338/293
f 1884/338/293 1913/339/293 1915/342/293 1886/341/293
f 1886/341/293 1915/342/293 1916/344/293 1888/343/293
f 1888/343/293 1916/344/293 1917/346/293 1890/345/293
f 1890/345/293 1917/346/293 1918/348/293 1892/347/293
f 1892/347/293 1918/348/293 1919/350/293 1894/349/293
f 1894/349/293 1919/350/293 1920/352/293 1896/351/293
f 1896/351/293 1920/352/293 1921/354/293 1898/353/293
f 1898/353/293 1921/354/293 1922/356/293 1900/355/293
f 1900/355/293 1922/356/293 1923/358/293 1902/357/293
f 1902/357/293 1923/358/293 1924/360/293 1904/359/293
f 1904/359/293 1924/360/293 1925/362/293 1906/361/293
f 1906/361/293 1925/362/293 1926/364/293 1908/363/293
f 1908/363/293 1926/364/293 1927/366/293 1910/365/293
f 1910/365/293 1927/366/293 1928/368/293 1912/367/293
f 1912/367/293 1928/368/293 1914/340/293 1882/337/293
f 1929/369/293 1931/382/293 1932/381/293 1933/380/293 1934/317/293 1935/318/293 1936/379/293 1937/378/293 1938/377/293 1939/376/293 1940/375/293 1941/374/293 1942/373/293 1943/372/293 1944/371/293 1930/370/293
f 1910/383/311 1943/372/311 1942/373/311 1908/384/311
f 1896/385/312 1936/379/312 1935/318/312 1894/315/312
f 1912/386/313 1944/371/313 1943/372/313 1910/383/313
f 1898/387/314 1937/378/314 1936/379/314 1896/385/314
f 1884/388/315 1929/369/315 1930/370/315 1882/389/315
f 1882/389/316 1930/370/316 1944/371/316 1912/386/316
f 1900/390/317 1938/377/317 1937/378/317 1898/387/317
f 1886/391/318 1931/382/318 1929/369/318 1884/388/318
f 1902/392/319 1939/376/319 1938/377/319 1900/390/319
f 1888/393/320 1932/381/320 1931/382/320 1886/391/320
f 1904/394/321 1940/375/321 1939/376/321 1902/392/321
f 1890/395/322 1933/380/322 1932/381/322 1888/393/322
f 1906/396/323 1941/374/323 1940/375/323 1904/394/323
f 1892/316/324 1934/317/324 1933/380/324 1890/395/324
f 1908/384/325 1942/373/325 1941/374/325 1906/396/325
o Cylinder.003
v 0.057764 6.389122 -0.787684
v 0.057764 6.100393 1.615218
v 0.295990 6.341736 -0.787684
v 0.185498 6.074985 1.615218
v 0.497948 6.206792 -0.787684
v 0.293786 6.002630 1.615218
v 0.632892 6.004834 -0.787684
v 0.366141 5.894342 1.615218
v 0.680278 5.766608 -0.787684
v 0.391549 5.766608 1.615218
v 0.632892 5.528383 -0.787684
v 0.366141 5.638875 1.615218
v 0.497948 5.326425 -0.787684
v 0.293786 5.530587 1.615218
v 0.295990 5.191481 -0.787684
v 0.185498 5.458231 1.615218
v 0.057764 5.144095 -0.787684
v 0.057764 5.432824 1.615218
v -0.180461 5.191481 -0.787684
v -0.069969 5.458231 1.615218
v -0.382419 5.326425 -0.787684
v -0.178257 5.530587 1.615218
v -0.517363 5.528383 -0.787684
v -0.250612 5.638875 1.615218
v -0.564749 5.766608 -0.787684
v -0.276020 5.766608 1.615218
v -0.517363 6.004834 -0.787684
v -0.250612 5.894342 1.615218
v -0.382419 6.206792 -0.787684
v -0.178257 6.002630 1.615218
v -0.180461 6.341736 -0.787684
v -0.069969 6.074985 1.615218
v 0.295990 6.341735 1.615218
v 0.057764 6.389122 1.615218
v 0.497948 6.206792 1.615218
v 0.632892 6.004834 1.615218
v 0.680278 5.766608 1.615218
v 0.632892 5.528383 1.615218
v 0.497948 5.326425 1.615218
v 0.295990 5.191481 1.615218
v 0.057764 5.144095 1.615218
v -0.180461 5.191481 1.615218
v -0.382419 5.326425 1.615218
v -0.517363 5.528383 1.615218
v -0.564749 5.766608 1.615218
v -0.517363 6.004834 1.615218
v -0.382419 6.206792 1.615218
v -0.180461 6.341736 1.615218
v 0.185498 6.074985 2.937628
v 0.057764 6.100393 2.937628
v 0.293786 6.002629 2.937628
v 0.366141 5.894342 2.937628
v 0.391549 5.766608 2.937628
v 0.366141 5.638875 2.937628
v 0.293786 5.530587 2.937628
v 0.185498 5.458231 2.937628
v 0.057764 5.432824 2.937628
v -0.069969 5.458231 2.937628
v -0.178257 5.530587 2.937628
v -0.250612 5.638875 2.937628
v -0.276020 5.766608 2.937628
v -0.250612 5.894342 2.937628
v -0.178257 6.002630 2.937628
v -0.069969 6.074985 2.937628
v 0.232293 6.187956 2.937628
v 0.057764 6.222672 2.937628
v 0.380250 6.089094 2.937628
v 0.479113 5.941136 2.937628
v 0.513829 5.766608 2.937628
v 0.479113 5.592080 2.937628
v 0.380250 5.444122 2.937628
v 0.232293 5.345260 2.937628
v 0.057764 5.310544 2.937628
v -0.116764 5.345260 2.937628
v -0.264721 5.444122 2.937628
v -0.363584 5.592080 2.937628
v -0.398300 5.766608 2.937628
v -0.363584 5.941136 2.937628
v -0.264721 6.089094 2.937628
v -0.116764 6.187957 2.937628
v 0.170778 6.039448 3.722751
v 0.057764 6.061928 3.722751
v 0.266587 5.975430 3.722751
v 0.330604 5.879622 3.722751
v 0.353084 5.766608 3.722751
v 0.330604 5.653594 3.722751
v 0.266587 5.557786 3.722751
v 0.170778 5.493769 3.722751
v 0.057764 5.471289 3.722751
v -0.055250 5.493768 3.722751
v -0.151058 5.557786 3.722751
v -0.215076 5.653594 3.722751
v -0.237555 5.766608 3.722751
v -0.215075 5.879622 3.722751
v -0.151058 5.975431 3.722751
v -0.055250 6.039448 3.722751
v 0.232292 6.187956 3.722751
v 0.057764 6.222672 3.722751
v 0.380250 6.089094 3.722751
v 0.479112 5.941136 3.722751
v 0.513828 5.766608 3.722751
v 0.479113 5.592080 3.722751
v 0.380250 5.444122 3.722751
v 0.232292 5.345260 3.722751
v 0.057764 5.310544 3.722751
v -0.116764 5.345260 3.722751
v -0.264722 5.444122 3.722751
v -0.363584 5.592080 3.722751
v -0.398300 5.766608 3.722751
v -0.363584 5.941136 3.722751
v -0.264722 6.089094 3.722751
v -0.116764 6.187957 3.722751
v 0.170778 6.039448 3.514345
v 0.057764 6.061928 3.514345
v 0.266587 5.975430 3.514345
v 0.330604 5.879622 3.514345
v 0.353084 5.766608 3.514345
v 0.330604 5.653594 3.514345
v 0.266587 5.557786 3.514345
v 0.170778 5.493769 3.514345
v 0.057764 5.471289 3.514345
v -0.055250 5.493768 3.514345
v -0.151058 5.557786 3.514345
v -0.215076 5.653594 3.514345
v -0.237555 5.766608 3.514345
v -0.215075 5.879622 3.514345
v -0.151058 5.975431 3.514345
v -0.055249 6.039448 3.514345
vn -0.0000 1.0000 -0.0000
vn 0.3827 0.9239 -0.0000
vn 0.7071 0.7071 -0.0000
vn 0.9239 0.3827 -0.0000
vn 1.0000 -0.0000 -0.0000
vn 0.9239 -0.3827 -0.0000
vn 0.7071 -0.7071 -0.0000
vn 0.3827 -0.9239 -0.0000
vn -0.0000 -1.0000 -0.0000
vn -0.3827 -0.9239 -0.0000
vn -0.7071 -0.7071 -0.0000
vn -0.9239 -0.3827 -0.0000
vn -1.0000 -0.0000 -0.0000
vn -0.9239 0.3827 -0.0000
vn -0.7071 0.7071 -0.0000
vn -0.3827 0.9239 -0.0000
vn -0.0000 -0.0000 -1.0000
vn -0.0000 -0.0000 1.0000
vt 0.837814 0.375620
vt 0.837814 0.371006
vt 0.838329 0.371006
vt 0.838329 0.375620
vt 0.838723 0.371006
vt 0.838723 0.375620
vt 0.827307 0.331618
vt 0.827307 0.327004
vt 0.827821 0.327004
vt 0.827821 0.331618
vt 0.828378 0.327004
vt 0.828378 0.331618
vt 0.828893 0.327004
vt 0.828893 0.331618
vt 0.860900 0.300084
vt 0.860900 0.304698
vt 0.860506 0.304698
vt 0.860506 0.300084
vt 0.859992 0.304698
vt 0.859992 0.300084
vt 0.859435 0.304698
vt 0.859435 0.300084
vt 0.858920 0.304698
vt 0.858920 0.300084
vt 0.858527 0.304698
vt 0.858527 0.300084
vt 0.828981 0.331917
vt 0.828981 0.336531
vt 0.828467 0.336531
vt 0.828467 0.331917
vt 0.827910 0.336531
vt 0.827910 0.331917
vt 0.827395 0.336531
vt 0.827395 0.331917
vt 0.836349 0.375620
vt 0.836349 0.371006
vt 0.836743 0.371006
vt 0.836743 0.375620
vt 0.820116 0.348404
vt 0.820327 0.348404
vt 0.820327 0.350943
vt 0.820116 0.350943
vt 0.837258 0.371006
vt 0.837258 0.375620
vt 0.852164 0.380752
vt 0.852679 0.380965
vt 0.853072 0.381359
vt 0.853285 0.381873
vt 0.853285 0.382430
vt 0.853072 0.382945
vt 0.852679 0.383339
vt 0.852164 0.383552
vt 0.851607 0.383552
vt 0.851093 0.383339
vt 0.850699 0.382945
vt 0.850486 0.382430
vt 0.850486 0.381873
vt 0.850699 0.381359
vt 0.851093 0.380965
vt 0.851607 0.380752
vt 0.849067 0.381401
vt 0.848768 0.381401
vt 0.848639 0.380752
vt 0.849196 0.380752
vt 0.848493 0.381516
vt 0.848125 0.380965
vt 0.848281 0.381727
vt 0.847731 0.381359
vt 0.848167 0.382003
vt 0.847518 0.381873
vt 0.848167 0.382301
vt 0.847518 0.382430
vt 0.848281 0.382577
vt 0.847731 0.382945
vt 0.848493 0.382788
vt 0.848125 0.383339
vt 0.848768 0.382903
vt 0.848639 0.383552
vt 0.849067 0.382903
vt 0.849196 0.383552
vt 0.849343 0.382788
vt 0.849711 0.383339
vt 0.849554 0.382577
vt 0.850105 0.382945
vt 0.849668 0.382301
vt 0.850318 0.382430
vt 0.849668 0.382003
vt 0.850318 0.381873
vt 0.849554 0.381727
vt 0.850105 0.381359
vt 0.849343 0.381516
vt 0.849711 0.380965
vt 0.860596 0.376996
vt 0.860385 0.376785
vt 0.860541 0.376552
vt 0.860829 0.376840
vt 0.867665 0.284845
vt 0.867389 0.284845
vt 0.867389 0.282306
vt 0.867665 0.282306
vt 0.817313 0.296574
vt 0.817037 0.296574
vt 0.817037 0.294035
vt 0.817313 0.294035
vt 0.867964 0.284845
vt 0.867964 0.282306
vt 0.817611 0.296574
vt 0.817611 0.294035
vt 0.868240 0.284845
vt 0.868240 0.282306
vt 0.817887 0.296574
vt 0.817887 0.294035
vt 0.821177 0.348404
vt 0.821389 0.348404
vt 0.821389 0.350943
vt 0.821177 0.350943
vt 0.862749 0.282309
vt 0.862961 0.282309
vt 0.862961 0.284848
vt 0.862749 0.284848
vt 0.820902 0.348404
vt 0.820902 0.350943
vt 0.862473 0.282309
vt 0.862473 0.284848
vt 0.820603 0.348404
vt 0.820603 0.350943
vt 0.861899 0.282309
vt 0.862175 0.282309
vt 0.862175 0.284848
vt 0.861899 0.284848
vt 0.867178 0.284845
vt 0.867178 0.282306
vt 0.916351 0.280830
vt 0.916728 0.280830
vt 0.916728 0.282337
vt 0.916351 0.282337
vt 0.859209 0.377571
vt 0.859324 0.377847
vt 0.859090 0.378002
vt 0.858934 0.377625
vt 0.860711 0.377571
vt 0.860711 0.377272
vt 0.860986 0.377217
vt 0.860986 0.377625
vt 0.859209 0.377272
vt 0.858934 0.377217
vt 0.860596 0.377847
vt 0.860829 0.378002
vt 0.859324 0.376996
vt 0.859090 0.376840
vt 0.860385 0.378058
vt 0.860541 0.378291
vt 0.859535 0.376785
vt 0.859379 0.376552
vt 0.860109 0.378172
vt 0.860164 0.378447
vt 0.859811 0.376671
vt 0.859756 0.376396
vt 0.859811 0.378172
vt 0.859756 0.378447
vt 0.860109 0.376671
vt 0.860164 0.376396
vt 0.859535 0.378058
vt 0.859379 0.378291
vt 0.824674 0.352266
vt 0.824674 0.352022
vt 0.825075 0.352022
vt 0.825075 0.352266
vt 0.838900 0.280811
vt 0.839277 0.280811
vt 0.839277 0.282318
vt 0.838900 0.282318
vt 0.820421 0.338283
vt 0.820421 0.337995
vt 0.821928 0.337995
vt 0.821928 0.338283
vt 0.822963 0.283193
vt 0.822963 0.282905
vt 0.824470 0.282905
vt 0.824470 0.283193
vt 0.820421 0.338660
vt 0.821928 0.338660
vt 0.822963 0.283570
vt 0.824470 0.283570
vt 0.820421 0.339068
vt 0.821928 0.339068
vt 0.822963 0.284355
vt 0.822963 0.283978
vt 0.824470 0.283978
vt 0.824470 0.284355
vt 0.820421 0.339445
vt 0.821928 0.339445
vt 0.822963 0.284644
vt 0.824470 0.284644
vt 0.820421 0.339734
vt 0.821928 0.339734
vt 0.917136 0.280830
vt 0.917513 0.280830
vt 0.917513 0.282337
vt 0.917136 0.282337
vt 0.839685 0.280811
vt 0.840062 0.280811
vt 0.840062 0.282318
vt 0.839685 0.282318
vt 0.861470 0.377289
vt 0.861470 0.377553
vt 0.861109 0.377625
vt 0.861109 0.377217
vt 0.861571 0.377797
vt 0.861265 0.378002
vt 0.861758 0.377984
vt 0.861553 0.378291
vt 0.862002 0.378085
vt 0.861930 0.378447
vt 0.862266 0.378085
vt 0.862338 0.378447
vt 0.862510 0.377984
vt 0.862715 0.378291
vt 0.862697 0.377797
vt 0.863004 0.378002
vt 0.862798 0.377553
vt 0.863160 0.377625
vt 0.862798 0.377289
vt 0.863160 0.377217
vt 0.862697 0.377045
vt 0.863004 0.376840
vt 0.862510 0.376858
vt 0.862715 0.376552
vt 0.862266 0.376757
vt 0.862338 0.376396
vt 0.862002 0.376757
vt 0.861930 0.376396
vt 0.861758 0.376858
vt 0.861553 0.376552
vt 0.861571 0.377045
vt 0.861265 0.376840
vt 0.879058 0.357364
vt 0.879322 0.357364
vt 0.879566 0.357465
vt 0.879753 0.357652
vt 0.879854 0.357896
vt 0.879854 0.358161
vt 0.879753 0.358405
vt 0.879566 0.358591
vt 0.879322 0.358693
vt 0.879058 0.358693
vt 0.878814 0.358591
vt 0.878627 0.358405
vt 0.878526 0.358161
vt 0.878526 0.357896
vt 0.878627 0.357652
vt 0.878814 0.357465
vt 0.863260 0.349022
vt 0.863260 0.349286
vt 0.862860 0.349286
vt 0.862860 0.349022
vt 0.824674 0.352774
vt 0.824674 0.352530
vt 0.825075 0.352530
vt 0.825075 0.352774
vt 0.863260 0.348778
vt 0.862860 0.348778
vt 0.917536 0.280569
vt 0.917536 0.280756
vt 0.917136 0.280756
vt 0.917136 0.280569
vt 0.863260 0.348591
vt 0.862860 0.348591
vt 0.917536 0.280325
vt 0.917136 0.280325
vt 0.816865 0.280358
vt 0.816865 0.280602
vt 0.816464 0.280602
vt 0.816464 0.280358
vt 0.917536 0.280061
vt 0.917136 0.280061
vt 0.816865 0.280093
vt 0.816464 0.280093
vt 0.917536 0.279817
vt 0.917136 0.279817
vt 0.816865 0.279849
vt 0.816464 0.279849
vt 0.863260 0.349531
vt 0.863260 0.349717
vt 0.862860 0.349717
vt 0.862860 0.349531
vt 0.824674 0.351835
vt 0.825075 0.351835
s 1
usemtl Material.001
f 1945/397/326 1978/398/326 1977/399/327 1947/400/327
f 1947/400/327 1977/399/327 1979/401/328 1949/402/328
f 1949/403/328 1979/404/328 1980/405/329 1951/406/329
f 1951/406/329 1980/405/329 1981/407/330 1953/408/330
f 1953/408/330 1981/407/330 1982/409/331 1955/410/331
f 1955/411/331 1982/412/331 1983/413/332 1957/414/332
f 1957/414/332 1983/413/332 1984/415/333 1959/416/333
f 1959/416/333 1984/415/333 1985/417/334 1961/418/334
f 1961/418/334 1985/417/334 1986/419/335 1963/420/335
f 1963/420/335 1986/419/335 1987/421/336 1965/422/336
f 1965/423/336 1987/424/336 1988/425/337 1967/426/337
f 1967/426/337 1988/425/337 1989/427/338 1969/428/338
f 1969/428/338 1989/427/338 1990/429/339 1971/430/339
f 1971/431/339 1990/432/339 1991/433/340 1973/434/340
f 1966/435/336 1964/436/335 2002/437/335 2003/438/336
f 1973/434/340 1991/433/340 1992/439/341 1975/440/341
f 1975/440/341 1992/439/341 1978/398/326 1945/397/326
f 1945/441/342 1947/442/342 1949/443/342 1951/444/342 1953/445/342 1955/446/342 1957/447/342 1959/448/342 1961/449/342 1963/450/342 1965/451/342 1967/452/342 1969/453/342 1971/454/342 1973/455/342 1975/456/342
f 1946/457/343 1948/458/343 1977/459/343 1978/460/343
f 1948/458/343 1950/461/343 1979/462/343 1977/459/343
f 1950/461/343 1952/463/343 1980/464/343 1979/462/343
f 1952/463/343 1954/465/343 1981/466/343 1980/464/343
f 1954/465/343 1956/467/343 1982/468/343 1981/466/343
f 1956/467/343 1958/469/343 1983/470/343 1982/468/343
f 1958/469/343 1960/471/343 1984/472/343 1983/470/343
f 1960/471/343 1962/473/343 1985/474/343 1984/472/343
f 1962/473/343 1964/475/343 1986/476/343 1985/474/343
f 1964/475/343 1966/477/343 1987/478/343 1986/476/343
f 1966/477/343 1968/479/343 1988/480/343 1987/478/343
f 1968/479/343 1970/481/343 1989/482/343 1988/480/343
f 1970/481/343 1972/483/343 1990/484/343 1989/482/343
f 1972/483/343 1974/485/343 1991/486/343 1990/484/343
f 1974/485/343 1976/487/343 1992/488/343 1991/486/343
f 1976/487/343 1946/457/343 1978/460/343 1992/488/343
f 2008/489/342 2007/490/342 2023/491/342 2024/492/342
f 1952/493/329 1950/494/328 1995/495/328 1996/496/329
f 1968/497/337 1966/498/336 2003/499/336 2004/500/337
f 1954/501/330 1952/493/329 1996/496/329 1997/502/330
f 1970/503/338 1968/497/337 2004/500/337 2005/504/338
f 1956/505/331 1954/501/330 1997/502/330 1998/506/331
f 1972/507/339 1970/503/338 2005/504/338 2006/508/339
f 1958/509/332 1956/510/331 1998/511/331 1999/512/332
f 1974/513/340 1972/514/339 2006/515/339 2007/516/340
f 1960/517/333 1958/509/332 1999/512/332 2000/518/333
f 1976/519/341 1974/513/340 2007/516/340 2008/520/341
f 1962/521/334 1960/517/333 2000/518/333 2001/522/334
f 1948/523/327 1946/524/326 1994/525/326 1993/526/327
f 1946/524/326 1976/519/341 2008/520/341 1994/525/326
f 1964/436/335 1962/521/334 2001/522/334 2002/437/335
f 1950/494/328 1948/527/327 1993/528/327 1995/495/328
f 2014/529/331 2013/530/330 2045/531/330 2046/532/331
f 2001/533/342 2000/534/342 2016/535/342 2017/536/342
f 1993/537/342 1994/538/342 2010/539/342 2009/540/342
f 1994/538/342 2008/489/342 2024/492/342 2010/539/342
f 2002/541/342 2001/533/342 2017/536/342 2018/542/342
f 1995/543/342 1993/537/342 2009/540/342 2011/544/342
f 2003/545/342 2002/541/342 2018/542/342 2019/546/342
f 1996/547/342 1995/543/342 2011/544/342 2012/548/342
f 2004/549/342 2003/545/342 2019/546/342 2020/550/342
f 1997/551/342 1996/547/342 2012/548/342 2013/552/342
f 2005/553/342 2004/549/342 2020/550/342 2021/554/342
f 1998/555/342 1997/551/342 2013/552/342 2014/556/342
f 2006/557/342 2005/553/342 2021/554/342 2022/558/342
f 1999/559/342 1998/555/342 2014/556/342 2015/560/342
f 2007/490/342 2006/557/342 2022/558/342 2023/491/342
f 2000/534/342 1999/559/342 2015/560/342 2016/535/342
f 2040/561/333 2039/562/332 2071/563/332 2072/564/333
f 2022/565/339 2021/566/338 2053/567/338 2054/568/339
f 2015/569/332 2014/570/331 2046/571/331 2047/572/332
f 2023/573/340 2022/574/339 2054/575/339 2055/576/340
f 2016/577/333 2015/569/332 2047/572/332 2048/578/333
f 2024/579/341 2023/573/340 2055/576/340 2056/580/341
f 2017/581/334 2016/577/333 2048/578/333 2049/582/334
f 2009/583/327 2010/584/326 2042/585/326 2041/586/327
f 2010/584/326 2024/579/341 2056/580/341 2042/585/326
f 2018/587/335 2017/581/334 2049/582/334 2050/588/335
f 2011/589/328 2009/583/327 2041/586/327 2043/590/328
f 2019/591/336 2018/587/335 2050/588/335 2051/592/336
f 2012/593/329 2011/594/328 2043/595/328 2044/596/329
f 2020/597/337 2019/598/336 2051/599/336 2052/600/337
f 2013/530/330 2012/593/329 2044/596/329 2045/531/330
f 2021/566/338 2020/597/337 2052/600/337 2053/567/338
f 2026/601/343 2025/602/343 2041/603/343 2042/604/343
f 2025/602/343 2027/605/343 2043/606/343 2041/603/343
f 2027/605/343 2028/607/343 2044/608/343 2043/606/343
f 2028/607/343 2029/609/343 2045/610/343 2044/608/343
f 2029/609/343 2030/611/343 2046/612/343 2045/610/343
f 2030/611/343 2031/613/343 2047/614/343 2046/612/343
f 2031/613/343 2032/615/343 2048/616/343 2047/614/343
f 2032/615/343 2033/617/343 2049/618/343 2048/616/343
f 2033/617/343 2034/619/343 2050/620/343 2049/618/343
f 2034/619/343 2035/621/343 2051/622/343 2050/620/343
f 2035/621/343 2036/623/343 2052/624/343 2051/622/343
f 2036/623/343 2037/625/343 2053/626/343 2052/624/343
f 2037/625/343 2038/627/343 2054/628/343 2053/626/343
f 2038/627/343 2039/629/343 2055/630/343 2054/628/343
f 2039/629/343 2040/631/343 2056/632/343 2055/630/343
f 2040/631/343 2026/601/343 2042/604/343 2056/632/343
f 2057/633/343 2058/634/343 2072/635/343 2071/636/343 2070/637/343 2069/638/343 2068/639/343 2067/640/343 2066/641/343 2065/642/343 2064/643/343 2063/644/343 2062/645/343 2061/646/343 2060/647/343 2059/648/343
f 2033/649/326 2032/650/341 2064/651/341 2065/652/326
f 2025/653/335 2026/654/334 2058/655/334 2057/656/335
f 2026/654/334 2040/561/333 2072/564/333 2058/655/334
f 2034/657/327 2033/649/326 2065/652/326 2066/658/327
f 2027/659/336 2025/660/335 2057/661/335 2059/662/336
f 2035/663/328 2034/657/327 2066/658/327 2067/664/328
f 2028/665/337 2027/659/336 2059/662/336 2060/666/337
f 2036/667/329 2035/668/328 2067/669/328 2068/670/329
f 2029/671/338 2028/665/337 2060/666/337 2061/672/338
f 2037/673/330 2036/667/329 2068/670/329 2069/674/330
f 2030/675/339 2029/671/338 2061/672/338 2062/676/339
f 2038/677/331 2037/673/330 2069/674/330 2070/678/331
f 2031/679/340 2030/680/339 2062/681/339 2063/682/340
f 2039/562/332 2038/683/331 2070/684/331 2071/563/332
f 2032/650/341 2031/679/340 2063/682/340 2064/651/341
o tank_top1
v -1.451201 4.985685 0.232199
v -1.096174 6.444748 0.232199
v -1.599090 4.985685 -2.150981
v -1.096175 6.068160 -2.150982
v 1.642034 4.985685 0.232197
v 1.287006 6.444748 0.232197
v 1.789920 4.985685 -2.150984
v 1.287005 6.068160 -2.150983
v 0.095414 4.985685 -3.200908
v 0.095414 6.004765 -3.200908
v 0.095417 4.985685 0.637344
v 0.095417 6.664006 0.637344
v 0.794611 5.893170 -2.754874
v 0.983845 5.562478 -2.754874
v 0.896729 5.967868 0.310724
v 0.983847 5.562478 0.310724
v 0.095414 5.562478 -2.945364
v 0.095414 5.904427 -2.945364
v 0.691209 6.004765 -2.984454
v 1.104943 4.985685 0.498992
v 1.104940 4.985685 -2.984454
v 0.691212 6.589317 0.498992
v 0.095416 5.562478 0.432481
v 0.095416 5.968868 0.432481
v -0.914112 4.985685 -2.984453
v -0.500379 6.589317 0.498993
v -0.500381 6.004765 -2.984453
v -0.914110 4.985685 0.498993
v 1.456513 5.562478 0.075932
v 1.366532 5.966039 0.075932
v -1.923637 4.985685 -0.959391
v -1.096175 6.356450 -0.959392
v 2.114467 4.985685 -0.959394
v 1.287006 6.356450 -0.959393
v 0.095415 6.613478 -1.281782
v 1.586660 5.562478 -2.021380
v 1.404285 5.894276 -2.021380
v 0.691210 6.576134 -1.242731
v 1.099812 4.985685 -1.252494
v -0.908981 4.985685 -1.252493
v -0.500380 6.576134 -1.242730
v -1.923636 4.985685 -0.363596
v 1.287006 6.467932 -0.363598
v 0.095416 6.695933 -0.322219
v 0.095416 4.985685 -0.248097
v -1.395830 5.562478 -2.021378
v 0.691211 6.639916 -0.371870
v 0.805631 4.985685 -0.542278
v -0.614800 4.985685 -0.542278
v -0.500379 6.639916 -0.371869
v -1.096174 6.467932 -0.363596
v 2.114468 4.985685 -0.363599
v -1.213456 5.894276 -2.021378
v -1.096175 6.222446 -1.555187
v 1.952193 4.985685 -1.555189
v -1.265681 5.562478 0.075934
v -1.761363 4.985685 -1.555186
v 1.287005 6.222446 -1.555188
v 0.095415 6.309122 -2.241345
v 0.095415 4.985685 -2.411491
v -1.175699 5.966039 0.075934
v 0.691210 6.290449 -2.113593
v 0.805630 4.985685 -1.962709
v -0.614801 4.985685 -1.962708
v -0.500380 6.290449 -2.113592
v 0.914950 4.985685 -2.072029
v 1.254413 4.985685 -1.252494
v -0.724120 4.985685 -2.072028
v -1.063582 4.985685 -1.252493
v 0.914951 4.985685 -0.432959
v -0.724119 4.985685 -0.432958
v 0.095416 4.985685 -0.093496
v 0.095415 4.985685 -2.256890
v 0.095415 4.599288 -2.071155
v 1.099812 4.599288 -1.252494
v -0.723246 4.599288 -1.252493
v 0.095416 4.599288 -0.433832
v 0.674296 4.599288 -1.831375
v -0.483466 4.599288 -1.831374
v 0.674297 4.599288 -0.673613
v -0.483465 4.599288 -0.673612
v -1.348955 5.966039 0.232199
v -1.451201 5.562478 0.232199
v -1.391858 5.894276 -2.150981
v -1.599090 5.562478 -2.150981
v 1.582687 5.894276 -2.150983
v 1.789920 5.562478 -2.150984
v 1.539787 5.966039 0.232197
v 1.642034 5.562478 0.232197
v 0.095417 5.968868 0.637344
v 0.095417 5.562478 0.637344
v 0.095414 5.904427 -3.200908
v 0.095414 5.562478 -3.200908
v 1.104943 5.562478 0.498992
v 1.005950 5.967868 0.498992
v 1.104940 5.562478 -2.984454
v 0.889913 5.893170 -2.984454
v -0.914112 5.562478 -2.984453
v -0.699084 5.893170 -2.984453
v -0.914110 5.562478 0.498993
v -0.815117 5.967868 0.498993
v 1.922044 5.908225 -0.959394
v 2.114467 5.562478 -0.959394
v -1.731213 5.908225 -0.959391
v -1.923637 5.562478 -0.959391
v 2.114468 5.562478 -0.363599
v 1.933692 5.924359 -0.363598
v -1.923636 5.562478 -0.363596
v -1.742861 5.924359 -0.363596
v -1.761363 5.562478 -1.555186
v -1.565130 5.905171 -1.555186
v 1.952193 5.562478 -1.555189
v 1.755960 5.905171 -1.555188
v -0.793017 5.562478 -2.754873
v -0.603782 5.893170 -2.754873
v -0.793015 5.562478 0.310725
v -0.705896 5.967868 0.310725
v 1.702936 5.908225 -0.972724
v 1.872277 5.562478 -0.972724
v -1.512105 5.908225 -0.972722
v -1.681446 5.562478 -0.972722
v 1.872278 5.562478 -0.448396
v 1.713187 5.924359 -0.448396
v -1.681446 5.562478 -0.448394
v -1.522355 5.924359 -0.448394
v -1.538638 5.562478 -1.497050
v -1.365943 5.905171 -1.497050
v 1.729469 5.562478 -1.497052
v 1.556774 5.905171 -1.497052
v 0.805630 4.599288 -1.962709
v 0.914077 4.599288 -1.252494
v -0.614801 4.599288 -1.962708
v -0.908981 4.599288 -1.252493
v 0.805631 4.599288 -0.542278
v -0.614800 4.599288 -0.542278
v 0.095416 4.599288 -0.248097
v 0.095415 4.599288 -2.256890
v 0.095415 4.264078 -2.071155
v 0.095415 4.264078 -1.281782
v 0.914077 4.264078 -1.252494
v -0.723246 4.264078 -1.252493
v 0.095416 4.264078 -0.433832
v 0.674296 4.264078 -1.831375
v -0.483466 4.264078 -1.831374
v 0.674297 4.264078 -0.673613
v -0.483465 4.264078 -0.673612
vn 0.9649 -0.0000 -0.2628
vn 0.4449 -0.0000 0.8956
vn -0.1358 -0.0000 0.9907
vn -0.7836 -0.0000 0.6213
vn -0.0000 -1.0000 -0.0000
vn -0.2663 0.9627 0.0484
vn 0.1159 0.9923 0.0447
vn 0.2096 -0.0000 -0.9778
vn 0.5614 0.8096 -0.1714
vn 0.2882 0.2702 -0.9186
vn -0.1826 0.0437 0.9822
vn -0.4399 0.2269 0.8689
vn 0.4399 0.2269 0.8689
vn 0.5304 0.8258 -0.1916
vn -0.4610 0.7984 -0.3873
vn -0.2096 -0.0000 -0.9778
vn 0.7836 -0.0000 0.6213
vn 0.7304 0.6426 0.2315
vn 0.2663 0.9627 0.0484
vn -0.2882 0.2702 -0.9186
vn 0.1358 -0.0000 0.9907
vn -0.9649 -0.0000 -0.2628
vn -0.5304 0.8258 -0.1916
vn -0.1159 0.9923 0.0447
vn 0.1826 0.0437 0.9822
vn -0.0874 0.9481 -0.3056
vn 0.9239 -0.0000 0.3827
vn 0.3923 0.8844 -0.2531
vn -0.5614 0.8096 -0.1714
vn 0.6095 0.7876 -0.0903
vn 0.3827 -0.0000 0.9239
vn 0.0874 0.9481 -0.3056
vn -0.3923 0.8844 -0.2531
vn -1.0000 -0.0000 -0.0000
vn -0.4449 -0.0000 0.8956
vn -0.7726 -0.0000 -0.6349
vn -0.0772 0.9939 -0.0794
vn -0.3827 -0.0000 -0.9239
vn 0.3349 0.9356 -0.1118
vn -0.6095 0.7876 -0.0903
vn -0.9239 -0.0000 -0.3827
vn 0.0772 0.9939 -0.0794
vn -0.3349 0.9356 -0.1118
vn 1.0000 -0.0000 -0.0000
vn 0.4610 0.7984 -0.3873
vn -0.3213 0.9070 -0.2721
vn 0.1030 0.9467 -0.3052
vn 0.7726 -0.0000 -0.6349
vn 0.3213 0.9070 -0.2721
vn -0.1030 0.9467 -0.3052
vn -0.2333 0.0656 -0.9702
vn -0.9239 -0.0000 0.3827
vn -0.3827 -0.0000 0.9239
vn 0.3827 -0.0000 -0.9239
vn 0.9239 -0.0000 -0.3827
vn -0.0000 1.0000 -0.0000
vn 0.0324 -0.9981 0.0529
vn -0.0009 -1.0000 0.0007
vn 0.0143 -0.9999 -0.0028
vn -0.0065 -0.9996 0.0289
vn -0.0324 -0.9981 0.0529
vn -0.0143 -0.9999 -0.0028
vn -0.0026 -1.0000 0.0021
vn 0.0065 -0.9996 0.0289
vn -0.7304 0.6426 0.2315
vn 0.1426 0.0153 0.9897
vn -0.4440 0.0972 0.8907
vn 0.7867 0.2560 0.5618
vn 0.7074 0.3968 -0.5850
vn -0.8576 0.4515 -0.2462
vn 0.4440 0.0972 0.8907
vn 0.2333 0.0656 -0.9702
vn -0.7074 0.3968 -0.5850
vn -0.1426 0.0153 0.9897
vn 0.8692 0.4318 -0.2408
vn -0.9070 0.4209 -0.0153
vn 0.9070 0.4209 -0.0153
vn -0.7867 0.2560 0.5618
vn -0.8692 0.4318 -0.2408
vn 0.8576 0.4515 -0.2462
vn 0.0011 -1.0000 0.0003
vn 0.0009 -1.0000 0.0007
vn -0.0006 -1.0000 0.0053
vn -0.0011 -1.0000 0.0003
vn 0.0084 -0.9998 0.0170
vn 0.0006 -1.0000 0.0053
vn -0.0084 -0.9998 0.0170
vn 0.0026 -1.0000 0.0021
vt 0.823544 0.663898
vt 0.822861 0.663906
vt 0.822850 0.663167
vt 0.823533 0.663158
vt 0.852124 0.657383
vt 0.851434 0.657382
vt 0.851442 0.656689
vt 0.852133 0.656690
vt 0.852131 0.655471
vt 0.851441 0.655470
vt 0.851426 0.654317
vt 0.852116 0.654318
vt 0.901858 0.656598
vt 0.901174 0.656592
vt 0.901268 0.655946
vt 0.901952 0.655951
vt 0.922895 0.693598
vt 0.922978 0.692161
vt 0.923691 0.692727
vt 0.924011 0.693370
vt 0.879995 0.691331
vt 0.879499 0.691844
vt 0.878993 0.691347
vt 0.879256 0.690605
vt 0.880995 0.690312
vt 0.880449 0.690776
vt 0.879633 0.689976
vt 0.880256 0.689587
vt 0.922895 0.695561
vt 0.923301 0.694579
vt 0.924177 0.694579
vt 0.924011 0.695789
vt 0.901645 0.658013
vt 0.900955 0.658006
vt 0.900939 0.656852
vt 0.901629 0.656859
vt 0.882946 0.690441
vt 0.882531 0.690821
vt 0.882014 0.690313
vt 0.882578 0.689800
vt 0.915477 0.720787
vt 0.915357 0.720786
vt 0.915341 0.720122
vt 0.915474 0.719888
vt 0.874293 0.672738
vt 0.875125 0.672750
vt 0.875038 0.673416
vt 0.874293 0.673775
vt 0.874875 0.674050
vt 0.874301 0.674339
vt 0.874320 0.670947
vt 0.874891 0.671251
vt 0.875046 0.672016
vt 0.874305 0.671636
vt 0.883309 0.691088
vt 0.883049 0.691329
vt 0.880813 0.693631
vt 0.881049 0.693366
vt 0.882263 0.693559
vt 0.882104 0.693736
vt 0.901629 0.659248
vt 0.900939 0.659241
vt 0.852098 0.658079
vt 0.851408 0.658078
vt 0.834111 0.727289
vt 0.834127 0.728076
vt 0.833466 0.727901
vt 0.833542 0.727289
vt 0.881499 0.689808
vt 0.880993 0.689311
vt 0.915474 0.721768
vt 0.915341 0.721532
vt 0.901958 0.654511
vt 0.901274 0.654506
vt 0.901263 0.653775
vt 0.901948 0.653781
vt 0.880159 0.693280
vt 0.880531 0.692858
vt 0.922978 0.696998
vt 0.923691 0.696432
vt 0.882110 0.692408
vt 0.881502 0.692811
vt 0.880741 0.692064
vt 0.881272 0.691585
vt 0.921550 0.696803
vt 0.920931 0.695561
vt 0.921913 0.695968
vt 0.922264 0.696998
vt 0.907873 0.648951
vt 0.907818 0.648232
vt 0.908275 0.648253
vt 0.908330 0.648971
vt 0.882502 0.691793
vt 0.881741 0.691045
vt 0.879512 0.692923
vt 0.880014 0.692350
vt 0.882079 0.689291
vt 0.912548 0.649867
vt 0.912563 0.648964
vt 0.913025 0.648968
vt 0.913010 0.649871
vt 0.920931 0.693598
vt 0.921550 0.692355
vt 0.922264 0.692161
vt 0.921913 0.693191
vt 0.822838 0.662427
vt 0.823521 0.662419
vt 0.901284 0.655237
vt 0.901968 0.655242
vt 0.851408 0.653750
vt 0.852098 0.653751
vt 0.901174 0.652692
vt 0.901858 0.652697
vt 0.880220 0.650273
vt 0.880241 0.649378
vt 0.880703 0.649382
vt 0.880682 0.650277
vt 0.878993 0.692433
vt 0.845608 0.649103
vt 0.845559 0.648219
vt 0.846017 0.648212
vt 0.846066 0.649096
vt 0.822800 0.661743
vt 0.823482 0.661735
vt 0.883438 0.692378
vt 0.883263 0.692540
vt 0.919838 0.693370
vt 0.920837 0.692549
vt 0.882948 0.693231
vt 0.919838 0.695789
vt 0.919579 0.694579
vt 0.920525 0.694579
vt 0.823482 0.665089
vt 0.822800 0.665097
vt 0.920837 0.696609
vt 0.684180 0.307323
vt 0.684180 0.306460
vt 0.684589 0.306464
vt 0.684575 0.307551
vt 0.921913 0.693376
vt 0.921062 0.693729
vt 0.921062 0.695430
vt 0.921913 0.695782
vt 0.922764 0.693729
vt 0.922764 0.695430
vt 0.923116 0.694579
vt 0.920710 0.694579
vt 0.918286 0.649143
vt 0.918246 0.648422
vt 0.918643 0.648416
vt 0.918683 0.649137
vt 0.918246 0.649801
vt 0.918643 0.649795
vt 0.845039 0.648902
vt 0.845027 0.648279
vt 0.845428 0.648282
vt 0.845440 0.648905
vt 0.894237 0.649047
vt 0.894220 0.648407
vt 0.894621 0.648411
vt 0.894638 0.649051
vt 0.907818 0.649865
vt 0.908275 0.649886
vt 0.880220 0.648592
vt 0.880682 0.648596
vt 0.912548 0.648199
vt 0.913010 0.648203
vt 0.845559 0.649910
vt 0.846017 0.649903
vt 0.863230 0.722398
vt 0.864225 0.721578
vt 0.864380 0.721821
vt 0.863504 0.722543
vt 0.874506 0.692685
vt 0.874239 0.691873
vt 0.874520 0.691844
vt 0.874756 0.692559
vt 0.867071 0.725460
vt 0.866360 0.726026
vt 0.866258 0.725736
vt 0.866884 0.725238
vt 0.875207 0.689917
vt 0.876270 0.689172
vt 0.876308 0.689467
vt 0.875373 0.690123
vt 0.877257 0.689172
vt 0.877176 0.689467
vt 0.865648 0.726026
vt 0.865632 0.725736
vt 0.863230 0.724817
vt 0.862971 0.723607
vt 0.863277 0.723607
vt 0.863504 0.724671
vt 0.878662 0.692338
vt 0.878488 0.693030
vt 0.878260 0.692863
vt 0.878413 0.692253
vt 0.877845 0.693595
vt 0.877694 0.693360
vt 0.878107 0.689672
vt 0.877924 0.689908
vt 0.865648 0.721189
vt 0.866360 0.721189
vt 0.866258 0.721479
vt 0.865632 0.721479
vt 0.867390 0.724817
vt 0.867165 0.724671
vt 0.867071 0.721755
vt 0.867390 0.722398
vt 0.867165 0.722543
vt 0.866884 0.721977
vt 0.877144 0.693735
vt 0.877077 0.693483
vt 0.874440 0.691188
vt 0.874697 0.691241
vt 0.864937 0.721383
vt 0.865006 0.721650
vt 0.834835 0.727371
vt 0.834871 0.727980
vt 0.834168 0.728077
vt 0.834168 0.727321
vt 0.685366 0.378112
vt 0.685371 0.377143
vt 0.685858 0.377147
vt 0.685851 0.378219
vt 0.685366 0.376230
vt 0.685357 0.375734
vt 0.685840 0.375632
vt 0.685851 0.376132
vt 0.685380 0.379250
vt 0.685357 0.378720
vt 0.685840 0.378829
vt 0.685813 0.379441
vt 0.713497 0.318856
vt 0.713562 0.317806
vt 0.713986 0.317743
vt 0.713921 0.318791
vt 0.701855 0.291310
vt 0.701844 0.290665
vt 0.702268 0.290684
vt 0.702290 0.291327
vt 0.684180 0.305668
vt 0.684575 0.305448
vt 0.701746 0.289713
vt 0.702170 0.289732
vt 0.713548 0.317152
vt 0.713542 0.316500
vt 0.713980 0.316441
vt 0.713983 0.317092
vt 0.701855 0.292579
vt 0.701874 0.291953
vt 0.702312 0.291970
vt 0.702310 0.292594
vt 0.713497 0.315894
vt 0.713953 0.315839
vt 0.701746 0.293159
vt 0.702239 0.293164
vt 0.876048 0.693608
vt 0.875039 0.693162
vt 0.875225 0.692979
vt 0.876113 0.693372
vt 0.878645 0.690854
vt 0.878398 0.690947
vt 0.874819 0.690551
vt 0.875031 0.690681
vt 0.867555 0.723607
vt 0.867310 0.723607
vt 0.864225 0.725637
vt 0.864380 0.725394
vt 0.878658 0.691597
vt 0.878409 0.691601
vt 0.864937 0.725832
vt 0.865006 0.725565
vt 0.882768 0.656765
vt 0.882018 0.656765
vt 0.881932 0.656560
vt 0.882853 0.656560
vt 0.881487 0.658046
vt 0.882018 0.658577
vt 0.881932 0.658783
vt 0.881281 0.658132
vt 0.883299 0.657296
vt 0.883504 0.657211
vt 0.882768 0.658577
vt 0.882853 0.658783
vt 0.883299 0.658046
vt 0.883504 0.658132
vt 0.881487 0.657296
vt 0.881281 0.657211
vt 0.856185 0.722245
vt 0.855435 0.722245
vt 0.854904 0.721715
vt 0.855824 0.721372
vt 0.856716 0.721715
vt 0.856716 0.720964
vt 0.854904 0.720964
vt 0.855435 0.720433
vt 0.856185 0.720433
vt 0.894220 0.649777
vt 0.894621 0.649780
vt 0.845027 0.649638
vt 0.845428 0.649642
vt 0.914459 0.648984
vt 0.914414 0.648399
vt 0.914810 0.648416
vt 0.914855 0.649002
vt 0.914414 0.649729
vt 0.914810 0.649747
s 0
usemtl Material.001
f 2079/685/344 2159/686/344 2184/687/344 2127/688/344
f 2077/689/345 2161/690/345 2166/691/345 2092/692/345
f 2083/693/346 2163/694/346 2172/695/346 2100/696/346
f 2073/697/347 2155/698/347 2180/699/347 2114/700/347
f 2142/701/348 2124/702/348 2077/703/348 2092/704/348
f 2122/705/349 2123/706/349 2074/707/349 2098/708/349
f 2119/709/350 2116/710/350 2084/711/350 2094/712/350
f 2143/713/348 2144/714/348 2083/715/348 2100/716/348
f 2081/717/351 2165/718/351 2168/719/351 2093/720/351
f 2185/721/352 2130/722/352 2106/723/352 2174/724/352
f 2164/725/353 2082/726/353 2091/727/353 2169/728/353
f 2162/729/354 2084/730/354 2098/731/354 2173/732/354
f 2173/732/355 2098/731/355 2074/733/355 2154/734/355
f 2160/735/356 2078/736/356 2094/737/356 2167/738/356
f 2158/739/357 2080/740/357 2130/722/357 2185/721/357
f 2156/741/358 2076/742/358 2099/743/358 2171/744/358
f 2097/745/359 2170/746/359 2165/718/359 2081/717/359
f 2124/747/360 2178/748/360 2161/690/360 2077/689/360
f 2179/749/361 2115/750/361 2078/751/361 2160/752/361
f 2115/753/362 2119/709/362 2094/712/362 2078/754/362
f 2144/714/348 2142/701/348 2092/704/348 2083/715/348
f 2171/755/363 2099/756/363 2082/726/363 2164/725/363
f 2092/692/364 2166/691/364 2163/694/364 2083/693/364
f 2129/757/365 2182/758/365 2157/759/365 2075/760/365
f 2183/761/366 2126/762/366 2076/742/366 2156/741/366
f 2114/763/348 2143/713/348 2100/716/348 2073/764/348
f 2116/710/367 2122/705/367 2098/708/367 2084/711/367
f 2167/738/368 2094/737/368 2084/730/368 2162/729/368
f 2131/765/369 2137/766/369 2113/767/369 2107/768/369
f 2129/769/348 2140/770/348 2141/771/348 2103/772/348
f 2111/773/370 2120/774/370 2206/775/370 2147/776/370
f 2130/722/371 2134/777/371 2110/778/371 2106/723/371
f 2176/779/372 2104/780/372 2126/762/372 2183/761/372
f 2174/724/373 2106/723/373 2115/753/373 2179/781/373
f 2120/782/374 2117/783/374 2208/784/374 2206/785/374
f 2134/777/375 2131/765/375 2107/768/375 2110/778/375
f 2137/766/376 2126/762/376 2104/780/376 2113/767/376
f 2138/786/348 2127/787/348 2105/788/348 2139/789/348
f 2127/688/344 2184/687/344 2175/790/344 2105/791/344
f 2114/700/377 2180/699/377 2177/792/377 2103/793/377
f 2100/696/378 2172/695/378 2155/794/378 2073/795/378
f 2075/760/379 2157/759/379 2170/796/379 2097/797/379
f 2107/768/380 2113/767/380 2122/705/380 2116/710/380
f 2103/772/348 2141/771/348 2143/713/348 2114/763/348
f 2136/798/381 2145/799/381 2209/800/381 2204/801/381
f 2106/723/382 2110/778/382 2119/709/382 2115/753/382
f 2181/802/383 2123/706/383 2104/780/383 2176/779/383
f 2112/803/384 2136/804/384 2204/805/384 2205/806/384
f 2110/778/385 2107/768/385 2116/710/385 2119/709/385
f 2113/767/386 2104/780/386 2123/706/386 2122/705/386
f 2139/789/348 2105/788/348 2124/702/348 2142/701/348
f 2105/791/387 2175/790/387 2178/807/387 2124/808/387
f 2169/809/388 2091/810/388 2080/740/388 2158/739/388
f 2093/811/348 2079/812/348 2127/787/348 2138/786/348
f 2099/743/389 2076/742/389 2126/762/389 2137/766/389
f 2091/810/390 2082/813/390 2131/765/390 2134/777/390
f 2097/814/348 2081/815/348 2132/816/348 2140/770/348
f 2093/817/391 2168/818/391 2159/686/391 2079/685/391
f 2080/740/392 2091/810/392 2134/777/392 2130/722/392
f 2081/815/348 2093/811/348 2138/786/348 2132/816/348
f 2075/819/348 2097/814/348 2140/770/348 2129/769/348
f 2082/813/393 2099/743/393 2137/766/393 2131/765/393
f 2187/820/394 2090/821/394 2089/822/394 2186/823/394
f 2103/793/365 2177/792/365 2182/758/365 2129/757/365
f 2111/824/348 2135/825/348 2138/786/348 2139/789/348
f 2136/826/348 2112/827/348 2141/771/348 2140/770/348
f 2120/828/348 2111/824/348 2139/789/348 2142/701/348
f 2112/827/348 2121/829/348 2143/713/348 2141/771/348
f 2117/830/348 2120/828/348 2142/701/348 2144/714/348
f 2121/829/348 2117/830/348 2144/714/348 2143/713/348
f 2145/831/348 2136/826/348 2140/770/348 2132/816/348
f 2135/825/348 2145/831/348 2132/816/348 2138/786/348
f 2148/832/384 2151/833/384 2216/834/384 2213/835/384
f 2153/836/395 2148/832/395 2213/835/395 2218/837/395
f 2149/838/396 2153/839/396 2218/840/396 2214/841/396
f 2146/842/397 2150/843/397 2215/844/397 2210/845/397
f 2135/846/398 2111/773/398 2147/776/398 2202/847/398
f 2145/799/397 2135/848/397 2202/849/397 2209/800/397
f 2117/783/396 2121/850/396 2207/851/396 2208/784/396
f 2121/852/395 2112/803/395 2205/806/395 2207/853/395
f 2170/854/399 2157/855/399 2118/856/399 2186/857/399
f 2154/858/400 2181/859/400 2197/860/400 2133/861/400
f 2161/862/399 2178/863/399 2194/864/399 2101/865/399
f 2156/866/401 2171/867/401 2187/868/401 2125/869/401
f 2171/867/402 2164/870/402 2090/871/402 2187/868/402
f 2178/863/399 2175/872/399 2191/873/399 2194/864/399
f 2168/874/399 2165/875/399 2089/876/399 2086/877/399
f 2174/878/403 2179/879/403 2195/880/403 2190/881/403
f 2179/879/404 2160/882/404 2102/883/404 2195/880/404
f 2164/870/405 2169/884/405 2085/885/405 2090/871/405
f 2177/886/399 2180/887/399 2196/888/399 2193/889/399
f 2166/890/399 2161/862/399 2101/865/399 2088/891/399
f 2155/892/399 2172/893/399 2188/894/399 2128/895/399
f 2160/882/406 2167/896/406 2087/897/406 2102/883/406
f 2181/859/407 2176/898/407 2192/899/407 2197/860/407
f 2157/855/399 2182/900/399 2198/901/399 2118/856/399
f 2154/902/408 2074/903/408 2123/904/408 2181/905/408
f 2087/906/409 2096/907/409 2095/908/409 2088/909/409
f 2189/910/410 2133/911/410 2128/912/410 2188/913/410
f 2195/914/411 2102/915/411 2101/916/411 2194/917/411
f 2085/918/412 2109/919/412 2108/920/412 2086/921/412
f 2199/922/413 2125/923/413 2118/924/413 2198/925/413
f 2102/915/414 2087/906/414 2088/909/414 2101/916/414
f 2090/821/415 2085/926/415 2086/927/415 2089/822/415
f 2125/923/416 2187/928/416 2186/929/416 2118/924/416
f 2096/907/417 2189/910/417 2188/913/417 2095/908/417
f 2201/930/418 2190/931/418 2191/932/418 2200/933/418
f 2197/934/419 2192/935/419 2193/936/419 2196/937/419
f 2190/931/420 2195/938/420 2194/939/420 2191/932/420
f 2133/940/421 2197/934/421 2196/937/421 2128/941/421
f 2192/935/422 2199/922/422 2198/925/422 2193/936/422
f 2109/919/423 2201/930/423 2200/933/423 2108/920/423
f 2180/887/399 2155/892/399 2128/895/399 2196/888/399
f 2165/875/399 2170/854/399 2186/857/399 2089/876/399
f 2162/942/424 2173/943/424 2189/944/424 2096/945/424
f 2169/884/425 2158/946/425 2109/947/425 2085/885/425
f 2176/898/426 2183/948/426 2199/949/426 2192/899/426
f 2172/893/399 2163/950/399 2095/951/399 2188/894/399
f 2182/900/399 2177/886/399 2193/889/399 2198/901/399
f 2167/896/427 2162/942/427 2096/945/427 2087/897/427
f 2159/952/399 2168/874/399 2086/877/399 2108/953/399
f 2158/946/428 2185/954/428 2201/955/428 2109/947/428
f 2185/954/429 2174/878/429 2190/881/429 2201/955/429
f 2184/956/399 2159/952/399 2108/953/399 2200/957/399
f 2163/950/399 2166/890/399 2088/891/399 2095/951/399
f 2183/948/430 2156/866/430 2125/869/430 2199/949/430
f 2175/872/399 2184/956/399 2200/957/399 2191/873/399
f 2173/943/431 2154/858/431 2133/861/431 2189/944/431
f 2203/958/348 2150/959/348 2202/960/348 2147/961/348
f 2151/962/348 2148/963/348 2205/964/348 2204/965/348
f 2152/966/348 2203/958/348 2147/961/348 2206/967/348
f 2148/963/348 2153/968/348 2207/969/348 2205/964/348
f 2149/970/348 2152/966/348 2206/967/348 2208/971/348
f 2153/968/348 2149/970/348 2208/971/348 2207/969/348
f 2146/972/348 2151/962/348 2204/965/348 2209/973/348
f 2150/959/348 2146/972/348 2209/973/348 2202/960/348
f 2210/974/348 2215/975/348 2212/976/348 2211/977/348
f 2216/978/348 2210/974/348 2211/977/348 2213/979/348
f 2211/977/348 2212/976/348 2217/980/348 2214/981/348
f 2213/979/348 2211/977/348 2214/981/348 2218/982/348
f 2151/983/381 2146/842/381 2210/845/381 2216/984/381
f 2152/985/374 2149/838/374 2214/841/374 2217/986/374
f 2203/987/370 2152/988/370 2217/989/370 2212/990/370
f 2150/991/398 2203/987/398 2212/990/398 2215/992/398
o tank_base1
v 1.339724 3.367327 0.453672
v 1.339724 3.673039 -1.546328
v 1.339724 2.150373 -1.546328
v 1.165954 4.397804 -1.546328
v 1.165954 4.397804 0.453672
v 1.339724 2.802934 2.338702
v 1.165954 3.668797 1.854276
v 1.339724 3.085131 1.206667
v 1.339724 1.674653 0.453672
v 1.165954 4.233190 1.206667
v 3.091923 3.673039 -1.546328
v 3.091923 3.367327 0.453672
v 3.091923 4.005996 -1.546328
v 3.091923 3.814759 0.453672
v 3.091923 3.085131 1.206667
v 3.091923 2.802934 1.959662
v 3.091923 3.021043 1.959662
v 3.091923 3.487751 1.206667
v 1.559765 3.673039 -1.546328
v 1.559765 4.005996 -1.546328
v 1.559765 3.021043 1.959662
v 1.559765 3.487751 1.206667
v 1.559765 3.367327 0.453672
v 1.559765 3.085131 1.206667
v 1.559765 2.802934 1.959662
v 1.559765 3.814759 0.453672
v 1.339724 3.673039 -2.559832
v 1.165954 4.397804 -2.559832
v 1.559765 3.673039 -2.559832
v 1.559765 4.005996 -2.559832
v 3.091923 4.005996 -2.559832
v 3.091923 3.673039 -2.559832
v 1.339724 1.674653 1.206667
v 1.339724 2.744936 -2.559832
v -1.089727 3.367327 0.453672
v -1.089727 3.673039 -1.546328
v -1.089727 2.150373 -1.546328
v 0.124998 4.397804 -1.546328
v -0.915957 4.397804 -1.546328
v -0.915957 4.397804 0.453672
v 0.124998 4.397804 0.453672
v -1.089727 2.802934 2.338702
v 0.124998 2.802934 2.338702
v -0.915957 3.668797 1.854276
v 0.124998 3.668797 1.854276
v -1.089727 3.085131 1.206667
v -1.089727 1.674653 0.453672
v -0.915957 4.233190 1.206667
v 0.124998 4.233190 1.206667
v -2.841927 3.673039 -1.546328
v -2.841927 3.367327 0.453672
v -2.841927 4.005996 -1.546328
v -2.841927 3.814759 0.453672
v -2.841927 3.085131 1.206667
v -2.841927 2.802934 1.959662
v -2.841927 3.021043 1.959662
v -2.841927 3.487751 1.206667
v -1.309769 3.673039 -1.546328
v -1.309769 4.005996 -1.546328
v -1.309769 3.021043 1.959662
v -1.309769 3.487751 1.206667
v -1.309769 3.367327 0.453672
v -1.309769 3.085131 1.206667
v -1.309769 2.802934 1.959662
v -1.309769 3.814759 0.453672
v 0.124998 3.673039 -2.559832
v -1.089727 3.673039 -2.559832
v 0.124998 4.397804 -2.559832
v -0.915957 4.397804 -2.559832
v -1.309769 3.673039 -2.559832
v -1.309769 4.005996 -2.559832
v -2.841927 4.005996 -2.559832
v -2.841927 3.673039 -2.559832
v -1.089727 1.674653 1.206667
v 0.124998 2.744936 -2.559832
v -1.089727 2.744936 -2.559832
v 0.124998 2.150373 -1.546328
v 0.124998 1.674653 0.453672
v 0.124998 1.674653 1.206667
v 1.339724 2.047465 2.520528
v 1.339724 1.628391 2.141459
v -1.089727 1.628391 2.141459
v -1.089727 2.047465 2.520528
v 0.124998 2.047465 2.520528
v 0.124998 1.628391 2.141459
v 0.124998 3.811291 -4.062108
v 1.164407 3.811291 -4.062108
v 0.124998 4.259553 -4.062108
v 1.056931 4.259553 -4.062108
v 1.559765 3.673039 -4.062108
v 1.559765 4.005996 -4.062108
v 3.091923 4.005996 -3.467933
v 3.091923 3.673039 -3.467933
v -0.914411 3.811291 -4.062108
v -0.806935 4.259553 -4.062108
v -1.309769 3.673039 -4.062108
v -1.309769 4.005996 -4.062108
v -2.841927 4.005996 -3.467933
v -2.841927 3.673039 -3.467933
v 0.124998 3.500967 -3.954266
v 1.136650 3.500967 -3.954266
v 0.124998 4.397804 -4.062108
v 1.165954 4.397804 -4.062108
v -0.886654 3.500967 -3.954266
v -0.915957 4.397804 -4.062108
v 0.124998 3.811291 -3.891412
v 0.124998 4.259553 -3.891412
v 1.164407 3.811291 -3.891412
v 1.056931 4.259553 -3.891412
v -0.914411 3.811291 -3.891412
v -0.806935 4.259553 -3.891412
v 1.136650 2.917009 -3.588287
v 0.124998 2.917009 -3.588287
v -0.886654 2.917009 -3.588287
v 0.124998 3.673039 -4.062108
v 1.339724 3.673039 -4.062108
v -1.089727 3.673039 -4.062108
v 0.124998 2.744936 -3.480445
v 1.339724 2.744936 -3.480445
v -1.089727 2.744936 -3.480445
v 0.124998 3.500967 -3.684347
v 0.124998 2.917009 -3.318369
v 1.136650 3.500967 -3.684347
v -0.886654 3.500967 -3.684347
v 1.136650 2.917009 -3.318369
v -0.886654 2.917009 -3.318369
vn 0.7053 0.7089 -0.0000
vn 1.0000 -0.0000 -0.0000
vn -0.0000 1.0000 -0.0000
vn -0.0000 -0.9885 -0.1511
vn -0.0000 0.4883 0.8727
vn -0.0000 0.8500 0.5268
vn -0.0000 0.7539 0.6570
vn -0.0000 0.9769 0.2136
vn -0.0000 -1.0000 -0.0000
vn -0.0000 -0.9364 -0.3509
vn -0.0000 -0.0000 1.0000
vn -0.0000 0.9172 0.3983
vn -0.0000 0.9955 0.0952
vn 0.7775 0.6282 0.0300
vn 0.8485 0.5031 0.1642
vn 0.6837 0.3863 0.6192
vn -0.2398 -0.9300 -0.2785
vn 0.8025 0.4805 0.3537
vn -0.7053 0.7089 -0.0000
vn -1.0000 -0.0000 -0.0000
vn -0.0000 -0.9988 -0.0494
vn -0.0000 -0.0000 -1.0000
vn -0.0000 -0.8625 -0.5060
vn -0.7775 0.6282 0.0300
vn -0.8485 0.5031 0.1642
vn -0.6837 0.3863 0.6192
vn 0.2398 -0.9300 -0.2785
vn -0.8025 0.4805 0.3537
vn -0.0000 -0.9729 -0.2314
vn -0.0000 0.2340 0.9722
vn -0.0000 -0.6708 0.7416
vn 0.3616 -0.0000 -0.9323
vn 0.9724 -0.2332 -0.0000
vn -0.3616 -0.0000 -0.9323
vn -0.9724 -0.2332 -0.0000
vn -0.0000 0.5310 0.8473
vt 0.669146 0.369421
vt 0.668580 0.369506
vt 0.668346 0.368078
vt 0.668912 0.367994
vt 0.681794 0.325899
vt 0.682129 0.327306
vt 0.680015 0.327810
vt 0.680506 0.326206
vt 0.727781 0.352562
vt 0.727781 0.354048
vt 0.726595 0.354048
vt 0.726595 0.352562
vt 0.744317 0.374870
vt 0.744317 0.371982
vt 0.746504 0.371982
vt 0.746504 0.374870
vt 0.728382 0.352562
vt 0.728382 0.354048
vt 0.723407 0.354048
vt 0.723407 0.352314
vt 0.724818 0.352562
vt 0.724818 0.354048
vt 0.724967 0.352000
vt 0.723915 0.352000
vt 0.723915 0.349813
vt 0.724967 0.349813
vt 0.725935 0.352562
vt 0.725935 0.354048
vt 0.744317 0.370549
vt 0.746504 0.370549
vt 0.682365 0.330184
vt 0.680015 0.330744
vt 0.675453 0.315312
vt 0.675432 0.312424
vt 0.675901 0.312349
vt 0.676084 0.315211
vt 0.675226 0.316437
vt 0.675793 0.316346
vt 0.675305 0.317513
vt 0.674998 0.317562
vt 0.744317 0.377109
vt 0.744317 0.375990
vt 0.746504 0.375990
vt 0.746504 0.377109
vt 0.723632 0.352000
vt 0.723632 0.349813
vt 0.725838 0.352000
vt 0.725838 0.349813
vt 0.727272 0.352000
vt 0.727272 0.349813
vt 0.669606 0.372238
vt 0.668771 0.372367
vt 0.744003 0.375990
vt 0.744003 0.374870
vt 0.669548 0.373337
vt 0.668484 0.373503
vt 0.744003 0.377645
vt 0.668902 0.374379
vt 0.668001 0.374672
vt 0.744003 0.371982
vt 0.667913 0.323577
vt 0.668477 0.323662
vt 0.668131 0.325778
vt 0.667567 0.325693
vt 0.740221 0.370549
vt 0.738034 0.370549
vt 0.738034 0.369265
vt 0.740221 0.368425
vt 0.721955 0.347966
vt 0.722424 0.348041
vt 0.722219 0.349321
vt 0.721750 0.349246
vt 0.744003 0.370549
vt 0.675203 0.310996
vt 0.675672 0.310921
vt 0.727873 0.349813
vt 0.727873 0.352000
vt 0.696904 0.341968
vt 0.696904 0.340638
vt 0.698638 0.340638
vt 0.698638 0.341968
vt 0.651768 0.296709
vt 0.651768 0.298443
vt 0.650443 0.298443
vt 0.650443 0.296709
vt 0.682222 0.331323
vt 0.682204 0.332988
vt 0.681215 0.333491
vt 0.680508 0.333103
vt 0.680264 0.331789
vt 0.700371 0.336652
vt 0.698638 0.336652
vt 0.698638 0.335103
vt 0.700371 0.335103
vt 0.668710 0.322235
vt 0.668147 0.322149
vt 0.713171 0.327062
vt 0.711882 0.326756
vt 0.711391 0.325152
vt 0.713505 0.325655
vt 0.727781 0.355534
vt 0.726595 0.355534
vt 0.740221 0.374870
vt 0.738034 0.374870
vt 0.738034 0.371982
vt 0.740221 0.371982
vt 0.728382 0.355534
vt 0.724818 0.355534
vt 0.723407 0.355782
vt 0.724967 0.356096
vt 0.724967 0.358283
vt 0.723915 0.358283
vt 0.723915 0.356096
vt 0.725935 0.355534
vt 0.711391 0.322218
vt 0.713741 0.322777
vt 0.722205 0.343650
vt 0.722836 0.343751
vt 0.722653 0.346613
vt 0.722184 0.346538
vt 0.721978 0.342525
vt 0.721750 0.341400
vt 0.722057 0.341449
vt 0.722545 0.342616
vt 0.740221 0.377109
vt 0.738034 0.377109
vt 0.738034 0.375990
vt 0.740221 0.375990
vt 0.723632 0.358283
vt 0.723632 0.356096
vt 0.725838 0.356096
vt 0.725838 0.358283
vt 0.727272 0.356096
vt 0.727272 0.358283
vt 0.668338 0.319288
vt 0.669171 0.319418
vt 0.740535 0.375990
vt 0.740535 0.374870
vt 0.668051 0.318152
vt 0.669113 0.318319
vt 0.740535 0.377645
vt 0.667567 0.316984
vt 0.668467 0.317277
vt 0.740535 0.371982
vt 0.744003 0.368425
vt 0.744317 0.368425
vt 0.727873 0.358283
vt 0.727873 0.356096
vt 0.728763 0.356096
vt 0.728411 0.358283
vt 0.729272 0.352562
vt 0.729272 0.354048
vt 0.740535 0.370549
vt 0.650443 0.294975
vt 0.651768 0.294975
vt 0.713598 0.321638
vt 0.711640 0.321172
vt 0.711885 0.319859
vt 0.712591 0.319471
vt 0.713580 0.319973
vt 0.696904 0.336652
vt 0.696904 0.335103
vt 0.696904 0.339573
vt 0.698638 0.339573
vt 0.700371 0.339573
vt 0.722318 0.354048
vt 0.722318 0.352314
vt 0.722318 0.355782
vt 0.700371 0.340638
vt 0.700371 0.342423
vt 0.698638 0.342423
vt 0.700371 0.341968
vt 0.696904 0.342423
vt 0.915340 0.366576
vt 0.915340 0.365092
vt 0.915441 0.365092
vt 0.915441 0.366576
vt 0.738327 0.356015
vt 0.738802 0.356015
vt 0.738802 0.358202
vt 0.738327 0.358202
vt 0.738327 0.355701
vt 0.739361 0.355453
vt 0.838052 0.321109
vt 0.838052 0.320473
vt 0.838296 0.320474
vt 0.838296 0.321110
vt 0.738327 0.351919
vt 0.738327 0.349732
vt 0.738802 0.349732
vt 0.738802 0.351919
vt 0.738327 0.352233
vt 0.739361 0.352481
vt 0.728411 0.349813
vt 0.728763 0.352000
vt 0.742269 0.370549
vt 0.740535 0.368425
vt 0.742269 0.368425
vt 0.674998 0.309716
vt 0.675467 0.309641
vt 0.729272 0.355534
vt 0.746504 0.369265
vt 0.668001 0.365962
vt 0.668566 0.365878
vt 0.738524 0.353967
vt 0.738524 0.355450
vt 0.738327 0.353967
vt 0.739164 0.355297
vt 0.739164 0.353967
vt 0.739361 0.353967
vt 0.738524 0.352483
vt 0.739164 0.352637
vt 0.821355 0.346173
vt 0.821355 0.344690
vt 0.821995 0.344690
vt 0.821995 0.346020
vt 0.821355 0.343206
vt 0.821995 0.343359
vt 0.896115 0.318129
vt 0.896115 0.319459
vt 0.895873 0.319459
vt 0.895873 0.318129
vt 0.896115 0.316799
vt 0.895873 0.316799
vt 0.665239 0.306995
vt 0.665239 0.307631
vt 0.664995 0.307632
vt 0.664995 0.306996
vt 0.915340 0.368059
vt 0.915441 0.368059
vt 0.696904 0.333801
vt 0.698638 0.333801
vt 0.700371 0.333801
vt 0.645899 0.298621
vt 0.647223 0.299452
vt 0.647223 0.300766
vt 0.645899 0.300766
vt 0.712675 0.329148
vt 0.711578 0.328034
vt 0.665711 0.282866
vt 0.665711 0.281422
vt 0.666093 0.281422
vt 0.666093 0.282866
vt 0.701266 0.309735
vt 0.701266 0.308751
vt 0.701592 0.308956
vt 0.701592 0.309939
vt 0.652199 0.358887
vt 0.652199 0.360331
vt 0.651911 0.360620
vt 0.651911 0.358887
vt 0.652199 0.357443
vt 0.651911 0.357153
vt 0.653174 0.360331
vt 0.653174 0.358887
vt 0.653461 0.358887
vt 0.653461 0.360620
vt 0.653174 0.357443
vt 0.653461 0.357153
vt 0.859103 0.361744
vt 0.860078 0.361744
vt 0.860078 0.363188
vt 0.859103 0.363188
vt 0.859103 0.360300
vt 0.860078 0.360300
vt 0.652359 0.358887
vt 0.652359 0.360331
vt 0.718556 0.315495
vt 0.718556 0.316479
vt 0.718229 0.316683
vt 0.718229 0.315700
vt 0.665711 0.284310
vt 0.666093 0.284310
vt 0.652359 0.357443
s 0
usemtl Material.001
f 2222/993/432 2238/994/432 2248/995/432 2246/996/432
f 2245/997/433 2220/998/433 2221/999/433 2252/1000/433
f 2222/1001/434 2256/1002/434 2259/1003/434 2223/1004/434
f 2241/1005/435 2237/1006/435 2229/1007/435 2230/1008/435
f 2256/1002/434 2222/1001/434 2246/1009/434 2286/1010/434
f 2261/1011/436 2224/1012/436 2225/1013/436 2263/1014/436
f 2240/1015/437 2239/1016/437 2235/1017/437 2236/1018/437
f 2228/1019/438 2267/1020/438 2263/1014/438 2225/1013/438
f 2223/1004/439 2259/1003/439 2267/1020/439 2228/1019/439
f 2229/1007/440 2237/1006/440 2247/1021/440 2250/1022/440
f 2220/998/433 2219/1023/433 2227/1024/433 2221/999/433
f 2230/1025/433 2229/1026/433 2231/1027/433 2232/1028/433
f 2233/1029/433 2236/1030/433 2235/1031/433 2234/1032/433
f 2230/1025/433 2232/1028/433 2236/1030/433 2233/1029/433
f 2243/1033/441 2242/1034/441 2233/1035/441 2234/1036/441
f 2239/1016/442 2243/1037/442 2234/1038/442 2235/1017/442
f 2244/1039/443 2240/1015/443 2236/1018/443 2232/1040/443
f 2242/1034/441 2241/1005/441 2230/1008/441 2233/1035/441
f 2238/1041/444 2244/1039/444 2232/1040/444 2231/1042/444
f 2222/993/445 2223/1043/445 2244/1044/445 2238/994/445
f 2226/1045/441 2219/1046/441 2241/1005/441 2242/1034/441
f 2223/1043/446 2228/1047/446 2240/1048/446 2244/1044/446
f 2225/1013/447 2224/1012/447 2243/1037/447 2239/1016/447
f 2224/1049/448 2226/1045/448 2242/1034/448 2243/1033/448
f 2228/1047/449 2225/1050/449 2239/1051/449 2240/1048/449
f 2219/1046/435 2220/1052/435 2237/1006/435 2241/1005/435
f 2289/1053/450 2287/1054/450 2323/1055/450 2315/1056/450
f 2288/1057/440 2291/1058/440 2317/1059/440 2314/1060/440
f 2291/1061/451 2290/1062/451 2316/1063/451 2317/1064/451
f 2237/1006/440 2220/1052/440 2245/1065/440 2247/1021/440
f 2231/1027/433 2229/1026/433 2250/1066/433 2249/1067/433
f 2238/1041/434 2231/1042/434 2249/1068/434 2248/1069/434
f 2300/1070/452 2292/1071/452 2297/1072/452 2303/1073/452
f 2284/1074/453 2245/1075/453 2252/1076/453 2293/1077/453
f 2226/1078/433 2224/1079/433 2298/1080/433 2299/1081/433 2251/1082/433
f 2219/1023/433 2226/1078/433 2251/1082/433 2227/1024/433
f 2221/1083/454 2295/1084/454 2293/1085/454 2252/1086/454
f 2257/1087/450 2287/1054/450 2289/1053/450 2277/1088/450
f 2285/1089/451 2294/1090/451 2255/1091/451 2254/1092/451
f 2257/1093/434 2258/1094/434 2259/1003/434 2256/1002/434
f 2280/1095/435 2269/1096/435 2268/1097/435 2276/1098/435
f 2256/1002/434 2286/1010/434 2287/1099/434 2257/1093/434
f 2261/1011/436 2263/1014/436 2262/1100/436 2260/1101/436
f 2279/1102/437 2275/1103/437 2274/1104/437 2278/1105/437
f 2266/1106/438 2262/1100/438 2263/1014/438 2267/1020/438
f 2258/1094/439 2266/1106/439 2267/1020/439 2259/1003/439
f 2268/1097/440 2291/1058/440 2288/1057/440 2276/1098/440
f 2254/1092/451 2255/1091/451 2265/1107/451 2253/1108/451
f 2269/1109/451 2271/1110/451 2270/1111/451 2268/1112/451
f 2272/1113/451 2273/1114/451 2274/1115/451 2275/1116/451
f 2269/1109/451 2272/1113/451 2275/1116/451 2271/1110/451
f 2282/1117/441 2273/1118/441 2272/1119/441 2281/1120/441
f 2278/1105/442 2274/1104/442 2273/1121/442 2282/1122/442
f 2283/1123/443 2271/1124/443 2275/1103/443 2279/1102/443
f 2281/1120/441 2272/1119/441 2269/1096/441 2280/1095/441
f 2277/1125/444 2270/1126/444 2271/1124/444 2283/1123/444
f 2257/1087/455 2277/1088/455 2283/1127/455 2258/1128/455
f 2264/1129/441 2281/1120/441 2280/1095/441 2253/1130/441
f 2258/1128/456 2283/1127/456 2279/1131/456 2266/1132/456
f 2262/1100/457 2278/1105/457 2282/1122/457 2260/1101/457
f 2260/1133/458 2282/1117/458 2281/1120/458 2264/1129/458
f 2266/1132/459 2279/1131/459 2278/1134/459 2262/1135/459
f 2253/1130/435 2280/1095/435 2276/1098/435 2254/1136/435
f 2247/1021/440 2245/1065/440 2334/1137/440 2308/1138/440
f 2290/1139/434 2289/1140/434 2315/1141/434 2316/1142/434
f 2286/1010/434 2246/1009/434 2321/1143/434 2320/1144/434
f 2276/1098/440 2288/1057/440 2285/1145/440 2254/1136/440
f 2270/1111/451 2290/1062/451 2291/1061/451 2268/1112/451
f 2277/1125/434 2289/1140/434 2290/1139/434 2270/1126/434
f 2284/1074/453 2293/1077/453 2294/1146/453 2285/1147/453
f 2264/1148/451 2292/1149/451 2300/1150/451 2301/1151/451 2260/1152/451
f 2253/1108/451 2265/1107/451 2292/1149/451 2264/1148/451
f 2295/1084/454 2255/1153/454 2294/1154/454 2293/1085/454
f 2265/1155/460 2255/1153/460 2295/1084/460 2296/1156/460
f 2227/1157/460 2296/1156/460 2295/1084/460 2221/1083/460
f 2292/1071/440 2265/1155/440 2296/1156/440 2297/1072/440
f 2224/1012/461 2261/1011/461 2302/1158/461 2298/1159/461
f 2260/1101/461 2301/1160/461 2302/1158/461 2261/1011/461
f 2227/1157/440 2251/1161/440 2297/1072/440 2296/1156/440
f 2298/1162/462 2302/1163/462 2303/1073/462 2299/1164/462
f 2300/1070/462 2303/1073/462 2302/1163/462 2301/1165/462
f 2251/1161/452 2299/1164/452 2303/1073/452 2297/1072/452
f 2304/1166/434 2312/1167/434 2328/1168/434 2324/1169/434
f 2308/1170/463 2309/1171/463 2310/1172/463 2311/1173/463
f 2334/1174/453 2321/1175/453 2309/1171/453 2308/1170/453
f 2312/1176/464 2313/1177/464 2329/1178/464 2328/1179/464
f 2314/1180/465 2317/1181/465 2316/1182/465 2315/1183/465
f 2335/1184/453 2314/1180/453 2315/1183/453 2323/1185/453
f 2248/1069/434 2249/1068/434 2310/1186/434 2309/1187/434
f 2284/1188/440 2285/1145/440 2335/1189/440 2333/1190/440
f 2249/1067/433 2250/1066/433 2311/1191/433 2310/1192/433
f 2287/1099/434 2286/1010/434 2320/1144/434 2323/1193/434
f 2250/1022/440 2247/1021/440 2308/1138/440 2311/1194/440
f 2245/1065/440 2284/1188/440 2333/1190/440 2334/1137/440
f 2285/1145/440 2288/1057/440 2314/1060/440 2335/1189/440
f 2246/996/432 2248/995/432 2309/1195/432 2321/1196/432
f 2304/1197/453 2305/1198/453 2334/1174/453 2333/1199/453
f 2307/1200/453 2306/1201/453 2320/1202/453 2321/1175/453
f 2305/1198/453 2307/1200/453 2321/1175/453 2334/1174/453
f 2312/1203/453 2304/1197/453 2333/1199/453 2335/1184/453
f 2306/1201/453 2313/1204/453 2323/1185/453 2320/1202/453
f 2313/1204/453 2312/1203/453 2335/1184/453 2323/1185/453
f 2326/1205/453 2324/1206/453 2325/1207/453 2327/1208/453
f 2328/1209/453 2329/1210/453 2325/1207/453 2324/1206/453
f 2306/1211/440 2307/1212/440 2327/1213/440 2325/1214/440
f 2313/1215/440 2306/1211/440 2325/1214/440 2329/1216/440
f 2307/1217/466 2305/1218/466 2326/1219/466 2327/1220/466
f 2305/1221/434 2304/1166/434 2324/1169/434 2326/1222/434
f 2293/1085/440 2294/1154/440 2338/1223/440 2336/1224/440
f 2252/1086/440 2293/1085/440 2336/1224/440 2337/1225/440
f 2334/1226/451 2337/1227/451 2252/1228/451 2245/1229/451
f 2335/1230/451 2338/1231/451 2294/1090/451 2285/1089/451
f 2331/1232/440 2330/1233/440 2343/1234/440 2340/1235/440
f 2330/1236/433 2319/1237/433 2341/1238/433 2343/1239/433
f 2318/1240/467 2319/1241/467 2334/1242/467 2333/1243/467
f 2322/1244/467 2318/1240/467 2333/1243/467 2335/1245/467
f 2330/1246/467 2331/1247/467 2336/1248/467 2337/1249/467
f 2331/1247/467 2332/1250/467 2338/1251/467 2336/1248/467
f 2319/1241/467 2330/1246/467 2337/1249/467 2334/1242/467
f 2332/1250/467 2322/1244/467 2335/1245/467 2338/1251/467
f 2339/1252/467 2340/1253/467 2343/1254/467 2341/1255/467
f 2340/1253/467 2339/1252/467 2342/1256/467 2344/1257/467
f 2319/1241/434 2318/1240/434 2339/1258/434 2341/1259/434
f 2322/1260/451 2332/1261/451 2344/1262/451 2342/1263/451
f 2332/1264/440 2331/1232/440 2340/1235/440 2344/1265/440
f 2318/1240/434 2322/1244/434 2342/1266/434 2339/1258/434
