# Blender 4.2.3 LTS
# www.blender.org
mtllib tanqueMod3.mtl
o BezierCircle.002
v 2.411743 1.811388 -0.198086
v 2.411743 1.819463 -0.555929
v 2.411743 1.838503 -0.942101
v 2.411743 1.860731 -1.345988
v 2.411743 1.878370 -1.756978
v 2.411743 1.883643 -2.164458
v 2.411743 1.868773 -2.557814
v 2.411743 1.825983 -2.926435
v 2.411743 1.747497 -3.259706
v 2.411743 1.625536 -3.547014
v 2.411743 1.452325 -3.777748
v 2.411743 1.220086 -3.941294
v 2.411743 0.921042 -4.027039
v 2.411743 0.495010 -4.023462
v 2.411743 0.115829 -3.907337
v 2.411743 -0.218307 -3.695091
v 2.411743 -0.509206 -3.403153
v 2.411743 -0.758672 -3.047951
v 2.411743 -0.968512 -2.645915
v 2.411743 -1.140532 -2.213471
v 2.411743 -1.276538 -1.767050
v 2.411743 -1.378336 -1.323079
v 2.411743 -1.447733 -0.897986
v 2.411743 -1.486534 -0.508201
v 2.411743 -1.496545 -0.170152
v 2.411743 -1.486514 0.167677
v 2.411743 -1.461280 0.552281
v 2.411743 -1.416674 0.969745
v 2.411743 -1.348526 1.406156
v 2.411743 -1.252667 1.847601
v 2.411743 -1.124927 2.280168
v 2.411743 -0.961136 2.689942
v 2.411743 -0.757126 3.063011
v 2.411743 -0.508726 3.385461
v 2.411743 -0.211768 3.643380
v 2.411743 0.137919 3.822853
v 2.411743 0.544503 3.909969
v 2.411743 0.895627 3.882253
v 2.411743 1.177514 3.744996
v 2.411743 1.397543 3.513900
v 2.411743 1.563090 3.204666
v 2.411743 1.681532 2.832994
v 2.411743 1.760247 2.414585
v 2.411743 1.806612 1.965140
v 2.411743 1.828004 1.500360
v 2.411743 1.831801 1.035947
v 2.411743 1.825379 0.587600
v 2.411743 1.816116 0.171022
l 1 2
l 2 3
l 3 4
l 4 5
l 5 6
l 6 7
l 7 8
l 8 9
l 9 10
l 10 11
l 11 12
l 12 13
l 13 14
l 14 15
l 15 16
l 16 17
l 17 18
l 18 19
l 19 20
l 20 21
l 21 22
l 22 23
l 23 24
l 24 25
l 25 26
l 26 27
l 27 28
l 28 29
l 29 30
l 30 31
l 31 32
l 32 33
l 33 34
l 34 35
l 35 36
l 36 37
l 37 38
l 38 39
l 39 40
l 40 41
l 41 42
l 42 43
l 43 44
l 44 45
l 45 46
l 46 47
l 47 48
l 48 1
o Cube
v 1.322171 0.028278 1.301023
v 1.322171 2.449612 1.301023
v 1.322171 0.028278 -0.698977
v 1.322171 2.449612 -0.698977
v 1.322171 1.977030 -0.698977
v 1.322171 1.977030 1.301023
v 1.322171 0.735324 -0.698977
v 1.322171 1.977030 2.839251
v 2.773964 2.449612 1.301023
v 2.773964 2.449612 -0.698977
v 2.916554 1.977030 -0.698977
v 2.916554 1.977030 1.301023
v 1.322171 2.449612 -2.336474
v 1.322171 1.977030 -2.336474
v 1.322171 0.028278 -2.336474
v 2.773964 2.449612 -2.336474
v 2.916554 1.977030 -2.336474
v 1.322171 0.028278 1.818280
v 1.322171 2.449612 2.075722
v 2.378311 2.449612 2.075722
v 2.520901 1.977030 2.431126
v 1.322171 0.735324 1.301023
v 1.322171 0.735324 2.839251
v 1.322171 0.735324 -2.336474
v 1.151186 2.295845 -2.921436
v 1.151186 0.906309 -3.076470
v 1.322171 0.028278 -2.378035
v 1.151186 1.977030 -3.076470
v 1.322171 2.449612 -2.846661
v 1.322171 1.977030 -3.076470
v 1.322171 0.735324 -3.076470
v 1.151186 1.932432 -2.882776
v 1.151186 2.251246 -2.727742
v 1.151186 0.861710 -2.882776
v 1.322171 1.356177 -0.698977
v 1.322171 1.356177 1.301023
v 1.322171 1.356177 3.022838
v 1.322171 1.356177 -2.336474
v 1.322171 1.356177 -3.076470
v 1.151186 1.441669 -3.076470
v 1.151186 1.397071 -2.882776
v -1.265738 0.028278 1.301023
v -1.265738 2.449612 1.301023
v -1.265738 0.028278 -0.698977
v -1.265738 2.449612 -0.698977
v 0.028216 0.028278 -0.698977
v 0.028216 2.449612 -0.698977
v 0.028216 0.028278 1.301023
v 0.028216 2.449612 1.301023
v -1.265738 1.977030 -0.698977
v -1.265738 1.977030 1.301023
v -1.265738 0.735324 -0.698977
v -1.265738 1.977030 2.839251
v -2.717531 2.449612 1.301023
v -2.717531 2.449612 -0.698977
v -2.860121 1.977030 -0.698977
v -2.860121 1.977030 1.301023
v 0.028216 2.449612 -2.336474
v -1.265738 2.449612 -2.336474
v -1.265738 1.977030 -2.336474
v -1.265738 0.028278 -2.336474
v 0.028216 0.028278 -2.336474
v -2.717531 2.449612 -2.336474
v -2.860121 1.977030 -2.336474
v -1.265738 0.028278 1.818280
v 0.028216 0.028278 1.818280
v -1.265738 2.449612 2.075722
v 0.028216 2.449612 2.075722
v 0.028216 1.977030 2.839251
v -2.321878 2.449612 2.075722
v -2.464468 1.977030 2.431126
v -1.265738 0.735324 1.301023
v -1.265738 0.735324 2.839251
v -1.265738 0.735324 -2.336474
v 0.028216 0.735324 2.839251
v 0.028216 2.295845 -2.921436
v -1.094753 2.295845 -2.921436
v -1.094753 0.906309 -3.076470
v -1.265738 0.028278 -2.378035
v 0.028216 0.028278 -2.378035
v 0.028216 0.906309 -3.076470
v -1.094753 1.977030 -3.076470
v 0.028216 2.449612 -2.846661
v -1.265738 2.449612 -2.846661
v -1.265738 1.977030 -3.076470
v -1.265738 0.735324 -3.076470
v 0.028216 0.735324 -3.076470
v 0.028216 2.251246 -2.727742
v 0.028216 1.932432 -2.882776
v -1.094753 1.932432 -2.882776
v 0.028216 0.861710 -2.882776
v -1.094753 2.251246 -2.727742
v -1.094753 0.861710 -2.882776
v -1.265738 1.356177 -0.698977
v -1.265738 1.356177 1.301023
v -1.265738 1.356177 3.022838
v -1.265738 1.356177 -2.336474
v 0.028216 1.356177 3.022838
v -1.265738 1.356177 -3.076470
v -1.094753 1.441669 -3.076470
v 0.028216 1.397071 -2.882776
v -1.094753 1.397071 -2.882776
vn -0.0000 -1.0000 -0.0000
vn -0.0000 1.0000 -0.0000
vn 0.8506 0.3895 0.3533
vn 1.0000 -0.0000 -0.0000
vn 0.9574 0.2889 -0.0000
vn -0.0000 -0.0000 -1.0000
vn -0.0000 0.8503 0.5263
vn -0.0000 0.2836 0.9590
vn 0.1145 0.7661 0.6325
vn -0.0000 -0.8221 0.5693
vn -0.0000 -0.9745 -0.2244
vn -1.0000 -0.0000 -0.0000
vn -0.0000 -0.7028 -0.7114
vn -0.0000 0.4373 -0.8993
vn -0.0000 0.9745 0.2244
vn -0.0000 -0.2836 0.9590
vn -0.8506 0.3895 0.3533
vn -0.9574 0.2889 -0.0000
vn -0.1145 0.7661 0.6325
vt 0.720459 0.339895
vt 0.720460 0.339895
vt 0.720460 0.339897
vt 0.720459 0.339897
vt 0.720430 0.339870
vt 0.720430 0.339873
vt 0.720429 0.339873
vt 0.720429 0.339870
vt 0.720459 0.339893
vt 0.720460 0.339893
vt 0.720432 0.339870
vt 0.720432 0.339873
vt 0.720404 0.339935
vt 0.720405 0.339935
vt 0.720405 0.339935
vt 0.720404 0.339936
vt 0.720430 0.339874
vt 0.720429 0.339874
vt 0.720436 0.339879
vt 0.720436 0.339879
vt 0.720436 0.339881
vt 0.720436 0.339881
vt 0.720435 0.339879
vt 0.720434 0.339879
vt 0.720434 0.339877
vt 0.720435 0.339877
vt 0.720404 0.339932
vt 0.720405 0.339932
vt 0.720425 0.339911
vt 0.720423 0.339911
vt 0.720423 0.339909
vt 0.720425 0.339909
vt 0.720423 0.339913
vt 0.720425 0.339913
vt 0.720459 0.339892
vt 0.720460 0.339892
vt 0.720434 0.339877
vt 0.720435 0.339876
vt 0.720436 0.339877
vt 0.720436 0.339876
vt 0.720484 0.339925
vt 0.720484 0.339925
vt 0.720484 0.339923
vt 0.720484 0.339923
vt 0.720429 0.339868
vt 0.720430 0.339868
vt 0.720432 0.339868
vt 0.720404 0.339930
vt 0.720405 0.339930
vt 0.720430 0.339875
vt 0.720432 0.339874
vt 0.720432 0.339875
vt 0.720453 0.339938
vt 0.720453 0.339938
vt 0.720453 0.339940
vt 0.720453 0.339940
vt 0.720429 0.339874
vt 0.720424 0.339915
vt 0.720423 0.339915
vt 0.720436 0.339883
vt 0.720436 0.339884
vt 0.720434 0.339881
vt 0.720435 0.339881
vt 0.720435 0.339883
vt 0.720434 0.339882
vt 0.720459 0.339891
vt 0.720460 0.339891
vt 0.720430 0.339867
vt 0.720432 0.339867
vt 0.720418 0.339910
vt 0.720418 0.339911
vt 0.720418 0.339911
vt 0.720418 0.339910
vt 0.720447 0.339858
vt 0.720447 0.339858
vt 0.720447 0.339858
vt 0.720447 0.339858
vt 0.720460 0.339897
vt 0.720460 0.339898
vt 0.720459 0.339898
vt 0.720459 0.339897
vt 0.720437 0.339877
vt 0.720436 0.339877
vt 0.720436 0.339876
vt 0.720437 0.339876
vt 0.720477 0.339936
vt 0.720475 0.339936
vt 0.720475 0.339935
vt 0.720477 0.339935
vt 0.720477 0.339936
vt 0.720477 0.339936
vt 0.720477 0.339937
vt 0.720477 0.339937
vt 0.720475 0.339937
vt 0.720477 0.339937
vt 0.720477 0.339938
vt 0.720475 0.339938
vt 0.842077 0.319939
vt 0.842077 0.319939
vt 0.842079 0.319939
vt 0.842079 0.319939
vt 0.842077 0.319940
vt 0.842079 0.319940
vt 0.720402 0.339909
vt 0.720402 0.339911
vt 0.720401 0.339911
vt 0.720401 0.339909
vt 0.720447 0.339859
vt 0.720447 0.339859
vt 0.720447 0.339859
vt 0.720447 0.339859
vt 0.842077 0.319941
vt 0.842079 0.319941
vt 0.720452 0.339938
vt 0.720452 0.339940
s 0
usemtl Material.001
f 51/1/1 94/2/1 110/3/1 63/4/1
f 52/5/2 50/6/2 57/7/2 58/8/2
f 94/2/1 51/1/1 49/9/1 96/10/1
f 52/5/2 95/11/2 97/12/2 50/6/2
f 60/13/3 57/14/3 68/15/3 69/16/3
f 57/7/2 50/6/2 67/17/2 68/18/2
f 83/19/4 53/20/4 54/21/4 84/22/4
f 55/23/4 51/24/4 63/25/4 72/26/4
f 59/27/5 58/28/5 57/14/5 60/13/5
f 59/29/1 53/30/1 62/31/1 65/32/1
f 54/33/1 53/30/1 59/29/1 60/34/1
f 96/10/1 49/9/1 66/35/1 114/36/1
f 72/26/4 63/25/4 75/37/4 79/38/4
f 86/39/4 72/26/4 79/38/4 87/40/4
f 62/41/6 61/42/6 64/43/6 65/44/6
f 52/5/2 58/8/2 64/45/2 61/46/2
f 95/11/2 52/5/2 61/46/2 106/47/2
f 58/28/5 59/27/5 65/48/5 64/49/5
f 56/50/7 67/17/7 116/51/7 117/52/7
f 85/53/8 56/54/8 117/55/8 146/56/8
f 67/17/9 56/50/9 69/57/9 68/18/9
f 54/33/1 60/34/1 69/58/1 56/59/1
f 84/22/4 54/21/4 56/60/4 85/61/4
f 50/6/2 97/12/2 116/51/2 67/17/2
f 49/62/4 70/63/4 71/64/4 66/65/4
f 66/35/10 71/66/10 123/67/10 114/36/10
f 106/47/2 61/46/2 77/68/2 131/69/2
f 83/19/4 55/23/4 72/26/4 86/39/4
f 51/24/4 55/23/4 70/63/4 49/62/4
f 124/70/11 73/71/11 81/72/11 136/73/11
f 88/74/12 74/75/12 82/76/12 89/77/12
f 128/78/13 135/79/13 79/80/13 75/81/13
f 61/82/4 62/83/4 78/84/4 77/85/4
f 63/4/1 110/3/1 128/78/1 75/81/1
f 73/86/14 124/87/14 131/88/14 77/89/14
f 76/90/14 73/86/14 77/89/14 78/91/14
f 88/92/6 76/90/6 78/91/6 87/93/6
f 129/94/6 74/95/6 79/96/6 135/97/6
f 137/98/14 136/99/14 81/100/14 80/101/14
f 149/102/6 137/98/6 80/101/6 89/103/6
f 74/104/15 129/105/15 139/106/15 82/107/15
f 73/108/12 76/109/12 80/110/12 81/111/12
f 139/112/6 149/102/6 89/103/6 82/113/6
f 74/95/6 88/92/6 87/93/6 79/96/6
f 76/109/12 88/74/12 89/77/12 80/110/12
f 53/20/4 83/19/4 86/39/4 62/83/4
f 70/63/4 84/22/4 85/61/4 71/64/4
f 71/114/16 85/53/16 146/56/16 123/115/16
f 62/83/4 86/39/4 87/40/4 78/84/4
f 55/23/4 83/19/4 84/22/4 70/63/4
f 92/1/1 109/4/1 110/3/1 94/2/1
f 93/5/2 103/8/2 102/7/2 91/6/2
f 94/2/1 96/10/1 90/9/1 92/1/1
f 93/5/2 91/6/2 97/12/2 95/11/2
f 105/13/17 119/16/17 118/15/17 102/14/17
f 102/7/2 118/18/2 115/17/2 91/6/2
f 142/19/12 143/22/12 99/21/12 98/20/12
f 100/23/12 122/26/12 109/25/12 92/24/12
f 104/27/18 105/13/18 102/14/18 103/28/18
f 104/29/1 112/32/1 108/31/1 98/30/1
f 99/33/1 105/34/1 104/29/1 98/30/1
f 96/10/1 114/36/1 113/35/1 90/9/1
f 122/26/12 134/38/12 127/37/12 109/25/12
f 145/39/12 147/40/12 134/38/12 122/26/12
f 108/41/6 112/44/6 111/43/6 107/42/6
f 93/5/2 107/46/2 111/45/2 103/8/2
f 95/11/2 106/47/2 107/46/2 93/5/2
f 103/28/18 111/49/18 112/48/18 104/27/18
f 101/50/7 117/52/7 116/51/7 115/17/7
f 144/53/8 146/56/8 117/55/8 101/54/8
f 115/17/19 118/18/19 119/57/19 101/50/19
f 99/33/1 101/59/1 119/58/1 105/34/1
f 143/22/12 144/61/12 101/60/12 99/21/12
f 91/6/2 115/17/2 116/51/2 97/12/2
f 90/62/12 113/65/12 121/64/12 120/63/12
f 113/35/10 114/36/10 123/67/10 121/66/10
f 106/47/2 131/69/2 132/68/2 107/46/2
f 142/19/12 145/39/12 122/26/12 100/23/12
f 92/24/12 90/62/12 120/63/12 100/23/12
f 124/70/11 136/73/11 140/72/11 125/71/11
f 148/74/4 150/77/4 141/76/4 126/75/4
f 128/78/13 127/81/13 134/80/13 135/79/13
f 107/82/12 132/85/12 133/84/12 108/83/12
f 109/4/1 127/81/1 128/78/1 110/3/1
f 125/86/14 132/89/14 131/88/14 124/87/14
f 130/90/14 133/91/14 132/89/14 125/86/14
f 148/92/6 147/93/6 133/91/6 130/90/6
f 129/94/6 135/97/6 134/96/6 126/95/6
f 137/98/14 138/101/14 140/100/14 136/99/14
f 149/102/6 150/103/6 138/101/6 137/98/6
f 126/104/15 141/107/15 139/106/15 129/105/15
f 125/108/4 140/111/4 138/110/4 130/109/4
f 139/112/6 141/113/6 150/103/6 149/102/6
f 126/95/6 134/96/6 147/93/6 148/92/6
f 130/109/4 138/110/4 150/77/4 148/74/4
f 98/20/12 108/83/12 145/39/12 142/19/12
f 120/63/12 121/64/12 144/61/12 143/22/12
f 121/114/16 123/115/16 146/56/16 144/53/16
f 108/83/12 133/84/12 147/40/12 145/39/12
f 100/23/12 120/63/12 143/22/12 142/19/12
o Cylinder.010
v -0.036706 5.031607 0.981888
v -0.036706 5.031607 2.824955
v 0.614917 4.811488 0.981888
v 0.614917 4.811488 2.824955
v 0.884827 4.280074 0.981888
v 0.884827 4.280074 2.824955
v 0.614917 3.748659 0.981888
v 0.614917 3.748659 2.824955
v -0.036706 3.528540 0.981888
v -0.036706 3.528540 2.824955
v -0.688328 3.748660 0.981888
v -0.688328 3.748659 2.824955
v -0.958239 4.280074 0.981888
v -0.958239 4.280074 2.824955
v -0.688328 4.811488 0.981888
v -0.688328 4.811488 2.824955
v 0.769424 4.937493 2.824955
v -0.036706 5.209805 2.824955
v 1.103334 4.280074 2.824955
v 0.769424 3.622654 2.824955
v -0.036706 3.350342 2.824955
v -0.842836 3.622654 2.824955
v -1.176746 4.280074 2.824955
v -0.842836 4.937493 2.824955
v 0.584868 4.786983 3.399618
v -0.036706 4.996952 3.399618
v 0.842333 4.280074 3.399618
v 0.584868 3.773164 3.399618
v -0.036706 3.563195 3.399618
v -0.658280 3.773164 3.399618
v -0.915745 4.280074 3.399618
v -0.658280 4.786983 3.399618
v 0.769424 4.937493 3.399618
v -0.036706 5.209805 3.399618
v 1.103334 4.280074 3.399618
v 0.769424 3.622654 3.399618
v -0.036706 3.350342 3.399618
v -0.842836 3.622654 3.399618
v -1.176746 4.280074 3.399618
v -0.842836 4.937493 3.399618
v 0.584868 4.786983 3.130970
v -0.036706 4.996952 3.130970
v 0.842333 4.280074 3.130970
v 0.584868 3.773164 3.130970
v -0.036706 3.563195 3.130970
v -0.658280 3.773164 3.130970
v -0.915745 4.280074 3.130970
v -0.658280 4.786983 3.130970
vn -0.0000 1.0000 -0.0000
vn 0.6320 0.7750 -0.0000
vn 1.0000 -0.0000 -0.0000
vn 0.6320 -0.7750 -0.0000
vn -0.0000 -1.0000 -0.0000
vn -0.6320 -0.7750 -0.0000
vn -1.0000 -0.0000 -0.0000
vn -0.0000 -0.0000 -1.0000
vn -0.6320 0.7750 -0.0000
vn -0.0000 -0.0000 1.0000
vt 0.687536 0.290728
vt 0.687536 0.288142
vt 0.688526 0.288142
vt 0.688526 0.290728
vt 0.689226 0.288142
vt 0.689226 0.290728
vt 0.664445 0.336493
vt 0.664445 0.339080
vt 0.663745 0.339080
vt 0.663745 0.336493
vt 0.662755 0.339080
vt 0.662755 0.336493
vt 0.705511 0.290722
vt 0.705511 0.288135
vt 0.706211 0.288135
vt 0.706211 0.290722
vt 0.707200 0.288135
vt 0.707200 0.290722
vt 0.675804 0.335746
vt 0.676794 0.335746
vt 0.676911 0.336029
vt 0.675687 0.336029
vt 0.707900 0.288135
vt 0.707900 0.290722
vt 0.686837 0.290728
vt 0.686837 0.288142
vt 0.667880 0.368685
vt 0.668580 0.369385
vt 0.668580 0.370375
vt 0.667880 0.371075
vt 0.666890 0.371075
vt 0.666190 0.370375
vt 0.666190 0.369385
vt 0.666890 0.368685
vt 0.659139 0.365396
vt 0.659139 0.366262
vt 0.658333 0.366262
vt 0.658333 0.365396
vt 0.675804 0.333357
vt 0.675104 0.334056
vt 0.674821 0.333939
vt 0.675687 0.333073
vt 0.675104 0.335046
vt 0.674821 0.335163
vt 0.676794 0.333357
vt 0.676911 0.333073
vt 0.677494 0.335046
vt 0.677777 0.335163
vt 0.677494 0.334056
vt 0.677777 0.333939
vt 0.686951 0.292431
vt 0.686951 0.293376
vt 0.686574 0.293376
vt 0.686574 0.292431
vt 0.659139 0.367486
vt 0.659139 0.368352
vt 0.658333 0.368352
vt 0.658333 0.367486
vt 0.656340 0.315039
vt 0.656340 0.314173
vt 0.657146 0.314173
vt 0.657146 0.315039
vt 0.658353 0.341337
vt 0.658353 0.340112
vt 0.659159 0.340112
vt 0.659159 0.341337
vt 0.658353 0.339247
vt 0.659159 0.339247
vt 0.656340 0.316264
vt 0.657146 0.316264
vt 0.658353 0.342203
vt 0.659159 0.342203
vt 0.748117 0.298954
vt 0.748785 0.298287
vt 0.749123 0.298427
vt 0.748257 0.299293
vt 0.748785 0.297343
vt 0.749123 0.297203
vt 0.748117 0.296675
vt 0.748257 0.296337
vt 0.747173 0.296675
vt 0.747033 0.296337
vt 0.746505 0.297343
vt 0.746167 0.297203
vt 0.746505 0.298287
vt 0.746167 0.298427
vt 0.747173 0.298954
vt 0.747033 0.299293
vt 0.830275 0.315935
vt 0.829607 0.316602
vt 0.828663 0.316602
vt 0.827996 0.315935
vt 0.827996 0.314991
vt 0.828663 0.314323
vt 0.829607 0.314323
vt 0.830275 0.314991
vt 0.733948 0.330890
vt 0.733948 0.331558
vt 0.733570 0.331558
vt 0.733570 0.330890
vt 0.733948 0.332502
vt 0.733948 0.333169
vt 0.733570 0.333169
vt 0.733570 0.332502
vt 0.655389 0.350538
vt 0.655389 0.351482
vt 0.655012 0.351482
vt 0.655012 0.350538
vt 0.686951 0.294043
vt 0.686574 0.294043
vt 0.655389 0.349870
vt 0.655012 0.349870
vt 0.686951 0.291764
vt 0.686574 0.291764
s 1
usemtl Material.001
f 151/116/20 152/117/20 154/118/21 153/119/21
f 153/119/21 154/118/21 156/120/22 155/121/22
f 155/122/22 156/123/22 158/124/23 157/125/23
f 157/125/23 158/124/23 160/126/24 159/127/24
f 159/128/24 160/129/24 162/130/25 161/131/25
f 161/131/25 162/130/25 164/132/26 163/133/26
f 158/134/27 156/135/27 169/136/27 170/137/27
f 163/133/26 164/132/26 166/138/28 165/139/28
f 165/140/28 166/141/28 152/117/20 151/116/20
f 151/142/27 153/143/27 155/144/27 157/145/27 159/146/27 161/147/27 163/148/27 165/149/27
f 174/150/28 173/151/26 189/152/26 190/153/28
f 164/154/27 162/155/27 172/156/27 173/157/27
f 160/158/27 158/134/27 170/137/27 171/159/27
f 166/160/27 164/154/27 173/157/27 174/161/27
f 156/135/27 154/162/27 167/163/27 169/136/27
f 162/155/27 160/158/27 171/159/27 172/156/27
f 152/164/27 166/160/27 174/161/27 168/165/27
f 154/162/27 152/164/27 168/165/27 167/163/27
f 176/166/24 182/167/23 198/168/23 192/169/24
f 172/170/25 171/171/24 187/172/24 188/173/25
f 170/174/23 169/175/22 185/176/22 186/177/23
f 167/178/21 168/179/20 184/180/20 183/181/21
f 168/179/20 174/182/28 190/183/28 184/180/20
f 173/151/26 172/170/25 188/173/25 189/152/26
f 171/184/24 170/174/23 186/177/23 187/185/24
f 169/186/22 167/178/21 183/181/21 185/187/22
f 176/188/29 175/189/29 183/190/29 184/191/29
f 175/189/29 177/192/29 185/193/29 183/190/29
f 177/192/29 178/194/29 186/195/29 185/193/29
f 178/194/29 179/196/29 187/197/29 186/195/29
f 179/196/29 180/198/29 188/199/29 187/197/29
f 180/198/29 181/200/29 189/201/29 188/199/29
f 181/200/29 182/202/29 190/203/29 189/201/29
f 182/202/29 176/188/29 184/191/29 190/203/29
f 191/204/29 192/205/29 198/206/29 197/207/29 196/208/29 195/209/29 194/210/29 193/211/29
f 181/212/22 180/213/21 196/214/21 197/215/22
f 179/216/20 178/217/28 194/218/28 195/219/20
f 177/220/26 175/221/25 191/222/25 193/223/26
f 182/167/23 181/224/22 197/225/22 198/168/23
f 180/213/21 179/216/20 195/219/20 196/214/21
f 178/226/28 177/220/26 193/223/26 194/227/28
f 175/228/25 176/166/24 192/169/24 191/229/25
o Cylinder.011
v 1.323094 0.419717 1.500553
v 3.089440 0.419717 1.853761
v 1.323094 -0.004793 1.584994
v 3.089440 0.130374 1.911315
v 1.323094 -0.364675 1.825459
v 3.089440 -0.114919 2.075215
v 1.323094 -0.605141 2.185341
v 3.089440 -0.278819 2.320508
v 1.323094 -0.689581 2.609851
v 3.089440 -0.336373 2.609851
v 1.323094 -0.605141 3.034361
v 3.089440 -0.278819 2.899194
v 1.323094 -0.364675 3.394243
v 3.089440 -0.114919 3.144487
v 1.323094 -0.004793 3.634709
v 3.089440 0.130374 3.308387
v 1.323094 0.419717 3.719149
v 3.089440 0.419717 3.365941
v 1.323094 0.844226 3.634709
v 3.089440 0.709060 3.308387
v 1.323094 1.204109 3.394243
v 3.089440 0.954353 3.144488
v 1.323094 1.444574 3.034361
v 3.089440 1.118253 2.899194
v 1.323094 1.529015 2.609851
v 3.089440 1.175807 2.609851
v 1.323094 1.444574 2.185341
v 3.089440 1.118253 2.320508
v 1.323094 1.204108 1.825459
v 3.089440 0.954353 2.075215
v 1.323094 0.844226 1.584993
v 3.089440 0.709060 1.911315
v 3.089440 -0.004793 1.584994
v 3.089440 0.419717 1.500553
v 3.089440 -0.364675 1.825459
v 3.089440 -0.605141 2.185341
v 3.089440 -0.689581 2.609851
v 3.089440 -0.605141 3.034361
v 3.089440 -0.364675 3.394243
v 3.089440 -0.004793 3.634709
v 3.089440 0.419717 3.719149
v 3.089440 0.844227 3.634709
v 3.089440 1.204109 3.394243
v 3.089440 1.444574 3.034361
v 3.089440 1.529015 2.609851
v 3.089440 1.444574 2.185341
v 3.089440 1.204109 1.825459
v 3.089440 0.844226 1.584993
v 2.951768 0.196316 2.070513
v 2.951768 0.419717 2.026076
v 2.951768 0.006925 2.197059
v 2.951768 -0.119621 2.386450
v 2.951768 -0.164059 2.609851
v 2.951768 -0.119621 2.833252
v 2.951768 0.006925 3.022643
v 2.951768 0.196316 3.149189
v 2.951768 0.419717 3.193627
v 2.951768 0.643118 3.149189
v 2.951768 0.832509 3.022643
v 2.951768 0.959055 2.833252
v 2.951768 1.003493 2.609851
v 2.951768 0.959055 2.386450
v 2.951768 0.832508 2.197059
v 2.951768 0.643118 2.070513
v -1.323094 0.419717 1.500553
v -3.089440 0.419717 1.853761
v -1.323094 -0.004793 1.584994
v -3.089440 0.130374 1.911315
v -1.323094 -0.364675 1.825459
v -3.089440 -0.114919 2.075215
v -1.323094 -0.605141 2.185341
v -3.089440 -0.278819 2.320508
v -1.323094 -0.689581 2.609851
v -3.089440 -0.336373 2.609851
v -1.323094 -0.605141 3.034361
v -3.089440 -0.278819 2.899194
v -1.323094 -0.364675 3.394243
v -3.089440 -0.114919 3.144487
v -1.323094 -0.004793 3.634709
v -3.089440 0.130374 3.308387
v -1.323094 0.419717 3.719149
v -3.089440 0.419717 3.365941
v -1.323094 0.844226 3.634709
v -3.089440 0.709060 3.308387
v -1.323094 1.204109 3.394243
v -3.089440 0.954353 3.144488
v -1.323094 1.444574 3.034361
v -3.089440 1.118253 2.899194
v -1.323094 1.529015 2.609851
v -3.089440 1.175807 2.609851
v -1.323094 1.444574 2.185341
v -3.089440 1.118253 2.320508
v -1.323094 1.204109 1.825459
v -3.089440 0.954353 2.075215
v -1.323094 0.844226 1.584993
v -3.089440 0.709060 1.911315
v -3.089440 -0.004793 1.584994
v -3.089440 0.419717 1.500553
v -3.089440 -0.364675 1.825459
v -3.089440 -0.605141 2.185341
v -3.089440 -0.689581 2.609851
v -3.089440 -0.605141 3.034361
v -3.089440 -0.364675 3.394243
v -3.089440 -0.004793 3.634709
v -3.089440 0.419717 3.719149
v -3.089440 0.844227 3.634709
v -3.089440 1.204109 3.394243
v -3.089440 1.444575 3.034361
v -3.089440 1.529015 2.609851
v -3.089440 1.444574 2.185341
v -3.089440 1.204109 1.825459
v -3.089440 0.844226 1.584993
v -2.951768 0.196316 2.070513
v -2.951768 0.419717 2.026076
v -2.951768 0.006925 2.197059
v -2.951768 -0.119621 2.386450
v -2.951768 -0.164059 2.609851
v -2.951768 -0.119621 2.833252
v -2.951768 0.006925 3.022643
v -2.951768 0.196316 3.149189
v -2.951768 0.419717 3.193627
v -2.951768 0.643118 3.149189
v -2.951768 0.832509 3.022643
v -2.951768 0.959055 2.833252
v -2.951768 1.003493 2.609851
v -2.951768 0.959055 2.386450
v -2.951768 0.832508 2.197059
v -2.951768 0.643118 2.070513
vn -0.0000 -0.1951 -0.9808
vn -0.0000 -0.5556 -0.8315
vn -0.0000 -0.8315 -0.5556
vn -0.0000 -0.9808 -0.1951
vn -0.0000 -0.9808 0.1951
vn -0.0000 -0.8315 0.5556
vn -0.0000 -0.5556 0.8315
vn -0.0000 -0.1951 0.9808
vn -0.0000 0.1951 0.9808
vn -0.0000 0.5556 0.8315
vn -0.0000 0.8315 0.5556
vn -0.0000 0.9808 0.1951
vn -0.0000 0.9808 -0.1951
vn -0.0000 0.8315 -0.5556
vn 0.7753 0.6194 0.1232
vn -0.0000 0.5556 -0.8315
vn -0.0000 0.1951 -0.9808
vn -1.0000 -0.0000 -0.0000
vn 1.0000 -0.0000 -0.0000
vn 0.7753 -0.6194 -0.1232
vn 0.7753 0.6194 -0.1232
vn 0.7753 -0.6194 0.1232
vn 0.7753 0.5251 -0.3509
vn 0.7753 -0.5251 0.3509
vn 0.7753 0.3509 -0.5251
vn 0.7753 -0.3509 0.5251
vn 0.7753 0.1232 -0.6194
vn 0.7753 0.1232 0.6194
vn 0.7753 -0.1232 0.6194
vn 0.7753 -0.1232 -0.6194
vn 0.7753 0.3509 0.5251
vn 0.7753 -0.3509 -0.5251
vn 0.7753 0.5251 0.3509
vn 0.7753 -0.5251 -0.3509
vn -0.7753 0.6194 0.1232
vn -0.7753 -0.6194 -0.1232
vn -0.7753 0.6194 -0.1232
vn -0.7753 -0.6194 0.1232
vn -0.7753 0.5251 -0.3509
vn -0.7753 -0.5251 0.3509
vn -0.7753 0.3509 -0.5251
vn -0.7753 -0.3509 0.5251
vn -0.7753 0.1232 -0.6194
vn -0.7753 0.1232 0.6194
vn -0.7753 -0.1232 0.6194
vn -0.7753 -0.1232 -0.6194
vn -0.7753 0.3509 0.5251
vn -0.7753 -0.3509 -0.5251
vn -0.7753 0.5251 0.3509
vn -0.7753 -0.5251 -0.3509
vt 0.903972 0.291709
vt 0.901688 0.291709
vt 0.901688 0.291314
vt 0.903972 0.291314
vt 0.901688 0.290797
vt 0.903972 0.290797
vt 0.901688 0.290237
vt 0.903972 0.290237
vt 0.901688 0.289720
vt 0.903972 0.289720
vt 0.901688 0.289324
vt 0.903972 0.289324
vt 0.868895 0.288562
vt 0.868895 0.290846
vt 0.868500 0.290846
vt 0.868500 0.288562
vt 0.867983 0.290846
vt 0.867983 0.288562
vt 0.867423 0.290846
vt 0.867423 0.288562
vt 0.866906 0.290846
vt 0.866906 0.288562
vt 0.868907 0.286141
vt 0.868907 0.288425
vt 0.868390 0.288425
vt 0.868390 0.286141
vt 0.867830 0.288425
vt 0.867830 0.286141
vt 0.867313 0.288425
vt 0.867313 0.286141
vt 0.833707 0.288520
vt 0.833707 0.290804
vt 0.833190 0.290804
vt 0.833190 0.288520
vt 0.832630 0.290804
vt 0.832630 0.288520
vt 0.869349 0.713479
vt 0.868996 0.713333
vt 0.869120 0.713148
vt 0.869392 0.713260
vt 0.832113 0.290804
vt 0.832113 0.288520
vt 0.831717 0.290804
vt 0.831717 0.288520
vt 0.837764 0.310416
vt 0.837978 0.310933
vt 0.837978 0.311493
vt 0.837764 0.312010
vt 0.837368 0.312406
vt 0.836851 0.312620
vt 0.836291 0.312620
vt 0.835774 0.312406
vt 0.835378 0.312010
vt 0.835164 0.311493
vt 0.835164 0.310933
vt 0.835378 0.310416
vt 0.835774 0.310021
vt 0.836291 0.309806
vt 0.836851 0.309806
vt 0.837368 0.310021
vt 0.839393 0.346638
vt 0.839393 0.347019
vt 0.838945 0.347108
vt 0.838945 0.346549
vt 0.839539 0.347372
vt 0.839160 0.347625
vt 0.839809 0.347641
vt 0.839555 0.348021
vt 0.840161 0.347787
vt 0.840072 0.348235
vt 0.840543 0.347787
vt 0.840632 0.348235
vt 0.840895 0.347641
vt 0.841149 0.348021
vt 0.841165 0.347372
vt 0.841545 0.347625
vt 0.841311 0.347019
vt 0.841759 0.347108
vt 0.841311 0.346638
vt 0.841759 0.346549
vt 0.841165 0.346285
vt 0.841545 0.346032
vt 0.840895 0.346016
vt 0.841149 0.345636
vt 0.840543 0.345870
vt 0.840632 0.345422
vt 0.840161 0.345870
vt 0.840072 0.345422
vt 0.839809 0.346016
vt 0.839555 0.345636
vt 0.839539 0.346285
vt 0.839160 0.346032
vt 0.868799 0.712667
vt 0.868799 0.712373
vt 0.868912 0.712100
vt 0.869120 0.711892
vt 0.869392 0.711779
vt 0.869687 0.711779
vt 0.869959 0.711892
vt 0.870167 0.712100
vt 0.870280 0.712373
vt 0.870280 0.712667
vt 0.870167 0.712939
vt 0.869959 0.713148
vt 0.869687 0.713260
vt 0.868912 0.712939
vt 0.869730 0.711561
vt 0.870083 0.711707
vt 0.869730 0.713479
vt 0.869349 0.711561
vt 0.870083 0.713333
vt 0.868996 0.711707
vt 0.870353 0.713063
vt 0.868727 0.711977
vt 0.870498 0.712711
vt 0.868581 0.712711
vt 0.868581 0.712329
vt 0.870498 0.712329
vt 0.868727 0.713063
vt 0.870353 0.711977
s 0
usemtl Material.001
f 199/230/30 232/231/30 231/232/30 201/233/30
f 201/233/31 231/232/31 233/234/31 203/235/31
f 203/235/32 233/234/32 234/236/32 205/237/32
f 205/237/33 234/236/33 235/238/33 207/239/33
f 207/239/34 235/238/34 236/240/34 209/241/34
f 209/242/35 236/243/35 237/244/35 211/245/35
f 211/245/36 237/244/36 238/246/36 213/247/36
f 213/247/37 238/246/37 239/248/37 215/249/37
f 215/249/38 239/248/38 240/250/38 217/251/38
f 217/252/39 240/253/39 241/254/39 219/255/39
f 219/255/40 241/254/40 242/256/40 221/257/40
f 221/257/41 242/256/41 243/258/41 223/259/41
f 223/260/42 243/261/42 244/262/42 225/263/42
f 225/263/43 244/262/43 245/264/43 227/265/43
f 208/266/44 206/267/44 250/268/44 251/269/44
f 227/265/45 245/264/45 246/270/45 229/271/45
f 229/271/46 246/270/46 232/272/46 199/273/46
f 199/274/47 201/275/47 203/276/47 205/277/47 207/278/47 209/279/47 211/280/47 213/281/47 215/282/47 217/283/47 219/284/47 221/285/47 223/286/47 225/287/47 227/288/47 229/289/47
f 200/290/48 202/291/48 231/292/48 232/293/48
f 202/291/48 204/294/48 233/295/48 231/292/48
f 204/294/48 206/296/48 234/297/48 233/295/48
f 206/296/48 208/298/48 235/299/48 234/297/48
f 208/298/48 210/300/48 236/301/48 235/299/48
f 210/300/48 212/302/48 237/303/48 236/301/48
f 212/302/48 214/304/48 238/305/48 237/303/48
f 214/304/48 216/306/48 239/307/48 238/305/48
f 216/306/48 218/308/48 240/309/48 239/307/48
f 218/308/48 220/310/48 241/311/48 240/309/48
f 220/310/48 222/312/48 242/313/48 241/311/48
f 222/312/48 224/314/48 243/315/48 242/313/48
f 224/314/48 226/316/48 244/317/48 243/315/48
f 226/316/48 228/318/48 245/319/48 244/317/48
f 228/318/48 230/320/48 246/321/48 245/319/48
f 230/320/48 200/290/48 232/293/48 246/321/48
f 247/322/48 248/323/48 262/324/48 261/325/48 260/326/48 259/327/48 258/328/48 257/329/48 256/330/48 255/331/48 254/332/48 253/333/48 252/334/48 251/269/48 250/268/48 249/335/48
f 224/336/49 222/337/49 258/328/49 259/327/49
f 210/338/50 208/266/50 251/269/50 252/334/50
f 226/339/51 224/336/51 259/327/51 260/326/51
f 212/340/52 210/338/52 252/334/52 253/333/52
f 228/341/53 226/339/53 260/326/53 261/325/53
f 214/342/54 212/340/54 253/333/54 254/332/54
f 230/343/55 228/341/55 261/325/55 262/324/55
f 216/344/56 214/342/56 254/332/56 255/331/56
f 202/345/57 200/346/57 248/323/57 247/322/57
f 200/346/58 230/343/58 262/324/58 248/323/58
f 218/347/59 216/344/59 255/331/59 256/330/59
f 204/348/60 202/345/60 247/322/60 249/335/60
f 220/349/61 218/347/61 256/330/61 257/329/61
f 206/267/62 204/348/62 249/335/62 250/268/62
f 222/337/63 220/349/63 257/329/63 258/328/63
f 263/230/30 265/233/30 295/232/30 296/231/30
f 265/233/31 267/235/31 297/234/31 295/232/31
f 267/235/32 269/237/32 298/236/32 297/234/32
f 269/237/33 271/239/33 299/238/33 298/236/33
f 271/239/34 273/241/34 300/240/34 299/238/34
f 273/242/35 275/245/35 301/244/35 300/243/35
f 275/245/36 277/247/36 302/246/36 301/244/36
f 277/247/37 279/249/37 303/248/37 302/246/37
f 279/249/38 281/251/38 304/250/38 303/248/38
f 281/252/39 283/255/39 305/254/39 304/253/39
f 283/255/40 285/257/40 306/256/40 305/254/40
f 285/257/41 287/259/41 307/258/41 306/256/41
f 287/260/42 289/263/42 308/262/42 307/261/42
f 289/263/43 291/265/43 309/264/43 308/262/43
f 272/266/64 315/269/64 314/268/64 270/267/64
f 291/265/45 293/271/45 310/270/45 309/264/45
f 293/271/46 263/273/46 296/272/46 310/270/46
f 263/274/48 293/289/48 291/288/48 289/287/48 287/286/48 285/285/48 283/284/48 281/283/48 279/282/48 277/281/48 275/280/48 273/279/48 271/278/48 269/277/48 267/276/48 265/275/48
f 264/290/47 296/293/47 295/292/47 266/291/47
f 266/291/47 295/292/47 297/295/47 268/294/47
f 268/294/47 297/295/47 298/297/47 270/296/47
f 270/296/47 298/297/47 299/299/47 272/298/47
f 272/298/47 299/299/47 300/301/47 274/300/47
f 274/300/47 300/301/47 301/303/47 276/302/47
f 276/302/47 301/303/47 302/305/47 278/304/47
f 278/304/47 302/305/47 303/307/47 280/306/47
f 280/306/47 303/307/47 304/309/47 282/308/47
f 282/308/47 304/309/47 305/311/47 284/310/47
f 284/310/47 305/311/47 306/313/47 286/312/47
f 286/312/47 306/313/47 307/315/47 288/314/47
f 288/314/47 307/315/47 308/317/47 290/316/47
f 290/316/47 308/317/47 309/319/47 292/318/47
f 292/318/47 309/319/47 310/321/47 294/320/47
f 294/320/47 310/321/47 296/293/47 264/290/47
f 311/322/47 313/335/47 314/268/47 315/269/47 316/334/47 317/333/47 318/332/47 319/331/47 320/330/47 321/329/47 322/328/47 323/327/47 324/326/47 325/325/47 326/324/47 312/323/47
f 288/336/65 323/327/65 322/328/65 286/337/65
f 274/338/66 316/334/66 315/269/66 272/266/66
f 290/339/67 324/326/67 323/327/67 288/336/67
f 276/340/68 317/333/68 316/334/68 274/338/68
f 292/341/69 325/325/69 324/326/69 290/339/69
f 278/342/70 318/332/70 317/333/70 276/340/70
f 294/343/71 326/324/71 325/325/71 292/341/71
f 280/344/72 319/331/72 318/332/72 278/342/72
f 266/345/73 311/322/73 312/323/73 264/346/73
f 264/346/74 312/323/74 326/324/74 294/343/74
f 282/347/75 320/330/75 319/331/75 280/344/75
f 268/348/76 313/335/76 311/322/76 266/345/76
f 284/349/77 321/329/77 320/330/77 282/347/77
f 270/267/78 314/268/78 313/335/78 268/348/78
f 286/337/79 322/328/79 321/329/79 284/349/79
o Cylinder.012
v 1.313606 -0.690583 1.045609
v 3.101255 -0.690583 1.241148
v 1.313606 -0.864041 1.080112
v 3.101255 -0.789211 1.260766
v 1.313606 -1.011091 1.178367
v 3.101254 -0.872823 1.316634
v 1.313606 -1.109346 1.325417
v 3.101254 -0.928692 1.400247
v 1.313606 -1.143849 1.498875
v 3.101254 -0.948310 1.498875
v 1.313606 -1.109346 1.672332
v 3.101254 -0.928692 1.597502
v 1.313606 -1.011091 1.819382
v 3.101254 -0.872823 1.681115
v 1.313606 -0.864041 1.917638
v 3.101255 -0.789211 1.736983
v 1.313606 -0.690583 1.952140
v 3.101255 -0.690583 1.756601
v 1.313606 -0.517126 1.917638
v 3.101255 -0.591955 1.736983
v 1.313606 -0.370076 1.819382
v 3.101254 -0.508343 1.681115
v 1.313606 -0.271820 1.672332
v 3.101254 -0.452475 1.597502
v 1.313606 -0.237317 1.498875
v 3.101254 -0.432857 1.498875
v 1.313606 -0.271820 1.325417
v 3.101254 -0.452475 1.400247
v 1.313606 -0.370076 1.178367
v 3.101254 -0.508343 1.316634
v 1.313606 -0.517126 1.080111
v 3.101255 -0.591956 1.260766
v 3.101255 -0.864040 1.080112
v 3.101255 -0.690583 1.045609
v 3.101255 -1.011091 1.178367
v 3.101255 -1.109346 1.325417
v 3.101255 -1.143849 1.498875
v 3.101255 -1.109346 1.672332
v 3.101255 -1.011091 1.819382
v 3.101255 -0.864040 1.917638
v 3.101255 -0.690583 1.952140
v 3.101255 -0.517126 1.917638
v 3.101254 -0.370076 1.819382
v 3.101254 -0.271820 1.672332
v 3.101254 -0.237317 1.498875
v 3.101254 -0.271820 1.325417
v 3.101254 -0.370076 1.178367
v 3.101255 -0.517126 1.080111
v 3.008939 -0.756035 1.340860
v 3.008939 -0.690583 1.327841
v 3.008939 -0.811522 1.377935
v 3.008939 -0.848598 1.433423
v 3.008939 -0.861617 1.498875
v 3.008939 -0.848598 1.564326
v 3.008939 -0.811522 1.619814
v 3.008939 -0.756035 1.656889
v 3.008939 -0.690583 1.669909
v 3.008939 -0.625131 1.656889
v 3.008939 -0.569644 1.619814
v 3.008939 -0.532568 1.564326
v 3.008939 -0.519549 1.498875
v 3.008939 -0.532568 1.433423
v 3.008939 -0.569644 1.377935
v 3.008939 -0.625131 1.340860
v -1.313606 -0.690583 1.045609
v -3.101254 -0.690583 1.241148
v -1.313606 -0.864041 1.080112
v -3.101254 -0.789211 1.260766
v -1.313606 -1.011091 1.178367
v -3.101254 -0.872823 1.316634
v -1.313606 -1.109346 1.325417
v -3.101254 -0.928691 1.400247
v -1.313606 -1.143849 1.498875
v -3.101254 -0.948310 1.498875
v -1.313606 -1.109346 1.672332
v -3.101254 -0.928691 1.597502
v -1.313606 -1.011091 1.819382
v -3.101254 -0.872823 1.681115
v -1.313606 -0.864041 1.917638
v -3.101254 -0.789211 1.736983
v -1.313606 -0.690583 1.952140
v -3.101254 -0.690583 1.756601
v -1.313606 -0.517126 1.917638
v -3.101254 -0.591955 1.736983
v -1.313606 -0.370076 1.819382
v -3.101254 -0.508343 1.681115
v -1.313606 -0.271820 1.672332
v -3.101254 -0.452475 1.597502
v -1.313606 -0.237317 1.498875
v -3.101254 -0.432857 1.498875
v -1.313606 -0.271820 1.325417
v -3.101254 -0.452475 1.400247
v -1.313606 -0.370076 1.178367
v -3.101254 -0.508343 1.316634
v -1.313606 -0.517126 1.080111
v -3.101254 -0.591956 1.260766
v -3.101254 -0.864040 1.080112
v -3.101254 -0.690583 1.045609
v -3.101254 -1.011091 1.178367
v -3.101254 -1.109346 1.325417
v -3.101254 -1.143849 1.498875
v -3.101254 -1.109346 1.672332
v -3.101254 -1.011091 1.819382
v -3.101254 -0.864040 1.917638
v -3.101254 -0.690583 1.952140
v -3.101254 -0.517126 1.917638
v -3.101254 -0.370076 1.819382
v -3.101254 -0.271820 1.672332
v -3.101254 -0.237317 1.498875
v -3.101254 -0.271820 1.325417
v -3.101254 -0.370076 1.178367
v -3.101254 -0.517126 1.080111
v -3.008939 -0.756035 1.340860
v -3.008939 -0.690583 1.327841
v -3.008939 -0.811522 1.377935
v -3.008939 -0.848598 1.433423
v -3.008939 -0.861617 1.498875
v -3.008939 -0.848598 1.564326
v -3.008939 -0.811522 1.619814
v -3.008939 -0.756035 1.656889
v -3.008939 -0.690583 1.669909
v -3.008939 -0.625131 1.656889
v -3.008939 -0.569644 1.619814
v -3.008939 -0.532568 1.564326
v -3.008939 -0.519549 1.498875
v -3.008939 -0.532568 1.433423
v -3.008939 -0.569644 1.377935
v -3.008939 -0.625131 1.340860
vn -0.0000 -0.1951 -0.9808
vn -0.0000 -0.5556 -0.8315
vn -0.0000 -0.8315 -0.5556
vn -0.0000 -0.9808 -0.1951
vn -0.0000 -0.9808 0.1951
vn -0.0000 -0.8315 0.5556
vn -0.0000 -0.5556 0.8315
vn -0.0000 -0.1951 0.9808
vn -0.0000 0.1951 0.9808
vn -0.0000 0.5556 0.8315
vn -0.0000 0.8315 0.5556
vn -0.0000 0.9808 0.1951
vn -0.0000 0.9808 -0.1951
vn -0.0000 0.8315 -0.5556
vn 0.6775 0.6116 -0.4086
vn -0.0000 0.5556 -0.8315
vn -0.0000 0.1951 -0.9808
vn -1.0000 -0.0000 -0.0000
vn 1.0000 -0.0000 -0.0000
vn 0.6775 -0.6116 0.4086
vn 0.6775 0.4086 -0.6116
vn 0.6775 -0.4086 0.6116
vn 0.6775 0.1435 -0.7214
vn 0.6775 0.1435 0.7214
vn 0.6775 -0.1435 0.7214
vn 0.6775 -0.1435 -0.7214
vn 0.6775 0.4086 0.6116
vn 0.6775 -0.4086 -0.6116
vn 0.6775 0.6116 0.4086
vn 0.6775 -0.6116 -0.4086
vn 0.6775 0.7214 0.1435
vn 0.6775 -0.7214 -0.1435
vn 0.6775 0.7214 -0.1435
vn 0.6775 -0.7214 0.1435
vn -0.6775 0.6116 -0.4086
vn -0.6775 -0.6116 0.4086
vn -0.6775 0.4086 -0.6116
vn -0.6775 -0.4086 0.6116
vn -0.6775 0.1435 -0.7214
vn -0.6775 0.1435 0.7214
vn -0.6775 -0.1435 0.7214
vn -0.6775 -0.1435 -0.7214
vn -0.6775 0.4086 0.6116
vn -0.6775 -0.4087 -0.6116
vn -0.6775 0.6116 0.4086
vn -0.6775 -0.6116 -0.4086
vn -0.6775 0.7214 0.1435
vn -0.6775 -0.7214 -0.1435
vn -0.6775 0.7214 -0.1435
vn -0.6775 -0.7214 0.1435
vt 0.741099 0.289632
vt 0.741099 0.287320
vt 0.741328 0.287320
vt 0.741328 0.289632
vt 0.741539 0.287320
vt 0.741539 0.289632
vt 0.673414 0.320065
vt 0.673414 0.322377
vt 0.673253 0.322377
vt 0.673253 0.320065
vt 0.673041 0.322377
vt 0.673041 0.320065
vt 0.672813 0.322377
vt 0.672813 0.320065
vt 0.672601 0.322377
vt 0.672601 0.320065
vt 0.672440 0.322377
vt 0.672440 0.320065
vt 0.743287 0.317890
vt 0.743287 0.315578
vt 0.743449 0.315578
vt 0.743449 0.317890
vt 0.743660 0.315578
vt 0.743660 0.317890
vt 0.743889 0.315578
vt 0.743889 0.317890
vt 0.744100 0.315578
vt 0.744100 0.317890
vt 0.682692 0.296968
vt 0.682692 0.299280
vt 0.682481 0.299280
vt 0.682481 0.296968
vt 0.682252 0.299280
vt 0.682252 0.296968
vt 0.682041 0.299280
vt 0.682041 0.296968
vt 0.706870 0.355746
vt 0.706870 0.355626
vt 0.706989 0.355604
vt 0.706989 0.355684
vt 0.740726 0.289632
vt 0.740726 0.287320
vt 0.740888 0.287320
vt 0.740888 0.289632
vt 0.718969 0.348295
vt 0.718969 0.348524
vt 0.718881 0.348735
vt 0.718719 0.348897
vt 0.718508 0.348984
vt 0.718279 0.348984
vt 0.718068 0.348897
vt 0.717906 0.348735
vt 0.717819 0.348524
vt 0.717819 0.348295
vt 0.717906 0.348084
vt 0.718068 0.347922
vt 0.718279 0.347834
vt 0.718508 0.347834
vt 0.718719 0.347922
vt 0.718881 0.348084
vt 0.699986 0.351697
vt 0.700078 0.351789
vt 0.699937 0.351999
vt 0.699776 0.351838
vt 0.700198 0.351839
vt 0.700149 0.352087
vt 0.700328 0.351839
vt 0.700377 0.352087
vt 0.700448 0.351789
vt 0.700589 0.351999
vt 0.700540 0.351697
vt 0.700750 0.351838
vt 0.700590 0.351577
vt 0.700838 0.351626
vt 0.700590 0.351447
vt 0.700838 0.351398
vt 0.700540 0.351327
vt 0.700750 0.351186
vt 0.700448 0.351235
vt 0.700589 0.351025
vt 0.700328 0.351185
vt 0.700377 0.350937
vt 0.700198 0.351185
vt 0.700149 0.350937
vt 0.700078 0.351235
vt 0.699937 0.351025
vt 0.699986 0.351327
vt 0.699776 0.351186
vt 0.699936 0.351447
vt 0.699688 0.351398
vt 0.699936 0.351577
vt 0.699688 0.351626
vt 0.700140 0.351696
vt 0.700079 0.351635
vt 0.700046 0.351555
vt 0.700046 0.351469
vt 0.700079 0.351389
vt 0.700140 0.351328
vt 0.700220 0.351295
vt 0.700306 0.351295
vt 0.700386 0.351328
vt 0.700447 0.351389
vt 0.700480 0.351469
vt 0.700480 0.351555
vt 0.700447 0.351635
vt 0.700386 0.351696
vt 0.700306 0.351729
vt 0.700220 0.351729
vt 0.706989 0.354591
vt 0.706989 0.354711
vt 0.706870 0.354733
vt 0.706870 0.354653
vt 0.752111 0.326432
vt 0.752111 0.326552
vt 0.751992 0.326490
vt 0.751992 0.326410
vt 0.720050 0.365193
vt 0.720050 0.365073
vt 0.720170 0.365135
vt 0.720170 0.365215
vt 0.752111 0.326302
vt 0.751992 0.326324
vt 0.720050 0.365323
vt 0.720170 0.365301
vt 0.752111 0.326182
vt 0.751992 0.326244
vt 0.720050 0.365443
vt 0.720170 0.365381
vt 0.706870 0.355496
vt 0.706870 0.355376
vt 0.706989 0.355438
vt 0.706989 0.355518
vt 0.706989 0.354841
vt 0.706989 0.354961
vt 0.706870 0.354899
vt 0.706870 0.354819
s 0
usemtl Material.001
f 327/350/80 360/351/80 359/352/80 329/353/80
f 329/353/81 359/352/81 361/354/81 331/355/81
f 331/356/82 361/357/82 362/358/82 333/359/82
f 333/359/83 362/358/83 363/360/83 335/361/83
f 335/361/84 363/360/84 364/362/84 337/363/84
f 337/363/85 364/362/85 365/364/85 339/365/85
f 339/365/86 365/364/86 366/366/86 341/367/86
f 341/368/87 366/369/87 367/370/87 343/371/87
f 343/371/88 367/370/88 368/372/88 345/373/88
f 345/373/89 368/372/89 369/374/89 347/375/89
f 347/375/90 369/374/90 370/376/90 349/377/90
f 349/378/91 370/379/91 371/380/91 351/381/91
f 351/381/92 371/380/92 372/382/92 353/383/92
f 353/383/93 372/382/93 373/384/93 355/385/93
f 340/386/94 338/387/94 380/388/94 381/389/94
f 355/390/95 373/391/95 374/392/95 357/393/95
f 357/393/96 374/392/96 360/351/96 327/350/96
f 327/394/97 329/395/97 331/396/97 333/397/97 335/398/97 337/399/97 339/400/97 341/401/97 343/402/97 345/403/97 347/404/97 349/405/97 351/406/97 353/407/97 355/408/97 357/409/97
f 328/410/98 330/411/98 359/412/98 360/413/98
f 330/411/98 332/414/98 361/415/98 359/412/98
f 332/414/98 334/416/98 362/417/98 361/415/98
f 334/416/98 336/418/98 363/419/98 362/417/98
f 336/418/98 338/420/98 364/421/98 363/419/98
f 338/420/98 340/422/98 365/423/98 364/421/98
f 340/422/98 342/424/98 366/425/98 365/423/98
f 342/424/98 344/426/98 367/427/98 366/425/98
f 344/426/98 346/428/98 368/429/98 367/427/98
f 346/428/98 348/430/98 369/431/98 368/429/98
f 348/430/98 350/432/98 370/433/98 369/431/98
f 350/432/98 352/434/98 371/435/98 370/433/98
f 352/434/98 354/436/98 372/437/98 371/435/98
f 354/436/98 356/438/98 373/439/98 372/437/98
f 356/438/98 358/440/98 374/441/98 373/439/98
f 358/440/98 328/410/98 360/413/98 374/441/98
f 375/442/98 376/443/98 390/444/98 389/445/98 388/446/98 387/447/98 386/448/98 385/449/98 384/450/98 383/451/98 382/452/98 381/453/98 380/454/98 379/455/98 378/456/98 377/457/98
f 356/458/99 354/459/99 388/460/99 389/461/99
f 342/424/100 340/422/100 381/453/100 382/452/100
f 358/440/101 356/438/101 389/445/101 390/444/101
f 344/462/102 342/463/102 382/464/102 383/465/102
f 330/466/103 328/467/103 376/468/103 375/469/103
f 328/410/104 358/440/104 390/444/104 376/443/104
f 346/470/105 344/462/105 383/465/105 384/471/105
f 332/472/106 330/466/106 375/469/106 377/473/106
f 348/474/107 346/470/107 384/471/107 385/475/107
f 334/476/108 332/472/108 377/473/108 378/477/108
f 350/432/109 348/430/109 385/449/109 386/448/109
f 336/478/110 334/479/110 378/480/110 379/481/110
f 352/482/111 350/483/111 386/484/111 387/485/111
f 338/387/112 336/478/112 379/481/112 380/388/112
f 354/459/113 352/482/113 387/485/113 388/460/113
f 391/350/80 393/353/80 423/352/80 424/351/80
f 393/353/81 395/355/81 425/354/81 423/352/81
f 395/356/82 397/359/82 426/358/82 425/357/82
f 397/359/83 399/361/83 427/360/83 426/358/83
f 399/361/84 401/363/84 428/362/84 427/360/84
f 401/363/85 403/365/85 429/364/85 428/362/85
f 403/365/86 405/367/86 430/366/86 429/364/86
f 405/368/87 407/371/87 431/370/87 430/369/87
f 407/371/88 409/373/88 432/372/88 431/370/88
f 409/373/89 411/375/89 433/374/89 432/372/89
f 411/375/90 413/377/90 434/376/90 433/374/90
f 413/378/91 415/381/91 435/380/91 434/379/91
f 415/381/92 417/383/92 436/382/92 435/380/92
f 417/383/93 419/385/93 437/384/93 436/382/93
f 404/386/114 445/389/114 444/388/114 402/387/114
f 419/390/95 421/393/95 438/392/95 437/391/95
f 421/393/96 391/350/96 424/351/96 438/392/96
f 391/394/98 421/409/98 419/408/98 417/407/98 415/406/98 413/405/98 411/404/98 409/403/98 407/402/98 405/401/98 403/400/98 401/399/98 399/398/98 397/397/98 395/396/98 393/395/98
f 392/410/97 424/413/97 423/412/97 394/411/97
f 394/411/97 423/412/97 425/415/97 396/414/97
f 396/414/97 425/415/97 426/417/97 398/416/97
f 398/416/97 426/417/97 427/419/97 400/418/97
f 400/418/97 427/419/97 428/421/97 402/420/97
f 402/420/97 428/421/97 429/423/97 404/422/97
f 404/422/97 429/423/97 430/425/97 406/424/97
f 406/424/97 430/425/97 431/427/97 408/426/97
f 408/426/97 431/427/97 432/429/97 410/428/97
f 410/428/97 432/429/97 433/431/97 412/430/97
f 412/430/97 433/431/97 434/433/97 414/432/97
f 414/432/97 434/433/97 435/435/97 416/434/97
f 416/434/97 435/435/97 436/437/97 418/436/97
f 418/436/97 436/437/97 437/439/97 420/438/97
f 420/438/97 437/439/97 438/441/97 422/440/97
f 422/440/97 438/441/97 424/413/97 392/410/97
f 439/442/97 441/457/97 442/456/97 443/455/97 444/454/97 445/453/97 446/452/97 447/451/97 448/450/97 449/449/97 450/448/97 451/447/97 452/446/97 453/445/97 454/444/97 440/443/97
f 420/458/115 453/461/115 452/460/115 418/459/115
f 406/424/116 446/452/116 445/453/116 404/422/116
f 422/440/117 454/444/117 453/445/117 420/438/117
f 408/462/118 447/465/118 446/464/118 406/463/118
f 394/466/119 439/469/119 440/468/119 392/467/119
f 392/410/120 440/443/120 454/444/120 422/440/120
f 410/470/121 448/471/121 447/465/121 408/462/121
f 396/472/122 441/473/122 439/469/122 394/466/122
f 412/474/123 449/475/123 448/471/123 410/470/123
f 398/476/124 442/477/124 441/473/124 396/472/124
f 414/432/125 450/448/125 449/449/125 412/430/125
f 400/478/126 443/481/126 442/480/126 398/479/126
f 416/482/127 451/485/127 450/484/127 414/483/127
f 402/387/128 444/388/128 443/481/128 400/478/128
f 418/459/129 452/460/129 451/485/129 416/482/129
o Cylinder.013
v 1.308701 0.541724 -3.846251
v 3.103833 0.541724 -3.487288
v 1.308701 0.110295 -3.760435
v 3.103834 0.247665 -3.428795
v 1.308701 -0.255452 -3.516051
v 3.103834 -0.001626 -3.262225
v 1.308701 -0.499836 -3.150303
v 3.103834 -0.168197 -3.012934
v 1.308701 -0.585653 -2.718875
v 3.103834 -0.226688 -2.718875
v 1.308701 -0.499836 -2.287447
v 3.103834 -0.168197 -2.424817
v 1.308701 -0.255452 -1.921700
v 3.103834 -0.001626 -2.175526
v 1.308701 0.110295 -1.677315
v 3.103834 0.247665 -2.008955
v 1.308701 0.541723 -1.591499
v 3.103833 0.541724 -1.950463
v 1.308701 0.973152 -1.677315
v 3.103833 0.835782 -2.008955
v 1.308701 1.338899 -1.921700
v 3.103833 1.085073 -2.175526
v 1.308701 1.583283 -2.287447
v 3.103833 1.251644 -2.424817
v 1.308701 1.669100 -2.718875
v 3.103833 1.310136 -2.718875
v 1.308701 1.583283 -3.150304
v 3.103833 1.251644 -3.012934
v 1.308701 1.338899 -3.516051
v 3.103833 1.085073 -3.262225
v 1.308701 0.973151 -3.760435
v 3.103833 0.835782 -3.428796
v 3.103834 0.110295 -3.760435
v 3.103833 0.541724 -3.846251
v 3.103834 -0.255452 -3.516051
v 3.103834 -0.499836 -3.150303
v 3.103834 -0.585653 -2.718875
v 3.103834 -0.499836 -2.287447
v 3.103834 -0.255452 -1.921700
v 3.103834 0.110295 -1.677315
v 3.103833 0.541723 -1.591499
v 3.103833 0.973152 -1.677315
v 3.103833 1.338899 -1.921700
v 3.103833 1.583284 -2.287447
v 3.103833 1.669100 -2.718875
v 3.103833 1.583283 -3.150304
v 3.103833 1.338899 -3.516051
v 3.103833 0.973151 -3.760435
v 2.963917 0.314682 -3.267004
v 2.963917 0.541724 -3.312165
v 2.963917 0.122205 -3.138394
v 2.963917 -0.006404 -2.945917
v 2.963917 -0.051566 -2.718875
v 2.963917 -0.006404 -2.491833
v 2.963917 0.122205 -2.299356
v 2.963917 0.314682 -2.170747
v 2.963917 0.541724 -2.125586
v 2.963917 0.768766 -2.170747
v 2.963917 0.961243 -2.299356
v 2.963917 1.089852 -2.491833
v 2.963917 1.135013 -2.718875
v 2.963917 1.089852 -2.945917
v 2.963917 0.961242 -3.138394
v 2.963917 0.768765 -3.267004
v -1.308701 0.541724 -3.846251
v -3.103834 0.541724 -3.487287
v -1.308701 0.110295 -3.760435
v -3.103834 0.247665 -3.428795
v -1.308701 -0.255452 -3.516051
v -3.103834 -0.001626 -3.262225
v -1.308701 -0.499836 -3.150303
v -3.103834 -0.168196 -3.012934
v -1.308701 -0.585653 -2.718875
v -3.103834 -0.226688 -2.718875
v -1.308701 -0.499836 -2.287447
v -3.103834 -0.168196 -2.424816
v -1.308701 -0.255452 -1.921700
v -3.103834 -0.001626 -2.175526
v -1.308701 0.110295 -1.677315
v -3.103834 0.247665 -2.008955
v -1.308701 0.541723 -1.591499
v -3.103834 0.541724 -1.950463
v -1.308701 0.973152 -1.677315
v -3.103834 0.835782 -2.008955
v -1.308701 1.338899 -1.921699
v -3.103833 1.085073 -2.175525
v -1.308701 1.583284 -2.287446
v -3.103833 1.251644 -2.424816
v -1.308701 1.669100 -2.718875
v -3.103833 1.310136 -2.718875
v -1.308701 1.583283 -3.150303
v -3.103833 1.251644 -3.012934
v -1.308701 1.338899 -3.516051
v -3.103833 1.085073 -3.262225
v -1.308701 0.973151 -3.760435
v -3.103834 0.835782 -3.428795
v -3.103834 0.110295 -3.760435
v -3.103834 0.541724 -3.846251
v -3.103834 -0.255452 -3.516051
v -3.103834 -0.499836 -3.150303
v -3.103834 -0.585653 -2.718875
v -3.103834 -0.499836 -2.287447
v -3.103834 -0.255452 -1.921700
v -3.103834 0.110295 -1.677315
v -3.103834 0.541724 -1.591499
v -3.103834 0.973152 -1.677315
v -3.103833 1.338899 -1.921699
v -3.103833 1.583284 -2.287446
v -3.103833 1.669100 -2.718875
v -3.103833 1.583284 -3.150303
v -3.103833 1.338899 -3.516051
v -3.103834 0.973152 -3.760435
v -2.963918 0.314682 -3.267003
v -2.963918 0.541724 -3.312165
v -2.963918 0.122205 -3.138394
v -2.963918 -0.006404 -2.945917
v -2.963918 -0.051566 -2.718875
v -2.963918 -0.006404 -2.491833
v -2.963918 0.122205 -2.299356
v -2.963918 0.314682 -2.170747
v -2.963918 0.541724 -2.125586
v -2.963917 0.768766 -2.170747
v -2.963917 0.961243 -2.299356
v -2.963917 1.089852 -2.491833
v -2.963917 1.135013 -2.718875
v -2.963917 1.089852 -2.945917
v -2.963917 0.961243 -3.138394
v -2.963917 0.768766 -3.267003
vn -0.0000 -0.1951 -0.9808
vn -0.0000 -0.5556 -0.8315
vn -0.0000 -0.8315 -0.5556
vn -0.0000 -0.9808 -0.1951
vn -0.0000 -0.9808 0.1951
vn -0.0000 -0.8315 0.5556
vn -0.0000 -0.5556 0.8315
vn -0.0000 -0.1951 0.9808
vn -0.0000 0.1951 0.9808
vn -0.0000 0.5556 0.8315
vn -0.0000 0.8315 0.5556
vn -0.0000 0.9808 0.1951
vn -0.0000 0.9808 -0.1951
vn -0.0000 0.8315 -0.5556
vn 0.7753 0.6194 0.1232
vn -0.0000 0.5556 -0.8315
vn -0.0000 0.1951 -0.9808
vn -1.0000 -0.0000 -0.0000
vn 1.0000 -0.0000 -0.0000
vn 0.7753 -0.6194 -0.1232
vn 0.7753 0.6194 -0.1232
vn 0.7753 -0.6194 0.1232
vn 0.7753 0.5251 -0.3509
vn 0.7753 -0.5251 0.3509
vn 0.7753 0.3509 -0.5251
vn 0.7753 -0.3509 0.5251
vn 0.7753 0.1232 -0.6194
vn 0.7753 0.1232 0.6194
vn 0.7753 -0.1232 0.6194
vn 0.7753 -0.1232 -0.6194
vn 0.7753 0.3509 0.5251
vn 0.7753 -0.3509 -0.5251
vn 0.7753 0.5251 0.3509
vn 0.7753 -0.5251 -0.3509
vn -0.7753 0.6194 0.1232
vn -0.7753 -0.6194 -0.1232
vn -0.7753 0.6194 -0.1232
vn -0.7753 -0.6194 0.1232
vn -0.7753 0.5251 -0.3509
vn -0.7753 -0.5251 0.3509
vn -0.7753 0.3509 -0.5251
vn -0.7753 -0.3509 0.5251
vn -0.7753 0.1232 -0.6194
vn -0.7753 0.1232 0.6194
vn -0.7753 -0.1232 0.6194
vn -0.7753 -0.1232 -0.6194
vn -0.7753 0.3509 0.5251
vn -0.7753 -0.3509 -0.5251
vn -0.7753 0.5251 0.3509
vn -0.7753 -0.5251 -0.3509
vt 0.834921 0.288482
vt 0.834921 0.290803
vt 0.834353 0.290803
vt 0.834353 0.288482
vt 0.833827 0.290803
vt 0.833827 0.288482
vt 0.908041 0.288484
vt 0.908041 0.290806
vt 0.907639 0.290806
vt 0.907639 0.288484
vt 0.907113 0.290806
vt 0.907113 0.288484
vt 0.906545 0.290806
vt 0.906545 0.288484
vt 0.906019 0.290806
vt 0.906019 0.288484
vt 0.863225 0.291727
vt 0.860904 0.291727
vt 0.860904 0.291325
vt 0.863225 0.291325
vt 0.860904 0.290799
vt 0.863225 0.290799
vt 0.860904 0.290230
vt 0.863225 0.290230
vt 0.860904 0.289705
vt 0.863225 0.289705
vt 0.860904 0.289303
vt 0.863225 0.289303
vt 0.844239 0.288794
vt 0.844239 0.286473
vt 0.844764 0.286473
vt 0.844764 0.288794
vt 0.845333 0.286473
vt 0.845333 0.288794
vt 0.845859 0.286473
vt 0.845859 0.288794
vt 0.879478 0.721682
vt 0.879752 0.721408
vt 0.879878 0.721596
vt 0.879666 0.721808
vt 0.835849 0.288482
vt 0.835849 0.290803
vt 0.835447 0.290803
vt 0.835447 0.288482
vt 0.849747 0.322582
vt 0.849178 0.322582
vt 0.848652 0.322364
vt 0.848250 0.321962
vt 0.848032 0.321436
vt 0.848032 0.320868
vt 0.848250 0.320342
vt 0.848652 0.319940
vt 0.849178 0.319722
vt 0.849747 0.319722
vt 0.850272 0.319940
vt 0.850674 0.320342
vt 0.850892 0.320868
vt 0.850892 0.321436
vt 0.850674 0.321962
vt 0.850272 0.322364
vt 0.851669 0.355716
vt 0.851310 0.355568
vt 0.851401 0.355113
vt 0.851926 0.355330
vt 0.850923 0.355568
vt 0.850832 0.355113
vt 0.850564 0.355716
vt 0.850307 0.355330
vt 0.850290 0.355991
vt 0.849904 0.355733
vt 0.850142 0.356349
vt 0.849687 0.356258
vt 0.850142 0.356736
vt 0.849687 0.356827
vt 0.850290 0.357095
vt 0.849904 0.357353
vt 0.850564 0.357369
vt 0.850307 0.357755
vt 0.850923 0.357517
vt 0.850832 0.357973
vt 0.851310 0.357517
vt 0.851401 0.357973
vt 0.851669 0.357369
vt 0.851926 0.357755
vt 0.851943 0.357095
vt 0.852329 0.357353
vt 0.852091 0.356736
vt 0.852546 0.356827
vt 0.852091 0.356349
vt 0.852546 0.356258
vt 0.851943 0.355991
vt 0.852329 0.355733
vt 0.880453 0.721482
vt 0.880730 0.721596
vt 0.880942 0.721808
vt 0.881056 0.722084
vt 0.881056 0.722384
vt 0.880942 0.722660
vt 0.880730 0.722872
vt 0.880453 0.722986
vt 0.880154 0.722986
vt 0.879878 0.722872
vt 0.879666 0.722660
vt 0.879551 0.722384
vt 0.879551 0.722084
vt 0.880154 0.721482
vt 0.881130 0.722786
vt 0.880856 0.723060
vt 0.879329 0.722040
vt 0.881278 0.722428
vt 0.879329 0.722428
vt 0.881278 0.722040
vt 0.879478 0.722786
vt 0.881130 0.721682
vt 0.879752 0.723060
vt 0.880498 0.721259
vt 0.880856 0.721408
vt 0.880110 0.723209
vt 0.880110 0.721259
vt 0.880498 0.723209
s 0
usemtl Material.001
f 455/486/130 488/487/130 487/488/130 457/489/130
f 457/489/131 487/488/131 489/490/131 459/491/131
f 459/492/132 489/493/132 490/494/132 461/495/132
f 461/495/133 490/494/133 491/496/133 463/497/133
f 463/497/134 491/496/134 492/498/134 465/499/134
f 465/499/135 492/498/135 493/500/135 467/501/135
f 467/502/136 493/503/136 494/504/136 469/505/136
f 469/505/137 494/504/137 495/506/137 471/507/137
f 471/507/138 495/506/138 496/508/138 473/509/138
f 473/509/139 496/508/139 497/510/139 475/511/139
f 475/511/140 497/510/140 498/512/140 477/513/140
f 477/514/141 498/515/141 499/516/141 479/517/141
f 479/517/142 499/516/142 500/518/142 481/519/142
f 481/519/143 500/518/143 501/520/143 483/521/143
f 464/522/144 462/523/144 506/524/144 507/525/144
f 483/526/145 501/527/145 502/528/145 485/529/145
f 485/529/146 502/528/146 488/487/146 455/486/146
f 455/530/147 457/531/147 459/532/147 461/533/147 463/534/147 465/535/147 467/536/147 469/537/147 471/538/147 473/539/147 475/540/147 477/541/147 479/542/147 481/543/147 483/544/147 485/545/147
f 456/546/148 458/547/148 487/548/148 488/549/148
f 458/547/148 460/550/148 489/551/148 487/548/148
f 460/550/148 462/552/148 490/553/148 489/551/148
f 462/552/148 464/554/148 491/555/148 490/553/148
f 464/554/148 466/556/148 492/557/148 491/555/148
f 466/556/148 468/558/148 493/559/148 492/557/148
f 468/558/148 470/560/148 494/561/148 493/559/148
f 470/560/148 472/562/148 495/563/148 494/561/148
f 472/562/148 474/564/148 496/565/148 495/563/148
f 474/564/148 476/566/148 497/567/148 496/565/148
f 476/566/148 478/568/148 498/569/148 497/567/148
f 478/568/148 480/570/148 499/571/148 498/569/148
f 480/570/148 482/572/148 500/573/148 499/571/148
f 482/572/148 484/574/148 501/575/148 500/573/148
f 484/574/148 486/576/148 502/577/148 501/575/148
f 486/576/148 456/546/148 488/549/148 502/577/148
f 503/578/148 504/579/148 518/580/148 517/581/148 516/582/148 515/583/148 514/584/148 513/585/148 512/586/148 511/587/148 510/588/148 509/589/148 508/590/148 507/525/148 506/524/148 505/591/148
f 480/592/149 478/593/149 514/584/149 515/583/149
f 466/594/150 464/522/150 507/525/150 508/590/150
f 482/595/151 480/592/151 515/583/151 516/582/151
f 468/596/152 466/594/152 508/590/152 509/589/152
f 484/597/153 482/595/153 516/582/153 517/581/153
f 470/598/154 468/596/154 509/589/154 510/588/154
f 486/599/155 484/597/155 517/581/155 518/580/155
f 472/600/156 470/598/156 510/588/156 511/587/156
f 458/601/157 456/602/157 504/579/157 503/578/157
f 456/602/158 486/599/158 518/580/158 504/579/158
f 474/603/159 472/600/159 511/587/159 512/586/159
f 460/604/160 458/601/160 503/578/160 505/591/160
f 476/605/161 474/603/161 512/586/161 513/585/161
f 462/523/162 460/604/162 505/591/162 506/524/162
f 478/593/163 476/605/163 513/585/163 514/584/163
f 519/486/130 521/489/130 551/488/130 552/487/130
f 521/489/131 523/491/131 553/490/131 551/488/131
f 523/492/132 525/495/132 554/494/132 553/493/132
f 525/495/133 527/497/133 555/496/133 554/494/133
f 527/497/134 529/499/134 556/498/134 555/496/134
f 529/499/135 531/501/135 557/500/135 556/498/135
f 531/502/136 533/505/136 558/504/136 557/503/136
f 533/505/137 535/507/137 559/506/137 558/504/137
f 535/507/138 537/509/138 560/508/138 559/506/138
f 537/509/139 539/511/139 561/510/139 560/508/139
f 539/511/140 541/513/140 562/512/140 561/510/140
f 541/514/141 543/517/141 563/516/141 562/515/141
f 543/517/142 545/519/142 564/518/142 563/516/142
f 545/519/143 547/521/143 565/520/143 564/518/143
f 528/522/164 571/525/164 570/524/164 526/523/164
f 547/526/145 549/529/145 566/528/145 565/527/145
f 549/529/146 519/486/146 552/487/146 566/528/146
f 519/530/148 549/545/148 547/544/148 545/543/148 543/542/148 541/541/148 539/540/148 537/539/148 535/538/148 533/537/148 531/536/148 529/535/148 527/534/148 525/533/148 523/532/148 521/531/148
f 520/546/147 552/549/147 551/548/147 522/547/147
f 522/547/147 551/548/147 553/551/147 524/550/147
f 524/550/147 553/551/147 554/553/147 526/552/147
f 526/552/147 554/553/147 555/555/147 528/554/147
f 528/554/147 555/555/147 556/557/147 530/556/147
f 530/556/147 556/557/147 557/559/147 532/558/147
f 532/558/147 557/559/147 558/561/147 534/560/147
f 534/560/147 558/561/147 559/563/147 536/562/147
f 536/562/147 559/563/147 560/565/147 538/564/147
f 538/564/147 560/565/147 561/567/147 540/566/147
f 540/566/147 561/567/147 562/569/147 542/568/147
f 542/568/147 562/569/147 563/571/147 544/570/147
f 544/570/147 563/571/147 564/573/147 546/572/147
f 546/572/147 564/573/147 565/575/147 548/574/147
f 548/574/147 565/575/147 566/577/147 550/576/147
f 550/576/147 566/577/147 552/549/147 520/546/147
f 567/578/147 569/591/147 570/524/147 571/525/147 572/590/147 573/589/147 574/588/147 575/587/147 576/586/147 577/585/147 578/584/147 579/583/147 580/582/147 581/581/147 582/580/147 568/579/147
f 544/592/165 579/583/165 578/584/165 542/593/165
f 530/594/166 572/590/166 571/525/166 528/522/166
f 546/595/167 580/582/167 579/583/167 544/592/167
f 532/596/168 573/589/168 572/590/168 530/594/168
f 548/597/169 581/581/169 580/582/169 546/595/169
f 534/598/170 574/588/170 573/589/170 532/596/170
f 550/599/171 582/580/171 581/581/171 548/597/171
f 536/600/172 575/587/172 574/588/172 534/598/172
f 522/601/173 567/578/173 568/579/173 520/602/173
f 520/602/174 568/579/174 582/580/174 550/599/174
f 538/603/175 576/586/175 575/587/175 536/600/175
f 524/604/176 569/591/176 567/578/176 522/601/176
f 540/605/177 577/585/177 576/586/177 538/603/177
f 526/523/178 570/524/178 569/591/178 524/604/178
f 542/593/179 578/584/179 577/585/179 540/605/179
o Cylinder.014
v 1.325458 0.119890 -1.536951
v 3.087076 0.119890 -1.074315
v 1.325458 -0.436139 -1.426350
v 3.087076 -0.259095 -0.998930
v 1.325458 -0.907517 -1.111385
v 3.087076 -0.580384 -0.784252
v 1.325458 -1.222482 -0.640007
v 3.087076 -0.795061 -0.462964
v 1.325458 -1.333083 -0.083978
v 3.087076 -0.870446 -0.083978
v 1.325458 -1.222482 0.472050
v 3.087076 -0.795061 0.295007
v 1.325458 -0.907517 0.943428
v 3.087076 -0.580384 0.616295
v 1.325458 -0.436139 1.258393
v 3.087076 -0.259095 0.830973
v 1.325458 0.119890 1.368994
v 3.087076 0.119890 0.906358
v 1.325458 0.675918 1.258393
v 3.087076 0.498875 0.830973
v 1.325458 1.147296 0.943428
v 3.087076 0.820163 0.616295
v 1.325458 1.462261 0.472050
v 3.087076 1.034841 0.295007
v 1.325458 1.572862 -0.083979
v 3.087076 1.110226 -0.083978
v 1.325458 1.462261 -0.640007
v 3.087076 1.034841 -0.462964
v 1.325458 1.147296 -1.111386
v 3.087076 0.820163 -0.784252
v 1.325458 0.675918 -1.426350
v 3.087076 0.498875 -0.998930
v 3.087076 -0.436139 -1.426350
v 3.087076 0.119890 -1.536951
v 3.087076 -0.907517 -1.111385
v 3.087076 -1.222482 -0.640007
v 3.087076 -1.333083 -0.083978
v 3.087076 -1.222482 0.472050
v 3.087076 -0.907517 0.943428
v 3.087076 -0.436139 1.258393
v 3.087076 0.119890 1.368994
v 3.087076 0.675918 1.258393
v 3.087076 1.147296 0.943428
v 3.087076 1.462261 0.472050
v 3.087076 1.572862 -0.083979
v 3.087076 1.462261 -0.640007
v 3.087076 1.147296 -1.111386
v 3.087076 0.675918 -1.426350
v 2.949772 -0.172724 -0.790411
v 2.949772 0.119890 -0.848615
v 2.949772 -0.420790 -0.624658
v 2.949772 -0.586542 -0.376592
v 2.949772 -0.644747 -0.083978
v 2.949772 -0.586542 0.208635
v 2.949772 -0.420790 0.456701
v 2.949772 -0.172724 0.622454
v 2.949772 0.119890 0.680658
v 2.949772 0.412504 0.622454
v 2.949772 0.660570 0.456701
v 2.949772 0.826322 0.208635
v 2.949772 0.884527 -0.083978
v 2.949772 0.826322 -0.376592
v 2.949772 0.660569 -0.624658
v 2.949772 0.412503 -0.790411
v -1.325458 0.119890 -1.536950
v -3.087076 0.119890 -1.074314
v -1.325458 -0.436139 -1.426350
v -3.087076 -0.259095 -0.998929
v -1.325458 -0.907517 -1.111385
v -3.087077 -0.580384 -0.784252
v -1.325458 -1.222482 -0.640007
v -3.087077 -0.795061 -0.462963
v -1.325458 -1.333083 -0.083978
v -3.087077 -0.870446 -0.083978
v -1.325458 -1.222482 0.472050
v -3.087077 -0.795061 0.295007
v -1.325458 -0.907517 0.943429
v -3.087077 -0.580384 0.616295
v -1.325458 -0.436139 1.258393
v -3.087076 -0.259095 0.830973
v -1.325458 0.119890 1.368995
v -3.087076 0.119890 0.906358
v -1.325458 0.675918 1.258394
v -3.087076 0.498875 0.830973
v -1.325458 1.147296 0.943429
v -3.087076 0.820163 0.616296
v -1.325458 1.462261 0.472051
v -3.087076 1.034841 0.295007
v -1.325458 1.572862 -0.083978
v -3.087076 1.110226 -0.083978
v -1.325458 1.462261 -0.640007
v -3.087076 1.034841 -0.462963
v -1.325458 1.147296 -1.111385
v -3.087076 0.820163 -0.784252
v -1.325458 0.675918 -1.426350
v -3.087076 0.498875 -0.998930
v -3.087076 -0.436139 -1.426350
v -3.087076 0.119890 -1.536950
v -3.087077 -0.907517 -1.111385
v -3.087077 -1.222482 -0.640007
v -3.087077 -1.333083 -0.083978
v -3.087077 -1.222482 0.472050
v -3.087077 -0.907517 0.943429
v -3.087076 -0.436139 1.258393
v -3.087076 0.119890 1.368995
v -3.087076 0.675918 1.258394
v -3.087076 1.147296 0.943429
v -3.087076 1.462261 0.472051
v -3.087076 1.572862 -0.083978
v -3.087076 1.462261 -0.640007
v -3.087076 1.147296 -1.111385
v -3.087076 0.675918 -1.426350
v -2.949772 -0.172724 -0.790410
v -2.949772 0.119890 -0.848615
v -2.949772 -0.420790 -0.624658
v -2.949773 -0.586542 -0.376592
v -2.949773 -0.644747 -0.083978
v -2.949773 -0.586542 0.208636
v -2.949772 -0.420790 0.456702
v -2.949772 -0.172724 0.622454
v -2.949772 0.119890 0.680659
v -2.949772 0.412504 0.622454
v -2.949772 0.660570 0.456702
v -2.949772 0.826322 0.208636
v -2.949772 0.884527 -0.083978
v -2.949772 0.826322 -0.376592
v -2.949772 0.660569 -0.624658
v -2.949772 0.412503 -0.790410
vn -0.0000 -0.1951 -0.9808
vn -0.0000 -0.5556 -0.8315
vn -0.0000 -0.8315 -0.5556
vn -0.0000 -0.9808 -0.1951
vn -0.0000 -0.9808 0.1951
vn -0.0000 -0.8315 0.5556
vn -0.0000 -0.5556 0.8315
vn -0.0000 -0.1951 0.9808
vn -0.0000 0.1951 0.9808
vn -0.0000 0.5556 0.8315
vn -0.0000 0.8315 0.5556
vn -0.0000 0.9808 0.1951
vn -0.0000 0.9808 -0.1951
vn -0.0000 0.8315 -0.5556
vn 0.8498 0.5170 0.1028
vn -0.0000 0.5556 -0.8315
vn -0.0000 0.1951 -0.9808
vn -1.0000 -0.0000 -0.0000
vn 1.0000 -0.0000 -0.0000
vn 0.8498 -0.5170 -0.1028
vn 0.8498 0.5170 -0.1028
vn 0.8498 -0.5170 0.1028
vn 0.8498 0.4383 -0.2928
vn 0.8498 -0.4383 0.2928
vn 0.8498 0.2928 -0.4383
vn 0.8498 -0.2928 0.4383
vn 0.8498 0.1028 -0.5170
vn 0.8498 0.1028 0.5170
vn 0.8498 -0.1028 0.5170
vn 0.8498 -0.1028 -0.5170
vn 0.8498 0.2928 0.4383
vn 0.8498 -0.2928 -0.4383
vn 0.8498 0.4383 0.2928
vn 0.8498 -0.4383 -0.2928
vn -0.8498 0.5170 0.1028
vn -0.8498 -0.5170 -0.1028
vn -0.8498 0.5170 -0.1028
vn -0.8498 -0.5170 0.1028
vn -0.8498 0.4383 -0.2928
vn -0.8498 -0.4383 0.2928
vn -0.8498 0.2928 -0.4383
vn -0.8498 -0.2928 0.4383
vn -0.8498 0.1028 -0.5170
vn -0.8498 0.1028 0.5170
vn -0.8498 -0.1028 0.5170
vn -0.8498 -0.1028 -0.5170
vn -0.8498 0.2928 0.4383
vn -0.8498 -0.2928 -0.4383
vn -0.8498 0.4383 0.2928
vn -0.8498 -0.4383 -0.2928
vt 0.833427 0.293557
vt 0.831149 0.293557
vt 0.831149 0.293039
vt 0.833427 0.293039
vt 0.831149 0.292361
vt 0.833427 0.292361
vt 0.831149 0.291628
vt 0.833427 0.291628
vt 0.831149 0.290951
vt 0.833427 0.290951
vt 0.829019 0.371657
vt 0.829019 0.373935
vt 0.828341 0.373935
vt 0.828341 0.371657
vt 0.827608 0.373935
vt 0.827608 0.371657
vt 0.826931 0.373935
vt 0.826931 0.371657
vt 0.833563 0.290951
vt 0.835841 0.290951
vt 0.835841 0.291628
vt 0.833563 0.291628
vt 0.835841 0.292361
vt 0.833563 0.292361
vt 0.835841 0.293039
vt 0.833563 0.293039
vt 0.835841 0.293557
vt 0.833563 0.293557
vt 0.854378 0.334839
vt 0.856656 0.334839
vt 0.856656 0.335357
vt 0.854378 0.335357
vt 0.856656 0.336035
vt 0.854378 0.336035
vt 0.856656 0.336768
vt 0.854378 0.336768
vt 0.876132 0.674020
vt 0.876594 0.674211
vt 0.876432 0.674454
vt 0.876075 0.674306
vt 0.856656 0.337445
vt 0.854378 0.337445
vt 0.856656 0.337964
vt 0.854378 0.337964
vt 0.876376 0.308181
vt 0.876895 0.307663
vt 0.877572 0.307382
vt 0.878305 0.307382
vt 0.878982 0.307663
vt 0.879501 0.308181
vt 0.879781 0.308858
vt 0.879781 0.309592
vt 0.879501 0.310269
vt 0.878982 0.310787
vt 0.878305 0.311068
vt 0.877572 0.311068
vt 0.876895 0.310787
vt 0.876376 0.310269
vt 0.876096 0.309592
vt 0.876096 0.308858
vt 0.847951 0.309835
vt 0.847951 0.309335
vt 0.848538 0.309218
vt 0.848538 0.309951
vt 0.847760 0.308873
vt 0.848258 0.308541
vt 0.847407 0.308520
vt 0.847739 0.308023
vt 0.846945 0.308329
vt 0.847062 0.307742
vt 0.846445 0.308329
vt 0.846329 0.307742
vt 0.845984 0.308520
vt 0.845651 0.308023
vt 0.845630 0.308873
vt 0.845133 0.308541
vt 0.845439 0.309335
vt 0.844852 0.309218
vt 0.845439 0.309835
vt 0.844852 0.309951
vt 0.845630 0.310296
vt 0.845133 0.310629
vt 0.845984 0.310650
vt 0.845651 0.311147
vt 0.846445 0.310841
vt 0.846329 0.311428
vt 0.846945 0.310841
vt 0.847062 0.311428
vt 0.847407 0.310650
vt 0.847739 0.311147
vt 0.847760 0.310296
vt 0.848258 0.310629
vt 0.876852 0.675083
vt 0.876852 0.675469
vt 0.876705 0.675825
vt 0.876432 0.676098
vt 0.876075 0.676246
vt 0.875690 0.676246
vt 0.875333 0.676098
vt 0.875060 0.675825
vt 0.874913 0.675469
vt 0.874913 0.675083
vt 0.875060 0.674727
vt 0.875333 0.674454
vt 0.875690 0.674306
vt 0.876705 0.674727
vt 0.875633 0.676532
vt 0.875171 0.676341
vt 0.875633 0.674020
vt 0.876132 0.676532
vt 0.875171 0.674211
vt 0.876594 0.676341
vt 0.874818 0.674565
vt 0.876947 0.675988
vt 0.874627 0.675026
vt 0.877139 0.675026
vt 0.877139 0.675526
vt 0.874627 0.675526
vt 0.876947 0.674565
vt 0.874818 0.675988
s 0
usemtl Material.001
f 583/606/180 616/607/180 615/608/180 585/609/180
f 585/609/181 615/608/181 617/610/181 587/611/181
f 587/611/182 617/610/182 618/612/182 589/613/182
f 589/613/183 618/612/183 619/614/183 591/615/183
f 591/616/184 619/617/184 620/618/184 593/619/184
f 593/619/185 620/618/185 621/620/185 595/621/185
f 595/621/186 621/620/186 622/622/186 597/623/186
f 597/624/187 622/625/187 623/626/187 599/627/187
f 599/627/188 623/626/188 624/628/188 601/629/188
f 601/629/189 624/628/189 625/630/189 603/631/189
f 603/631/190 625/630/190 626/632/190 605/633/190
f 605/634/191 626/635/191 627/636/191 607/637/191
f 607/637/192 627/636/192 628/638/192 609/639/192
f 609/639/193 628/638/193 629/640/193 611/641/193
f 592/642/194 590/643/194 634/644/194 635/645/194
f 611/641/195 629/640/195 630/646/195 613/647/195
f 613/647/196 630/646/196 616/648/196 583/649/196
f 583/650/197 585/651/197 587/652/197 589/653/197 591/654/197 593/655/197 595/656/197 597/657/197 599/658/197 601/659/197 603/660/197 605/661/197 607/662/197 609/663/197 611/664/197 613/665/197
f 584/666/198 586/667/198 615/668/198 616/669/198
f 586/667/198 588/670/198 617/671/198 615/668/198
f 588/670/198 590/672/198 618/673/198 617/671/198
f 590/672/198 592/674/198 619/675/198 618/673/198
f 592/674/198 594/676/198 620/677/198 619/675/198
f 594/676/198 596/678/198 621/679/198 620/677/198
f 596/678/198 598/680/198 622/681/198 621/679/198
f 598/680/198 600/682/198 623/683/198 622/681/198
f 600/682/198 602/684/198 624/685/198 623/683/198
f 602/684/198 604/686/198 625/687/198 624/685/198
f 604/686/198 606/688/198 626/689/198 625/687/198
f 606/688/198 608/690/198 627/691/198 626/689/198
f 608/690/198 610/692/198 628/693/198 627/691/198
f 610/692/198 612/694/198 629/695/198 628/693/198
f 612/694/198 614/696/198 630/697/198 629/695/198
f 614/696/198 584/666/198 616/669/198 630/697/198
f 631/698/198 632/699/198 646/700/198 645/701/198 644/702/198 643/703/198 642/704/198 641/705/198 640/706/198 639/707/198 638/708/198 637/709/198 636/710/198 635/645/198 634/644/198 633/711/198
f 608/712/199 606/713/199 642/704/199 643/703/199
f 594/714/200 592/642/200 635/645/200 636/710/200
f 610/715/201 608/712/201 643/703/201 644/702/201
f 596/716/202 594/714/202 636/710/202 637/709/202
f 612/717/203 610/715/203 644/702/203 645/701/203
f 598/718/204 596/716/204 637/709/204 638/708/204
f 614/719/205 612/717/205 645/701/205 646/700/205
f 600/720/206 598/718/206 638/708/206 639/707/206
f 586/721/207 584/722/207 632/699/207 631/698/207
f 584/722/208 614/719/208 646/700/208 632/699/208
f 602/723/209 600/720/209 639/707/209 640/706/209
f 588/724/210 586/721/210 631/698/210 633/711/210
f 604/725/211 602/723/211 640/706/211 641/705/211
f 590/643/212 588/724/212 633/711/212 634/644/212
f 606/713/213 604/725/213 641/705/213 642/704/213
f 647/606/180 649/609/180 679/608/180 680/607/180
f 649/609/181 651/611/181 681/610/181 679/608/181
f 651/611/182 653/613/182 682/612/182 681/610/182
f 653/613/183 655/615/183 683/614/183 682/612/183
f 655/616/184 657/619/184 684/618/184 683/617/184
f 657/619/185 659/621/185 685/620/185 684/618/185
f 659/621/186 661/623/186 686/622/186 685/620/186
f 661/624/187 663/627/187 687/626/187 686/625/187
f 663/627/188 665/629/188 688/628/188 687/626/188
f 665/629/189 667/631/189 689/630/189 688/628/189
f 667/631/190 669/633/190 690/632/190 689/630/190
f 669/634/191 671/637/191 691/636/191 690/635/191
f 671/637/192 673/639/192 692/638/192 691/636/192
f 673/639/193 675/641/193 693/640/193 692/638/193
f 656/642/214 699/645/214 698/644/214 654/643/214
f 675/641/195 677/647/195 694/646/195 693/640/195
f 677/647/196 647/649/196 680/648/196 694/646/196
f 647/650/198 677/665/198 675/664/198 673/663/198 671/662/198 669/661/198 667/660/198 665/659/198 663/658/198 661/657/198 659/656/198 657/655/198 655/654/198 653/653/198 651/652/198 649/651/198
f 648/666/197 680/669/197 679/668/197 650/667/197
f 650/667/197 679/668/197 681/671/197 652/670/197
f 652/670/197 681/671/197 682/673/197 654/672/197
f 654/672/197 682/673/197 683/675/197 656/674/197
f 656/674/197 683/675/197 684/677/197 658/676/197
f 658/676/197 684/677/197 685/679/197 660/678/197
f 660/678/197 685/679/197 686/681/197 662/680/197
f 662/680/197 686/681/197 687/683/197 664/682/197
f 664/682/197 687/683/197 688/685/197 666/684/197
f 666/684/197 688/685/197 689/687/197 668/686/197
f 668/686/197 689/687/197 690/689/197 670/688/197
f 670/688/197 690/689/197 691/691/197 672/690/197
f 672/690/197 691/691/197 692/693/197 674/692/197
f 674/692/197 692/693/197 693/695/197 676/694/197
f 676/694/197 693/695/197 694/697/197 678/696/197
f 678/696/197 694/697/197 680/669/197 648/666/197
f 695/698/197 697/711/197 698/644/197 699/645/197 700/710/197 701/709/197 702/708/197 703/707/197 704/706/197 705/705/197 706/704/197 707/703/197 708/702/197 709/701/197 710/700/197 696/699/197
f 672/712/215 707/703/215 706/704/215 670/713/215
f 658/714/216 700/710/216 699/645/216 656/642/216
f 674/715/217 708/702/217 707/703/217 672/712/217
f 660/716/218 701/709/218 700/710/218 658/714/218
f 676/717/219 709/701/219 708/702/219 674/715/219
f 662/718/220 702/708/220 701/709/220 660/716/220
f 678/719/221 710/700/221 709/701/221 676/717/221
f 664/720/222 703/707/222 702/708/222 662/718/222
f 650/721/223 695/698/223 696/699/223 648/722/223
f 648/722/224 696/699/224 710/700/224 678/719/224
f 666/723/225 704/706/225 703/707/225 664/720/225
f 652/724/226 697/711/226 695/698/226 650/721/226
f 668/725/227 705/705/227 704/706/227 666/723/227
f 654/643/228 698/644/228 697/711/228 652/724/228
f 670/713/229 706/704/229 705/705/229 668/725/229
o Cylinder.015
v 1.347310 1.190725 0.857478
v 3.090120 1.190725 1.053018
v 1.347310 1.017268 0.891981
v 3.090120 1.092097 1.072636
v 1.347310 0.870218 0.990237
v 3.090120 1.008485 1.128504
v 1.347310 0.771962 1.137287
v 3.090120 0.952617 1.212116
v 1.347310 0.737459 1.310744
v 3.090120 0.932999 1.310744
v 1.347310 0.771962 1.484202
v 3.090120 0.952617 1.409372
v 1.347310 0.870218 1.631252
v 3.090120 1.008485 1.492984
v 1.347310 1.017268 1.729507
v 3.090120 1.092097 1.548852
v 1.347310 1.190725 1.764010
v 3.090120 1.190725 1.568471
v 1.347310 1.364182 1.729507
v 3.090120 1.289353 1.548853
v 1.347310 1.511232 1.631252
v 3.090120 1.372965 1.492984
v 1.347310 1.609488 1.484202
v 3.090120 1.428834 1.409372
v 1.347310 1.643991 1.310744
v 3.090120 1.448452 1.310744
v 1.347310 1.609488 1.137287
v 3.090120 1.428833 1.212116
v 1.347310 1.511232 0.990237
v 3.090120 1.372965 1.128504
v 1.347310 1.364182 0.891981
v 3.090120 1.289353 1.072636
v 3.090120 1.017268 0.891981
v 3.090120 1.190725 0.857478
v 3.090120 0.870218 0.990237
v 3.090120 0.771962 1.137287
v 3.090120 0.737459 1.310744
v 3.090120 0.771962 1.484202
v 3.090120 0.870218 1.631252
v 3.090120 1.017268 1.729507
v 3.090120 1.190725 1.764010
v 3.090120 1.364182 1.729507
v 3.090120 1.511232 1.631252
v 3.090120 1.609488 1.484202
v 3.090120 1.643991 1.310744
v 3.090120 1.609488 1.137287
v 3.090120 1.511232 0.990237
v 3.090120 1.364182 0.891981
v 3.000120 1.125273 1.152729
v 3.000120 1.190725 1.139710
v 3.000120 1.069786 1.189805
v 3.000120 1.032710 1.245292
v 3.000120 1.019691 1.310744
v 3.000120 1.032710 1.376196
v 3.000120 1.069786 1.431683
v 3.000120 1.125273 1.468759
v 3.000120 1.190725 1.481778
v 3.000120 1.256177 1.468759
v 3.000120 1.311664 1.431683
v 3.000120 1.348740 1.376196
v 3.000120 1.361759 1.310744
v 3.000120 1.348740 1.245292
v 3.000120 1.311664 1.189805
v 3.000120 1.256177 1.152729
v -1.347310 1.190725 0.857478
v -3.090120 1.190725 1.053018
v -1.347310 1.017268 0.891981
v -3.090120 1.092098 1.072636
v -1.347310 0.870218 0.990237
v -3.090120 1.008485 1.128504
v -1.347310 0.771962 1.137287
v -3.090120 0.952617 1.212116
v -1.347310 0.737459 1.310744
v -3.090120 0.932999 1.310744
v -1.347310 0.771962 1.484202
v -3.090120 0.952617 1.409372
v -1.347310 0.870218 1.631252
v -3.090120 1.008485 1.492984
v -1.347310 1.017268 1.729507
v -3.090120 1.092098 1.548852
v -1.347310 1.190725 1.764010
v -3.090120 1.190725 1.568471
v -1.347310 1.364182 1.729507
v -3.090120 1.289353 1.548853
v -1.347310 1.511233 1.631252
v -3.090120 1.372965 1.492984
v -1.347310 1.609488 1.484202
v -3.090120 1.428834 1.409372
v -1.347310 1.643991 1.310744
v -3.090120 1.448452 1.310744
v -1.347310 1.609488 1.137287
v -3.090120 1.428834 1.212116
v -1.347310 1.511232 0.990237
v -3.090120 1.372965 1.128504
v -1.347310 1.364182 0.891981
v -3.090120 1.289353 1.072636
v -3.090120 1.017268 0.891981
v -3.090120 1.190725 0.857478
v -3.090120 0.870218 0.990237
v -3.090120 0.771962 1.137287
v -3.090120 0.737459 1.310744
v -3.090120 0.771962 1.484202
v -3.090120 0.870218 1.631252
v -3.090120 1.017268 1.729507
v -3.090120 1.190725 1.764010
v -3.090120 1.364182 1.729507
v -3.090120 1.511233 1.631252
v -3.090120 1.609488 1.484202
v -3.090120 1.643991 1.310744
v -3.090120 1.609488 1.137287
v -3.090120 1.511232 0.990237
v -3.090120 1.364182 0.891981
v -3.000120 1.125273 1.152729
v -3.000120 1.190725 1.139710
v -3.000120 1.069786 1.189805
v -3.000120 1.032711 1.245292
v -3.000120 1.019691 1.310744
v -3.000120 1.032711 1.376196
v -3.000120 1.069786 1.431683
v -3.000120 1.125273 1.468759
v -3.000120 1.190725 1.481778
v -3.000120 1.256177 1.468759
v -3.000120 1.311664 1.431683
v -3.000120 1.348740 1.376196
v -3.000120 1.361759 1.310744
v -3.000120 1.348740 1.245292
v -3.000120 1.311664 1.189805
v -3.000120 1.256177 1.152729
vn -0.0000 -0.1951 -0.9808
vn -0.0000 -0.5556 -0.8315
vn -0.0000 -0.8315 -0.5556
vn -0.0000 -0.9808 -0.1951
vn -0.0000 -0.9808 0.1951
vn -0.0000 -0.8315 0.5556
vn -0.0000 -0.5556 0.8315
vn -0.0000 -0.1951 0.9808
vn -0.0000 0.1951 0.9808
vn -0.0000 0.5556 0.8315
vn -0.0000 0.8315 0.5556
vn -0.0000 0.9808 0.1951
vn -0.0000 0.9808 -0.1951
vn -0.0000 0.8315 -0.5556
vn 0.6867 0.6044 -0.4038
vn -0.0000 0.5556 -0.8315
vn -0.0000 0.1951 -0.9808
vn -1.0000 -0.0000 -0.0000
vn 1.0000 -0.0000 -0.0000
vn 0.6867 -0.6044 0.4038
vn 0.6867 0.4038 -0.6044
vn 0.6867 -0.4038 0.6044
vn 0.6867 0.1418 -0.7129
vn 0.6867 0.1418 0.7129
vn 0.6867 -0.1418 0.7129
vn 0.6867 -0.1418 -0.7129
vn 0.6867 0.4038 0.6044
vn 0.6867 -0.4038 -0.6044
vn 0.6867 0.6044 0.4038
vn 0.6867 -0.6044 -0.4038
vn 0.6867 0.7129 0.1418
vn 0.6867 -0.7129 -0.1418
vn 0.6867 0.7129 -0.1418
vn 0.6867 -0.7129 0.1418
vn -0.6867 0.6044 -0.4038
vn -0.6867 -0.6044 0.4038
vn -0.6867 0.4038 -0.6044
vn -0.6867 -0.4038 0.6044
vn -0.6867 0.1418 -0.7129
vn -0.6867 0.1418 0.7129
vn -0.6867 -0.1418 0.7129
vn -0.6867 -0.1418 -0.7129
vn -0.6867 0.4038 0.6044
vn -0.6867 -0.4038 -0.6044
vn -0.6867 0.6044 0.4038
vn -0.6867 -0.6044 -0.4038
vn -0.6867 0.7129 0.1418
vn -0.6867 -0.7129 -0.1418
vn -0.6867 0.7129 -0.1418
vn -0.6867 -0.7129 0.1418
vt 0.689943 0.290205
vt 0.689943 0.287951
vt 0.690154 0.287951
vt 0.690154 0.290205
vt 0.690316 0.287951
vt 0.690316 0.290205
vt 0.670980 0.335523
vt 0.670980 0.333269
vt 0.671191 0.333269
vt 0.671191 0.335523
vt 0.671420 0.333269
vt 0.671420 0.335523
vt 0.671631 0.333269
vt 0.671631 0.335523
vt 0.671793 0.333269
vt 0.671793 0.335523
vt 0.671043 0.364296
vt 0.671043 0.362042
vt 0.671205 0.362042
vt 0.671205 0.364296
vt 0.671416 0.362042
vt 0.671416 0.364296
vt 0.671645 0.362042
vt 0.671645 0.364296
vt 0.671856 0.362042
vt 0.671856 0.364296
vt 0.670989 0.288626
vt 0.670989 0.290879
vt 0.670777 0.290879
vt 0.670777 0.288626
vt 0.670549 0.290879
vt 0.670549 0.288626
vt 0.670337 0.290879
vt 0.670337 0.288626
vt 0.689341 0.290205
vt 0.689341 0.287951
vt 0.689503 0.287951
vt 0.689503 0.290205
vt 0.717502 0.348474
vt 0.717452 0.348594
vt 0.717359 0.348532
vt 0.717392 0.348452
vt 0.689714 0.287951
vt 0.689714 0.290205
vt 0.700825 0.368732
vt 0.700738 0.368520
vt 0.700738 0.368292
vt 0.700825 0.368080
vt 0.700987 0.367919
vt 0.701198 0.367831
vt 0.701427 0.367831
vt 0.701638 0.367919
vt 0.701800 0.368080
vt 0.701887 0.368292
vt 0.701887 0.368520
vt 0.701800 0.368732
vt 0.701638 0.368893
vt 0.701427 0.368981
vt 0.701198 0.368981
vt 0.700987 0.368893
vt 0.716898 0.348594
vt 0.716990 0.348686
vt 0.716849 0.348897
vt 0.716688 0.348735
vt 0.717110 0.348736
vt 0.717061 0.348984
vt 0.717240 0.348736
vt 0.717289 0.348984
vt 0.717360 0.348686
vt 0.717501 0.348897
vt 0.717662 0.348735
vt 0.717750 0.348524
vt 0.717502 0.348344
vt 0.717750 0.348295
vt 0.717452 0.348224
vt 0.717662 0.348084
vt 0.717360 0.348132
vt 0.717501 0.347922
vt 0.717240 0.348082
vt 0.717289 0.347834
vt 0.717110 0.348082
vt 0.717061 0.347834
vt 0.716990 0.348132
vt 0.716849 0.347922
vt 0.716898 0.348224
vt 0.716688 0.348084
vt 0.716848 0.348344
vt 0.716600 0.348295
vt 0.716848 0.348474
vt 0.716600 0.348524
vt 0.717052 0.348593
vt 0.716991 0.348532
vt 0.716958 0.348452
vt 0.716958 0.348366
vt 0.716991 0.348286
vt 0.717052 0.348225
vt 0.717132 0.348192
vt 0.717218 0.348192
vt 0.717298 0.348225
vt 0.717359 0.348286
vt 0.717392 0.348366
vt 0.717298 0.348593
vt 0.717218 0.348626
vt 0.717132 0.348626
vt 0.756166 0.362332
vt 0.756166 0.362202
vt 0.756283 0.362224
vt 0.756283 0.362310
vt 0.755913 0.362202
vt 0.755913 0.362332
vt 0.755796 0.362310
vt 0.755796 0.362224
vt 0.740696 0.354431
vt 0.740696 0.354301
vt 0.740812 0.354323
vt 0.740812 0.354409
vt 0.755682 0.350403
vt 0.755682 0.350273
vt 0.755798 0.350295
vt 0.755798 0.350381
s 0
usemtl Material.001
f 711/726/230 744/727/230 743/728/230 713/729/230
f 713/729/231 743/728/231 745/730/231 715/731/231
f 715/732/232 745/733/232 746/734/232 717/735/232
f 717/735/233 746/734/233 747/736/233 719/737/233
f 719/737/234 747/736/234 748/738/234 721/739/234
f 721/739/235 748/738/235 749/740/235 723/741/235
f 723/742/236 749/743/236 750/744/236 725/745/236
f 725/745/237 750/744/237 751/746/237 727/747/237
f 727/747/238 751/746/238 752/748/238 729/749/238
f 729/749/239 752/748/239 753/750/239 731/751/239
f 731/752/240 753/753/240 754/754/240 733/755/240
f 733/755/241 754/754/241 755/756/241 735/757/241
f 735/757/242 755/756/242 756/758/242 737/759/242
f 737/760/243 756/761/243 757/762/243 739/763/243
f 724/764/244 722/765/244 764/766/244 765/767/244
f 739/763/245 757/762/245 758/768/245 741/769/245
f 741/769/246 758/768/246 744/727/246 711/726/246
f 711/770/247 713/771/247 715/772/247 717/773/247 719/774/247 721/775/247 723/776/247 725/777/247 727/778/247 729/779/247 731/780/247 733/781/247 735/782/247 737/783/247 739/784/247 741/785/247
f 712/786/248 714/787/248 743/788/248 744/789/248
f 714/787/248 716/790/248 745/791/248 743/788/248
f 716/790/248 718/792/248 746/793/248 745/791/248
f 718/792/248 720/794/248 747/795/248 746/793/248
f 720/794/248 722/765/248 748/796/248 747/795/248
f 722/765/248 724/764/248 749/797/248 748/796/248
f 724/764/248 726/798/248 750/799/248 749/797/248
f 726/798/248 728/800/248 751/801/248 750/799/248
f 728/800/248 730/802/248 752/803/248 751/801/248
f 730/802/248 732/804/248 753/805/248 752/803/248
f 732/804/248 734/806/248 754/807/248 753/805/248
f 734/806/248 736/808/248 755/809/248 754/807/248
f 736/808/248 738/810/248 756/811/248 755/809/248
f 738/810/248 740/812/248 757/813/248 756/811/248
f 740/812/248 742/814/248 758/815/248 757/813/248
f 742/814/248 712/786/248 744/789/248 758/815/248
f 759/816/248 760/817/248 774/818/248 773/819/248 772/820/248 771/821/248 770/822/248 769/823/248 768/824/248 767/825/248 766/826/248 765/767/248 764/766/248 763/827/248 762/828/248 761/829/248
f 740/812/249 738/810/249 772/820/249 773/819/249
f 726/798/250 724/764/250 765/767/250 766/826/250
f 742/814/251 740/812/251 773/819/251 774/818/251
f 728/830/252 726/831/252 766/832/252 767/833/252
f 714/834/253 712/835/253 760/836/253 759/837/253
f 712/786/254 742/814/254 774/818/254 760/817/254
f 730/802/255 728/800/255 767/825/255 768/824/255
f 716/790/256 714/787/256 759/816/256 761/829/256
f 732/804/257 730/802/257 768/824/257 769/823/257
f 718/792/258 716/790/258 761/829/258 762/828/258
f 734/806/259 732/804/259 769/823/259 770/822/259
f 720/838/260 718/839/260 762/840/260 763/841/260
f 736/842/261 734/843/261 770/844/261 771/845/261
f 722/765/262 720/794/262 763/827/262 764/766/262
f 738/810/263 736/808/263 771/821/263 772/820/263
f 775/726/230 777/729/230 807/728/230 808/727/230
f 777/729/231 779/731/231 809/730/231 807/728/231
f 779/732/232 781/735/232 810/734/232 809/733/232
f 781/735/233 783/737/233 811/736/233 810/734/233
f 783/737/234 785/739/234 812/738/234 811/736/234
f 785/739/235 787/741/235 813/740/235 812/738/235
f 787/742/236 789/745/236 814/744/236 813/743/236
f 789/745/237 791/747/237 815/746/237 814/744/237
f 791/747/238 793/749/238 816/748/238 815/746/238
f 793/749/239 795/751/239 817/750/239 816/748/239
f 795/752/240 797/755/240 818/754/240 817/753/240
f 797/755/241 799/757/241 819/756/241 818/754/241
f 799/757/242 801/759/242 820/758/242 819/756/242
f 801/760/243 803/763/243 821/762/243 820/761/243
f 788/764/264 829/767/264 828/766/264 786/765/264
f 803/763/245 805/769/245 822/768/245 821/762/245
f 805/769/246 775/726/246 808/727/246 822/768/246
f 775/770/248 805/785/248 803/784/248 801/783/248 799/782/248 797/781/248 795/780/248 793/779/248 791/778/248 789/777/248 787/776/248 785/775/248 783/774/248 781/773/248 779/772/248 777/771/248
f 776/786/247 808/789/247 807/788/247 778/787/247
f 778/787/247 807/788/247 809/791/247 780/790/247
f 780/790/247 809/791/247 810/793/247 782/792/247
f 782/792/247 810/793/247 811/795/247 784/794/247
f 784/794/247 811/795/247 812/796/247 786/765/247
f 786/765/247 812/796/247 813/797/247 788/764/247
f 788/764/247 813/797/247 814/799/247 790/798/247
f 790/798/247 814/799/247 815/801/247 792/800/247
f 792/800/247 815/801/247 816/803/247 794/802/247
f 794/802/247 816/803/247 817/805/247 796/804/247
f 796/804/247 817/805/247 818/807/247 798/806/247
f 798/806/247 818/807/247 819/809/247 800/808/247
f 800/808/247 819/809/247 820/811/247 802/810/247
f 802/810/247 820/811/247 821/813/247 804/812/247
f 804/812/247 821/813/247 822/815/247 806/814/247
f 806/814/247 822/815/247 808/789/247 776/786/247
f 823/816/247 825/829/247 826/828/247 827/827/247 828/766/247 829/767/247 830/826/247 831/825/247 832/824/247 833/823/247 834/822/247 835/821/247 836/820/247 837/819/247 838/818/247 824/817/247
f 804/812/265 837/819/265 836/820/265 802/810/265
f 790/798/266 830/826/266 829/767/266 788/764/266
f 806/814/267 838/818/267 837/819/267 804/812/267
f 792/830/268 831/833/268 830/832/268 790/831/268
f 778/834/269 823/837/269 824/836/269 776/835/269
f 776/786/270 824/817/270 838/818/270 806/814/270
f 794/802/271 832/824/271 831/825/271 792/800/271
f 780/790/272 825/829/272 823/816/272 778/787/272
f 796/804/273 833/823/273 832/824/273 794/802/273
f 782/792/274 826/828/274 825/829/274 780/790/274
f 798/806/275 834/822/275 833/823/275 796/804/275
f 784/838/276 827/841/276 826/840/276 782/839/276
f 800/842/277 835/845/277 834/844/277 798/843/277
f 786/765/278 828/766/278 827/827/278 784/794/278
f 802/810/279 836/820/279 835/821/279 800/808/279
o Cylinder.016
v 1.313606 -0.643551 -2.152616
v 3.101255 -0.643551 -1.957076
v 1.313606 -0.817008 -2.118113
v 3.101255 -0.742178 -1.937458
v 1.313606 -0.964058 -2.019857
v 3.101254 -0.825791 -1.881590
v 1.313606 -1.062314 -1.872807
v 3.101254 -0.881659 -1.797977
v 1.313606 -1.096817 -1.699349
v 3.101254 -0.901277 -1.699349
v 1.313606 -1.062314 -1.525892
v 3.101254 -0.881659 -1.600722
v 1.313606 -0.964058 -1.378842
v 3.101254 -0.825791 -1.517109
v 1.313606 -0.817008 -1.280586
v 3.101255 -0.742178 -1.461241
v 1.313606 -0.643551 -1.246084
v 3.101255 -0.643551 -1.441623
v 1.313606 -0.470093 -1.280586
v 3.101255 -0.544923 -1.461241
v 1.313606 -0.323043 -1.378842
v 3.101254 -0.461310 -1.517109
v 1.313606 -0.224787 -1.525892
v 3.101254 -0.405442 -1.600722
v 1.313606 -0.190285 -1.699350
v 3.101254 -0.385824 -1.699350
v 1.313606 -0.224788 -1.872807
v 3.101254 -0.405442 -1.797977
v 1.313606 -0.323043 -2.019857
v 3.101254 -0.461310 -1.881590
v 1.313606 -0.470093 -2.118113
v 3.101255 -0.544923 -1.937458
v 3.101255 -0.817008 -2.118113
v 3.101255 -0.643551 -2.152616
v 3.101255 -0.964058 -2.019857
v 3.101255 -1.062314 -1.872807
v 3.101255 -1.096817 -1.699349
v 3.101255 -1.062314 -1.525892
v 3.101255 -0.964058 -1.378842
v 3.101255 -0.817008 -1.280586
v 3.101255 -0.643551 -1.246084
v 3.101255 -0.470093 -1.280586
v 3.101254 -0.323043 -1.378842
v 3.101254 -0.224787 -1.525892
v 3.101254 -0.190285 -1.699350
v 3.101254 -0.224787 -1.872807
v 3.101254 -0.323043 -2.019857
v 3.101255 -0.470093 -2.118113
v 3.008939 -0.709002 -1.857364
v 3.008939 -0.643551 -1.870384
v 3.008939 -0.764490 -1.820289
v 3.008939 -0.801565 -1.764801
v 3.008939 -0.814584 -1.699350
v 3.008939 -0.801565 -1.633898
v 3.008939 -0.764490 -1.578410
v 3.008939 -0.709002 -1.541335
v 3.008939 -0.643551 -1.528316
v 3.008939 -0.578099 -1.541335
v 3.008939 -0.522611 -1.578410
v 3.008939 -0.485536 -1.633898
v 3.008939 -0.472517 -1.699350
v 3.008939 -0.485536 -1.764801
v 3.008939 -0.522611 -1.820289
v 3.008939 -0.578099 -1.857364
v -1.313606 -0.643551 -2.152615
v -3.101254 -0.643551 -1.957076
v -1.313606 -0.817008 -2.118112
v -3.101254 -0.742178 -1.937458
v -1.313606 -0.964058 -2.019857
v -3.101254 -0.825791 -1.881590
v -1.313606 -1.062314 -1.872807
v -3.101254 -0.881659 -1.797977
v -1.313606 -1.096817 -1.699349
v -3.101254 -0.901277 -1.699349
v -1.313606 -1.062314 -1.525892
v -3.101254 -0.881659 -1.600722
v -1.313606 -0.964058 -1.378842
v -3.101254 -0.825791 -1.517109
v -1.313606 -0.817008 -1.280586
v -3.101254 -0.742178 -1.461241
v -1.313606 -0.643551 -1.246083
v -3.101254 -0.643551 -1.441623
v -1.313606 -0.470093 -1.280586
v -3.101254 -0.544923 -1.461241
v -1.313606 -0.323043 -1.378842
v -3.101254 -0.461310 -1.517109
v -1.313606 -0.224788 -1.525892
v -3.101254 -0.405442 -1.600721
v -1.313606 -0.190285 -1.699349
v -3.101254 -0.385824 -1.699349
v -1.313606 -0.224788 -1.872807
v -3.101254 -0.405442 -1.797977
v -1.313606 -0.323043 -2.019857
v -3.101254 -0.461310 -1.881590
v -1.313606 -0.470093 -2.118113
v -3.101254 -0.544923 -1.937458
v -3.101254 -0.817008 -2.118112
v -3.101254 -0.643551 -2.152615
v -3.101254 -0.964058 -2.019857
v -3.101254 -1.062314 -1.872807
v -3.101254 -1.096817 -1.699349
v -3.101254 -1.062314 -1.525892
v -3.101254 -0.964058 -1.378842
v -3.101254 -0.817008 -1.280586
v -3.101254 -0.643551 -1.246083
v -3.101254 -0.470093 -1.280586
v -3.101254 -0.323043 -1.378842
v -3.101254 -0.224787 -1.525892
v -3.101254 -0.190285 -1.699349
v -3.101254 -0.224788 -1.872807
v -3.101254 -0.323043 -2.019857
v -3.101254 -0.470093 -2.118113
v -3.008939 -0.709002 -1.857364
v -3.008939 -0.643551 -1.870383
v -3.008939 -0.764490 -1.820289
v -3.008939 -0.801565 -1.764801
v -3.008939 -0.814585 -1.699349
v -3.008939 -0.801565 -1.633897
v -3.008939 -0.764490 -1.578410
v -3.008939 -0.709002 -1.541335
v -3.008939 -0.643551 -1.528315
v -3.008939 -0.578099 -1.541335
v -3.008939 -0.522611 -1.578410
v -3.008939 -0.485536 -1.633897
v -3.008939 -0.472517 -1.699349
v -3.008939 -0.485536 -1.764801
v -3.008939 -0.522611 -1.820289
v -3.008939 -0.578099 -1.857364
vn -0.0000 -0.1951 -0.9808
vn -0.0000 -0.5556 -0.8315
vn -0.0000 -0.8315 -0.5556
vn -0.0000 -0.9808 -0.1951
vn -0.0000 -0.9808 0.1951
vn -0.0000 -0.8315 0.5556
vn -0.0000 -0.5556 0.8315
vn -0.0000 -0.1951 0.9808
vn -0.0000 0.1951 0.9808
vn -0.0000 0.5556 0.8315
vn -0.0000 0.8315 0.5556
vn -0.0000 0.9808 0.1951
vn -0.0000 0.9808 -0.1951
vn -0.0000 0.8315 -0.5556
vn 0.6775 0.6116 -0.4086
vn -0.0000 0.5556 -0.8315
vn -0.0000 0.1951 -0.9808
vn -1.0000 -0.0000 -0.0000
vn 1.0000 -0.0000 -0.0000
vn 0.6775 -0.6116 0.4086
vn 0.6775 0.4086 -0.6116
vn 0.6775 -0.4086 0.6116
vn 0.6775 0.1435 -0.7214
vn 0.6775 0.1435 0.7214
vn 0.6775 -0.1435 0.7214
vn 0.6775 -0.1435 -0.7214
vn 0.6775 0.4086 0.6116
vn 0.6775 -0.4086 -0.6116
vn 0.6775 0.6116 0.4086
vn 0.6775 -0.6116 -0.4086
vn 0.6775 0.7214 0.1435
vn 0.6775 -0.7214 -0.1435
vn 0.6775 0.7214 -0.1435
vn 0.6775 -0.7214 0.1435
vn -0.6775 0.6116 -0.4086
vn -0.6775 -0.6116 0.4086
vn -0.6775 0.4086 -0.6116
vn -0.6775 -0.4086 0.6116
vn -0.6775 0.1435 -0.7214
vn -0.6775 0.1435 0.7214
vn -0.6775 -0.1435 0.7214
vn -0.6775 -0.1435 -0.7214
vn -0.6775 0.4086 0.6116
vn -0.6775 -0.4087 -0.6116
vn -0.6775 0.6116 0.4086
vn -0.6775 -0.6116 -0.4086
vn -0.6775 0.7214 0.1435
vn -0.6775 -0.7214 -0.1435
vn -0.6775 0.7214 -0.1435
vn -0.6775 -0.7214 0.1435
vt 0.671763 0.354301
vt 0.671763 0.351989
vt 0.671991 0.351989
vt 0.671991 0.354301
vt 0.672203 0.351989
vt 0.672203 0.354301
vt 0.727938 0.288725
vt 0.727938 0.291037
vt 0.727777 0.291037
vt 0.727777 0.288725
vt 0.727565 0.291037
vt 0.727565 0.288725
vt 0.727337 0.291037
vt 0.727337 0.288725
vt 0.727125 0.291037
vt 0.727125 0.288725
vt 0.726964 0.291037
vt 0.726964 0.288725
vt 0.671394 0.357856
vt 0.671394 0.355544
vt 0.671555 0.355544
vt 0.671555 0.357856
vt 0.671767 0.355544
vt 0.671767 0.357856
vt 0.671995 0.355544
vt 0.671995 0.357856
vt 0.672207 0.355544
vt 0.672207 0.357856
vt 0.670999 0.361982
vt 0.670999 0.364294
vt 0.670788 0.364294
vt 0.670788 0.361982
vt 0.670559 0.364294
vt 0.670559 0.361982
vt 0.670348 0.364294
vt 0.670348 0.361982
vt 0.706870 0.355354
vt 0.706870 0.355234
vt 0.706989 0.355212
vt 0.706989 0.355292
vt 0.671390 0.354301
vt 0.671390 0.351989
vt 0.671551 0.351989
vt 0.671551 0.354301
vt 0.715312 0.348295
vt 0.715312 0.348524
vt 0.715225 0.348735
vt 0.715063 0.348897
vt 0.714852 0.348984
vt 0.714623 0.348984
vt 0.714412 0.348897
vt 0.714250 0.348735
vt 0.714163 0.348524
vt 0.714163 0.348295
vt 0.714250 0.348084
vt 0.714412 0.347922
vt 0.714623 0.347834
vt 0.714852 0.347834
vt 0.715063 0.347922
vt 0.715225 0.348084
vt 0.699817 0.368591
vt 0.699909 0.368683
vt 0.699768 0.368893
vt 0.699606 0.368732
vt 0.700029 0.368733
vt 0.699979 0.368981
vt 0.700159 0.368733
vt 0.700208 0.368981
vt 0.700279 0.368683
vt 0.700419 0.368893
vt 0.700371 0.368591
vt 0.700581 0.368732
vt 0.700421 0.368471
vt 0.700669 0.368520
vt 0.700421 0.368341
vt 0.700669 0.368292
vt 0.700371 0.368221
vt 0.700581 0.368080
vt 0.700279 0.368129
vt 0.700419 0.367919
vt 0.700159 0.368079
vt 0.700208 0.367831
vt 0.700029 0.368079
vt 0.699979 0.367831
vt 0.699909 0.368129
vt 0.699768 0.367919
vt 0.699817 0.368221
vt 0.699606 0.368080
vt 0.699767 0.368341
vt 0.699519 0.368292
vt 0.699767 0.368471
vt 0.699519 0.368520
vt 0.699971 0.368590
vt 0.699910 0.368529
vt 0.699877 0.368449
vt 0.699877 0.368363
vt 0.699910 0.368283
vt 0.699971 0.368222
vt 0.700051 0.368189
vt 0.700137 0.368189
vt 0.700217 0.368222
vt 0.700278 0.368283
vt 0.700311 0.368363
vt 0.700311 0.368449
vt 0.700278 0.368529
vt 0.700217 0.368590
vt 0.700137 0.368623
vt 0.700051 0.368623
vt 0.706989 0.354198
vt 0.706989 0.354319
vt 0.706870 0.354340
vt 0.706870 0.354261
vt 0.706989 0.356019
vt 0.706989 0.356139
vt 0.706870 0.356077
vt 0.706870 0.355997
vt 0.717156 0.356282
vt 0.717156 0.356162
vt 0.717275 0.356224
vt 0.717275 0.356304
vt 0.706989 0.355889
vt 0.706870 0.355911
vt 0.717156 0.356412
vt 0.717275 0.356390
vt 0.706989 0.355769
vt 0.706870 0.355831
vt 0.717156 0.356532
vt 0.717275 0.356470
vt 0.706870 0.355104
vt 0.706870 0.354984
vt 0.706989 0.355046
vt 0.706989 0.355126
vt 0.706989 0.354449
vt 0.706989 0.354569
vt 0.706870 0.354506
vt 0.706870 0.354427
s 0
usemtl Material.001
f 839/846/280 872/847/280 871/848/280 841/849/280
f 841/849/281 871/848/281 873/850/281 843/851/281
f 843/852/282 873/853/282 874/854/282 845/855/282
f 845/855/283 874/854/283 875/856/283 847/857/283
f 847/857/284 875/856/284 876/858/284 849/859/284
f 849/859/285 876/858/285 877/860/285 851/861/285
f 851/861/286 877/860/286 878/862/286 853/863/286
f 853/864/287 878/865/287 879/866/287 855/867/287
f 855/867/288 879/866/288 880/868/288 857/869/288
f 857/869/289 880/868/289 881/870/289 859/871/289
f 859/871/290 881/870/290 882/872/290 861/873/290
f 861/874/291 882/875/291 883/876/291 863/877/291
f 863/877/292 883/876/292 884/878/292 865/879/292
f 865/879/293 884/878/293 885/880/293 867/881/293
f 852/882/294 850/883/294 892/884/294 893/885/294
f 867/886/295 885/887/295 886/888/295 869/889/295
f 869/889/296 886/888/296 872/847/296 839/846/296
f 839/890/297 841/891/297 843/892/297 845/893/297 847/894/297 849/895/297 851/896/297 853/897/297 855/898/297 857/899/297 859/900/297 861/901/297 863/902/297 865/903/297 867/904/297 869/905/297
f 840/906/298 842/907/298 871/908/298 872/909/298
f 842/907/298 844/910/298 873/911/298 871/908/298
f 844/910/298 846/912/298 874/913/298 873/911/298
f 846/912/298 848/914/298 875/915/298 874/913/298
f 848/914/298 850/916/298 876/917/298 875/915/298
f 850/916/298 852/918/298 877/919/298 876/917/298
f 852/918/298 854/920/298 878/921/298 877/919/298
f 854/920/298 856/922/298 879/923/298 878/921/298
f 856/922/298 858/924/298 880/925/298 879/923/298
f 858/924/298 860/926/298 881/927/298 880/925/298
f 860/926/298 862/928/298 882/929/298 881/927/298
f 862/928/298 864/930/298 883/931/298 882/929/298
f 864/930/298 866/932/298 884/933/298 883/931/298
f 866/932/298 868/934/298 885/935/298 884/933/298
f 868/934/298 870/936/298 886/937/298 885/935/298
f 870/936/298 840/906/298 872/909/298 886/937/298
f 887/938/298 888/939/298 902/940/298 901/941/298 900/942/298 899/943/298 898/944/298 897/945/298 896/946/298 895/947/298 894/948/298 893/949/298 892/950/298 891/951/298 890/952/298 889/953/298
f 868/954/299 866/955/299 900/956/299 901/957/299
f 854/920/300 852/918/300 893/949/300 894/948/300
f 870/936/301 868/934/301 901/941/301 902/940/301
f 856/958/302 854/959/302 894/960/302 895/961/302
f 842/962/303 840/963/303 888/964/303 887/965/303
f 840/906/304 870/936/304 902/940/304 888/939/304
f 858/966/305 856/958/305 895/961/305 896/967/305
f 844/968/306 842/962/306 887/965/306 889/969/306
f 860/970/307 858/966/307 896/967/307 897/971/307
f 846/972/308 844/968/308 889/969/308 890/973/308
f 862/928/309 860/926/309 897/945/309 898/944/309
f 848/974/310 846/975/310 890/976/310 891/977/310
f 864/978/311 862/979/311 898/980/311 899/981/311
f 850/883/312 848/974/312 891/977/312 892/884/312
f 866/955/313 864/978/313 899/981/313 900/956/313
f 903/846/280 905/849/280 935/848/280 936/847/280
f 905/849/281 907/851/281 937/850/281 935/848/281
f 907/852/282 909/855/282 938/854/282 937/853/282
f 909/855/283 911/857/283 939/856/283 938/854/283
f 911/857/284 913/859/284 940/858/284 939/856/284
f 913/859/285 915/861/285 941/860/285 940/858/285
f 915/861/286 917/863/286 942/862/286 941/860/286
f 917/864/287 919/867/287 943/866/287 942/865/287
f 919/867/288 921/869/288 944/868/288 943/866/288
f 921/869/289 923/871/289 945/870/289 944/868/289
f 923/871/290 925/873/290 946/872/290 945/870/290
f 925/874/291 927/877/291 947/876/291 946/875/291
f 927/877/292 929/879/292 948/878/292 947/876/292
f 929/879/293 931/881/293 949/880/293 948/878/293
f 916/882/314 957/885/314 956/884/314 914/883/314
f 931/886/295 933/889/295 950/888/295 949/887/295
f 933/889/296 903/846/296 936/847/296 950/888/296
f 903/890/298 933/905/298 931/904/298 929/903/298 927/902/298 925/901/298 923/900/298 921/899/298 919/898/298 917/897/298 915/896/298 913/895/298 911/894/298 909/893/298 907/892/298 905/891/298
f 904/906/297 936/909/297 935/908/297 906/907/297
f 906/907/297 935/908/297 937/911/297 908/910/297
f 908/910/297 937/911/297 938/913/297 910/912/297
f 910/912/297 938/913/297 939/915/297 912/914/297
f 912/914/297 939/915/297 940/917/297 914/916/297
f 914/916/297 940/917/297 941/919/297 916/918/297
f 916/918/297 941/919/297 942/921/297 918/920/297
f 918/920/297 942/921/297 943/923/297 920/922/297
f 920/922/297 943/923/297 944/925/297 922/924/297
f 922/924/297 944/925/297 945/927/297 924/926/297
f 924/926/297 945/927/297 946/929/297 926/928/297
f 926/928/297 946/929/297 947/931/297 928/930/297
f 928/930/297 947/931/297 948/933/297 930/932/297
f 930/932/297 948/933/297 949/935/297 932/934/297
f 932/934/297 949/935/297 950/937/297 934/936/297
f 934/936/297 950/937/297 936/909/297 904/906/297
f 951/938/297 953/953/297 954/952/297 955/951/297 956/950/297 957/949/297 958/948/297 959/947/297 960/946/297 961/945/297 962/944/297 963/943/297 964/942/297 965/941/297 966/940/297 952/939/297
f 932/954/315 965/957/315 964/956/315 930/955/315
f 918/920/316 958/948/316 957/949/316 916/918/316
f 934/936/317 966/940/317 965/941/317 932/934/317
f 920/958/318 959/961/318 958/960/318 918/959/318
f 906/962/319 951/965/319 952/964/319 904/963/319
f 904/906/320 952/939/320 966/940/320 934/936/320
f 922/966/321 960/967/321 959/961/321 920/958/321
f 908/968/322 953/969/322 951/965/322 906/962/322
f 924/970/323 961/971/323 960/967/323 922/966/323
f 910/972/324 954/973/324 953/969/324 908/968/324
f 926/928/325 962/944/325 961/945/325 924/926/325
f 912/974/326 955/977/326 954/976/326 910/975/326
f 928/978/327 963/981/327 962/980/327 926/979/327
f 914/883/328 956/884/328 955/977/328 912/974/328
f 930/955/329 964/956/329 963/981/329 928/978/329
o Cylinder.017
v 1.347310 1.261274 -1.917452
v 3.090120 1.261274 -1.721912
v 1.347310 1.087817 -1.882949
v 3.090120 1.162646 -1.702294
v 1.347310 0.940767 -1.784693
v 3.090120 1.079034 -1.646426
v 1.347310 0.842511 -1.637643
v 3.090120 1.023166 -1.562814
v 1.347310 0.808008 -1.464186
v 3.090120 1.003548 -1.464186
v 1.347310 0.842511 -1.290728
v 3.090120 1.023166 -1.365558
v 1.347310 0.940767 -1.143678
v 3.090120 1.079034 -1.281946
v 1.347310 1.087817 -1.045423
v 3.090120 1.162646 -1.226078
v 1.347310 1.261274 -1.010920
v 3.090120 1.261274 -1.206459
v 1.347310 1.434731 -1.045423
v 3.090120 1.359902 -1.226077
v 1.347310 1.581782 -1.143678
v 3.090120 1.443514 -1.281946
v 1.347310 1.680037 -1.290728
v 3.090120 1.499383 -1.365558
v 1.347310 1.714540 -1.464186
v 3.090120 1.519001 -1.464186
v 1.347310 1.680037 -1.637643
v 3.090120 1.499382 -1.562814
v 1.347310 1.581781 -1.784693
v 3.090120 1.443514 -1.646426
v 1.347310 1.434731 -1.882949
v 3.090120 1.359902 -1.702294
v 3.090120 1.087817 -1.882949
v 3.090120 1.261274 -1.917452
v 3.090120 0.940767 -1.784693
v 3.090120 0.842511 -1.637643
v 3.090120 0.808008 -1.464186
v 3.090120 0.842511 -1.290728
v 3.090120 0.940767 -1.143678
v 3.090120 1.087817 -1.045423
v 3.090120 1.261274 -1.010920
v 3.090120 1.434731 -1.045423
v 3.090120 1.581782 -1.143678
v 3.090120 1.680037 -1.290728
v 3.090120 1.714540 -1.464186
v 3.090120 1.680037 -1.637643
v 3.090120 1.581782 -1.784693
v 3.090120 1.434731 -1.882949
v 3.000120 1.195822 -1.622201
v 3.000120 1.261274 -1.635220
v 3.000120 1.140335 -1.585125
v 3.000120 1.103259 -1.529638
v 3.000120 1.090240 -1.464186
v 3.000120 1.103259 -1.398734
v 3.000120 1.140335 -1.343247
v 3.000120 1.195822 -1.306171
v 3.000120 1.261274 -1.293152
v 3.000120 1.326726 -1.306171
v 3.000120 1.382213 -1.343247
v 3.000120 1.419289 -1.398734
v 3.000120 1.432308 -1.464186
v 3.000120 1.419289 -1.529638
v 3.000120 1.382213 -1.585125
v 3.000120 1.326726 -1.622201
v -1.347310 1.261274 -1.917452
v -3.090120 1.261274 -1.721912
v -1.347310 1.087817 -1.882949
v -3.090120 1.162646 -1.702294
v -1.347310 0.940767 -1.784693
v -3.090120 1.079034 -1.646426
v -1.347310 0.842511 -1.637643
v -3.090120 1.023166 -1.562814
v -1.347310 0.808008 -1.464186
v -3.090120 1.003548 -1.464186
v -1.347310 0.842511 -1.290728
v -3.090120 1.023166 -1.365558
v -1.347310 0.940767 -1.143678
v -3.090120 1.079034 -1.281946
v -1.347310 1.087817 -1.045423
v -3.090120 1.162646 -1.226078
v -1.347310 1.261274 -1.010920
v -3.090120 1.261274 -1.206459
v -1.347310 1.434731 -1.045423
v -3.090120 1.359902 -1.226077
v -1.347310 1.581781 -1.143678
v -3.090120 1.443514 -1.281946
v -1.347310 1.680037 -1.290728
v -3.090120 1.499382 -1.365558
v -1.347310 1.714540 -1.464186
v -3.090120 1.519001 -1.464186
v -1.347310 1.680037 -1.637643
v -3.090120 1.499382 -1.562814
v -1.347310 1.581781 -1.784693
v -3.090120 1.443514 -1.646426
v -1.347310 1.434731 -1.882949
v -3.090120 1.359902 -1.702294
v -3.090120 1.087817 -1.882949
v -3.090120 1.261274 -1.917452
v -3.090120 0.940767 -1.784693
v -3.090120 0.842511 -1.637643
v -3.090120 0.808008 -1.464186
v -3.090120 0.842511 -1.290728
v -3.090120 0.940767 -1.143678
v -3.090120 1.087817 -1.045423
v -3.090120 1.261274 -1.010920
v -3.090120 1.434731 -1.045423
v -3.090120 1.581782 -1.143678
v -3.090120 1.680037 -1.290728
v -3.090120 1.714540 -1.464186
v -3.090120 1.680037 -1.637643
v -3.090120 1.581781 -1.784693
v -3.090120 1.434731 -1.882949
v -3.000120 1.195822 -1.622201
v -3.000120 1.261274 -1.635220
v -3.000120 1.140335 -1.585125
v -3.000120 1.103259 -1.529638
v -3.000120 1.090240 -1.464186
v -3.000120 1.103259 -1.398734
v -3.000120 1.140335 -1.343247
v -3.000120 1.195822 -1.306171
v -3.000120 1.261274 -1.293152
v -3.000120 1.326726 -1.306171
v -3.000120 1.382213 -1.343247
v -3.000120 1.419289 -1.398734
v -3.000120 1.432308 -1.464186
v -3.000120 1.419289 -1.529638
v -3.000120 1.382213 -1.585125
v -3.000120 1.326726 -1.622201
vn -0.0000 -0.1951 -0.9808
vn -0.0000 -0.5556 -0.8315
vn -0.0000 -0.8315 -0.5556
vn -0.0000 -0.9808 -0.1951
vn -0.0000 -0.9808 0.1951
vn -0.0000 -0.8315 0.5556
vn -0.0000 -0.5556 0.8315
vn -0.0000 -0.1951 0.9808
vn -0.0000 0.1951 0.9808
vn -0.0000 0.5556 0.8315
vn -0.0000 0.8315 0.5556
vn -0.0000 0.9808 0.1951
vn -0.0000 0.9808 -0.1951
vn -0.0000 0.8315 -0.5556
vn 0.6867 0.6044 -0.4038
vn -0.0000 0.5556 -0.8315
vn -0.0000 0.1951 -0.9808
vn -1.0000 -0.0000 -0.0000
vn 1.0000 -0.0000 -0.0000
vn 0.6867 -0.6044 0.4038
vn 0.6867 0.4038 -0.6044
vn 0.6867 -0.4038 0.6044
vn 0.6867 0.1418 -0.7129
vn 0.6867 0.1418 0.7129
vn 0.6867 -0.1418 0.7129
vn 0.6867 -0.1418 -0.7129
vn 0.6867 0.4038 0.6044
vn 0.6867 -0.4038 -0.6044
vn 0.6867 0.6044 0.4038
vn 0.6867 -0.6044 -0.4038
vn 0.6867 0.7129 0.1418
vn 0.6867 -0.7129 -0.1418
vn 0.6867 0.7129 -0.1418
vn 0.6867 -0.7129 0.1418
vn -0.6867 0.6044 -0.4038
vn -0.6867 -0.6044 0.4038
vn -0.6867 0.4038 -0.6044
vn -0.6867 -0.4038 0.6044
vn -0.6867 0.1418 -0.7129
vn -0.6867 0.1418 0.7129
vn -0.6867 -0.1418 0.7129
vn -0.6867 -0.1418 -0.7129
vn -0.6867 0.4038 0.6044
vn -0.6867 -0.4038 -0.6044
vn -0.6867 0.6044 0.4038
vn -0.6867 -0.6044 -0.4038
vn -0.6867 0.7129 0.1418
vn -0.6867 -0.7129 -0.1418
vn -0.6867 0.7129 -0.1418
vn -0.6867 -0.7129 0.1418
vt 0.716017 0.290217
vt 0.716017 0.287963
vt 0.716229 0.287963
vt 0.716229 0.290217
vt 0.716390 0.287963
vt 0.716390 0.290217
vt 0.671033 0.294057
vt 0.671033 0.291804
vt 0.671244 0.291804
vt 0.671244 0.294057
vt 0.671472 0.291804
vt 0.671472 0.294057
vt 0.671684 0.291804
vt 0.671684 0.294057
vt 0.671845 0.291804
vt 0.671845 0.294057
vt 0.700389 0.289460
vt 0.700389 0.287206
vt 0.700550 0.287206
vt 0.700550 0.289460
vt 0.700762 0.287206
vt 0.700762 0.289460
vt 0.700990 0.287206
vt 0.700990 0.289460
vt 0.701202 0.287206
vt 0.701202 0.289460
vt 0.735529 0.286319
vt 0.735529 0.288572
vt 0.735317 0.288572
vt 0.735317 0.286319
vt 0.735089 0.288572
vt 0.735089 0.286319
vt 0.734877 0.288572
vt 0.734877 0.286319
vt 0.715416 0.290217
vt 0.715416 0.287963
vt 0.715577 0.287963
vt 0.715577 0.290217
vt 0.716283 0.348474
vt 0.716233 0.348594
vt 0.716140 0.348532
vt 0.716173 0.348452
vt 0.715789 0.287963
vt 0.715789 0.290217
vt 0.713032 0.348735
vt 0.712944 0.348524
vt 0.712944 0.348295
vt 0.713032 0.348084
vt 0.713193 0.347922
vt 0.713404 0.347834
vt 0.713633 0.347834
vt 0.713845 0.347922
vt 0.714006 0.348084
vt 0.714094 0.348295
vt 0.714094 0.348524
vt 0.714006 0.348735
vt 0.713845 0.348897
vt 0.713633 0.348984
vt 0.713404 0.348984
vt 0.713193 0.348897
vt 0.715679 0.348594
vt 0.715771 0.348686
vt 0.715631 0.348897
vt 0.715469 0.348735
vt 0.715891 0.348736
vt 0.715842 0.348984
vt 0.716021 0.348736
vt 0.716071 0.348984
vt 0.716141 0.348686
vt 0.716282 0.348897
vt 0.716444 0.348735
vt 0.716531 0.348524
vt 0.716283 0.348344
vt 0.716531 0.348295
vt 0.716233 0.348224
vt 0.716444 0.348084
vt 0.716141 0.348132
vt 0.716282 0.347922
vt 0.716021 0.348082
vt 0.716071 0.347834
vt 0.715891 0.348082
vt 0.715842 0.347834
vt 0.715771 0.348132
vt 0.715631 0.347922
vt 0.715679 0.348224
vt 0.715469 0.348084
vt 0.715629 0.348344
vt 0.715381 0.348295
vt 0.715629 0.348474
vt 0.715381 0.348524
vt 0.715833 0.348593
vt 0.715772 0.348532
vt 0.715739 0.348452
vt 0.715739 0.348366
vt 0.715772 0.348286
vt 0.715833 0.348225
vt 0.715913 0.348192
vt 0.715999 0.348192
vt 0.716079 0.348225
vt 0.716140 0.348286
vt 0.716173 0.348366
vt 0.716079 0.348593
vt 0.715999 0.348626
vt 0.715913 0.348626
vt 0.756043 0.362332
vt 0.756043 0.362202
vt 0.756159 0.362224
vt 0.756159 0.362310
vt 0.756036 0.362202
vt 0.756036 0.362332
vt 0.755920 0.362310
vt 0.755920 0.362224
vt 0.741354 0.354230
vt 0.741354 0.354100
vt 0.741471 0.354122
vt 0.741471 0.354208
vt 0.741231 0.354230
vt 0.741231 0.354100
vt 0.741348 0.354122
vt 0.741348 0.354208
s 0
usemtl Material.001
f 967/982/330 1000/983/330 999/984/330 969/985/330
f 969/985/331 999/984/331 1001/986/331 971/987/331
f 971/988/332 1001/989/332 1002/990/332 973/991/332
f 973/991/333 1002/990/333 1003/992/333 975/993/333
f 975/993/334 1003/992/334 1004/994/334 977/995/334
f 977/995/335 1004/994/335 1005/996/335 979/997/335
f 979/998/336 1005/999/336 1006/1000/336 981/1001/336
f 981/1001/337 1006/1000/337 1007/1002/337 983/1003/337
f 983/1003/338 1007/1002/338 1008/1004/338 985/1005/338
f 985/1005/339 1008/1004/339 1009/1006/339 987/1007/339
f 987/1008/340 1009/1009/340 1010/1010/340 989/1011/340
f 989/1011/341 1010/1010/341 1011/1012/341 991/1013/341
f 991/1013/342 1011/1012/342 1012/1014/342 993/1015/342
f 993/1016/343 1012/1017/343 1013/1018/343 995/1019/343
f 980/1020/344 978/1021/344 1020/1022/344 1021/1023/344
f 995/1019/345 1013/1018/345 1014/1024/345 997/1025/345
f 997/1025/346 1014/1024/346 1000/983/346 967/982/346
f 967/1026/347 969/1027/347 971/1028/347 973/1029/347 975/1030/347 977/1031/347 979/1032/347 981/1033/347 983/1034/347 985/1035/347 987/1036/347 989/1037/347 991/1038/347 993/1039/347 995/1040/347 997/1041/347
f 968/1042/348 970/1043/348 999/1044/348 1000/1045/348
f 970/1043/348 972/1046/348 1001/1047/348 999/1044/348
f 972/1046/348 974/1048/348 1002/1049/348 1001/1047/348
f 974/1048/348 976/1050/348 1003/1051/348 1002/1049/348
f 976/1050/348 978/1021/348 1004/1052/348 1003/1051/348
f 978/1021/348 980/1020/348 1005/1053/348 1004/1052/348
f 980/1020/348 982/1054/348 1006/1055/348 1005/1053/348
f 982/1054/348 984/1056/348 1007/1057/348 1006/1055/348
f 984/1056/348 986/1058/348 1008/1059/348 1007/1057/348
f 986/1058/348 988/1060/348 1009/1061/348 1008/1059/348
f 988/1060/348 990/1062/348 1010/1063/348 1009/1061/348
f 990/1062/348 992/1064/348 1011/1065/348 1010/1063/348
f 992/1064/348 994/1066/348 1012/1067/348 1011/1065/348
f 994/1066/348 996/1068/348 1013/1069/348 1012/1067/348
f 996/1068/348 998/1070/348 1014/1071/348 1013/1069/348
f 998/1070/348 968/1042/348 1000/1045/348 1014/1071/348
f 1015/1072/348 1016/1073/348 1030/1074/348 1029/1075/348 1028/1076/348 1027/1077/348 1026/1078/348 1025/1079/348 1024/1080/348 1023/1081/348 1022/1082/348 1021/1023/348 1020/1022/348 1019/1083/348 1018/1084/348 1017/1085/348
f 996/1068/349 994/1066/349 1028/1076/349 1029/1075/349
f 982/1054/350 980/1020/350 1021/1023/350 1022/1082/350
f 998/1070/351 996/1068/351 1029/1075/351 1030/1074/351
f 984/1086/352 982/1087/352 1022/1088/352 1023/1089/352
f 970/1090/353 968/1091/353 1016/1092/353 1015/1093/353
f 968/1042/354 998/1070/354 1030/1074/354 1016/1073/354
f 986/1058/355 984/1056/355 1023/1081/355 1024/1080/355
f 972/1046/356 970/1043/356 1015/1072/356 1017/1085/356
f 988/1060/357 986/1058/357 1024/1080/357 1025/1079/357
f 974/1048/358 972/1046/358 1017/1085/358 1018/1084/358
f 990/1062/359 988/1060/359 1025/1079/359 1026/1078/359
f 976/1094/360 974/1095/360 1018/1096/360 1019/1097/360
f 992/1098/361 990/1099/361 1026/1100/361 1027/1101/361
f 978/1021/362 976/1050/362 1019/1083/362 1020/1022/362
f 994/1066/363 992/1064/363 1027/1077/363 1028/1076/363
f 1031/982/330 1033/985/330 1063/984/330 1064/983/330
f 1033/985/331 1035/987/331 1065/986/331 1063/984/331
f 1035/988/332 1037/991/332 1066/990/332 1065/989/332
f 1037/991/333 1039/993/333 1067/992/333 1066/990/333
f 1039/993/334 1041/995/334 1068/994/334 1067/992/334
f 1041/995/335 1043/997/335 1069/996/335 1068/994/335
f 1043/998/336 1045/1001/336 1070/1000/336 1069/999/336
f 1045/1001/337 1047/1003/337 1071/1002/337 1070/1000/337
f 1047/1003/338 1049/1005/338 1072/1004/338 1071/1002/338
f 1049/1005/339 1051/1007/339 1073/1006/339 1072/1004/339
f 1051/1008/340 1053/1011/340 1074/1010/340 1073/1009/340
f 1053/1011/341 1055/1013/341 1075/1012/341 1074/1010/341
f 1055/1013/342 1057/1015/342 1076/1014/342 1075/1012/342
f 1057/1016/343 1059/1019/343 1077/1018/343 1076/1017/343
f 1044/1020/364 1085/1023/364 1084/1022/364 1042/1021/364
f 1059/1019/345 1061/1025/345 1078/1024/345 1077/1018/345
f 1061/1025/346 1031/982/346 1064/983/346 1078/1024/346
f 1031/1026/348 1061/1041/348 1059/1040/348 1057/1039/348 1055/1038/348 1053/1037/348 1051/1036/348 1049/1035/348 1047/1034/348 1045/1033/348 1043/1032/348 1041/1031/348 1039/1030/348 1037/1029/348 1035/1028/348 1033/1027/348
f 1032/1042/347 1064/1045/347 1063/1044/347 1034/1043/347
f 1034/1043/347 1063/1044/347 1065/1047/347 1036/1046/347
f 1036/1046/347 1065/1047/347 1066/1049/347 1038/1048/347
f 1038/1048/347 1066/1049/347 1067/1051/347 1040/1050/347
f 1040/1050/347 1067/1051/347 1068/1052/347 1042/1021/347
f 1042/1021/347 1068/1052/347 1069/1053/347 1044/1020/347
f 1044/1020/347 1069/1053/347 1070/1055/347 1046/1054/347
f 1046/1054/347 1070/1055/347 1071/1057/347 1048/1056/347
f 1048/1056/347 1071/1057/347 1072/1059/347 1050/1058/347
f 1050/1058/347 1072/1059/347 1073/1061/347 1052/1060/347
f 1052/1060/347 1073/1061/347 1074/1063/347 1054/1062/347
f 1054/1062/347 1074/1063/347 1075/1065/347 1056/1064/347
f 1056/1064/347 1075/1065/347 1076/1067/347 1058/1066/347
f 1058/1066/347 1076/1067/347 1077/1069/347 1060/1068/347
f 1060/1068/347 1077/1069/347 1078/1071/347 1062/1070/347
f 1062/1070/347 1078/1071/347 1064/1045/347 1032/1042/347
f 1079/1072/347 1081/1085/347 1082/1084/347 1083/1083/347 1084/1022/347 1085/1023/347 1086/1082/347 1087/1081/347 1088/1080/347 1089/1079/347 1090/1078/347 1091/1077/347 1092/1076/347 1093/1075/347 1094/1074/347 1080/1073/347
f 1060/1068/365 1093/1075/365 1092/1076/365 1058/1066/365
f 1046/1054/366 1086/1082/366 1085/1023/366 1044/1020/366
f 1062/1070/367 1094/1074/367 1093/1075/367 1060/1068/367
f 1048/1086/368 1087/1089/368 1086/1088/368 1046/1087/368
f 1034/1090/369 1079/1093/369 1080/1092/369 1032/1091/369
f 1032/1042/370 1080/1073/370 1094/1074/370 1062/1070/370
f 1050/1058/371 1088/1080/371 1087/1081/371 1048/1056/371
f 1036/1046/372 1081/1085/372 1079/1072/372 1034/1043/372
f 1052/1060/373 1089/1079/373 1088/1080/373 1050/1058/373
f 1038/1048/374 1082/1084/374 1081/1085/374 1036/1046/374
f 1054/1062/375 1090/1078/375 1089/1079/375 1052/1060/375
f 1040/1094/376 1083/1097/376 1082/1096/376 1038/1095/376
f 1056/1098/377 1091/1101/377 1090/1100/377 1054/1099/377
f 1042/1021/378 1084/1022/378 1083/1083/378 1040/1050/378
f 1058/1066/379 1092/1076/379 1091/1077/379 1056/1064/379
o Sphere
v 0.527276 5.167613 -0.494676
v 1.079586 4.855538 -0.848739
v 1.266968 4.633056 -1.037353
v 1.463653 4.281672 -1.236905
v 1.554083 4.033643 -1.328950
v 1.640785 3.465573 -1.608185
v 1.059299 3.009953 -1.026699
v 0.736935 5.167613 0.011486
v 1.377837 4.855538 -0.128696
v 1.643707 4.633056 -0.127825
v 1.923889 4.281672 -0.125797
v 2.052918 4.033644 -0.124655
v 2.311674 3.465573 0.011486
v 1.489329 3.009953 0.011486
v 0.527276 5.167613 0.517648
v 0.938584 4.951796 0.928957
v 1.188831 4.661354 1.179204
v 1.394204 4.307450 1.384577
v 1.546810 3.903685 1.537183
v 1.640785 3.465573 1.631157
v 1.059299 3.009953 1.049671
v 0.021114 5.167613 0.727307
v 0.021114 4.951796 1.308985
v 0.021113 4.661354 1.662889
v 0.021113 4.307450 1.953330
v 0.021113 3.903685 2.169147
v 0.021113 3.465573 2.302047
v 0.021113 3.009953 1.479702
v -0.485048 5.167613 0.517648
v -0.896357 4.951796 0.928957
v -1.146604 4.661354 1.179204
v -1.351977 4.307450 1.384577
v -1.504583 3.903685 1.537183
v -1.598557 3.465573 1.631157
v -1.017071 3.009953 1.049671
v -0.694708 5.167613 0.011486
v -1.276385 4.951796 0.011486
v -1.630289 4.661354 0.011486
v -1.920730 4.307450 0.011486
v -2.136548 3.903685 0.011486
v -2.269447 3.465573 0.011486
v -1.447102 3.009953 0.011486
v -0.485048 5.167613 -0.494676
v -0.896357 4.951796 -0.905984
v -1.146604 4.661354 -1.156232
v -1.351977 4.307450 -1.361605
v -1.504583 3.903685 -1.514211
v -1.598557 3.465573 -1.608185
v -1.017071 3.009953 -1.026699
v 0.021114 5.167613 -0.704335
v 0.021113 4.951796 -1.286013
v 0.021113 4.661354 -1.639916
v 0.021113 4.307450 -1.930357
v 0.021113 3.903685 -2.146175
v 0.021113 3.465573 -2.279074
v 0.021113 3.009953 -1.456729
v 1.914473 3.009953 0.011486
v 1.359921 3.009953 -1.327321
v 1.359921 3.009953 1.350293
v 0.021113 3.009953 1.904845
v -1.317693 3.009953 1.350293
v -1.872246 3.009953 0.011486
v -1.317693 3.009953 -1.327321
v 0.021113 3.009953 -1.881873
v 1.146037 2.593366 0.011486
v 0.816554 2.593366 -0.783955
v 0.816554 2.593366 0.806927
v 0.021113 2.593366 1.136410
v -0.774327 2.593366 0.806927
v -1.103810 2.593366 0.011486
v -0.774327 2.593366 -0.783955
v 0.021113 2.593366 -1.113437
v 1.489329 2.593366 0.011486
v 1.059299 2.593366 -1.026699
v 1.059299 2.593366 1.049671
v 0.021113 2.593366 1.479702
v -1.017071 2.593366 1.049671
v -1.447102 2.593366 0.011486
v -1.017071 2.593366 -1.026699
v 0.021113 2.593366 -1.456729
v 1.146037 2.420555 0.011486
v 0.816554 2.420555 -0.783955
v 0.816554 2.420555 0.806927
v 0.021113 2.420555 1.136410
v -0.774327 2.420555 0.806927
v -1.103810 2.420555 0.011486
v -0.774327 2.420555 -0.783955
v 0.021113 2.420555 -1.113437
v 2.328144 3.298353 0.011486
v 2.043097 3.009953 0.011486
v 1.450872 3.009953 -1.418272
v 1.652431 3.298353 -1.619830
v 1.652431 3.298353 1.642803
v 1.450872 3.009953 1.441245
v 0.021113 3.298353 2.318517
v 0.021113 3.009953 2.033470
v -1.610204 3.298353 1.642803
v -1.408645 3.009953 1.441245
v -2.285917 3.298353 0.011486
v -2.000870 3.009953 0.011486
v -1.610204 3.298353 -1.619830
v -1.408645 3.009953 -1.418272
v 0.021113 3.298353 -2.295544
v 0.021113 3.009953 -2.010497
v 0.914846 5.167613 0.011486
v 0.653078 5.167613 -0.620478
v 0.653078 5.167613 0.643451
v 0.021113 5.167613 0.905219
v -0.610851 5.167613 0.643451
v -0.872619 5.167613 0.011486
v -0.610851 5.167613 -0.620478
v 0.021113 5.167613 -0.882246
v 0.736935 5.290578 0.011486
v 0.527276 5.290578 -0.494676
v 0.527276 5.290578 0.517648
v 0.021114 5.290578 0.727307
v -0.485048 5.290578 0.517648
v -0.694708 5.290578 0.011486
v -0.485048 5.290578 -0.494676
v 0.021114 5.290578 -0.704335
v 0.821835 5.290578 0.011486
v 0.587309 5.290578 -0.554709
v 0.587309 5.290578 0.577681
v 0.021114 5.290578 0.812207
v -0.545082 5.290578 0.577681
v -0.779607 5.290578 0.011486
v -0.545082 5.290578 -0.554709
v 0.021114 5.290578 -0.789235
v 0.627841 5.502343 0.011486
v 0.450135 5.502343 -0.417535
v 0.450135 5.502343 0.440507
v 0.021114 5.502343 0.618214
v -0.407908 5.502343 0.440507
v -0.585614 5.502343 0.011486
v -0.407908 5.502343 -0.417535
v 0.021114 5.502343 -0.595241
v 0.821835 5.502343 0.011486
v 0.587309 5.502343 -0.554709
v 0.587309 5.502343 0.577681
v 0.021114 5.502343 0.812207
v -0.545082 5.502343 0.577681
v -0.779607 5.502343 0.011486
v -0.545082 5.502343 -0.554709
v 0.021114 5.502343 -0.789235
v 0.627841 5.363236 0.011486
v 0.450135 5.363236 -0.417535
v 0.450135 5.363236 0.440507
v 0.021114 5.363236 0.618214
v -0.407908 5.363236 0.440507
v -0.585614 5.363236 0.011486
v -0.407908 5.363236 -0.417535
v 0.021114 5.363236 -0.595241
v 0.938584 4.951796 -0.905984
v 1.188831 4.661354 -1.156232
v 1.394204 4.307450 -1.361605
v 1.546810 3.903685 -1.514210
v 1.318612 4.951796 0.011486
v 1.672516 4.661354 0.011486
v 1.962957 4.307450 0.011486
v 2.178774 3.903685 0.011486
v 1.810802 4.190909 -0.078955
v 1.422135 4.163981 -1.060796
v 1.234445 4.512655 -0.867263
v 1.530620 4.542293 -0.080983
v 1.111548 4.663945 -0.742221
v 1.450036 4.078246 -1.090900
v 1.325118 4.663945 -0.226616
v 1.811019 4.078246 -0.219410
v 0.966499 4.764774 -0.801897
v 1.153881 4.542293 -0.990511
v 1.350566 4.190909 -1.190063
v 1.440997 3.942880 -1.282108
v 1.264751 4.764774 -0.081854
v 1.500438 4.512655 -0.225099
v 1.770003 4.163981 -0.220968
v 1.939831 3.942880 -0.077813
v 1.848665 4.224137 -0.253550
v 1.500797 4.224137 -1.093379
v 1.313106 4.572811 -0.899845
v 1.579099 4.572811 -0.257682
v 1.190209 4.724101 -0.774804
v 1.528697 4.138402 -1.123482
v 1.403780 4.724101 -0.259198
v 1.889680 4.138402 -0.251992
vn -0.0000 0.3745 -0.9272
vn -0.0000 0.5447 -0.8386
vn 0.5880 0.5478 -0.5951
vn 0.6551 0.3740 -0.6565
vn -0.0000 0.1907 -0.9817
vn 0.6941 0.1907 -0.6941
vn -0.0000 -1.0000 -0.0000
vn -0.0000 0.8203 -0.5719
vn -0.0000 0.9545 -0.2982
vn 0.2109 0.9545 -0.2109
vn 0.4059 0.8199 -0.4037
vn -0.0000 0.6952 -0.7188
vn 0.5047 0.6992 -0.5064
vn -0.2197 -0.2171 -0.9511
vn -0.2553 -0.1729 -0.9513
vn -0.2576 -0.1699 -0.9512
vn -0.2175 -0.2198 -0.9510
vn -0.5503 0.8033 0.2279
vn 0.9274 0.3740 0.0010
vn 0.9817 0.1907 -0.0000
vn 0.2982 0.9545 -0.0000
vn 0.5724 0.8199 -0.0016
vn 0.4921 -0.1729 0.8532
vn 0.5171 -0.2171 0.8279
vn 0.5187 -0.2198 0.8262
vn 0.4904 -0.1699 0.8547
vn 0.2109 0.9545 0.2109
vn 0.4044 0.8203 0.4044
vn 0.7150 0.6992 0.0012
vn 0.5083 0.6952 0.5083
vn 0.8366 0.5478 0.0050
vn 0.5930 0.5447 0.5930
vn 0.6557 0.3745 0.6557
vn 0.6941 0.1907 0.6941
vn 0.7037 0.0980 -0.7037
vn 0.9952 0.0980 -0.0000
vn -0.0000 0.5447 0.8386
vn -0.0000 0.3745 0.9272
vn -0.0000 0.1907 0.9817
vn -0.0000 0.9545 0.2982
vn -0.0000 0.8203 0.5719
vn -0.0000 0.6952 0.7188
vn 0.7071 -0.0000 -0.7071
vn -0.0000 -0.0000 -1.0000
vn -0.2109 0.9545 0.2109
vn -0.4044 0.8203 0.4044
vn -0.5083 0.6952 0.5083
vn -0.5930 0.5447 0.5930
vn -0.6557 0.3745 0.6557
vn -0.6941 0.1907 0.6941
vn -0.8386 0.5447 -0.0000
vn -0.9272 0.3745 -0.0000
vn -0.9817 0.1907 -0.0000
vn -0.2982 0.9545 -0.0000
vn -0.5719 0.8203 -0.0000
vn -0.7188 0.6952 -0.0000
vn -0.2109 0.9545 -0.2109
vn -0.4044 0.8203 -0.4044
vn -0.5083 0.6952 -0.5083
vn -0.5930 0.5447 -0.5930
vn -0.6557 0.3745 -0.6557
vn -0.6941 0.1907 -0.6941
vn -1.0000 -0.0000 -0.0000
vn -0.7071 -0.0000 -0.7071
vn -0.0000 0.0980 -0.9952
vn -0.0000 0.0980 0.9952
vn -0.7037 0.0980 0.7037
vn -0.9952 0.0980 -0.0000
vn -0.7037 0.0980 -0.7037
vn 0.7037 0.0980 0.7037
vn -0.0000 -0.0000 1.0000
vn -0.7071 -0.0000 0.7071
vn 1.0000 -0.0000 -0.0000
vn 0.7071 -0.0000 0.7071
vn 0.7112 -0.7030 -0.0000
vn 0.5029 -0.7030 -0.5029
vn 0.5029 -0.7030 0.5029
vn -0.0000 -0.7030 0.7112
vn -0.5029 -0.7030 0.5029
vn -0.7112 -0.7030 -0.0000
vn -0.5029 -0.7030 -0.5029
vn -0.0000 -0.7030 -0.7112
vn -0.0000 1.0000 -0.0000
vn 0.6177 0.7453 -0.2512
vn 0.6823 0.6746 -0.2820
vn 0.7846 0.5223 -0.3342
vn 0.8271 0.4415 -0.3478
vn 0.6818 0.6746 -0.2831
vn 0.6144 0.7453 -0.2591
vn 0.7911 0.5223 -0.3185
vn 0.8308 0.4415 -0.3390
vn -0.5331 0.8167 0.2208
vn -0.5141 0.2237 -0.8281
vn -0.5256 0.2461 -0.8144
vn -0.5125 0.2207 -0.8298
vn -0.4742 0.1503 -0.8675
vn -0.4869 0.1729 -0.8562
vn -0.4886 0.1760 -0.8546
vn 0.4772 -0.1475 0.8663
vn 0.5306 -0.2418 0.8124
vn 0.5503 -0.8033 -0.2279
vn -0.2751 -0.1475 -0.9500
vn -0.1993 -0.2418 -0.9496
vn 0.6252 0.7377 -0.2549
vn 0.6905 0.6642 -0.2863
vn 0.6907 0.6640 -0.2864
vn 0.7926 0.5083 -0.3368
vn 0.7927 0.5081 -0.3368
vn 0.8334 0.4284 -0.3493
vn 0.6907 0.6643 -0.2859
vn 0.6223 0.7377 -0.2619
vn 0.6909 0.6640 -0.2859
vn 0.7986 0.5083 -0.3223
vn 0.7987 0.5081 -0.3224
vn 0.8363 0.4284 -0.3423
vn 0.8110 0.4789 -0.3359
vn 0.7068 0.6440 -0.2928
vn 0.8472 0.3989 -0.3509
vn 0.6318 0.7296 -0.2617
vn 0.2612 0.1729 0.9497
vn 0.2781 0.1503 0.9487
vn 0.2588 0.1760 0.9498
vn 0.2042 0.2461 0.9475
vn 0.2220 0.2237 0.9490
vn 0.2244 0.2207 0.9492
vn 0.5331 -0.8167 -0.2208
vt 0.881000 0.697368
vt 0.881465 0.697510
vt 0.881295 0.699181
vt 0.880811 0.699226
vt 0.880501 0.697260
vt 0.880300 0.699232
vt 0.879315 0.711536
vt 0.879315 0.709898
vt 0.879450 0.709842
vt 0.879450 0.711592
vt 0.897084 0.689132
vt 0.897506 0.689307
vt 0.897506 0.690080
vt 0.897084 0.690255
vt 0.896714 0.688979
vt 0.896714 0.690408
vt 0.881879 0.697678
vt 0.881734 0.699100
vt 0.881698 0.700021
vt 0.881263 0.700272
vt 0.881181 0.700165
vt 0.881616 0.699914
vt 0.879912 0.700699
vt 0.879912 0.699225
vt 0.880050 0.699225
vt 0.880050 0.700699
vt 0.880811 0.700553
vt 0.880300 0.700641
vt 0.876518 0.712695
vt 0.878157 0.712695
vt 0.878212 0.712829
vt 0.876463 0.712829
vt 0.898052 0.690627
vt 0.897878 0.691049
vt 0.904322 0.686798
vt 0.904329 0.687284
vt 0.904157 0.687288
vt 0.904150 0.686801
vt 0.898826 0.690627
vt 0.899001 0.691049
vt 0.897725 0.691419
vt 0.899154 0.691419
vt 0.897599 0.691722
vt 0.899279 0.691722
vt 0.887572 0.684548
vt 0.888034 0.684773
vt 0.887963 0.685962
vt 0.887494 0.685869
vt 0.887075 0.684409
vt 0.886991 0.685812
vt 0.880111 0.699220
vt 0.880111 0.700639
vt 0.887963 0.687643
vt 0.887494 0.687736
vt 0.886991 0.687794
vt 0.875360 0.711536
vt 0.875225 0.711592
vt 0.899373 0.690080
vt 0.899794 0.690255
vt 0.900164 0.690408
vt 0.888380 0.686088
vt 0.888380 0.687517
vt 0.855396 0.687734
vt 0.855396 0.688353
vt 0.855258 0.688353
vt 0.855258 0.687734
vt 0.899373 0.689307
vt 0.899794 0.689132
vt 0.900164 0.688979
vt 0.900468 0.690534
vt 0.900468 0.688853
vt 0.888034 0.688830
vt 0.887572 0.689055
vt 0.887075 0.689194
vt 0.875360 0.709898
vt 0.875225 0.709842
vt 0.836478 0.724864
vt 0.836014 0.724639
vt 0.836135 0.723451
vt 0.836612 0.723544
vt 0.836976 0.725003
vt 0.837119 0.723602
vt 0.876518 0.708739
vt 0.876463 0.708605
vt 0.898826 0.688760
vt 0.899001 0.688338
vt 0.899154 0.687969
vt 0.835603 0.724335
vt 0.835706 0.723325
vt 0.898052 0.688760
vt 0.897878 0.688338
vt 0.897725 0.687969
vt 0.835706 0.721896
vt 0.836135 0.721770
vt 0.836612 0.721677
vt 0.837119 0.721619
vt 0.878157 0.708739
vt 0.878212 0.708605
vt 0.836478 0.720357
vt 0.836976 0.720218
vt 0.835603 0.720885
vt 0.836014 0.720582
vt 0.897054 0.662640
vt 0.897054 0.663911
vt 0.896585 0.663911
vt 0.896585 0.662640
vt 0.880313 0.697234
vt 0.886802 0.687801
vt 0.886885 0.689211
vt 0.837165 0.725020
vt 0.837309 0.723609
vt 0.837309 0.721612
vt 0.837165 0.720201
vt 0.886802 0.685805
vt 0.877973 0.712251
vt 0.878871 0.711352
vt 0.876702 0.712251
vt 0.875804 0.711352
vt 0.875804 0.710082
vt 0.876702 0.709183
vt 0.877973 0.709183
vt 0.878871 0.710082
vt 0.886555 0.705377
vt 0.886625 0.706065
vt 0.886430 0.706065
vt 0.886360 0.705377
vt 0.887728 0.678272
vt 0.887674 0.677375
vt 0.888145 0.677375
vt 0.888198 0.678273
vt 0.887674 0.680442
vt 0.887728 0.679543
vt 0.888198 0.679543
vt 0.888145 0.680442
vt 0.897146 0.664809
vt 0.896677 0.664809
vt 0.897146 0.661742
vt 0.896677 0.661742
vt 0.826272 0.661512
vt 0.826219 0.660610
vt 0.826687 0.660630
vt 0.826740 0.661532
vt 0.826219 0.662781
vt 0.826687 0.662801
vt 0.850505 0.707133
vt 0.849531 0.707133
vt 0.849383 0.706775
vt 0.850653 0.706775
vt 0.851193 0.707822
vt 0.851551 0.707673
vt 0.851193 0.708795
vt 0.851551 0.708944
vt 0.850505 0.709484
vt 0.850653 0.709842
vt 0.849531 0.709484
vt 0.849383 0.709842
vt 0.848843 0.708795
vt 0.848484 0.708944
vt 0.848843 0.707822
vt 0.848484 0.707673
vt 0.898848 0.669350
vt 0.899821 0.669350
vt 0.900510 0.670038
vt 0.900510 0.671011
vt 0.899821 0.671700
vt 0.898848 0.671700
vt 0.898159 0.671011
vt 0.898159 0.670038
vt 0.886625 0.703715
vt 0.886555 0.704403
vt 0.886360 0.704403
vt 0.886430 0.703715
vt 0.882433 0.702972
vt 0.882433 0.701998
vt 0.882628 0.701998
vt 0.882628 0.702972
vt 0.904177 0.696364
vt 0.904136 0.695674
vt 0.904330 0.695682
vt 0.904371 0.696372
vt 0.904136 0.697337
vt 0.904330 0.697345
vt 0.882392 0.701311
vt 0.882587 0.701311
vt 0.882392 0.703661
vt 0.882587 0.703661
vt 0.879747 0.711715
vt 0.878336 0.713127
vt 0.876339 0.713127
vt 0.886494 0.687677
vt 0.886494 0.685928
vt 0.874928 0.711715
vt 0.874928 0.709719
vt 0.876339 0.708307
vt 0.878336 0.708307
vt 0.879747 0.709719
vt 0.886885 0.684392
vt 0.897691 0.690003
vt 0.898129 0.690441
vt 0.898749 0.690441
vt 0.899187 0.690003
vt 0.899187 0.689384
vt 0.898749 0.688946
vt 0.898129 0.688946
vt 0.897691 0.689384
vt 0.859829 0.664689
vt 0.859391 0.665127
vt 0.859302 0.665090
vt 0.859792 0.664600
vt 0.855858 0.676661
vt 0.855884 0.677280
vt 0.855746 0.677285
vt 0.855720 0.676666
vt 0.855745 0.683323
vt 0.855719 0.682885
vt 0.855858 0.682885
vt 0.855884 0.683323
vt 0.855719 0.682266
vt 0.855745 0.681827
vt 0.855884 0.681827
vt 0.855858 0.682266
vt 0.855351 0.688791
vt 0.855213 0.688791
vt 0.855858 0.677719
vt 0.855720 0.677725
vt 0.855351 0.687296
vt 0.855213 0.687296
vt 0.863057 0.701005
vt 0.863007 0.700515
vt 0.863245 0.700515
vt 0.863295 0.701005
vt 0.859391 0.665746
vt 0.859829 0.666184
vt 0.859792 0.666273
vt 0.859302 0.665783
vt 0.860449 0.666184
vt 0.860887 0.665746
vt 0.860975 0.665783
vt 0.860485 0.666273
vt 0.860887 0.665127
vt 0.860975 0.665090
vt 0.860449 0.664689
vt 0.860485 0.664600
vt 0.833247 0.728976
vt 0.833225 0.729348
vt 0.833068 0.729355
vt 0.833090 0.728982
vt 0.863007 0.699822
vt 0.863057 0.699332
vt 0.863295 0.699332
vt 0.863245 0.699822
vt 0.863027 0.698742
vt 0.863027 0.698049
vt 0.863266 0.698049
vt 0.863266 0.698742
vt 0.904298 0.704263
vt 0.904327 0.704754
vt 0.904089 0.704744
vt 0.904060 0.704253
vt 0.904298 0.705447
vt 0.904060 0.705437
vt 0.863056 0.699232
vt 0.863295 0.699232
vt 0.863056 0.697559
vt 0.863295 0.697559
vt 0.838090 0.664787
vt 0.837565 0.664787
vt 0.837481 0.664585
vt 0.838174 0.664585
vt 0.837194 0.665158
vt 0.836992 0.665075
vt 0.837194 0.665684
vt 0.836992 0.665767
vt 0.837565 0.666055
vt 0.837481 0.666257
vt 0.838090 0.666055
vt 0.838174 0.666257
vt 0.838462 0.665684
vt 0.838664 0.665767
vt 0.838462 0.665158
vt 0.838664 0.665075
vt 0.725652 0.358856
vt 0.725652 0.359381
vt 0.725280 0.359752
vt 0.724755 0.359752
vt 0.724384 0.359381
vt 0.724384 0.358856
vt 0.724755 0.358484
vt 0.725280 0.358484
vt 0.838299 0.690354
vt 0.838322 0.690725
vt 0.838165 0.690725
vt 0.838142 0.690354
vt 0.838322 0.691250
vt 0.838299 0.691622
vt 0.838142 0.691622
vt 0.838165 0.691250
vt 0.863505 0.682411
vt 0.863505 0.682936
vt 0.863349 0.682936
vt 0.863349 0.682411
vt 0.833225 0.728451
vt 0.833068 0.728458
vt 0.863468 0.682040
vt 0.863311 0.682040
vt 0.863468 0.683307
vt 0.863311 0.683307
vt 0.897083 0.690427
vt 0.896805 0.690541
vt 0.881698 0.699230
vt 0.881263 0.699305
vt 0.880966 0.699330
vt 0.897592 0.691328
vt 0.897706 0.691050
vt 0.881734 0.700115
vt 0.881295 0.700376
vt 0.880966 0.700378
vt 0.846481 0.743003
vt 0.846481 0.742372
vt 0.846577 0.742372
vt 0.846577 0.743003
vt 0.847028 0.695170
vt 0.846986 0.694928
vt 0.847086 0.694912
vt 0.847128 0.695154
vt 0.846986 0.695746
vt 0.847012 0.695644
vt 0.847112 0.695629
vt 0.847086 0.695730
vt 0.904259 0.686497
vt 0.904087 0.686500
vt 0.904259 0.687647
vt 0.904087 0.687651
vt 0.847128 0.695797
vt 0.847128 0.696678
vt 0.846990 0.696678
vt 0.846990 0.695797
vt 0.880885 0.700271
vt 0.881987 0.699771
vt 0.881905 0.699664
vt 0.702976 0.345885
vt 0.703159 0.345963
vt 0.703128 0.346126
vt 0.702850 0.346010
vt 0.738074 0.302140
vt 0.737644 0.302209
vt 0.737677 0.302081
vt 0.738112 0.302005
vt 0.737542 0.302215
vt 0.737380 0.302105
vt 0.703159 0.345177
vt 0.702976 0.345254
vt 0.702850 0.345129
vt 0.703128 0.345013
vt 0.737644 0.302939
vt 0.738074 0.302698
vt 0.738112 0.302796
vt 0.737677 0.303047
vt 0.737542 0.302973
vt 0.737380 0.303153
vt 0.880094 0.688593
vt 0.880524 0.688524
vt 0.880524 0.689083
vt 0.880094 0.689324
vt 0.879992 0.688599
vt 0.879992 0.689357
vt 0.846759 0.743081
vt 0.846759 0.742295
vt 0.866863 0.675266
vt 0.866838 0.675162
vt 0.866956 0.675159
vt 0.866981 0.675263
vt 0.866838 0.676004
vt 0.866879 0.675754
vt 0.866997 0.675751
vt 0.866956 0.676001
vt 0.862227 0.732075
vt 0.862227 0.731009
vt 0.862323 0.731009
vt 0.862323 0.732075
s 1
usemtl Material.001
f 1148/1102/380 1147/1103/381 1249/1104/382 1250/1105/383
f 1149/1106/384 1148/1102/380 1250/1105/383 1100/1107/385
f 1152/1108/386 1158/1109/386 1198/1110/386 1185/1111/386
f 1145/1112/387 1206/1113/388 1200/1114/389 1247/1115/390
f 1146/1116/391 1145/1112/387 1247/1115/390 1248/1117/392
f 1147/1103/381 1146/1118/391 1248/1119/392 1249/1104/382
f 1104/1120/393 1105/1121/394 1255/1122/395 1258/1123/396
f 1106/1124/397 1099/1125/397 1266/1126/397 1270/1127/397
f 1100/1107/385 1250/1105/383 1254/1128/398 1107/1129/399
f 1153/1130/386 1151/1131/386 1184/1132/386 1188/1133/386
f 1247/1115/390 1200/1114/389 1199/1134/400 1251/1135/401
f 1098/1136/402 1097/1137/403 1264/1138/404 1265/1139/405
f 1251/1135/401 1199/1134/400 1201/1140/406 1110/1141/407
f 1252/1142/408 1251/1135/401 1110/1141/407 1111/1143/409
f 1253/1144/410 1252/1142/408 1111/1143/409 1112/1145/411
f 1254/1146/398 1253/1147/410 1112/1148/411 1113/1149/412
f 1107/1150/399 1254/1146/398 1113/1149/412 1114/1151/413
f 1186/1152/414 1100/1107/385 1107/1129/399 1183/1153/415
f 1113/1149/412 1112/1148/411 1119/1154/416 1120/1155/417
f 1114/1151/413 1113/1149/412 1120/1155/417 1121/1156/418
f 1154/1157/386 1153/1130/386 1188/1133/386 1190/1158/386
f 1110/1141/407 1201/1140/406 1202/1159/419 1117/1160/420
f 1111/1143/409 1110/1141/407 1117/1160/420 1118/1161/421
f 1112/1148/411 1111/1162/409 1118/1163/421 1119/1154/416
f 1095/1164/422 1144/1165/423 1214/1166/423 1208/1167/422
f 1117/1160/420 1202/1159/419 1203/1168/424 1124/1169/425
f 1118/1161/421 1117/1160/420 1124/1169/425 1125/1170/426
f 1119/1171/416 1118/1161/421 1125/1170/426 1126/1172/427
f 1120/1155/417 1119/1154/416 1126/1173/427 1127/1174/428
f 1121/1156/418 1120/1155/417 1127/1174/428 1128/1175/429
f 1155/1176/386 1154/1157/386 1190/1158/386 1192/1177/386
f 1127/1178/428 1126/1179/427 1133/1180/430 1134/1181/431
f 1128/1182/429 1127/1178/428 1134/1181/431 1135/1183/432
f 1156/1184/386 1155/1176/386 1192/1177/386 1194/1185/386
f 1124/1169/425 1203/1168/424 1204/1186/433 1131/1187/434
f 1125/1170/426 1124/1169/425 1131/1187/434 1132/1188/435
f 1126/1179/427 1125/1189/426 1132/1190/435 1133/1180/430
f 1131/1187/434 1204/1186/433 1205/1191/436 1138/1192/437
f 1132/1188/435 1131/1187/434 1138/1192/437 1139/1193/438
f 1133/1180/430 1132/1190/435 1139/1194/438 1140/1195/439
f 1134/1181/431 1133/1180/430 1140/1195/439 1141/1196/440
f 1135/1183/432 1134/1181/431 1141/1196/440 1142/1197/441
f 1157/1198/386 1156/1184/386 1194/1185/386 1196/1199/386
f 1142/1197/441 1141/1196/440 1148/1200/380 1149/1201/384
f 1158/1109/386 1157/1198/386 1196/1199/386 1198/1110/386
f 1138/1192/437 1205/1191/436 1206/1113/388 1145/1112/387
f 1139/1193/438 1138/1192/437 1145/1112/387 1146/1116/391
f 1140/1195/439 1139/1194/438 1146/1202/391 1147/1203/381
f 1136/1204/442 1143/1205/443 1173/1206/443 1172/1207/442
f 1141/1196/440 1140/1195/439 1147/1203/381 1148/1200/380
f 1197/1208/444 1149/1106/384 1100/1107/385 1186/1152/414
f 1151/1131/386 1152/1108/386 1185/1111/386 1184/1132/386
f 1189/1209/445 1121/1156/418 1128/1175/429 1191/1210/446
f 1191/1211/446 1128/1182/429 1135/1183/432 1193/1212/447
f 1193/1212/447 1135/1183/432 1142/1197/441 1195/1213/448
f 1195/1213/448 1142/1197/441 1149/1201/384 1197/1214/444
f 1187/1215/449 1114/1151/413 1121/1156/418 1189/1209/445
f 1108/1216/386 1101/1217/386 1152/1108/386 1151/1131/386
f 1115/1218/386 1108/1216/386 1151/1131/386 1153/1130/386
f 1122/1219/386 1115/1218/386 1153/1130/386 1154/1157/386
f 1129/1220/386 1122/1219/386 1154/1157/386 1155/1176/386
f 1136/1221/386 1129/1220/386 1155/1176/386 1156/1184/386
f 1143/1222/386 1136/1221/386 1156/1184/386 1157/1198/386
f 1150/1223/386 1143/1222/386 1157/1198/386 1158/1109/386
f 1101/1217/386 1150/1223/386 1158/1109/386 1152/1108/386
f 1165/1224/443 1166/1225/423 1182/1226/423 1181/1227/443
f 1122/1228/450 1129/1229/451 1171/1230/451 1170/1231/450
f 1108/1232/452 1115/1233/453 1169/1234/453 1167/1235/452
f 1143/1205/443 1150/1236/423 1174/1237/423 1173/1206/443
f 1129/1238/451 1136/1204/442 1172/1207/442 1171/1239/451
f 1115/1233/453 1122/1228/450 1170/1231/450 1169/1234/453
f 1101/1240/422 1108/1241/452 1167/1242/452 1168/1243/422
f 1150/1244/423 1101/1240/422 1168/1243/422 1174/1245/423
f 1159/1246/386 1160/1247/386 1168/1248/386 1167/1249/386
f 1161/1250/386 1159/1246/386 1167/1249/386 1169/1251/386
f 1162/1252/386 1161/1250/386 1169/1251/386 1170/1253/386
f 1163/1254/386 1162/1252/386 1170/1253/386 1171/1255/386
f 1164/1256/386 1163/1254/386 1171/1255/386 1172/1257/386
f 1165/1258/386 1164/1256/386 1172/1257/386 1173/1259/386
f 1166/1260/386 1165/1258/386 1173/1259/386 1174/1261/386
f 1160/1247/386 1166/1260/386 1174/1261/386 1168/1248/386
f 1175/1262/386 1177/1263/386 1178/1264/386 1179/1265/386 1180/1266/386 1181/1267/386 1182/1268/386 1176/1269/386
f 1163/1270/451 1164/1271/442 1180/1272/442 1179/1273/451
f 1161/1274/453 1162/1275/450 1178/1276/450 1177/1277/453
f 1160/1278/422 1159/1279/452 1175/1280/452 1176/1281/422
f 1166/1282/423 1160/1278/422 1176/1281/422 1182/1283/423
f 1164/1271/442 1165/1224/443 1181/1227/443 1180/1272/442
f 1162/1275/450 1163/1284/451 1179/1285/451 1178/1276/450
f 1159/1286/452 1161/1274/453 1177/1277/453 1175/1287/452
f 1184/1132/454 1185/1111/455 1186/1288/455 1183/1289/454
f 1183/1289/454 1187/1290/456 1188/1133/456 1184/1132/454
f 1190/1291/457 1188/1292/456 1187/1215/456 1189/1209/457
f 1192/1177/458 1190/1158/457 1189/1293/457 1191/1294/458
f 1194/1185/459 1192/1177/458 1191/1294/458 1193/1295/459
f 1196/1199/460 1194/1185/459 1193/1295/459 1195/1296/460
f 1198/1110/461 1196/1199/460 1195/1296/460 1197/1297/461
f 1185/1111/455 1198/1110/461 1197/1297/461 1186/1288/455
f 1183/1298/415 1107/1150/399 1114/1151/413 1187/1215/449
f 1095/1299/462 1102/1300/462 1199/1134/400 1200/1114/389
f 1102/1300/462 1109/1301/462 1201/1140/406 1199/1134/400
f 1109/1301/462 1116/1302/462 1202/1159/419 1201/1140/406
f 1116/1302/462 1123/1303/462 1203/1168/424 1202/1159/419
f 1123/1303/462 1130/1304/462 1204/1186/433 1203/1168/424
f 1130/1304/462 1137/1305/462 1205/1191/436 1204/1186/433
f 1137/1305/462 1144/1306/462 1206/1113/388 1205/1191/436
f 1144/1306/462 1095/1299/462 1200/1114/389 1206/1113/388
f 1212/1307/386 1211/1308/386 1219/1309/386 1220/1310/386
f 1137/1311/443 1130/1312/442 1212/1313/442 1213/1314/443
f 1123/1315/451 1116/1316/450 1210/1317/450 1211/1318/451
f 1109/1319/453 1102/1320/452 1207/1321/452 1209/1322/453
f 1144/1165/423 1137/1323/443 1213/1324/443 1214/1166/423
f 1130/1312/442 1123/1325/451 1211/1326/451 1212/1313/442
f 1116/1316/450 1109/1319/453 1209/1322/453 1210/1317/450
f 1102/1327/452 1095/1164/422 1208/1167/422 1207/1328/452
f 1222/1329/423 1221/1330/443 1237/1331/443 1238/1332/423
f 1210/1333/386 1209/1334/386 1217/1335/386 1218/1336/386
f 1207/1337/386 1208/1338/386 1216/1339/386 1215/1340/386
f 1208/1338/386 1214/1341/386 1222/1342/386 1216/1339/386
f 1213/1343/386 1212/1307/386 1220/1310/386 1221/1344/386
f 1211/1308/386 1210/1333/386 1218/1336/386 1219/1309/386
f 1209/1334/386 1207/1337/386 1215/1340/386 1217/1335/386
f 1214/1341/386 1213/1343/386 1221/1344/386 1222/1342/386
f 1223/1345/442 1224/1346/451 1240/1347/451 1239/1348/442
f 1220/1349/442 1219/1350/451 1235/1351/451 1236/1352/442
f 1218/1353/450 1217/1354/453 1233/1355/453 1234/1356/450
f 1215/1357/452 1216/1358/422 1232/1359/422 1231/1360/452
f 1216/1358/422 1222/1361/423 1238/1362/423 1232/1359/422
f 1221/1330/443 1220/1349/442 1236/1352/442 1237/1331/443
f 1219/1363/451 1218/1353/450 1234/1356/450 1235/1364/451
f 1217/1354/453 1215/1365/452 1231/1366/452 1233/1355/453
f 1224/1367/462 1223/1368/462 1231/1369/462 1232/1370/462
f 1223/1368/462 1225/1371/462 1233/1372/462 1231/1369/462
f 1225/1371/462 1226/1373/462 1234/1374/462 1233/1372/462
f 1226/1373/462 1227/1375/462 1235/1376/462 1234/1374/462
f 1227/1375/462 1228/1377/462 1236/1378/462 1235/1376/462
f 1228/1377/462 1229/1379/462 1237/1380/462 1236/1378/462
f 1229/1379/462 1230/1381/462 1238/1382/462 1237/1380/462
f 1230/1381/462 1224/1367/462 1232/1370/462 1238/1382/462
f 1244/1383/462 1243/1384/462 1242/1385/462 1241/1386/462 1239/1387/462 1240/1388/462 1246/1389/462 1245/1390/462
f 1224/1391/451 1230/1392/450 1246/1393/450 1240/1394/451
f 1229/1395/453 1228/1396/452 1244/1397/452 1245/1398/453
f 1227/1399/422 1226/1400/423 1242/1401/423 1243/1402/422
f 1225/1403/443 1223/1345/442 1239/1348/442 1241/1404/443
f 1230/1392/450 1229/1395/453 1245/1398/453 1246/1393/450
f 1228/1405/452 1227/1399/422 1243/1402/422 1244/1406/452
f 1226/1400/423 1225/1407/443 1241/1408/443 1242/1401/423
f 1096/1409/463 1097/1410/464 1248/1117/392 1247/1115/390
f 1097/1411/464 1098/1412/465 1249/1104/382 1248/1119/392
f 1098/1412/465 1099/1413/466 1250/1105/383 1249/1104/382
f 1104/1414/467 1103/1415/468 1251/1135/401 1252/1142/408
f 1105/1121/469 1104/1120/467 1252/1416/408 1253/1417/410
f 1106/1418/470 1105/1121/469 1253/1417/410 1254/1128/398
f 1099/1413/466 1106/1418/470 1254/1128/398 1250/1105/383
f 1103/1415/468 1096/1409/463 1247/1115/390 1251/1135/401
f 1259/1419/471 1261/1420/471 1277/1421/471 1275/1422/471
f 1257/1423/472 1259/1424/473 1275/1425/473 1273/1426/474
f 1260/1427/475 1256/1428/476 1272/1429/477 1276/1430/475
f 1099/1431/478 1098/1136/402 1265/1139/405 1266/1432/478
f 1097/1137/403 1096/1433/479 1263/1434/479 1264/1138/404
f 1096/1435/480 1103/1436/480 1267/1437/480 1263/1438/480
f 1105/1121/394 1106/1418/481 1270/1439/481 1255/1122/395
f 1103/1440/482 1104/1120/393 1258/1123/396 1267/1441/482
f 1259/1442/483 1257/1443/484 1264/1444/485 1263/1445/483
f 1257/1446/484 1256/1447/486 1265/1448/487 1264/1449/485
f 1256/1447/486 1260/1450/488 1266/1451/488 1265/1448/487
f 1268/1452/489 1261/1453/490 1267/1454/490 1258/1455/491
f 1269/1456/492 1268/1457/489 1258/1458/491 1255/1459/493
f 1262/1460/494 1269/1456/492 1255/1459/493 1270/1461/494
f 1260/1450/488 1262/1460/494 1270/1461/494 1266/1451/488
f 1261/1453/490 1259/1442/483 1263/1445/483 1267/1454/490
f 1272/1462/495 1273/1463/496 1274/1464/496 1271/1465/495
f 1276/1466/497 1272/1462/495 1271/1465/495 1278/1467/497
f 1273/1468/496 1275/1422/498 1277/1421/498 1274/1469/496
f 1269/1470/499 1262/1471/500 1278/1472/500 1271/1473/501
f 1261/1474/502 1268/1475/503 1274/1476/504 1277/1477/502
f 1256/1428/476 1257/1423/472 1273/1426/474 1272/1429/477
f 1262/1478/505 1260/1479/505 1276/1480/505 1278/1481/505
f 1268/1475/503 1269/1470/499 1271/1473/501 1274/1476/504
o tank_track1.002
v 1.350023 0.131245 3.819427
v 1.722353 0.953332 3.854155
v 1.350023 0.953332 3.854155
v 1.757643 0.131245 3.819427
v 1.757643 0.000182 3.752161
v 1.722353 1.095607 3.784879
v 1.350023 1.095607 3.784878
v 1.279618 0.131245 3.819427
v 1.279617 0.953332 3.854155
v 3.036251 0.131245 3.819427
v 2.663920 0.953332 3.854155
v 3.036251 0.953332 3.854155
v 2.628630 0.131245 3.819427
v 2.193137 0.953332 3.854155
v 2.193137 0.131245 3.819427
v 2.628630 0.000181 3.752161
v 2.193137 0.000181 3.752161
v 2.663920 1.095607 3.784879
v 3.036251 1.095607 3.784879
v 3.106656 0.131245 3.819427
v 3.106656 0.953332 3.854155
v 1.350023 0.199343 3.631378
v 1.722353 0.886486 3.665657
v 1.350023 0.886486 3.665657
v 1.757643 0.199343 3.631378
v 1.757643 0.085714 3.571373
v 1.722353 0.995312 3.611844
v 1.350023 0.995312 3.611844
v 1.279618 0.199343 3.631378
v 1.279617 0.886486 3.665657
v 3.036251 0.199343 3.631378
v 2.663920 0.886486 3.665657
v 3.036251 0.886486 3.665657
v 2.628630 0.199343 3.631378
v 2.193137 0.886486 3.665657
v 2.193137 0.199343 3.631378
v 2.628630 0.085714 3.571373
v 2.193137 0.085714 3.571373
v 2.663920 0.995312 3.611845
v 3.036251 0.995312 3.611845
v 3.106656 0.199343 3.631378
v 3.106656 0.886486 3.665657
v 1.350023 -0.662434 3.185932
v 1.722353 -0.038713 3.732199
v 1.350023 -0.038713 3.732199
v 1.757643 -0.662434 3.185932
v 1.757643 -0.752337 3.069227
v 1.722353 0.102072 3.804455
v 1.350023 0.102072 3.804455
v 1.279617 -0.662434 3.185932
v 1.279618 -0.038713 3.732199
v 3.036251 -0.662434 3.185932
v 2.663920 -0.038713 3.732199
v 3.036251 -0.038714 3.732199
v 2.628630 -0.662434 3.185932
v 2.193137 -0.038713 3.732199
v 2.193137 -0.662434 3.185932
v 2.628630 -0.752338 3.069227
v 2.193137 -0.752338 3.069227
v 2.663920 0.102072 3.804455
v 3.036251 0.102072 3.804455
v 3.106656 -0.662434 3.185932
v 3.106656 -0.038714 3.732199
v 1.350023 -0.502748 3.065514
v 1.722353 0.051853 3.553879
v 1.350023 0.051853 3.553879
v 1.757643 -0.502748 3.065514
v 1.757643 -0.585246 2.959316
v 1.722353 0.174108 3.617878
v 1.350023 0.174108 3.617878
v 1.279617 -0.502748 3.065514
v 1.279618 0.051853 3.553879
v 3.036251 -0.502748 3.065514
v 2.663920 0.051853 3.553879
v 3.036251 0.051853 3.553879
v 2.628630 -0.502748 3.065514
v 2.193137 0.051853 3.553879
v 2.193137 -0.502748 3.065514
v 2.628630 -0.585246 2.959316
v 2.193137 -0.585246 2.959316
v 2.663920 0.174108 3.617878
v 3.036251 0.174108 3.617878
v 3.106656 -0.502748 3.065514
v 3.106656 0.051853 3.553879
v 1.350023 -1.127499 2.271459
v 1.722353 -0.774337 3.031538
v 1.350023 -0.774337 3.031538
v 1.757643 -1.127499 2.271459
v 1.757643 -1.169222 2.130170
v 1.722353 -0.682445 3.159955
v 1.350023 -0.682446 3.159955
v 1.279617 -1.127499 2.271459
v 1.279617 -0.774337 3.031538
v 3.036251 -1.127499 2.271459
v 2.663920 -0.774337 3.031538
v 3.036251 -0.774337 3.031538
v 2.628630 -1.127499 2.271459
v 2.193137 -0.774337 3.031538
v 2.193137 -1.127499 2.271459
v 2.628630 -1.169222 2.130170
v 2.193137 -1.169222 2.130170
v 2.663920 -0.682446 3.159955
v 3.036251 -0.682446 3.159955
v 3.106656 -1.127499 2.271459
v 3.106656 -0.774337 3.031538
v 1.350023 -0.938422 2.206267
v 1.722353 -0.605608 2.924158
v 1.350023 -0.605608 2.924158
v 1.757643 -0.938422 2.206267
v 1.757643 -0.978444 2.070141
v 1.722353 -0.521053 3.041834
v 1.350023 -0.521053 3.041834
v 1.279617 -0.938422 2.206267
v 1.279617 -0.605608 2.924158
v 3.036251 -0.938422 2.206267
v 2.663920 -0.605608 2.924158
v 3.036251 -0.605608 2.924157
v 2.628630 -0.938422 2.206267
v 2.193137 -0.605608 2.924158
v 2.193137 -0.938422 2.206267
v 2.628630 -0.978444 2.070141
v 2.193137 -0.978444 2.070141
v 2.663920 -0.521053 3.041834
v 3.036251 -0.521053 3.041834
v 3.106656 -0.938422 2.206267
v 3.106656 -0.605608 2.924157
v 1.350023 -1.369673 1.270731
v 1.722353 -1.181604 2.088244
v 1.350023 -1.181603 2.088244
v 1.757643 -1.369674 1.270731
v 1.757643 -1.392403 1.125177
v 1.722353 -1.136786 2.240008
v 1.350023 -1.136786 2.240008
v 1.279618 -1.369673 1.270731
v 1.279617 -1.181603 2.088244
v 3.036251 -1.369674 1.270731
v 2.663920 -1.181604 2.088244
v 3.036251 -1.181604 2.088244
v 2.628630 -1.369674 1.270731
v 2.193137 -1.181604 2.088244
v 2.193137 -1.369674 1.270731
v 2.628630 -1.392403 1.125177
v 2.193137 -1.392403 1.125177
v 2.663920 -1.136786 2.240008
v 3.036251 -1.136786 2.240008
v 3.106656 -1.369674 1.270731
v 3.106656 -1.181604 2.088244
v 1.350023 -1.172480 1.237347
v 1.722353 -0.990347 2.029755
v 1.350023 -0.990347 2.029755
v 1.757643 -1.172480 1.237347
v 1.757643 -1.194642 1.095330
v 1.722353 -0.947318 2.175962
v 1.350023 -0.947318 2.175962
v 1.279618 -1.172479 1.237347
v 1.279617 -0.990347 2.029755
v 3.036251 -1.172480 1.237347
v 2.663920 -0.990347 2.029755
v 3.036251 -0.990347 2.029755
v 2.628630 -1.172480 1.237347
v 2.193137 -0.990347 2.029755
v 2.193137 -1.172480 1.237347
v 2.628630 -1.194642 1.095330
v 2.193137 -1.194642 1.095330
v 2.663920 -0.947318 2.175962
v 3.036251 -0.947319 2.175962
v 3.106656 -1.172480 1.237347
v 3.106656 -0.990347 2.029755
v 1.350023 -1.481332 0.246663
v 1.722353 -1.399148 1.081982
v 1.350023 -1.399148 1.081982
v 1.757643 -1.481332 0.246663
v 1.757643 -1.488537 0.099544
v 1.722353 -1.374733 1.238333
v 1.350023 -1.374733 1.238333
v 1.279618 -1.481332 0.246663
v 1.279618 -1.399148 1.081982
v 3.036251 -1.481332 0.246662
v 2.663920 -1.399148 1.081982
v 3.036251 -1.399148 1.081982
v 2.628630 -1.481332 0.246662
v 2.193137 -1.399148 1.081982
v 2.193137 -1.481332 0.246662
v 2.628630 -1.488537 0.099544
v 2.193137 -1.488537 0.099544
v 2.663920 -1.374733 1.238333
v 3.036251 -1.374733 1.238333
v 3.106656 -1.481332 0.246662
v 3.106656 -1.399148 1.081982
v 1.350023 -1.281639 0.235572
v 1.722353 -1.201232 1.053186
v 1.350023 -1.201232 1.053186
v 1.757643 -1.281640 0.235572
v 1.757643 -1.288682 0.091944
v 1.722353 -1.177407 1.205735
v 1.350023 -1.177407 1.205735
v 1.279617 -1.281639 0.235572
v 1.279618 -1.201232 1.053186
v 3.036251 -1.281640 0.235572
v 2.663920 -1.201232 1.053186
v 3.036251 -1.201232 1.053186
v 2.628630 -1.281640 0.235572
v 2.193137 -1.201232 1.053186
v 2.193137 -1.281640 0.235572
v 2.628630 -1.288682 0.091944
v 2.193137 -1.288682 0.091944
v 2.663920 -1.177407 1.205735
v 3.036251 -1.177407 1.205735
v 3.106656 -1.281640 0.235572
v 3.106656 -1.201232 1.053186
v 1.350023 -1.459252 -0.782265
v 1.722353 -1.489835 0.055846
v 1.350023 -1.489834 0.055846
v 1.757643 -1.459252 -0.782265
v 1.757643 -1.442734 -0.928608
v 1.722353 -1.483479 0.213942
v 1.350023 -1.483479 0.213942
v 1.279617 -1.459252 -0.782265
v 1.279618 -1.489834 0.055846
v 3.036251 -1.459252 -0.782265
v 2.663920 -1.489835 0.055846
v 3.036251 -1.489835 0.055846
v 2.628630 -1.459252 -0.782265
v 2.193137 -1.489835 0.055846
v 2.193137 -1.459252 -0.782265
v 2.628630 -1.442734 -0.928608
v 2.193137 -1.442734 -0.928608
v 2.663920 -1.483479 0.213942
v 3.036251 -1.483479 0.213942
v 3.106656 -1.459252 -0.782265
v 3.106656 -1.489835 0.055846
v 1.350023 -1.260481 -0.760131
v 1.722353 -1.289936 0.049476
v 1.350023 -1.289936 0.049476
v 1.757643 -1.260481 -0.760131
v 1.757643 -1.244556 -0.901677
v 1.722353 -1.283751 0.203503
v 1.350023 -1.283751 0.203503
v 1.279617 -1.260481 -0.760131
v 1.279618 -1.289936 0.049476
v 3.036251 -1.260481 -0.760132
v 2.663920 -1.289936 0.049476
v 3.036251 -1.289936 0.049476
v 2.628630 -1.260481 -0.760132
v 2.193137 -1.289936 0.049476
v 2.193137 -1.260481 -0.760132
v 2.628630 -1.244556 -0.901677
v 2.193137 -1.244556 -0.901677
v 2.663920 -1.283752 0.203503
v 3.036251 -1.283752 0.203503
v 3.106656 -1.260481 -0.760132
v 3.106656 -1.289936 0.049476
v 1.350023 -1.268306 -1.794068
v 1.722353 -1.435691 -0.971753
v 1.350023 -1.435690 -0.971753
v 1.757643 -1.268306 -1.794068
v 1.757643 -1.225372 -1.934993
v 1.722353 -1.456005 -0.814895
v 1.350023 -1.456005 -0.814895
v 1.279617 -1.268306 -1.794068
v 1.279618 -1.435690 -0.971753
v 3.036251 -1.268306 -1.794069
v 2.663920 -1.435691 -0.971753
v 3.036251 -1.435691 -0.971753
v 2.628630 -1.268306 -1.794069
v 2.193137 -1.435691 -0.971753
v 2.193137 -1.268306 -1.794069
v 2.628630 -1.225372 -1.934993
v 2.193137 -1.225372 -1.934993
v 2.663920 -1.456005 -0.814895
v 3.036251 -1.456005 -0.814895
v 3.106656 -1.268306 -1.794069
v 3.106656 -1.435691 -0.971753
v 1.350023 -1.075298 -1.741649
v 1.722353 -1.237688 -0.943554
v 1.350023 -1.237688 -0.943553
v 1.757643 -1.075298 -1.741649
v 1.757643 -1.033688 -1.877922
v 1.722353 -1.257358 -0.791662
v 1.350023 -1.257358 -0.791662
v 1.279617 -1.075298 -1.741649
v 1.279618 -1.237688 -0.943553
v 3.036251 -1.075298 -1.741649
v 2.663920 -1.237688 -0.943554
v 3.036251 -1.237689 -0.943554
v 2.628630 -1.075298 -1.741649
v 2.193137 -1.237688 -0.943554
v 2.193137 -1.075298 -1.741649
v 2.628630 -1.033688 -1.877922
v 2.193137 -1.033688 -1.877922
v 2.663920 -1.257358 -0.791662
v 3.036251 -1.257358 -0.791662
v 3.106656 -1.075298 -1.741649
v 3.106656 -1.237689 -0.943554
v 1.350023 -0.909788 -2.758425
v 1.722353 -1.212632 -1.976812
v 1.350023 -1.212632 -1.976812
v 1.757643 -0.909788 -2.758425
v 1.757643 -0.841622 -2.889025
v 1.722353 -1.258750 -1.825436
v 1.350023 -1.258750 -1.825436
v 1.279617 -0.909788 -2.758425
v 1.279617 -1.212632 -1.976812
v 3.036251 -0.909788 -2.758425
v 2.663920 -1.212632 -1.976812
v 3.036251 -1.212632 -1.976812
v 2.628630 -0.909788 -2.758425
v 2.193137 -1.212632 -1.976812
v 2.193137 -0.909788 -2.758425
v 2.628630 -0.841622 -2.889025
v 2.193137 -0.841622 -2.889025
v 2.663920 -1.258750 -1.825436
v 3.036251 -1.258750 -1.825436
v 3.106656 -0.909788 -2.758425
v 3.106656 -1.212632 -1.976812
v 1.350023 -0.730802 -2.669184
v 1.722353 -1.021362 -1.918367
v 1.350023 -1.021362 -1.918367
v 1.757643 -0.730802 -2.669184
v 1.757643 -0.666151 -2.793056
v 1.722353 -1.066027 -1.771979
v 1.350023 -1.066027 -1.771978
v 1.279618 -0.730802 -2.669184
v 1.279618 -1.021362 -1.918367
v 3.036251 -0.730802 -2.669184
v 2.663920 -1.021362 -1.918367
v 3.036251 -1.021362 -1.918367
v 2.628630 -0.730802 -2.669184
v 2.193137 -1.021362 -1.918367
v 2.193137 -0.730802 -2.669184
v 2.628630 -0.666151 -2.793056
v 2.193137 -0.666151 -2.793056
v 2.663920 -1.066027 -1.771979
v 3.036251 -1.066027 -1.771979
v 3.106656 -0.730802 -2.669184
v 3.106656 -1.021362 -1.918367
v 1.350023 -0.318553 -3.594487
v 1.722353 -0.821393 -2.927782
v 1.350023 -0.821393 -2.927782
v 1.757643 -0.318553 -3.594487
v 1.757643 -0.213836 -3.697932
v 1.722353 -0.894615 -2.787495
v 1.350023 -0.894615 -2.787495
v 1.279618 -0.318553 -3.594487
v 1.279617 -0.821393 -2.927782
v 3.036251 -0.318553 -3.594487
v 2.663920 -0.821393 -2.927782
v 3.036251 -0.821393 -2.927782
v 2.628630 -0.318553 -3.594487
v 2.193137 -0.821393 -2.927782
v 2.193137 -0.318553 -3.594487
v 2.628630 -0.213836 -3.697932
v 2.193137 -0.213836 -3.697932
v 2.663920 -0.894615 -2.787495
v 3.036251 -0.894615 -2.787495
v 3.106656 -0.318553 -3.594487
v 3.106656 -0.821393 -2.927782
v 1.350023 -0.183078 -3.447360
v 1.722353 -0.647014 -2.829843
v 1.350023 -0.647015 -2.829843
v 1.757643 -0.183077 -3.447360
v 1.757643 -0.089127 -3.541574
v 1.722353 -0.716389 -2.696745
v 1.350023 -0.716389 -2.696745
v 1.279618 -0.183077 -3.447360
v 1.279617 -0.647014 -2.829843
v 3.036251 -0.183077 -3.447360
v 2.663920 -0.647015 -2.829843
v 3.036251 -0.647015 -2.829843
v 2.628630 -0.183077 -3.447360
v 2.193137 -0.647015 -2.829843
v 2.193137 -0.183077 -3.447360
v 2.628630 -0.089127 -3.541574
v 2.193137 -0.089127 -3.541574
v 2.663920 -0.716389 -2.696745
v 3.036251 -0.716389 -2.696745
v 3.106656 -0.183077 -3.447360
v 3.106656 -0.647015 -2.829843
v 1.350023 0.591321 -4.024271
v 1.722353 -0.176934 -3.721371
v 1.350023 -0.176934 -3.721371
v 1.757643 0.591321 -4.024271
v 1.757643 0.738635 -4.025508
v 1.722353 -0.295407 -3.617716
v 1.350023 -0.295407 -3.617716
v 1.279618 0.591322 -4.024271
v 1.279618 -0.176934 -3.721371
v 3.036251 0.591321 -4.024271
v 2.663920 -0.176934 -3.721371
v 3.036251 -0.176935 -3.721371
v 2.628630 0.591321 -4.024271
v 2.193137 -0.176934 -3.721371
v 2.193137 0.591321 -4.024271
v 2.628630 0.738635 -4.025508
v 2.193137 0.738635 -4.025508
v 2.663920 -0.295408 -3.617716
v 3.036251 -0.295408 -3.617716
v 3.106656 0.591321 -4.024271
v 3.106656 -0.176935 -3.721371
v 1.350023 0.608826 -3.825038
v 1.722353 -0.056502 -3.561697
v 1.350023 -0.056502 -3.561697
v 1.757643 0.608826 -3.825038
v 1.757643 0.736231 -3.825522
v 1.722353 -0.162246 -3.468490
v 1.350023 -0.162246 -3.468490
v 1.279618 0.608826 -3.825038
v 1.279618 -0.056502 -3.561697
v 3.036251 0.608826 -3.825039
v 2.663920 -0.056502 -3.561697
v 3.036251 -0.056502 -3.561697
v 2.628630 0.608826 -3.825038
v 2.193137 -0.056502 -3.561697
v 2.193137 0.608826 -3.825038
v 2.628630 0.736231 -3.825522
v 2.193137 0.736231 -3.825522
v 2.663920 -0.162246 -3.468490
v 3.036251 -0.162247 -3.468490
v 3.106656 0.608826 -3.825039
v 3.106656 -0.056502 -3.561697
v 1.350023 1.515889 -3.693075
v 1.722353 0.782351 -4.025875
v 1.350023 0.782351 -4.025875
v 1.757643 1.515889 -3.693075
v 1.757643 1.604333 -3.575259
v 1.722353 0.624112 -4.024547
v 1.350023 0.624112 -4.024547
v 1.279618 1.515889 -3.693075
v 1.279617 0.782351 -4.025875
v 3.036251 1.515889 -3.693075
v 2.663920 0.782351 -4.025875
v 3.036251 0.782351 -4.025875
v 2.628630 1.515889 -3.693075
v 2.193137 0.782351 -4.025875
v 2.193137 1.515889 -3.693075
v 2.628630 1.604333 -3.575259
v 2.193137 1.604333 -3.575259
v 2.663920 0.624112 -4.024547
v 3.036251 0.624112 -4.024547
v 3.106656 1.515889 -3.693075
v 3.106656 0.782351 -4.025875
v 1.350023 1.362742 -3.564444
v 1.722353 0.774034 -3.826048
v 1.350023 0.774034 -3.826048
v 1.757643 1.362742 -3.564444
v 1.757643 1.434534 -3.469579
v 1.722353 0.637193 -3.824975
v 1.350023 0.637193 -3.824975
v 1.279618 1.362742 -3.564444
v 1.279617 0.774034 -3.826048
v 3.036251 1.362742 -3.564444
v 2.663920 0.774034 -3.826048
v 3.036251 0.774034 -3.826048
v 2.628630 1.362742 -3.564444
v 2.193137 0.774034 -3.826048
v 2.193137 1.362742 -3.564444
v 2.628630 1.434534 -3.469579
v 2.193137 1.434534 -3.469579
v 2.663920 0.637193 -3.824975
v 3.036251 0.637193 -3.824975
v 3.106656 1.362742 -3.564444
v 3.106656 0.774034 -3.826048
v 1.350023 1.848307 -2.734125
v 1.722353 1.628818 -3.539283
v 1.350023 1.628818 -3.539283
v 1.757643 1.848307 -2.734125
v 1.757643 1.865294 -2.587789
v 1.722353 1.535575 -3.666851
v 1.350023 1.535575 -3.666851
v 1.279617 1.848307 -2.734125
v 1.279618 1.628818 -3.539283
v 3.036251 1.848307 -2.734125
v 2.663920 1.628818 -3.539283
v 3.036251 1.628818 -3.539283
v 2.628630 1.848307 -2.734125
v 2.193137 1.628818 -3.539283
v 2.193137 1.848307 -2.734125
v 2.628630 1.865294 -2.587789
v 2.193137 1.865294 -2.587789
v 2.663920 1.535575 -3.666851
v 3.036251 1.535576 -3.666851
v 3.106656 1.848307 -2.734125
v 3.106656 1.628819 -3.539283
v 1.350023 1.649816 -2.709597
v 1.722353 1.454971 -3.440403
v 1.350023 1.454971 -3.440403
v 1.757643 1.649816 -2.709597
v 1.757643 1.666008 -2.570900
v 1.722353 1.378443 -3.543120
v 1.350023 1.378443 -3.543120
v 1.279618 1.649816 -2.709597
v 1.279618 1.454971 -3.440403
v 3.036251 1.649817 -2.709597
v 2.663920 1.454971 -3.440403
v 3.036251 1.454971 -3.440403
v 2.628630 1.649817 -2.709597
v 2.193137 1.454971 -3.440403
v 2.193137 1.649817 -2.709597
v 2.628630 1.666008 -2.570900
v 2.193137 1.666008 -2.570900
v 2.663920 1.378443 -3.543120
v 3.036251 1.378443 -3.543120
v 3.106656 1.649817 -2.709597
v 3.106656 1.454971 -3.440403
v 1.350023 1.876136 -1.704924
v 1.722353 1.869285 -2.544283
v 1.350023 1.869285 -2.544283
v 1.757643 1.876136 -1.704924
v 1.757643 1.869819 -1.557739
v 1.722353 1.852088 -2.701553
v 1.350023 1.852088 -2.701553
v 1.279617 1.876136 -1.704924
v 1.279617 1.869284 -2.544283
v 3.036251 1.876136 -1.704924
v 2.663920 1.869285 -2.544283
v 3.036251 1.869285 -2.544283
v 2.628630 1.876136 -1.704924
v 2.193137 1.869285 -2.544283
v 2.193137 1.876136 -1.704924
v 2.628630 1.869819 -1.557738
v 2.193137 1.869819 -1.557738
v 2.663920 1.852088 -2.701553
v 3.036251 1.852088 -2.701553
v 3.106656 1.876136 -1.704924
v 3.106656 1.869285 -2.544283
v 1.350023 1.676229 -1.711038
v 1.722353 1.669839 -2.529404
v 1.350023 1.669839 -2.529404
v 1.757643 1.676229 -1.711038
v 1.757643 1.669964 -1.565358
v 1.722353 1.653395 -2.678722
v 1.350023 1.653395 -2.678722
v 1.279617 1.676229 -1.711038
v 1.279618 1.669839 -2.529404
v 3.036251 1.676229 -1.711038
v 2.663920 1.669839 -2.529404
v 3.036251 1.669839 -2.529404
v 2.628630 1.676229 -1.711038
v 2.193137 1.669839 -2.529404
v 2.193137 1.676229 -1.711038
v 2.628630 1.669964 -1.565358
v 2.193137 1.669964 -1.565358
v 2.663920 1.653395 -2.678722
v 3.036251 1.653395 -2.678722
v 3.106656 1.676229 -1.711038
v 3.106656 1.669839 -2.529404
v 1.350023 1.825355 -0.675439
v 1.722353 1.867944 -1.514063
v 1.350023 1.867944 -1.514063
v 1.757643 1.825355 -0.675439
v 1.757643 1.818839 -0.528273
v 1.722353 1.874730 -1.672163
v 1.350023 1.874730 -1.672163
v 1.279618 1.825355 -0.675439
v 1.279618 1.867944 -1.514063
v 3.036251 1.825356 -0.675439
v 2.663920 1.867944 -1.514063
v 3.036251 1.867944 -1.514063
v 2.628630 1.825355 -0.675439
v 2.193137 1.867944 -1.514063
v 2.193137 1.825355 -0.675439
v 2.628630 1.818839 -0.528273
v 2.193137 1.818839 -0.528273
v 2.663920 1.874730 -1.672163
v 3.036251 1.874730 -1.672163
v 3.106656 1.825355 -0.675439
v 3.106656 1.867944 -1.514063
v 1.350023 1.625523 -0.683623
v 1.722353 1.668107 -1.522129
v 1.350023 1.668107 -1.522129
v 1.757643 1.625523 -0.683623
v 1.757643 1.618951 -0.534975
v 1.722353 1.674834 -1.678612
v 1.350023 1.674834 -1.678612
v 1.279618 1.625523 -0.683623
v 1.279618 1.668107 -1.522129
v 3.036251 1.625523 -0.683623
v 2.663920 1.668107 -1.522129
v 3.036251 1.668107 -1.522129
v 2.628630 1.625523 -0.683623
v 2.193137 1.668107 -1.522129
v 2.193137 1.625523 -0.683623
v 2.628630 1.618951 -0.534975
v 2.193137 1.618951 -0.534975
v 2.663920 1.674834 -1.678612
v 3.036250 1.674834 -1.678612
v 3.106656 1.625523 -0.683623
v 3.106656 1.668107 -1.522129
v 1.350023 1.820206 0.354998
v 1.722353 1.817852 -0.484566
v 1.350023 1.817852 -0.484566
v 1.757643 1.820206 0.354998
v 1.757643 1.823481 0.502281
v 1.722353 1.823741 -0.642689
v 1.350023 1.823740 -0.642689
v 1.279618 1.820206 0.354998
v 1.279618 1.817852 -0.484566
v 3.036251 1.820206 0.354998
v 2.663920 1.817853 -0.484566
v 3.036251 1.817853 -0.484566
v 2.628630 1.820206 0.354998
v 2.193137 1.817853 -0.484566
v 2.193137 1.820206 0.354998
v 2.628630 1.823481 0.502281
v 2.193137 1.823481 0.502281
v 2.663920 1.823741 -0.642689
v 3.036251 1.823741 -0.642689
v 3.106656 1.820206 0.354998
v 3.106656 1.817853 -0.484566
v 1.350023 1.620238 0.358568
v 1.722353 1.617941 -0.490510
v 1.350023 1.617941 -0.490510
v 1.757643 1.620238 0.358568
v 1.757643 1.623514 0.505905
v 1.722353 1.623897 -0.650598
v 1.350023 1.623897 -0.650598
v 1.279618 1.620238 0.358568
v 1.279617 1.617941 -0.490510
v 3.036251 1.620238 0.358569
v 2.663920 1.617941 -0.490510
v 3.036251 1.617941 -0.490510
v 2.628630 1.620238 0.358569
v 2.193137 1.617941 -0.490510
v 2.193137 1.620238 0.358568
v 2.628630 1.623514 0.505905
v 2.193137 1.623514 0.505905
v 2.663920 1.623897 -0.650598
v 3.036251 1.623897 -0.650598
v 3.106656 1.620238 0.358569
v 3.106656 1.617941 -0.490510
v 1.350023 1.828941 1.385631
v 1.722353 1.824453 0.545986
v 1.350023 1.824453 0.545986
v 1.757643 1.828942 1.385631
v 1.757643 1.826505 1.532912
v 1.722353 1.820935 0.387781
v 1.350023 1.820935 0.387781
v 1.279618 1.828941 1.385631
v 1.279618 1.824453 0.545986
v 3.036251 1.828942 1.385631
v 2.663920 1.824453 0.545986
v 3.036251 1.824453 0.545986
v 2.628630 1.828942 1.385631
v 2.193137 1.824453 0.545986
v 2.193137 1.828942 1.385631
v 2.628630 1.826506 1.532912
v 2.193137 1.826506 1.532912
v 2.663920 1.820935 0.387781
v 3.036251 1.820935 0.387781
v 3.106656 1.828942 1.385631
v 3.106656 1.824453 0.545986
v 1.350023 1.628980 1.381705
v 1.722353 1.624486 0.549627
v 1.350023 1.624486 0.549627
v 1.757643 1.628980 1.381705
v 1.757643 1.626598 1.526834
v 1.722353 1.620967 0.391363
v 1.350023 1.620967 0.391363
v 1.279618 1.628980 1.381705
v 1.279618 1.624486 0.549627
v 3.036251 1.628980 1.381705
v 2.663920 1.624486 0.549627
v 3.036251 1.624486 0.549627
v 2.628630 1.628980 1.381705
v 2.193137 1.624486 0.549627
v 2.193137 1.628980 1.381705
v 2.628630 1.626598 1.526834
v 2.193137 1.626598 1.526834
v 2.663920 1.620967 0.391364
v 3.036251 1.620967 0.391364
v 3.106656 1.628980 1.381705
v 3.106656 1.624486 0.549627
v 1.350023 1.760358 2.413505
v 1.722353 1.824495 1.576584
v 1.350023 1.824495 1.576584
v 1.757643 1.760358 2.413505
v 1.757643 1.733210 2.558299
v 1.722353 1.828673 1.418422
v 1.350023 1.828673 1.418422
v 1.279617 1.760358 2.413505
v 1.279618 1.824495 1.576584
v 3.036251 1.760358 2.413505
v 2.663920 1.824496 1.576584
v 3.036251 1.824496 1.576584
v 2.628630 1.760358 2.413505
v 2.193137 1.824496 1.576584
v 2.193137 1.760358 2.413505
v 2.628630 1.733210 2.558299
v 2.193137 1.733210 2.558299
v 2.663920 1.828674 1.418422
v 3.036251 1.828674 1.418422
v 3.106656 1.760358 2.413505
v 3.106656 1.824496 1.576584
v 1.350023 1.562434 2.384763
v 1.722353 1.624617 1.569617
v 1.350023 1.624617 1.569617
v 1.757643 1.562434 2.384763
v 1.757643 1.536431 2.522551
v 1.722353 1.628721 1.414069
v 1.350023 1.628721 1.414069
v 1.279617 1.562434 2.384763
v 1.279618 1.624617 1.569617
v 3.036251 1.562434 2.384764
v 2.663920 1.624617 1.569617
v 3.036251 1.624617 1.569617
v 2.628630 1.562434 2.384763
v 2.193137 1.624617 1.569617
v 2.193137 1.562434 2.384763
v 2.628630 1.536431 2.522552
v 2.193137 1.536431 2.522552
v 2.663920 1.628721 1.414069
v 3.036251 1.628721 1.414069
v 3.106656 1.562434 2.384764
v 3.106656 1.624617 1.569617
v 1.350023 1.462170 3.393180
v 1.722353 1.725127 2.601263
v 1.350023 1.725127 2.601263
v 1.757643 1.462170 3.393180
v 1.757643 1.390378 3.521425
v 1.722353 1.754384 2.445746
v 1.350023 1.754384 2.445746
v 1.279618 1.462170 3.393180
v 1.279618 1.725127 2.601263
v 3.036251 1.462170 3.393180
v 2.663920 1.725127 2.601263
v 3.036251 1.725127 2.601263
v 2.628630 1.462170 3.393180
v 2.193137 1.725127 2.601263
v 2.193137 1.462170 3.393180
v 2.628630 1.390379 3.521425
v 2.193137 1.390378 3.521425
v 2.663920 1.754384 2.445746
v 3.036251 1.754385 2.445746
v 3.106656 1.462170 3.393180
v 3.106656 1.725127 2.601263
v 1.350023 1.290412 3.290714
v 1.722353 1.528736 2.563439
v 1.350023 1.528736 2.563439
v 1.757643 1.290412 3.290714
v 1.757643 1.229529 3.402566
v 1.722353 1.556691 2.415456
v 1.350023 1.556691 2.415456
v 1.279618 1.290412 3.290714
v 1.279618 1.528736 2.563439
v 3.036251 1.290412 3.290714
v 2.663920 1.528736 2.563439
v 3.036251 1.528736 2.563439
v 2.628630 1.290412 3.290714
v 2.193137 1.528736 2.563439
v 2.193137 1.290412 3.290714
v 2.628630 1.229529 3.402566
v 2.193137 1.229529 3.402566
v 2.663920 1.556691 2.415456
v 3.036251 1.556692 2.415456
v 3.106656 1.290412 3.290714
v 3.106656 1.528736 2.563439
v 1.350023 0.635235 3.902807
v 1.722353 1.360233 3.553087
v 1.350023 1.360233 3.553087
v 1.757643 0.635235 3.902807
v 1.757643 0.489446 3.898172
v 1.722353 1.446692 3.422091
v 1.350023 1.446692 3.422091
v 1.279618 0.635235 3.902807
v 1.279618 1.360233 3.553087
v 3.036251 0.635235 3.902807
v 2.663920 1.360233 3.553087
v 3.036251 1.360233 3.553087
v 2.628630 0.635235 3.902807
v 2.193137 1.360233 3.553087
v 2.193137 0.635235 3.902807
v 2.628630 0.489446 3.898172
v 2.193137 0.489446 3.898172
v 2.663920 1.446692 3.422091
v 3.036251 1.446692 3.422091
v 3.106656 0.635234 3.902807
v 3.106656 1.360233 3.553087
v 1.350023 0.631302 3.702846
v 1.722353 1.204628 3.427440
v 1.350023 1.204628 3.427440
v 1.757643 0.631302 3.702846
v 1.757643 0.510127 3.699244
v 1.722353 1.277140 3.316016
v 1.350023 1.277140 3.316016
v 1.279618 0.631302 3.702845
v 1.279618 1.204628 3.427440
v 3.036251 0.631302 3.702846
v 2.663920 1.204628 3.427440
v 3.036251 1.204628 3.427440
v 2.628630 0.631302 3.702846
v 2.193137 1.204628 3.427440
v 2.193137 0.631302 3.702846
v 2.628630 0.510127 3.699244
v 2.193137 0.510127 3.699244
v 2.663920 1.277140 3.316016
v 3.036251 1.277140 3.316016
v 3.106656 0.631302 3.702846
v 3.106656 1.204628 3.427440
v -1.350024 0.131245 3.819428
v -1.722354 0.953332 3.854156
v -1.350023 0.953332 3.854155
v -1.757643 0.131245 3.819428
v -1.757643 0.000182 3.752161
v -1.722354 1.095607 3.784879
v -1.350024 1.095607 3.784879
v -1.279618 0.131245 3.819428
v -1.279618 0.953332 3.854155
v -3.036251 0.131245 3.819428
v -2.663921 0.953332 3.854156
v -3.036251 0.953332 3.854156
v -2.628631 0.131245 3.819428
v -2.193137 0.953332 3.854156
v -2.193137 0.131245 3.819428
v -2.628631 0.000181 3.752161
v -2.193137 0.000181 3.752161
v -2.663921 1.095607 3.784879
v -3.036251 1.095607 3.784879
v -3.106656 0.131245 3.819428
v -3.106657 0.953332 3.854156
v -1.350024 0.199343 3.631378
v -1.722354 0.886486 3.665657
v -1.350023 0.886486 3.665657
v -1.757644 0.199343 3.631378
v -1.757643 0.085714 3.571373
v -1.722354 0.995312 3.611845
v -1.350024 0.995312 3.611845
v -1.279618 0.199343 3.631378
v -1.279618 0.886486 3.665657
v -3.036251 0.199343 3.631378
v -2.663921 0.886486 3.665657
v -3.036251 0.886486 3.665657
v -2.628631 0.199343 3.631378
v -2.193137 0.886486 3.665657
v -2.193137 0.199343 3.631378
v -2.628631 0.085714 3.571373
v -2.193137 0.085714 3.571373
v -2.663921 0.995312 3.611845
v -3.036251 0.995312 3.611845
v -3.106656 0.199343 3.631378
v -3.106657 0.886486 3.665658
v -1.350023 -0.662434 3.185932
v -1.722354 -0.038713 3.732199
v -1.350024 -0.038713 3.732199
v -1.757643 -0.662434 3.185932
v -1.757643 -0.752337 3.069228
v -1.722354 0.102072 3.804455
v -1.350024 0.102072 3.804455
v -1.279618 -0.662434 3.185932
v -1.279618 -0.038713 3.732199
v -3.036251 -0.662434 3.185932
v -2.663921 -0.038713 3.732199
v -3.036251 -0.038714 3.732199
v -2.628631 -0.662434 3.185932
v -2.193137 -0.038713 3.732199
v -2.193137 -0.662434 3.185932
v -2.628631 -0.752338 3.069228
v -2.193137 -0.752338 3.069228
v -2.663921 0.102072 3.804455
v -3.036251 0.102072 3.804455
v -3.106656 -0.662434 3.185932
v -3.106656 -0.038714 3.732199
v -1.350023 -0.502748 3.065515
v -1.722354 0.051853 3.553880
v -1.350024 0.051853 3.553880
v -1.757643 -0.502748 3.065515
v -1.757643 -0.585246 2.959317
v -1.722354 0.174108 3.617879
v -1.350024 0.174108 3.617879
v -1.279618 -0.502748 3.065515
v -1.279618 0.051853 3.553880
v -3.036251 -0.502748 3.065515
v -2.663921 0.051853 3.553880
v -3.036251 0.051853 3.553880
v -2.628631 -0.502748 3.065515
v -2.193137 0.051853 3.553880
v -2.193137 -0.502748 3.065515
v -2.628631 -0.585246 2.959317
v -2.193137 -0.585246 2.959317
v -2.663921 0.174108 3.617879
v -3.036251 0.174108 3.617879
v -3.106657 -0.502748 3.065515
v -3.106656 0.051853 3.553880
v -1.350023 -1.127499 2.271459
v -1.722354 -0.774337 3.031538
v -1.350023 -0.774337 3.031538
v -1.757643 -1.127499 2.271459
v -1.757643 -1.169222 2.130171
v -1.722354 -0.682445 3.159955
v -1.350023 -0.682446 3.159955
v -1.279618 -1.127499 2.271459
v -1.279618 -0.774337 3.031538
v -3.036251 -1.127499 2.271459
v -2.663921 -0.774337 3.031538
v -3.036251 -0.774337 3.031538
v -2.628631 -1.127499 2.271459
v -2.193137 -0.774337 3.031538
v -2.193137 -1.127499 2.271459
v -2.628631 -1.169222 2.130171
v -2.193137 -1.169222 2.130171
v -2.663921 -0.682446 3.159955
v -3.036251 -0.682446 3.159955
v -3.106656 -1.127499 2.271459
v -3.106656 -0.774337 3.031538
v -1.350024 -0.938422 2.206267
v -1.722354 -0.605608 2.924158
v -1.350023 -0.605608 2.924158
v -1.757643 -0.938422 2.206267
v -1.757644 -0.978444 2.070142
v -1.722354 -0.521053 3.041835
v -1.350023 -0.521053 3.041835
v -1.279618 -0.938422 2.206267
v -1.279618 -0.605608 2.924158
v -3.036251 -0.938422 2.206267
v -2.663921 -0.605608 2.924158
v -3.036251 -0.605608 2.924158
v -2.628631 -0.938422 2.206267
v -2.193137 -0.605608 2.924158
v -2.193137 -0.938422 2.206267
v -2.628631 -0.978444 2.070142
v -2.193137 -0.978444 2.070142
v -2.663921 -0.521053 3.041834
v -3.036251 -0.521053 3.041834
v -3.106657 -0.938422 2.206267
v -3.106656 -0.605608 2.924158
v -1.350024 -1.369673 1.270732
v -1.722354 -1.181604 2.088244
v -1.350023 -1.181603 2.088244
v -1.757643 -1.369674 1.270732
v -1.757643 -1.392403 1.125178
v -1.722354 -1.136786 2.240009
v -1.350024 -1.136786 2.240009
v -1.279618 -1.369673 1.270732
v -1.279618 -1.181603 2.088244
v -3.036251 -1.369674 1.270732
v -2.663921 -1.181604 2.088244
v -3.036251 -1.181604 2.088244
v -2.628631 -1.369674 1.270732
v -2.193137 -1.181604 2.088244
v -2.193137 -1.369674 1.270732
v -2.628631 -1.392403 1.125178
v -2.193137 -1.392403 1.125178
v -2.663921 -1.136786 2.240009
v -3.036251 -1.136786 2.240009
v -3.106656 -1.369674 1.270732
v -3.106657 -1.181604 2.088244
v -1.350024 -1.172480 1.237348
v -1.722354 -0.990347 2.029756
v -1.350023 -0.990347 2.029756
v -1.757644 -1.172480 1.237348
v -1.757644 -1.194642 1.095330
v -1.722354 -0.947318 2.175962
v -1.350024 -0.947318 2.175962
v -1.279618 -1.172479 1.237348
v -1.279618 -0.990347 2.029756
v -3.036251 -1.172480 1.237347
v -2.663921 -0.990347 2.029756
v -3.036251 -0.990347 2.029756
v -2.628631 -1.172480 1.237348
v -2.193137 -0.990347 2.029756
v -2.193137 -1.172480 1.237348
v -2.628631 -1.194642 1.095330
v -2.193137 -1.194642 1.095330
v -2.663921 -0.947318 2.175962
v -3.036251 -0.947319 2.175962
v -3.106657 -1.172480 1.237347
v -3.106656 -0.990347 2.029756
v -1.350024 -1.481332 0.246663
v -1.722354 -1.399148 1.081983
v -1.350024 -1.399148 1.081983
v -1.757643 -1.481332 0.246663
v -1.757643 -1.488537 0.099544
v -1.722354 -1.374733 1.238333
v -1.350024 -1.374733 1.238333
v -1.279618 -1.481332 0.246663
v -1.279618 -1.399148 1.081983
v -3.036251 -1.481332 0.246663
v -2.663921 -1.399148 1.081983
v -3.036251 -1.399148 1.081983
v -2.628631 -1.481332 0.246663
v -2.193137 -1.399148 1.081983
v -2.193137 -1.481332 0.246663
v -2.628631 -1.488537 0.099544
v -2.193137 -1.488537 0.099544
v -2.663921 -1.374733 1.238333
v -3.036251 -1.374733 1.238333
v -3.106656 -1.481332 0.246663
v -3.106656 -1.399148 1.081983
v -1.350023 -1.281639 0.235572
v -1.722354 -1.201232 1.053187
v -1.350024 -1.201232 1.053187
v -1.757644 -1.281640 0.235572
v -1.757644 -1.288682 0.091944
v -1.722354 -1.177407 1.205735
v -1.350023 -1.177407 1.205736
v -1.279618 -1.281639 0.235572
v -1.279618 -1.201232 1.053187
v -3.036251 -1.281640 0.235572
v -2.663921 -1.201232 1.053186
v -3.036251 -1.201232 1.053186
v -2.628631 -1.281640 0.235572
v -2.193137 -1.201232 1.053187
v -2.193137 -1.281640 0.235572
v -2.628631 -1.288682 0.091944
v -2.193137 -1.288682 0.091944
v -2.663921 -1.177407 1.205735
v -3.036251 -1.177407 1.205735
v -3.106656 -1.281640 0.235572
v -3.106656 -1.201232 1.053186
v -1.350023 -1.459252 -0.782264
v -1.722354 -1.489835 0.055847
v -1.350024 -1.489834 0.055847
v -1.757643 -1.459252 -0.782264
v -1.757644 -1.442734 -0.928607
v -1.722354 -1.483479 0.213942
v -1.350024 -1.483479 0.213942
v -1.279618 -1.459252 -0.782264
v -1.279618 -1.489834 0.055847
v -3.036251 -1.459252 -0.782265
v -2.663921 -1.489835 0.055847
v -3.036251 -1.489835 0.055847
v -2.628631 -1.459252 -0.782265
v -2.193137 -1.489835 0.055847
v -2.193137 -1.459252 -0.782264
v -2.628631 -1.442734 -0.928607
v -2.193137 -1.442734 -0.928607
v -2.663921 -1.483479 0.213942
v -3.036251 -1.483479 0.213942
v -3.106657 -1.459252 -0.782265
v -3.106656 -1.489835 0.055847
v -1.350023 -1.260481 -0.760131
v -1.722354 -1.289936 0.049477
v -1.350024 -1.289936 0.049477
v -1.757643 -1.260481 -0.760131
v -1.757644 -1.244556 -0.901676
v -1.722354 -1.283751 0.203504
v -1.350024 -1.283751 0.203504
v -1.279618 -1.260481 -0.760131
v -1.279618 -1.289936 0.049477
v -3.036251 -1.260481 -0.760131
v -2.663921 -1.289936 0.049477
v -3.036251 -1.289936 0.049477
v -2.628631 -1.260481 -0.760131
v -2.193137 -1.289936 0.049477
v -2.193137 -1.260481 -0.760131
v -2.628631 -1.244556 -0.901676
v -2.193137 -1.244556 -0.901676
v -2.663921 -1.283752 0.203504
v -3.036251 -1.283752 0.203504
v -3.106657 -1.260481 -0.760131
v -3.106656 -1.289936 0.049477
v -1.350023 -1.268306 -1.794068
v -1.722354 -1.435691 -0.971752
v -1.350024 -1.435690 -0.971752
v -1.757643 -1.268306 -1.794068
v -1.757643 -1.225372 -1.934993
v -1.722354 -1.456005 -0.814894
v -1.350024 -1.456005 -0.814894
v -1.279618 -1.268306 -1.794068
v -1.279618 -1.435690 -0.971752
v -3.036251 -1.268306 -1.794068
v -2.663921 -1.435691 -0.971752
v -3.036251 -1.435691 -0.971752
v -2.628631 -1.268306 -1.794068
v -2.193137 -1.435691 -0.971752
v -2.193137 -1.268306 -1.794068
v -2.628631 -1.225372 -1.934993
v -2.193137 -1.225372 -1.934993
v -2.663921 -1.456005 -0.814894
v -3.036251 -1.456005 -0.814894
v -3.106657 -1.268306 -1.794068
v -3.106656 -1.435691 -0.971753
v -1.350023 -1.075298 -1.741648
v -1.722354 -1.237688 -0.943553
v -1.350024 -1.237688 -0.943553
v -1.757643 -1.075298 -1.741648
v -1.757643 -1.033688 -1.877922
v -1.722354 -1.257358 -0.791661
v -1.350023 -1.257358 -0.791661
v -1.279618 -1.075298 -1.741648
v -1.279618 -1.237688 -0.943553
v -3.036251 -1.075298 -1.741649
v -2.663921 -1.237688 -0.943553
v -3.036251 -1.237689 -0.943553
v -2.628631 -1.075298 -1.741648
v -2.193137 -1.237688 -0.943553
v -2.193137 -1.075298 -1.741648
v -2.628631 -1.033688 -1.877922
v -2.193137 -1.033688 -1.877922
v -2.663921 -1.257358 -0.791661
v -3.036251 -1.257358 -0.791661
v -3.106657 -1.075298 -1.741649
v -3.106656 -1.237689 -0.943553
v -1.350023 -0.909788 -2.758425
v -1.722354 -1.212632 -1.976812
v -1.350023 -1.212632 -1.976812
v -1.757643 -0.909788 -2.758425
v -1.757643 -0.841622 -2.889024
v -1.722354 -1.258750 -1.825436
v -1.350024 -1.258750 -1.825436
v -1.279618 -0.909788 -2.758425
v -1.279618 -1.212632 -1.976812
v -3.036251 -0.909788 -2.758425
v -2.663921 -1.212632 -1.976812
v -3.036251 -1.212632 -1.976812
v -2.628631 -0.909788 -2.758425
v -2.193137 -1.212632 -1.976812
v -2.193137 -0.909788 -2.758425
v -2.628631 -0.841622 -2.889024
v -2.193137 -0.841622 -2.889024
v -2.663921 -1.258750 -1.825436
v -3.036251 -1.258750 -1.825436
v -3.106656 -0.909788 -2.758425
v -3.106656 -1.212632 -1.976812
v -1.350024 -0.730802 -2.669184
v -1.722354 -1.021362 -1.918367
v -1.350023 -1.021362 -1.918366
v -1.757643 -0.730802 -2.669184
v -1.757643 -0.666151 -2.793056
v -1.722354 -1.066027 -1.771978
v -1.350024 -1.066027 -1.771978
v -1.279618 -0.730802 -2.669183
v -1.279618 -1.021362 -1.918366
v -3.036251 -0.730802 -2.669184
v -2.663921 -1.021362 -1.918367
v -3.036251 -1.021362 -1.918367
v -2.628631 -0.730802 -2.669184
v -2.193137 -1.021362 -1.918367
v -2.193137 -0.730802 -2.669184
v -2.628631 -0.666151 -2.793056
v -2.193137 -0.666151 -2.793056
v -2.663921 -1.066027 -1.771978
v -3.036251 -1.066027 -1.771978
v -3.106656 -0.730802 -2.669184
v -3.106656 -1.021362 -1.918367
v -1.350024 -0.318553 -3.594487
v -1.722354 -0.821393 -2.927781
v -1.350023 -0.821393 -2.927781
v -1.757643 -0.318553 -3.594487
v -1.757643 -0.213836 -3.697931
v -1.722354 -0.894615 -2.787494
v -1.350024 -0.894615 -2.787494
v -1.279618 -0.318553 -3.594487
v -1.279618 -0.821393 -2.927781
v -3.036251 -0.318553 -3.594487
v -2.663921 -0.821393 -2.927781
v -3.036251 -0.821393 -2.927781
v -2.628631 -0.318553 -3.594487
v -2.193137 -0.821393 -2.927781
v -2.193137 -0.318553 -3.594487
v -2.628631 -0.213836 -3.697931
v -2.193137 -0.213836 -3.697931
v -2.663921 -0.894615 -2.787494
v -3.036251 -0.894615 -2.787494
v -3.106656 -0.318553 -3.594487
v -3.106656 -0.821393 -2.927781
v -1.350024 -0.183078 -3.447360
v -1.722354 -0.647014 -2.829842
v -1.350023 -0.647015 -2.829842
v -1.757644 -0.183077 -3.447360
v -1.757643 -0.089127 -3.541573
v -1.722354 -0.716389 -2.696744
v -1.350024 -0.716389 -2.696744
v -1.279618 -0.183077 -3.447360
v -1.279618 -0.647014 -2.829842
v -3.036251 -0.183077 -3.447360
v -2.663921 -0.647015 -2.829842
v -3.036251 -0.647015 -2.829842
v -2.628631 -0.183077 -3.447360
v -2.193137 -0.647015 -2.829842
v -2.193137 -0.183077 -3.447360
v -2.628631 -0.089127 -3.541573
v -2.193137 -0.089127 -3.541573
v -2.663921 -0.716389 -2.696744
v -3.036251 -0.716389 -2.696744
v -3.106656 -0.183077 -3.447360
v -3.106656 -0.647015 -2.829842
v -1.350024 0.591321 -4.024270
v -1.722354 -0.176934 -3.721371
v -1.350024 -0.176934 -3.721371
v -1.757643 0.591321 -4.024271
v -1.757643 0.738635 -4.025507
v -1.722354 -0.295407 -3.617715
v -1.350024 -0.295407 -3.617715
v -1.279618 0.591322 -4.024270
v -1.279618 -0.176934 -3.721371
v -3.036251 0.591321 -4.024271
v -2.663921 -0.176934 -3.721371
v -3.036251 -0.176935 -3.721371
v -2.628631 0.591321 -4.024271
v -2.193137 -0.176934 -3.721371
v -2.193137 0.591321 -4.024271
v -2.628631 0.738635 -4.025507
v -2.193137 0.738635 -4.025507
v -2.663921 -0.295408 -3.617715
v -3.036251 -0.295408 -3.617715
v -3.106656 0.591321 -4.024271
v -3.106656 -0.176935 -3.721371
v -1.350024 0.608826 -3.825038
v -1.722354 -0.056502 -3.561696
v -1.350024 -0.056502 -3.561696
v -1.757644 0.608826 -3.825038
v -1.757643 0.736231 -3.825522
v -1.722354 -0.162246 -3.468490
v -1.350024 -0.162246 -3.468490
v -1.279618 0.608826 -3.825038
v -1.279618 -0.056502 -3.561696
v -3.036251 0.608826 -3.825038
v -2.663921 -0.056502 -3.561696
v -3.036251 -0.056502 -3.561696
v -2.628631 0.608826 -3.825038
v -2.193137 -0.056502 -3.561696
v -2.193137 0.608826 -3.825038
v -2.628631 0.736231 -3.825522
v -2.193137 0.736231 -3.825522
v -2.663921 -0.162246 -3.468490
v -3.036251 -0.162247 -3.468490
v -3.106656 0.608826 -3.825038
v -3.106656 -0.056502 -3.561696
v -1.350024 1.515889 -3.693075
v -1.722354 0.782351 -4.025874
v -1.350023 0.782351 -4.025874
v -1.757643 1.515889 -3.693075
v -1.757643 1.604333 -3.575258
v -1.722354 0.624112 -4.024546
v -1.350024 0.624112 -4.024546
v -1.279618 1.515889 -3.693075
v -1.279618 0.782351 -4.025874
v -3.036251 1.515889 -3.693075
v -2.663921 0.782351 -4.025874
v -3.036251 0.782351 -4.025874
v -2.628631 1.515889 -3.693075
v -2.193137 0.782351 -4.025874
v -2.193137 1.515889 -3.693075
v -2.628631 1.604333 -3.575258
v -2.193137 1.604333 -3.575258
v -2.663921 0.624112 -4.024546
v -3.036251 0.624112 -4.024546
v -3.106656 1.515889 -3.693075
v -3.106656 0.782351 -4.025874
v -1.350024 1.362742 -3.564443
v -1.722354 0.774034 -3.826047
v -1.350023 0.774034 -3.826047
v -1.757644 1.362742 -3.564443
v -1.757644 1.434534 -3.469579
v -1.722354 0.637193 -3.824974
v -1.350024 0.637193 -3.824974
v -1.279618 1.362742 -3.564443
v -1.279618 0.774034 -3.826047
v -3.036251 1.362742 -3.564443
v -2.663921 0.774034 -3.826047
v -3.036251 0.774034 -3.826047
v -2.628631 1.362742 -3.564443
v -2.193137 0.774034 -3.826047
v -2.193137 1.362742 -3.564443
v -2.628631 1.434534 -3.469579
v -2.193137 1.434534 -3.469579
v -2.663921 0.637193 -3.824974
v -3.036251 0.637193 -3.824974
v -3.106656 1.362742 -3.564443
v -3.106656 0.774034 -3.826047
v -1.350024 1.848307 -2.734125
v -1.722354 1.628818 -3.539283
v -1.350024 1.628818 -3.539283
v -1.757643 1.848307 -2.734125
v -1.757643 1.865294 -2.587788
v -1.722354 1.535575 -3.666851
v -1.350024 1.535575 -3.666851
v -1.279618 1.848307 -2.734125
v -1.279618 1.628818 -3.539283
v -3.036251 1.848307 -2.734125
v -2.663921 1.628818 -3.539283
v -3.036251 1.628818 -3.539283
v -2.628631 1.848307 -2.734125
v -2.193137 1.628818 -3.539283
v -2.193137 1.848307 -2.734125
v -2.628631 1.865294 -2.587788
v -2.193137 1.865294 -2.587788
v -2.663921 1.535575 -3.666851
v -3.036251 1.535576 -3.666851
v -3.106656 1.848307 -2.734125
v -3.106656 1.628819 -3.539283
v -1.350024 1.649816 -2.709597
v -1.722354 1.454971 -3.440403
v -1.350024 1.454971 -3.440403
v -1.757643 1.649816 -2.709596
v -1.757644 1.666008 -2.570900
v -1.722354 1.378443 -3.543120
v -1.350024 1.378443 -3.543120
v -1.279618 1.649816 -2.709597
v -1.279618 1.454971 -3.440403
v -3.036251 1.649817 -2.709596
v -2.663921 1.454971 -3.440403
v -3.036251 1.454971 -3.440403
v -2.628631 1.649817 -2.709596
v -2.193137 1.454971 -3.440403
v -2.193137 1.649817 -2.709596
v -2.628631 1.666008 -2.570900
v -2.193137 1.666008 -2.570900
v -2.663921 1.378443 -3.543120
v -3.036251 1.378443 -3.543120
v -3.106656 1.649817 -2.709596
v -3.106657 1.454971 -3.440403
v -1.350023 1.876136 -1.704923
v -1.722354 1.869285 -2.544282
v -1.350023 1.869285 -2.544282
v -1.757643 1.876136 -1.704923
v -1.757643 1.869819 -1.557738
v -1.722354 1.852088 -2.701552
v -1.350024 1.852088 -2.701552
v -1.279618 1.876136 -1.704923
v -1.279618 1.869284 -2.544282
v -3.036251 1.876136 -1.704923
v -2.663921 1.869285 -2.544282
v -3.036251 1.869285 -2.544282
v -2.628631 1.876136 -1.704923
v -2.193137 1.869285 -2.544282
v -2.193137 1.876136 -1.704923
v -2.628631 1.869819 -1.557738
v -2.193137 1.869819 -1.557738
v -2.663921 1.852088 -2.701552
v -3.036251 1.852088 -2.701552
v -3.106657 1.876136 -1.704923
v -3.106656 1.869285 -2.544282
v -1.350023 1.676229 -1.711038
v -1.722354 1.669839 -2.529403
v -1.350024 1.669839 -2.529404
v -1.757643 1.676229 -1.711038
v -1.757644 1.669964 -1.565357
v -1.722354 1.653395 -2.678722
v -1.350024 1.653395 -2.678722
v -1.279618 1.676229 -1.711038
v -1.279618 1.669839 -2.529404
v -3.036251 1.676229 -1.711038
v -2.663921 1.669839 -2.529403
v -3.036251 1.669839 -2.529403
v -2.628631 1.676229 -1.711038
v -2.193137 1.669839 -2.529403
v -2.193137 1.676229 -1.711038
v -2.628631 1.669964 -1.565357
v -2.193137 1.669964 -1.565357
v -2.663921 1.653395 -2.678722
v -3.036251 1.653395 -2.678722
v -3.106657 1.676229 -1.711038
v -3.106656 1.669839 -2.529403
v -1.350024 1.825355 -0.675439
v -1.722354 1.867944 -1.514063
v -1.350024 1.867944 -1.514063
v -1.757643 1.825355 -0.675439
v -1.757643 1.818839 -0.528273
v -1.722354 1.874730 -1.672162
v -1.350024 1.874730 -1.672162
v -1.279618 1.825355 -0.675439
v -1.279618 1.867944 -1.514063
v -3.036251 1.825356 -0.675439
v -2.663921 1.867944 -1.514063
v -3.036251 1.867944 -1.514063
v -2.628631 1.825355 -0.675439
v -2.193137 1.867944 -1.514063
v -2.193137 1.825355 -0.675439
v -2.628631 1.818839 -0.528273
v -2.193137 1.818839 -0.528273
v -2.663921 1.874730 -1.672162
v -3.036251 1.874730 -1.672162
v -3.106656 1.825355 -0.675439
v -3.106656 1.867944 -1.514063
v -1.350024 1.625523 -0.683622
v -1.722354 1.668107 -1.522128
v -1.350024 1.668107 -1.522128
v -1.757644 1.625523 -0.683622
v -1.757643 1.618951 -0.534974
v -1.722354 1.674834 -1.678612
v -1.350024 1.674834 -1.678612
v -1.279618 1.625523 -0.683622
v -1.279618 1.668107 -1.522128
v -3.036251 1.625523 -0.683622
v -2.663921 1.668107 -1.522128
v -3.036251 1.668107 -1.522128
v -2.628631 1.625523 -0.683622
v -2.193137 1.668107 -1.522128
v -2.193137 1.625523 -0.683622
v -2.628631 1.618951 -0.534974
v -2.193137 1.618951 -0.534974
v -2.663921 1.674834 -1.678612
v -3.036251 1.674834 -1.678612
v -3.106656 1.625523 -0.683622
v -3.106656 1.668107 -1.522128
v -1.350024 1.820206 0.354998
v -1.722354 1.817852 -0.484566
v -1.350024 1.817852 -0.484566
v -1.757643 1.820206 0.354998
v -1.757643 1.823481 0.502281
v -1.722354 1.823741 -0.642688
v -1.350024 1.823740 -0.642688
v -1.279618 1.820206 0.354998
v -1.279618 1.817852 -0.484566
v -3.036251 1.820206 0.354998
v -2.663921 1.817853 -0.484566
v -3.036251 1.817853 -0.484566
v -2.628631 1.820206 0.354998
v -2.193137 1.817853 -0.484566
v -2.193137 1.820206 0.354998
v -2.628631 1.823481 0.502281
v -2.193137 1.823481 0.502281
v -2.663921 1.823741 -0.642688
v -3.036251 1.823741 -0.642688
v -3.106656 1.820206 0.354998
v -3.106656 1.817853 -0.484566
v -1.350024 1.620238 0.358569
v -1.722354 1.617941 -0.490510
v -1.350024 1.617941 -0.490510
v -1.757644 1.620238 0.358569
v -1.757643 1.623514 0.505906
v -1.722354 1.623897 -0.650597
v -1.350024 1.623897 -0.650597
v -1.279618 1.620238 0.358569
v -1.279618 1.617941 -0.490510
v -3.036251 1.620238 0.358569
v -2.663921 1.617941 -0.490510
v -3.036251 1.617941 -0.490510
v -2.628631 1.620238 0.358569
v -2.193137 1.617941 -0.490510
v -2.193137 1.620238 0.358569
v -2.628631 1.623514 0.505906
v -2.193137 1.623514 0.505906
v -2.663921 1.623897 -0.650597
v -3.036251 1.623897 -0.650597
v -3.106656 1.620238 0.358569
v -3.106657 1.617941 -0.490510
v -1.350024 1.828941 1.385632
v -1.722354 1.824453 0.545987
v -1.350024 1.824453 0.545987
v -1.757643 1.828942 1.385632
v -1.757643 1.826505 1.532913
v -1.722354 1.820935 0.387781
v -1.350024 1.820935 0.387781
v -1.279618 1.828941 1.385632
v -1.279618 1.824453 0.545987
v -3.036251 1.828942 1.385632
v -2.663921 1.824453 0.545987
v -3.036251 1.824453 0.545987
v -2.628631 1.828942 1.385632
v -2.193137 1.824453 0.545987
v -2.193137 1.828942 1.385632
v -2.628631 1.826506 1.532913
v -2.193137 1.826506 1.532913
v -2.663921 1.820935 0.387781
v -3.036251 1.820935 0.387782
v -3.106656 1.828942 1.385632
v -3.106656 1.824453 0.545987
v -1.350024 1.628980 1.381705
v -1.722354 1.624486 0.549627
v -1.350024 1.624486 0.549627
v -1.757644 1.628980 1.381705
v -1.757644 1.626598 1.526834
v -1.722354 1.620967 0.391364
v -1.350024 1.620967 0.391364
v -1.279618 1.628980 1.381705
v -1.279618 1.624486 0.549627
v -3.036251 1.628980 1.381705
v -2.663921 1.624486 0.549627
v -3.036251 1.624486 0.549627
v -2.628631 1.628980 1.381705
v -2.193137 1.624486 0.549627
v -2.193137 1.628980 1.381705
v -2.628631 1.626598 1.526834
v -2.193137 1.626598 1.526834
v -2.663921 1.620967 0.391364
v -3.036251 1.620967 0.391364
v -3.106656 1.628980 1.381705
v -3.106656 1.624486 0.549627
v -1.350023 1.760358 2.413506
v -1.722354 1.824495 1.576584
v -1.350024 1.824495 1.576584
v -1.757643 1.760358 2.413506
v -1.757643 1.733210 2.558300
v -1.722354 1.828673 1.418422
v -1.350024 1.828673 1.418422
v -1.279618 1.760358 2.413506
v -1.279618 1.824495 1.576584
v -3.036251 1.760358 2.413506
v -2.663921 1.824496 1.576585
v -3.036251 1.824496 1.576585
v -2.628631 1.760358 2.413506
v -2.193137 1.824496 1.576585
v -2.193137 1.760358 2.413506
v -2.628631 1.733210 2.558300
v -2.193137 1.733210 2.558300
v -2.663921 1.828674 1.418422
v -3.036251 1.828674 1.418422
v -3.106657 1.760358 2.413506
v -3.106656 1.824496 1.576585
v -1.350023 1.562434 2.384764
v -1.722354 1.624617 1.569617
v -1.350024 1.624617 1.569617
v -1.757643 1.562434 2.384764
v -1.757643 1.536431 2.522552
v -1.722354 1.628721 1.414070
v -1.350024 1.628721 1.414070
v -1.279618 1.562434 2.384764
v -1.279618 1.624617 1.569617
v -3.036251 1.562434 2.384764
v -2.663921 1.624617 1.569618
v -3.036251 1.624617 1.569618
v -2.628631 1.562434 2.384764
v -2.193137 1.624617 1.569617
v -2.193137 1.562434 2.384764
v -2.628631 1.536431 2.522552
v -2.193137 1.536431 2.522552
v -2.663921 1.628721 1.414070
v -3.036251 1.628721 1.414070
v -3.106656 1.562434 2.384764
v -3.106657 1.624617 1.569618
v -1.350024 1.462170 3.393180
v -1.722354 1.725127 2.601264
v -1.350024 1.725127 2.601264
v -1.757643 1.462170 3.393180
v -1.757643 1.390378 3.521426
v -1.722354 1.754384 2.445747
v -1.350024 1.754384 2.445747
v -1.279618 1.462170 3.393180
v -1.279618 1.725127 2.601264
v -3.036251 1.462170 3.393181
v -2.663921 1.725127 2.601264
v -3.036251 1.725127 2.601264
v -2.628631 1.462170 3.393181
v -2.193137 1.725127 2.601264
v -2.193137 1.462170 3.393181
v -2.628631 1.390379 3.521426
v -2.193137 1.390378 3.521426
v -2.663921 1.754384 2.445747
v -3.036251 1.754385 2.445747
v -3.106656 1.462170 3.393181
v -3.106656 1.725127 2.601264
v -1.350024 1.290412 3.290714
v -1.722354 1.528736 2.563440
v -1.350024 1.528736 2.563440
v -1.757644 1.290412 3.290714
v -1.757644 1.229529 3.402566
v -1.722354 1.556691 2.415457
v -1.350024 1.556691 2.415457
v -1.279618 1.290412 3.290714
v -1.279618 1.528736 2.563440
v -3.036251 1.290412 3.290715
v -2.663921 1.528736 2.563440
v -3.036251 1.528736 2.563440
v -2.628631 1.290412 3.290715
v -2.193137 1.528736 2.563440
v -2.193137 1.290412 3.290715
v -2.628631 1.229529 3.402567
v -2.193137 1.229529 3.402566
v -2.663921 1.556691 2.415457
v -3.036251 1.556692 2.415457
v -3.106656 1.290412 3.290715
v -3.106657 1.528736 2.563440
v -1.350024 0.635235 3.902807
v -1.722354 1.360233 3.553088
v -1.350024 1.360233 3.553088
v -1.757643 0.635235 3.902807
v -1.757643 0.489446 3.898173
v -1.722354 1.446692 3.422092
v -1.350024 1.446692 3.422092
v -1.279618 0.635235 3.902807
v -1.279618 1.360233 3.553087
v -3.036251 0.635235 3.902807
v -2.663921 1.360233 3.553088
v -3.036251 1.360233 3.553088
v -2.628631 0.635235 3.902807
v -2.193137 1.360233 3.553088
v -2.193137 0.635235 3.902807
v -2.628631 0.489446 3.898173
v -2.193137 0.489446 3.898173
v -2.663921 1.446692 3.422092
v -3.036251 1.446692 3.422092
v -3.106656 0.635234 3.902807
v -3.106656 1.360233 3.553088
v -1.350024 0.631302 3.702846
v -1.722354 1.204628 3.427441
v -1.350024 1.204628 3.427440
v -1.757644 0.631302 3.702846
v -1.757643 0.510127 3.699245
v -1.722354 1.277140 3.316017
v -1.350024 1.277140 3.316017
v -1.279618 0.631302 3.702846
v -1.279618 1.204628 3.427440
v -3.036251 0.631302 3.702846
v -2.663921 1.204628 3.427441
v -3.036251 1.204628 3.427441
v -2.628631 0.631302 3.702846
v -2.193137 1.204628 3.427441
v -2.193137 0.631302 3.702846
v -2.628631 0.510127 3.699245
v -2.193137 0.510127 3.699245
v -2.663921 1.277140 3.316017
v -3.036251 1.277140 3.316017
v -3.106656 0.631302 3.702846
v -3.106656 1.204628 3.427441
vn -0.0000 -0.0422 0.9991
vn -0.0000 -0.4566 0.8897
vn -0.0000 0.4378 0.8991
vn -0.0000 0.0498 -0.9988
vn -0.0000 0.4670 -0.8843
vn -0.0000 -0.4433 -0.8964
vn -0.0000 -0.4432 -0.8964
vn -0.0000 0.9425 -0.3342
vn -0.0000 -0.9402 -0.3405
vn -0.0000 -0.9039 -0.4277
vn -1.0000 -0.0000 -0.0000
vn -0.0000 0.8652 -0.5015
vn 1.0000 -0.0000 -0.0000
vn -0.0000 -0.6589 0.7523
vn -0.0000 -0.7922 0.6103
vn -0.0000 0.6609 -0.7505
vn -0.0000 0.7897 -0.6135
vn -0.0000 0.4638 -0.8859
vn -0.0000 0.8916 0.4528
vn -0.0000 -0.6021 -0.7984
vn -0.0000 -0.5496 -0.8355
vn -0.0000 0.9329 0.3602
vn -0.0000 -0.9069 0.4214
vn -0.0000 -0.9591 0.2832
vn -0.0000 -0.8132 0.5819
vn -0.0000 0.9072 -0.4206
vn -0.0000 0.9594 -0.2821
vn -0.0000 0.8121 -0.5835
vn -0.0000 0.5369 0.8436
vn -0.0000 -0.3260 -0.9454
vn -0.0000 -0.3001 -0.9539
vn -0.0000 0.5906 0.8070
vn -0.0000 -0.9745 0.2242
vn -0.0000 -0.9880 0.1543
vn -0.0000 0.9746 -0.2240
vn -0.0000 0.9880 -0.1542
vn -0.0000 0.9593 -0.2823
vn -0.0000 0.2924 0.9563
vn -0.0000 -0.1669 -0.9860
vn -0.0000 -0.1492 -0.9888
vn -0.0000 0.3202 0.9473
vn -0.0000 -0.9952 0.0979
vn -0.0000 -0.9988 0.0489
vn -0.0000 0.9952 -0.0979
vn -0.0000 0.9988 -0.0490
vn -0.0000 0.9880 -0.1543
vn -0.0000 0.1440 0.9896
vn -0.0000 -0.0555 -0.9985
vn -0.0000 -0.0380 -0.9993
vn -0.0000 0.1630 0.9866
vn -0.0000 -0.9993 -0.0365
vn -0.0000 -0.9937 -0.1122
vn -0.0000 -0.9992 0.0402
vn -0.0000 0.9993 0.0364
vn -0.0000 0.9937 0.1118
vn -0.0000 0.9992 -0.0401
vn -0.0000 0.0319 0.9995
vn -0.0000 0.1107 -0.9939
vn -0.0000 0.1347 -0.9909
vn -0.0000 0.0522 0.9986
vn -0.0000 -0.9799 -0.1995
vn -0.0000 -0.9566 -0.2914
vn -0.0000 -0.9917 -0.1284
vn -0.0000 0.9799 0.1994
vn -0.0000 0.9564 0.2920
vn -0.0000 0.9917 0.1284
vn -0.0000 -0.1410 0.9900
vn -0.0000 0.2621 -0.9650
vn -0.0000 0.2854 -0.9584
vn -0.0000 -0.1162 0.9932
vn -0.0000 -0.9325 -0.3613
vn -0.0000 -0.8865 -0.4627
vn -0.0000 0.9326 0.3609
vn -0.0000 0.8865 0.4627
vn -0.0000 0.9565 0.2918
vn -0.0000 -0.2922 0.9563
vn -0.0000 0.4462 -0.8949
vn -0.0000 0.4798 -0.8774
vn -0.0000 -0.2673 0.9636
vn -0.0000 -0.7984 -0.6022
vn -0.0000 -0.7028 -0.7114
vn -0.0000 0.7995 0.6007
vn -0.0000 0.7081 0.7061
vn -0.0000 0.8868 0.4622
vn -0.0000 -0.4897 0.8719
vn -0.0000 0.7356 -0.6774
vn -0.0000 0.7818 -0.6235
vn -0.0000 -0.4537 0.8911
vn -0.0000 -0.3668 -0.9303
vn -0.0000 -0.0084 -1.0000
vn -0.0000 -0.6585 -0.7526
vn -0.0000 0.3680 0.9298
vn -0.0000 0.0038 1.0000
vn -0.0000 0.6612 0.7502
vn -0.0000 -0.7984 0.6022
vn -0.0000 0.9962 -0.0875
vn -0.0000 0.9999 0.0120
vn -0.0000 -0.7461 0.6658
vn -0.0000 0.4132 -0.9107
vn -0.0000 0.7997 -0.6004
vn -0.0000 -0.4061 0.9138
vn -0.0000 -0.7974 0.6035
vn -0.0000 0.0078 1.0000
vn -0.0000 -0.9991 -0.0416
vn -0.0000 0.6432 0.7657
vn -0.0000 0.5284 0.8490
vn -0.0000 -0.9979 0.0654
vn -0.0000 0.9648 -0.2630
vn -0.0000 0.9933 -0.1153
vn -0.0000 0.8073 -0.5901
vn -0.0000 -0.9662 0.2576
vn -0.0000 -0.9933 0.1160
vn -0.0000 -0.8019 0.5975
vn -0.0000 -0.4944 -0.8692
vn -0.0000 0.1226 0.9925
vn -0.0000 0.0844 0.9964
vn -0.0000 -0.6187 -0.7857
vn -0.0000 1.0000 -0.0082
vn -0.0000 0.9991 0.0429
vn -0.0000 0.9941 -0.1087
vn -0.0000 -1.0000 0.0078
vn -0.0000 -0.9991 -0.0430
vn -0.0000 -0.9940 0.1095
vn -0.0000 -0.0744 -0.9972
vn -0.0000 -0.0306 0.9995
vn -0.0000 -0.0381 0.9993
vn -0.0000 -0.1142 -0.9935
vn -0.0000 0.9987 0.0507
vn -0.0000 0.9990 0.0442
vn -0.0000 -0.9987 -0.0507
vn -0.0000 -0.9990 -0.0442
vn -0.0000 -0.9991 -0.0429
vn -0.0000 0.0403 -0.9992
vn -0.0000 -0.0409 0.9992
vn -0.0000 -0.0335 0.9994
vn -0.0000 0.0322 -0.9995
vn -0.0000 1.0000 -0.0028
vn -0.0000 0.9998 -0.0222
vn -0.0000 0.9993 0.0372
vn -0.0000 -1.0000 0.0027
vn -0.0000 -0.9998 0.0222
vn -0.0000 -0.9993 -0.0372
vn -0.0000 0.0297 -0.9996
vn -0.0000 0.0179 0.9998
vn -0.0000 0.0181 0.9998
vn -0.0000 0.0395 -0.9992
vn -0.0000 1.0000 -0.0053
vn -0.0000 0.9999 0.0165
vn -0.0000 -1.0000 0.0054
vn -0.0000 -0.9999 -0.0164
vn -0.0000 -0.0182 -0.9998
vn -0.0000 -0.0196 0.9998
vn -0.0000 -0.0304 0.9995
vn -0.0000 -0.0179 -0.9998
vn -0.0000 0.9971 0.0764
vn -0.0000 0.9829 0.1843
vn -0.0000 0.9997 0.0264
vn -0.0000 -0.9971 -0.0761
vn -0.0000 -0.9827 -0.1854
vn -0.0000 -0.9997 -0.0264
vn -0.0000 0.0348 -0.9994
vn -0.0000 -0.1437 0.9896
vn -0.0000 -0.1787 0.9839
vn -0.0000 0.0218 -0.9998
vn -0.0000 0.9490 0.3151
vn -0.0000 0.8726 0.4885
vn -0.0000 0.9828 0.1849
vn -0.0000 -0.9503 -0.3114
vn -0.0000 -0.8783 -0.4781
vn -0.0000 -0.9826 -0.1856
vn -0.0000 0.1891 -0.9820
vn -0.0000 -0.5123 0.8588
vn -0.0000 -0.5943 0.8042
vn -0.0000 0.1515 -0.9885
vn -0.0000 0.4345 0.9007
vn -0.0000 -0.0318 0.9995
vn -0.0000 0.8346 0.5509
vn -0.0000 -0.4330 -0.9014
vn -0.0000 -0.8381 -0.5454
vn -0.0000 0.6282 -0.7780
vn -0.0000 -0.9998 0.0197
vn -0.0000 -0.9946 -0.1034
vn -0.0000 0.5304 -0.8478
vn -0.0000 -0.4538 0.8911
vt 0.851452 0.705523
vt 0.850843 0.705523
vt 0.850889 0.704437
vt 0.851452 0.704437
vt 0.850361 0.705523
vt 0.850361 0.704437
vt 0.850889 0.704247
vt 0.851452 0.704247
vt 0.850843 0.705728
vt 0.850361 0.705728
vt 0.850270 0.705523
vt 0.850270 0.704437
s 0
usemtl Material.001
f 1292/1482/506 1280/1483/506 1282/1484/506 1293/1485/506
f 1282/1484/506 1280/1483/506 1281/1486/506 1279/1487/506
f 1293/1485/507 1282/1484/507 1283/1488/507 1295/1489/507
f 1281/1486/508 1280/1483/508 1284/1490/508 1285/1491/508
f 1279/1487/506 1281/1486/506 1287/1492/506 1286/1493/506
f 1292/1482/506 1293/1485/506 1291/1484/506 1289/1483/506
f 1291/1484/506 1288/1487/506 1290/1486/506 1289/1483/506
f 1293/1485/507 1295/1489/507 1294/1488/507 1291/1484/507
f 1290/1486/508 1297/1491/508 1296/1490/508 1289/1483/508
f 1288/1487/506 1298/1493/506 1299/1492/506 1290/1486/506
f 1313/1482/509 1314/1485/509 1303/1484/509 1301/1483/509
f 1303/1484/509 1300/1487/509 1302/1486/509 1301/1483/509
f 1314/1485/510 1316/1489/510 1304/1488/510 1303/1484/510
f 1302/1486/511 1306/1491/511 1305/1490/511 1301/1483/511
f 1300/1487/509 1307/1493/509 1308/1492/509 1302/1486/509
f 1313/1482/509 1310/1483/509 1312/1484/509 1314/1485/509
f 1312/1484/509 1310/1483/509 1311/1486/509 1309/1487/509
f 1314/1485/510 1312/1484/510 1315/1488/510 1316/1489/510
f 1311/1486/512 1310/1483/512 1317/1490/512 1318/1491/512
f 1309/1487/509 1311/1486/509 1320/1492/509 1319/1493/509
f 1280/1483/513 1292/1482/513 1313/1482/513 1301/1483/513
f 1282/1484/514 1279/1487/514 1300/1487/514 1303/1484/514
f 1295/1489/515 1283/1488/515 1304/1488/515 1316/1489/515
f 1283/1488/516 1282/1484/516 1303/1484/516 1304/1488/516
f 1285/1491/517 1284/1490/517 1305/1490/517 1306/1491/517
f 1281/1486/516 1285/1491/516 1306/1491/516 1302/1486/516
f 1284/1490/518 1280/1483/518 1301/1483/518 1305/1490/518
f 1286/1493/516 1287/1492/516 1308/1492/516 1307/1493/516
f 1279/1487/514 1286/1493/514 1307/1493/514 1300/1487/514
f 1287/1492/513 1281/1486/513 1302/1486/513 1308/1492/513
f 1292/1482/513 1289/1483/513 1310/1483/513 1313/1482/513
f 1288/1487/514 1291/1484/514 1312/1484/514 1309/1487/514
f 1294/1488/515 1295/1489/515 1316/1489/515 1315/1488/515
f 1291/1484/518 1294/1488/518 1315/1488/518 1312/1484/518
f 1296/1490/517 1297/1491/517 1318/1491/517 1317/1490/517
f 1297/1491/518 1290/1486/518 1311/1486/518 1318/1491/518
f 1289/1483/516 1296/1490/516 1317/1490/516 1310/1483/516
f 1299/1492/518 1298/1493/518 1319/1493/518 1320/1492/518
f 1298/1493/514 1288/1487/514 1309/1487/514 1319/1493/514
f 1290/1486/513 1299/1492/513 1320/1492/513 1311/1486/513
f 1334/1482/519 1322/1483/519 1324/1484/519 1335/1485/519
f 1324/1484/519 1322/1483/519 1323/1486/519 1321/1487/519
f 1335/1485/520 1324/1484/520 1325/1488/520 1337/1489/520
f 1323/1486/507 1322/1483/507 1326/1490/507 1327/1491/507
f 1321/1487/519 1323/1486/519 1329/1492/519 1328/1493/519
f 1334/1482/519 1335/1485/519 1333/1484/519 1331/1483/519
f 1333/1484/519 1330/1487/519 1332/1486/519 1331/1483/519
f 1335/1485/520 1337/1489/520 1336/1488/520 1333/1484/520
f 1332/1486/507 1339/1491/507 1338/1490/507 1331/1483/507
f 1330/1487/519 1340/1493/519 1341/1492/519 1332/1486/519
f 1355/1482/521 1356/1485/521 1345/1484/521 1343/1483/521
f 1345/1484/521 1342/1487/521 1344/1486/521 1343/1483/521
f 1356/1485/522 1358/1489/522 1346/1488/522 1345/1484/522
f 1344/1486/523 1348/1491/523 1347/1490/523 1343/1483/523
f 1342/1487/521 1349/1493/521 1350/1492/521 1344/1486/521
f 1355/1482/521 1352/1483/521 1354/1484/521 1356/1485/521
f 1354/1484/521 1352/1483/521 1353/1486/521 1351/1487/521
f 1356/1485/522 1354/1484/522 1357/1488/522 1358/1489/522
f 1353/1486/523 1352/1483/523 1359/1490/523 1360/1491/523
f 1351/1487/521 1353/1486/521 1362/1492/521 1361/1493/521
f 1322/1483/524 1334/1482/524 1355/1482/524 1343/1483/524
f 1324/1484/525 1321/1487/525 1342/1487/525 1345/1484/525
f 1337/1489/526 1325/1488/526 1346/1488/526 1358/1489/526
f 1325/1488/516 1324/1484/516 1345/1484/516 1346/1488/516
f 1327/1491/527 1326/1490/527 1347/1490/527 1348/1491/527
f 1323/1486/516 1327/1491/516 1348/1491/516 1344/1486/516
f 1326/1490/518 1322/1483/518 1343/1483/518 1347/1490/518
f 1328/1493/516 1329/1492/516 1350/1492/516 1349/1493/516
f 1321/1487/525 1328/1493/525 1349/1493/525 1342/1487/525
f 1329/1492/524 1323/1486/524 1344/1486/524 1350/1492/524
f 1334/1482/524 1331/1483/524 1352/1483/524 1355/1482/524
f 1330/1487/525 1333/1484/525 1354/1484/525 1351/1487/525
f 1336/1488/526 1337/1489/526 1358/1489/526 1357/1488/526
f 1333/1484/518 1336/1488/518 1357/1488/518 1354/1484/518
f 1338/1490/527 1339/1491/527 1360/1491/527 1359/1490/527
f 1339/1491/518 1332/1486/518 1353/1486/518 1360/1491/518
f 1331/1483/516 1338/1490/516 1359/1490/516 1352/1483/516
f 1341/1492/518 1340/1493/518 1361/1493/518 1362/1492/518
f 1340/1493/525 1330/1487/525 1351/1487/525 1361/1493/525
f 1332/1486/524 1341/1492/524 1362/1492/524 1353/1486/524
f 1376/1482/528 1364/1483/528 1366/1484/528 1377/1485/528
f 1366/1484/528 1364/1483/528 1365/1486/528 1363/1487/528
f 1377/1485/529 1366/1484/529 1367/1488/529 1379/1489/529
f 1365/1486/530 1364/1483/530 1368/1490/530 1369/1491/530
f 1363/1487/528 1365/1486/528 1371/1492/528 1370/1493/528
f 1376/1482/528 1377/1485/528 1375/1484/528 1373/1483/528
f 1375/1484/528 1372/1487/528 1374/1486/528 1373/1483/528
f 1377/1485/529 1379/1489/529 1378/1488/529 1375/1484/529
f 1374/1486/530 1381/1491/530 1380/1490/530 1373/1483/530
f 1372/1487/528 1382/1493/528 1383/1492/528 1374/1486/528
f 1397/1482/531 1398/1485/531 1387/1484/531 1385/1483/531
f 1387/1484/531 1384/1487/531 1386/1486/531 1385/1483/531
f 1398/1485/532 1400/1489/532 1388/1488/532 1387/1484/532
f 1386/1486/533 1390/1491/533 1389/1490/533 1385/1483/533
f 1384/1487/531 1391/1493/531 1392/1492/531 1386/1486/531
f 1397/1482/531 1394/1483/531 1396/1484/531 1398/1485/531
f 1396/1484/531 1394/1483/531 1395/1486/531 1393/1487/531
f 1398/1485/532 1396/1484/532 1399/1488/532 1400/1489/532
f 1395/1486/533 1394/1483/533 1401/1490/533 1402/1491/533
f 1393/1487/531 1395/1486/531 1404/1492/531 1403/1493/531
f 1364/1483/534 1376/1482/534 1397/1482/534 1385/1483/534
f 1366/1484/535 1363/1487/535 1384/1487/535 1387/1484/535
f 1379/1489/536 1367/1488/536 1388/1488/536 1400/1489/536
f 1367/1488/516 1366/1484/516 1387/1484/516 1388/1488/516
f 1369/1491/537 1368/1490/537 1389/1490/537 1390/1491/537
f 1365/1486/516 1369/1491/516 1390/1491/516 1386/1486/516
f 1368/1490/518 1364/1483/518 1385/1483/518 1389/1490/518
f 1370/1493/516 1371/1492/516 1392/1492/516 1391/1493/516
f 1363/1487/535 1370/1493/535 1391/1493/535 1384/1487/535
f 1371/1492/534 1365/1486/534 1386/1486/534 1392/1492/534
f 1376/1482/534 1373/1483/534 1394/1483/534 1397/1482/534
f 1372/1487/535 1375/1484/535 1396/1484/535 1393/1487/535
f 1378/1488/536 1379/1489/536 1400/1489/536 1399/1488/536
f 1375/1484/518 1378/1488/518 1399/1488/518 1396/1484/518
f 1380/1490/537 1381/1491/537 1402/1491/537 1401/1490/537
f 1381/1491/518 1374/1486/518 1395/1486/518 1402/1491/518
f 1373/1483/516 1380/1490/516 1401/1490/516 1394/1483/516
f 1383/1492/518 1382/1493/518 1403/1493/518 1404/1492/518
f 1382/1493/535 1372/1487/535 1393/1487/535 1403/1493/535
f 1374/1486/534 1383/1492/534 1404/1492/534 1395/1486/534
f 1418/1482/538 1406/1483/538 1408/1484/538 1419/1485/538
f 1408/1484/538 1406/1483/538 1407/1486/538 1405/1487/538
f 1419/1485/539 1408/1484/539 1409/1488/539 1421/1489/539
f 1407/1486/529 1406/1483/529 1410/1490/529 1411/1491/529
f 1405/1487/538 1407/1486/538 1413/1492/538 1412/1493/538
f 1418/1482/538 1419/1485/538 1417/1484/538 1415/1483/538
f 1417/1484/538 1414/1487/538 1416/1486/538 1415/1483/538
f 1419/1485/539 1421/1489/539 1420/1488/539 1417/1484/539
f 1416/1486/529 1423/1491/529 1422/1490/529 1415/1483/529
f 1414/1487/538 1424/1493/538 1425/1492/538 1416/1486/538
f 1439/1482/540 1440/1485/540 1429/1484/540 1427/1483/540
f 1429/1484/540 1426/1487/540 1428/1486/540 1427/1483/540
f 1440/1485/541 1442/1489/541 1430/1488/541 1429/1484/541
f 1428/1486/542 1432/1491/542 1431/1490/542 1427/1483/542
f 1426/1487/540 1433/1493/540 1434/1492/540 1428/1486/540
f 1439/1482/540 1436/1483/540 1438/1484/540 1440/1485/540
f 1438/1484/540 1436/1483/540 1437/1486/540 1435/1487/540
f 1440/1485/541 1438/1484/541 1441/1488/541 1442/1489/541
f 1437/1486/542 1436/1483/542 1443/1490/542 1444/1491/542
f 1435/1487/540 1437/1486/540 1446/1492/540 1445/1493/540
f 1406/1483/543 1418/1482/543 1439/1482/543 1427/1483/543
f 1408/1484/544 1405/1487/544 1426/1487/544 1429/1484/544
f 1421/1489/545 1409/1488/545 1430/1488/545 1442/1489/545
f 1409/1488/516 1408/1484/516 1429/1484/516 1430/1488/516
f 1411/1491/546 1410/1490/546 1431/1490/546 1432/1491/546
f 1407/1486/516 1411/1491/516 1432/1491/516 1428/1486/516
f 1410/1490/518 1406/1483/518 1427/1483/518 1431/1490/518
f 1412/1493/516 1413/1492/516 1434/1492/516 1433/1493/516
f 1405/1487/544 1412/1493/544 1433/1493/544 1426/1487/544
f 1413/1492/543 1407/1486/543 1428/1486/543 1434/1492/543
f 1418/1482/543 1415/1483/543 1436/1483/543 1439/1482/543
f 1414/1487/544 1417/1484/544 1438/1484/544 1435/1487/544
f 1420/1488/545 1421/1489/545 1442/1489/545 1441/1488/545
f 1417/1484/518 1420/1488/518 1441/1488/518 1438/1484/518
f 1422/1490/546 1423/1491/546 1444/1491/546 1443/1490/546
f 1423/1491/518 1416/1486/518 1437/1486/518 1444/1491/518
f 1415/1483/516 1422/1490/516 1443/1490/516 1436/1483/516
f 1425/1492/518 1424/1493/518 1445/1493/518 1446/1492/518
f 1424/1493/544 1414/1487/544 1435/1487/544 1445/1493/544
f 1416/1486/543 1425/1492/543 1446/1492/543 1437/1486/543
f 1460/1482/547 1448/1483/547 1450/1484/547 1461/1485/547
f 1450/1484/547 1448/1483/547 1449/1486/547 1447/1487/547
f 1461/1485/548 1450/1484/548 1451/1488/548 1463/1489/548
f 1449/1486/539 1448/1483/539 1452/1490/539 1453/1491/539
f 1447/1487/547 1449/1486/547 1455/1492/547 1454/1493/547
f 1460/1482/547 1461/1485/547 1459/1484/547 1457/1483/547
f 1459/1484/547 1456/1487/547 1458/1486/547 1457/1483/547
f 1461/1485/548 1463/1489/548 1462/1488/548 1459/1484/548
f 1458/1486/539 1465/1491/539 1464/1490/539 1457/1483/539
f 1456/1487/547 1466/1493/547 1467/1492/547 1458/1486/547
f 1481/1482/549 1482/1485/549 1471/1484/549 1469/1483/549
f 1471/1484/549 1468/1487/549 1470/1486/549 1469/1483/549
f 1482/1485/550 1484/1489/550 1472/1488/550 1471/1484/550
f 1470/1486/551 1474/1491/551 1473/1490/551 1469/1483/551
f 1468/1487/549 1475/1493/549 1476/1492/549 1470/1486/549
f 1481/1482/549 1478/1483/549 1480/1484/549 1482/1485/549
f 1480/1484/549 1478/1483/549 1479/1486/549 1477/1487/549
f 1482/1485/550 1480/1484/550 1483/1488/550 1484/1489/550
f 1479/1486/551 1478/1483/551 1485/1490/551 1486/1491/551
f 1477/1487/549 1479/1486/549 1488/1492/549 1487/1493/549
f 1448/1483/552 1460/1482/552 1481/1482/552 1469/1483/552
f 1450/1484/553 1447/1487/553 1468/1487/553 1471/1484/553
f 1463/1489/554 1451/1488/554 1472/1488/554 1484/1489/554
f 1451/1488/516 1450/1484/516 1471/1484/516 1472/1488/516
f 1453/1491/555 1452/1490/555 1473/1490/555 1474/1491/555
f 1449/1486/516 1453/1491/516 1474/1491/516 1470/1486/516
f 1452/1490/518 1448/1483/518 1469/1483/518 1473/1490/518
f 1454/1493/516 1455/1492/516 1476/1492/516 1475/1493/516
f 1447/1487/553 1454/1493/553 1475/1493/553 1468/1487/553
f 1455/1492/552 1449/1486/552 1470/1486/552 1476/1492/552
f 1460/1482/552 1457/1483/552 1478/1483/552 1481/1482/552
f 1456/1487/553 1459/1484/553 1480/1484/553 1477/1487/553
f 1462/1488/554 1463/1489/554 1484/1489/554 1483/1488/554
f 1459/1484/518 1462/1488/518 1483/1488/518 1480/1484/518
f 1464/1490/555 1465/1491/555 1486/1491/555 1485/1490/555
f 1465/1491/518 1458/1486/518 1479/1486/518 1486/1491/518
f 1457/1483/516 1464/1490/516 1485/1490/516 1478/1483/516
f 1467/1492/518 1466/1493/518 1487/1493/518 1488/1492/518
f 1466/1493/553 1456/1487/553 1477/1487/553 1487/1493/553
f 1458/1486/552 1467/1492/552 1488/1492/552 1479/1486/552
f 1502/1482/556 1490/1483/556 1492/1484/556 1503/1485/556
f 1492/1484/556 1490/1483/556 1491/1486/556 1489/1487/556
f 1503/1485/557 1492/1484/557 1493/1488/557 1505/1489/557
f 1491/1486/558 1490/1483/558 1494/1490/558 1495/1491/558
f 1489/1487/556 1491/1486/556 1497/1492/556 1496/1493/556
f 1502/1482/556 1503/1485/556 1501/1484/556 1499/1483/556
f 1501/1484/556 1498/1487/556 1500/1486/556 1499/1483/556
f 1503/1485/557 1505/1489/557 1504/1488/557 1501/1484/557
f 1500/1486/558 1507/1491/558 1506/1490/558 1499/1483/558
f 1498/1487/556 1508/1493/556 1509/1492/556 1500/1486/556
f 1523/1482/559 1524/1485/559 1513/1484/559 1511/1483/559
f 1513/1484/559 1510/1487/559 1512/1486/559 1511/1483/559
f 1524/1485/560 1526/1489/560 1514/1488/560 1513/1484/560
f 1512/1486/561 1516/1491/561 1515/1490/561 1511/1483/561
f 1510/1487/559 1517/1493/559 1518/1492/559 1512/1486/559
f 1523/1482/559 1520/1483/559 1522/1484/559 1524/1485/559
f 1522/1484/559 1520/1483/559 1521/1486/559 1519/1487/559
f 1524/1485/560 1522/1484/560 1525/1488/560 1526/1489/560
f 1521/1486/561 1520/1483/561 1527/1490/561 1528/1491/561
f 1519/1487/559 1521/1486/559 1530/1492/559 1529/1493/559
f 1490/1483/562 1502/1482/562 1523/1482/562 1511/1483/562
f 1492/1484/563 1489/1487/563 1510/1487/563 1513/1484/563
f 1505/1489/564 1493/1488/564 1514/1488/564 1526/1489/564
f 1493/1488/516 1492/1484/516 1513/1484/516 1514/1488/516
f 1495/1491/565 1494/1490/565 1515/1490/565 1516/1491/565
f 1491/1486/516 1495/1491/516 1516/1491/516 1512/1486/516
f 1494/1490/518 1490/1483/518 1511/1483/518 1515/1490/518
f 1496/1493/516 1497/1492/516 1518/1492/516 1517/1493/516
f 1489/1487/563 1496/1493/563 1517/1493/563 1510/1487/563
f 1497/1492/562 1491/1486/562 1512/1486/562 1518/1492/562
f 1502/1482/562 1499/1483/562 1520/1483/562 1523/1482/562
f 1498/1487/563 1501/1484/563 1522/1484/563 1519/1487/563
f 1504/1488/564 1505/1489/564 1526/1489/564 1525/1488/564
f 1501/1484/518 1504/1488/518 1525/1488/518 1522/1484/518
f 1506/1490/565 1507/1491/565 1528/1491/565 1527/1490/565
f 1507/1491/518 1500/1486/518 1521/1486/518 1528/1491/518
f 1499/1483/516 1506/1490/516 1527/1490/516 1520/1483/516
f 1509/1492/518 1508/1493/518 1529/1493/518 1530/1492/518
f 1508/1493/563 1498/1487/563 1519/1487/563 1529/1493/563
f 1500/1486/562 1509/1492/562 1530/1492/562 1521/1486/562
f 1544/1482/566 1532/1483/566 1534/1484/566 1545/1485/566
f 1534/1484/566 1532/1483/566 1533/1486/566 1531/1487/566
f 1545/1485/567 1534/1484/567 1535/1488/567 1547/1489/567
f 1533/1486/568 1532/1483/568 1536/1490/568 1537/1491/568
f 1531/1487/566 1533/1486/566 1539/1492/566 1538/1493/566
f 1544/1482/566 1545/1485/566 1543/1484/566 1541/1483/566
f 1543/1484/566 1540/1487/566 1542/1486/566 1541/1483/566
f 1545/1485/567 1547/1489/567 1546/1488/567 1543/1484/567
f 1542/1486/568 1549/1491/568 1548/1490/568 1541/1483/568
f 1540/1487/566 1550/1493/566 1551/1492/566 1542/1486/566
f 1565/1482/569 1566/1485/569 1555/1484/569 1553/1483/569
f 1555/1484/569 1552/1487/569 1554/1486/569 1553/1483/569
f 1566/1485/570 1568/1489/570 1556/1488/570 1555/1484/570
f 1554/1486/571 1558/1491/571 1557/1490/571 1553/1483/571
f 1552/1487/569 1559/1493/569 1560/1492/569 1554/1486/569
f 1565/1482/569 1562/1483/569 1564/1484/569 1566/1485/569
f 1564/1484/569 1562/1483/569 1563/1486/569 1561/1487/569
f 1566/1485/570 1564/1484/570 1567/1488/570 1568/1489/570
f 1563/1486/571 1562/1483/571 1569/1490/571 1570/1491/571
f 1561/1487/569 1563/1486/569 1572/1492/569 1571/1493/569
f 1532/1483/572 1544/1482/572 1565/1482/572 1553/1483/572
f 1534/1484/573 1531/1487/573 1552/1487/573 1555/1484/573
f 1547/1489/574 1535/1488/574 1556/1488/574 1568/1489/574
f 1535/1488/516 1534/1484/516 1555/1484/516 1556/1488/516
f 1537/1491/575 1536/1490/575 1557/1490/575 1558/1491/575
f 1533/1486/516 1537/1491/516 1558/1491/516 1554/1486/516
f 1536/1490/518 1532/1483/518 1553/1483/518 1557/1490/518
f 1538/1493/516 1539/1492/516 1560/1492/516 1559/1493/516
f 1531/1487/573 1538/1493/573 1559/1493/573 1552/1487/573
f 1539/1492/572 1533/1486/572 1554/1486/572 1560/1492/572
f 1544/1482/572 1541/1483/572 1562/1483/572 1565/1482/572
f 1540/1487/573 1543/1484/573 1564/1484/573 1561/1487/573
f 1546/1488/574 1547/1489/574 1568/1489/574 1567/1488/574
f 1543/1484/518 1546/1488/518 1567/1488/518 1564/1484/518
f 1548/1490/575 1549/1491/575 1570/1491/575 1569/1490/575
f 1549/1491/518 1542/1486/518 1563/1486/518 1570/1491/518
f 1541/1483/516 1548/1490/516 1569/1490/516 1562/1483/516
f 1551/1492/518 1550/1493/518 1571/1493/518 1572/1492/518
f 1550/1493/573 1540/1487/573 1561/1487/573 1571/1493/573
f 1542/1486/572 1551/1492/572 1572/1492/572 1563/1486/572
f 1586/1482/576 1574/1483/576 1576/1484/576 1587/1485/576
f 1576/1484/576 1574/1483/576 1575/1486/576 1573/1487/576
f 1587/1485/577 1576/1484/577 1577/1488/577 1589/1489/577
f 1575/1486/567 1574/1483/567 1578/1490/567 1579/1491/567
f 1573/1487/576 1575/1486/576 1581/1492/576 1580/1493/576
f 1586/1482/576 1587/1485/576 1585/1484/576 1583/1483/576
f 1585/1484/576 1582/1487/576 1584/1486/576 1583/1483/576
f 1587/1485/577 1589/1489/577 1588/1488/577 1585/1484/577
f 1584/1486/567 1591/1491/567 1590/1490/567 1583/1483/567
f 1582/1487/576 1592/1493/576 1593/1492/576 1584/1486/576
f 1607/1482/578 1608/1485/578 1597/1484/578 1595/1483/578
f 1597/1484/578 1594/1487/578 1596/1486/578 1595/1483/578
f 1608/1485/579 1610/1489/579 1598/1488/579 1597/1484/579
f 1596/1486/580 1600/1491/580 1599/1490/580 1595/1483/580
f 1594/1487/578 1601/1493/578 1602/1492/578 1596/1486/578
f 1607/1482/578 1604/1483/578 1606/1484/578 1608/1485/578
f 1606/1484/578 1604/1483/578 1605/1486/578 1603/1487/578
f 1608/1485/579 1606/1484/579 1609/1488/579 1610/1489/579
f 1605/1486/580 1604/1483/580 1611/1490/580 1612/1491/580
f 1603/1487/578 1605/1486/578 1614/1492/578 1613/1493/578
f 1574/1483/581 1586/1482/581 1607/1482/581 1595/1483/581
f 1576/1484/582 1573/1487/582 1594/1487/582 1597/1484/582
f 1589/1489/583 1577/1488/583 1598/1488/583 1610/1489/583
f 1577/1488/516 1576/1484/516 1597/1484/516 1598/1488/516
f 1579/1491/584 1578/1490/584 1599/1490/584 1600/1491/584
f 1575/1486/516 1579/1491/516 1600/1491/516 1596/1486/516
f 1578/1490/518 1574/1483/518 1595/1483/518 1599/1490/518
f 1580/1493/516 1581/1492/516 1602/1492/516 1601/1493/516
f 1573/1487/582 1580/1493/582 1601/1493/582 1594/1487/582
f 1581/1492/581 1575/1486/581 1596/1486/581 1602/1492/581
f 1586/1482/581 1583/1483/581 1604/1483/581 1607/1482/581
f 1582/1487/582 1585/1484/582 1606/1484/582 1603/1487/582
f 1588/1488/583 1589/1489/583 1610/1489/583 1609/1488/583
f 1585/1484/518 1588/1488/518 1609/1488/518 1606/1484/518
f 1590/1490/584 1591/1491/584 1612/1491/584 1611/1490/584
f 1591/1491/518 1584/1486/518 1605/1486/518 1612/1491/518
f 1583/1483/516 1590/1490/516 1611/1490/516 1604/1483/516
f 1593/1492/518 1592/1493/518 1613/1493/518 1614/1492/518
f 1592/1493/582 1582/1487/582 1603/1487/582 1613/1493/582
f 1584/1486/581 1593/1492/581 1614/1492/581 1605/1486/581
f 1628/1482/585 1616/1483/585 1618/1484/585 1629/1485/585
f 1618/1484/585 1616/1483/585 1617/1486/585 1615/1487/585
f 1629/1485/586 1618/1484/586 1619/1488/586 1631/1489/586
f 1617/1486/577 1616/1483/577 1620/1490/577 1621/1491/577
f 1615/1487/585 1617/1486/585 1623/1492/585 1622/1493/585
f 1628/1482/585 1629/1485/585 1627/1484/585 1625/1483/585
f 1627/1484/585 1624/1487/585 1626/1486/585 1625/1483/585
f 1629/1485/586 1631/1489/586 1630/1488/586 1627/1484/586
f 1626/1486/577 1633/1491/577 1632/1490/577 1625/1483/577
f 1624/1487/585 1634/1493/585 1635/1492/585 1626/1486/585
f 1649/1482/587 1650/1485/587 1639/1484/587 1637/1483/587
f 1639/1484/587 1636/1487/587 1638/1486/587 1637/1483/587
f 1650/1485/588 1652/1489/588 1640/1488/588 1639/1484/588
f 1638/1486/589 1642/1491/589 1641/1490/589 1637/1483/589
f 1636/1487/587 1643/1493/587 1644/1492/587 1638/1486/587
f 1649/1482/587 1646/1483/587 1648/1484/587 1650/1485/587
f 1648/1484/587 1646/1483/587 1647/1486/587 1645/1487/587
f 1650/1485/588 1648/1484/588 1651/1488/588 1652/1489/588
f 1647/1486/589 1646/1483/589 1653/1490/589 1654/1491/589
f 1645/1487/587 1647/1486/587 1656/1492/587 1655/1493/587
f 1616/1483/590 1628/1482/590 1649/1482/590 1637/1483/590
f 1618/1484/591 1615/1487/591 1636/1487/591 1639/1484/591
f 1631/1489/592 1619/1488/592 1640/1488/592 1652/1489/592
f 1619/1488/516 1618/1484/516 1639/1484/516 1640/1488/516
f 1621/1491/593 1620/1490/593 1641/1490/593 1642/1491/593
f 1617/1486/516 1621/1491/516 1642/1491/516 1638/1486/516
f 1620/1490/518 1616/1483/518 1637/1483/518 1641/1490/518
f 1622/1493/516 1623/1492/516 1644/1492/516 1643/1493/516
f 1615/1487/591 1622/1493/591 1643/1493/591 1636/1487/591
f 1623/1492/590 1617/1486/590 1638/1486/590 1644/1492/590
f 1628/1482/590 1625/1483/590 1646/1483/590 1649/1482/590
f 1624/1487/591 1627/1484/591 1648/1484/591 1645/1487/591
f 1630/1488/592 1631/1489/592 1652/1489/592 1651/1488/592
f 1627/1484/518 1630/1488/518 1651/1488/518 1648/1484/518
f 1632/1490/593 1633/1491/593 1654/1491/593 1653/1490/593
f 1633/1491/518 1626/1486/518 1647/1486/518 1654/1491/518
f 1625/1483/516 1632/1490/516 1653/1490/516 1646/1483/516
f 1635/1492/518 1634/1493/518 1655/1493/518 1656/1492/518
f 1634/1493/591 1624/1487/591 1645/1487/591 1655/1493/591
f 1626/1486/590 1635/1492/590 1656/1492/590 1647/1486/590
f 1670/1482/594 1658/1483/594 1660/1484/594 1671/1485/594
f 1660/1484/594 1658/1483/594 1659/1486/594 1657/1487/594
f 1671/1485/595 1660/1484/595 1661/1488/595 1673/1489/595
f 1659/1486/596 1658/1483/596 1662/1490/596 1663/1491/596
f 1657/1487/594 1659/1486/594 1665/1492/594 1664/1493/594
f 1670/1482/594 1671/1485/594 1669/1484/594 1667/1483/594
f 1669/1484/594 1666/1487/594 1668/1486/594 1667/1483/594
f 1671/1485/595 1673/1489/595 1672/1488/595 1669/1484/595
f 1668/1486/596 1675/1491/596 1674/1490/596 1667/1483/596
f 1666/1487/594 1676/1493/594 1677/1492/594 1668/1486/594
f 1691/1482/597 1692/1485/597 1681/1484/597 1679/1483/597
f 1681/1484/597 1678/1487/597 1680/1486/597 1679/1483/597
f 1692/1485/598 1694/1489/598 1682/1488/598 1681/1484/598
f 1680/1486/599 1684/1491/599 1683/1490/599 1679/1483/599
f 1678/1487/597 1685/1493/597 1686/1492/597 1680/1486/597
f 1691/1482/597 1688/1483/597 1690/1484/597 1692/1485/597
f 1690/1484/597 1688/1483/597 1689/1486/597 1687/1487/597
f 1692/1485/598 1690/1484/598 1693/1488/598 1694/1489/598
f 1689/1486/599 1688/1483/599 1695/1490/599 1696/1491/599
f 1687/1487/597 1689/1486/597 1698/1492/597 1697/1493/597
f 1658/1483/600 1670/1482/600 1691/1482/600 1679/1483/600
f 1660/1484/601 1657/1487/601 1678/1487/601 1681/1484/601
f 1673/1489/602 1661/1488/602 1682/1488/602 1694/1489/602
f 1661/1488/516 1660/1484/516 1681/1484/516 1682/1488/516
f 1663/1491/603 1662/1490/603 1683/1490/603 1684/1491/603
f 1659/1486/516 1663/1491/516 1684/1491/516 1680/1486/516
f 1662/1490/518 1658/1483/518 1679/1483/518 1683/1490/518
f 1664/1493/516 1665/1492/516 1686/1492/516 1685/1493/516
f 1657/1487/601 1664/1493/601 1685/1493/601 1678/1487/601
f 1665/1492/600 1659/1486/600 1680/1486/600 1686/1492/600
f 1670/1482/600 1667/1483/600 1688/1483/600 1691/1482/600
f 1666/1487/601 1669/1484/601 1690/1484/601 1687/1487/601
f 1672/1488/602 1673/1489/602 1694/1489/602 1693/1488/602
f 1669/1484/518 1672/1488/518 1693/1488/518 1690/1484/518
f 1674/1490/603 1675/1491/603 1696/1491/603 1695/1490/603
f 1675/1491/518 1668/1486/518 1689/1486/518 1696/1491/518
f 1667/1483/516 1674/1490/516 1695/1490/516 1688/1483/516
f 1677/1492/518 1676/1493/518 1697/1493/518 1698/1492/518
f 1676/1493/601 1666/1487/601 1687/1487/601 1697/1493/601
f 1668/1486/600 1677/1492/600 1698/1492/600 1689/1486/600
f 1712/1482/604 1700/1483/604 1702/1484/604 1713/1485/604
f 1702/1484/604 1700/1483/604 1701/1486/604 1699/1487/604
f 1713/1485/605 1702/1484/605 1703/1488/605 1715/1489/605
f 1701/1486/595 1700/1483/595 1704/1490/595 1705/1491/595
f 1699/1487/604 1701/1486/604 1707/1492/604 1706/1493/604
f 1712/1482/604 1713/1485/604 1711/1484/604 1709/1483/604
f 1711/1484/604 1708/1487/604 1710/1486/604 1709/1483/604
f 1713/1485/605 1715/1489/605 1714/1488/605 1711/1484/605
f 1710/1486/595 1717/1491/595 1716/1490/595 1709/1483/595
f 1708/1487/604 1718/1493/604 1719/1492/604 1710/1486/604
f 1733/1482/606 1734/1485/606 1723/1484/606 1721/1483/606
f 1723/1484/606 1720/1487/606 1722/1486/606 1721/1483/606
f 1734/1485/607 1736/1489/607 1724/1488/607 1723/1484/607
f 1722/1486/608 1726/1491/608 1725/1490/608 1721/1483/608
f 1720/1487/606 1727/1493/606 1728/1492/606 1722/1486/606
f 1733/1482/606 1730/1483/606 1732/1484/606 1734/1485/606
f 1732/1484/606 1730/1483/606 1731/1486/606 1729/1487/606
f 1734/1485/607 1732/1484/607 1735/1488/607 1736/1489/607
f 1731/1486/608 1730/1483/608 1737/1490/608 1738/1491/608
f 1729/1487/606 1731/1486/606 1740/1492/606 1739/1493/606
f 1700/1483/609 1712/1482/609 1733/1482/609 1721/1483/609
f 1702/1484/610 1699/1487/610 1720/1487/610 1723/1484/610
f 1715/1489/611 1703/1488/611 1724/1488/611 1736/1489/611
f 1703/1488/516 1702/1484/516 1723/1484/516 1724/1488/516
f 1705/1491/612 1704/1490/612 1725/1490/612 1726/1491/612
f 1701/1486/516 1705/1491/516 1726/1491/516 1722/1486/516
f 1704/1490/518 1700/1483/518 1721/1483/518 1725/1490/518
f 1706/1493/516 1707/1492/516 1728/1492/516 1727/1493/516
f 1699/1487/610 1706/1493/610 1727/1493/610 1720/1487/610
f 1707/1492/609 1701/1486/609 1722/1486/609 1728/1492/609
f 1712/1482/609 1709/1483/609 1730/1483/609 1733/1482/609
f 1708/1487/610 1711/1484/610 1732/1484/610 1729/1487/610
f 1714/1488/611 1715/1489/611 1736/1489/611 1735/1488/611
f 1711/1484/518 1714/1488/518 1735/1488/518 1732/1484/518
f 1716/1490/612 1717/1491/612 1738/1491/612 1737/1490/612
f 1717/1491/518 1710/1486/518 1731/1486/518 1738/1491/518
f 1709/1483/516 1716/1490/516 1737/1490/516 1730/1483/516
f 1719/1492/518 1718/1493/518 1739/1493/518 1740/1492/518
f 1718/1493/610 1708/1487/610 1729/1487/610 1739/1493/610
f 1710/1486/609 1719/1492/609 1740/1492/609 1731/1486/609
f 1754/1482/613 1742/1483/613 1744/1484/613 1755/1485/613
f 1744/1484/613 1742/1483/613 1743/1486/613 1741/1487/613
f 1755/1485/614 1744/1484/614 1745/1488/614 1757/1489/614
f 1743/1486/615 1742/1483/615 1746/1490/615 1747/1491/615
f 1741/1487/613 1743/1486/613 1749/1492/613 1748/1493/613
f 1754/1482/613 1755/1485/613 1753/1484/613 1751/1483/613
f 1753/1484/613 1750/1487/613 1752/1486/613 1751/1483/613
f 1755/1485/614 1757/1489/614 1756/1488/614 1753/1484/614
f 1752/1486/615 1759/1491/615 1758/1490/615 1751/1483/615
f 1750/1487/613 1760/1493/613 1761/1492/613 1752/1486/613
f 1775/1482/616 1776/1485/616 1765/1484/616 1763/1483/616
f 1765/1484/616 1762/1487/616 1764/1486/616 1763/1483/616
f 1776/1485/617 1778/1489/617 1766/1488/617 1765/1484/617
f 1764/1486/618 1768/1491/618 1767/1490/618 1763/1483/618
f 1762/1487/616 1769/1493/616 1770/1492/616 1764/1486/616
f 1775/1482/616 1772/1483/616 1774/1484/616 1776/1485/616
f 1774/1484/616 1772/1483/616 1773/1486/616 1771/1487/616
f 1776/1485/617 1774/1484/617 1777/1488/617 1778/1489/617
f 1773/1486/618 1772/1483/618 1779/1490/618 1780/1491/618
f 1771/1487/616 1773/1486/616 1782/1492/616 1781/1493/616
f 1742/1483/619 1754/1482/619 1775/1482/619 1763/1483/619
f 1744/1484/620 1741/1487/620 1762/1487/620 1765/1484/620
f 1757/1489/621 1745/1488/621 1766/1488/621 1778/1489/621
f 1745/1488/516 1744/1484/516 1765/1484/516 1766/1488/516
f 1747/1491/622 1746/1490/622 1767/1490/622 1768/1491/622
f 1743/1486/516 1747/1491/516 1768/1491/516 1764/1486/516
f 1746/1490/518 1742/1483/518 1763/1483/518 1767/1490/518
f 1748/1493/516 1749/1492/516 1770/1492/516 1769/1493/516
f 1741/1487/620 1748/1493/620 1769/1493/620 1762/1487/620
f 1749/1492/619 1743/1486/619 1764/1486/619 1770/1492/619
f 1754/1482/619 1751/1483/619 1772/1483/619 1775/1482/619
f 1750/1487/620 1753/1484/620 1774/1484/620 1771/1487/620
f 1756/1488/621 1757/1489/621 1778/1489/621 1777/1488/621
f 1753/1484/518 1756/1488/518 1777/1488/518 1774/1484/518
f 1758/1490/622 1759/1491/622 1780/1491/622 1779/1490/622
f 1759/1491/518 1752/1486/518 1773/1486/518 1780/1491/518
f 1751/1483/516 1758/1490/516 1779/1490/516 1772/1483/516
f 1761/1492/518 1760/1493/518 1781/1493/518 1782/1492/518
f 1760/1493/620 1750/1487/620 1771/1487/620 1781/1493/620
f 1752/1486/619 1761/1492/619 1782/1492/619 1773/1486/619
f 1796/1482/623 1784/1483/623 1786/1484/623 1797/1485/623
f 1786/1484/623 1784/1483/623 1785/1486/623 1783/1487/623
f 1797/1485/624 1786/1484/624 1787/1488/624 1799/1489/624
f 1785/1486/625 1784/1483/625 1788/1490/625 1789/1491/625
f 1783/1487/623 1785/1486/623 1791/1492/623 1790/1493/623
f 1796/1482/623 1797/1485/623 1795/1484/623 1793/1483/623
f 1795/1484/623 1792/1487/623 1794/1486/623 1793/1483/623
f 1797/1485/624 1799/1489/624 1798/1488/624 1795/1484/624
f 1794/1486/625 1801/1491/625 1800/1490/625 1793/1483/625
f 1792/1487/623 1802/1493/623 1803/1492/623 1794/1486/623
f 1817/1482/626 1818/1485/626 1807/1484/626 1805/1483/626
f 1807/1484/626 1804/1487/626 1806/1486/626 1805/1483/626
f 1818/1485/627 1820/1489/627 1808/1488/627 1807/1484/627
f 1806/1486/628 1810/1491/628 1809/1490/628 1805/1483/628
f 1804/1487/626 1811/1493/626 1812/1492/626 1806/1486/626
f 1817/1482/626 1814/1483/626 1816/1484/626 1818/1485/626
f 1816/1484/626 1814/1483/626 1815/1486/626 1813/1487/626
f 1818/1485/627 1816/1484/627 1819/1488/627 1820/1489/627
f 1815/1486/628 1814/1483/628 1821/1490/628 1822/1491/628
f 1813/1487/626 1815/1486/626 1824/1492/626 1823/1493/626
f 1784/1483/629 1796/1482/629 1817/1482/629 1805/1483/629
f 1786/1484/630 1783/1487/630 1804/1487/630 1807/1484/630
f 1799/1489/631 1787/1488/631 1808/1488/631 1820/1489/631
f 1787/1488/516 1786/1484/516 1807/1484/516 1808/1488/516
f 1789/1491/632 1788/1490/632 1809/1490/632 1810/1491/632
f 1785/1486/516 1789/1491/516 1810/1491/516 1806/1486/516
f 1788/1490/518 1784/1483/518 1805/1483/518 1809/1490/518
f 1790/1493/516 1791/1492/516 1812/1492/516 1811/1493/516
f 1783/1487/630 1790/1493/630 1811/1493/630 1804/1487/630
f 1791/1492/629 1785/1486/629 1806/1486/629 1812/1492/629
f 1796/1482/629 1793/1483/629 1814/1483/629 1817/1482/629
f 1792/1487/630 1795/1484/630 1816/1484/630 1813/1487/630
f 1798/1488/631 1799/1489/631 1820/1489/631 1819/1488/631
f 1795/1484/518 1798/1488/518 1819/1488/518 1816/1484/518
f 1800/1490/632 1801/1491/632 1822/1491/632 1821/1490/632
f 1801/1491/518 1794/1486/518 1815/1486/518 1822/1491/518
f 1793/1483/516 1800/1490/516 1821/1490/516 1814/1483/516
f 1803/1492/518 1802/1493/518 1823/1493/518 1824/1492/518
f 1802/1493/630 1792/1487/630 1813/1487/630 1823/1493/630
f 1794/1486/629 1803/1492/629 1824/1492/629 1815/1486/629
f 1838/1482/633 1826/1483/633 1828/1484/633 1839/1485/633
f 1828/1484/633 1826/1483/633 1827/1486/633 1825/1487/633
f 1839/1485/634 1828/1484/634 1829/1488/634 1841/1489/634
f 1827/1486/624 1826/1483/624 1830/1490/624 1831/1491/624
f 1825/1487/633 1827/1486/633 1833/1492/633 1832/1493/633
f 1838/1482/633 1839/1485/633 1837/1484/633 1835/1483/633
f 1837/1484/633 1834/1487/633 1836/1486/633 1835/1483/633
f 1839/1485/634 1841/1489/634 1840/1488/634 1837/1484/634
f 1836/1486/624 1843/1491/624 1842/1490/624 1835/1483/624
f 1834/1487/633 1844/1493/633 1845/1492/633 1836/1486/633
f 1859/1482/635 1860/1485/635 1849/1484/635 1847/1483/635
f 1849/1484/635 1846/1487/635 1848/1486/635 1847/1483/635
f 1860/1485/636 1862/1489/636 1850/1488/636 1849/1484/636
f 1848/1486/637 1852/1491/637 1851/1490/637 1847/1483/637
f 1846/1487/635 1853/1493/635 1854/1492/635 1848/1486/635
f 1859/1482/635 1856/1483/635 1858/1484/635 1860/1485/635
f 1858/1484/635 1856/1483/635 1857/1486/635 1855/1487/635
f 1860/1485/636 1858/1484/636 1861/1488/636 1862/1489/636
f 1857/1486/637 1856/1483/637 1863/1490/637 1864/1491/637
f 1855/1487/635 1857/1486/635 1866/1492/635 1865/1493/635
f 1826/1483/638 1838/1482/638 1859/1482/638 1847/1483/638
f 1828/1484/639 1825/1487/639 1846/1487/639 1849/1484/639
f 1841/1489/640 1829/1488/640 1850/1488/640 1862/1489/640
f 1829/1488/516 1828/1484/516 1849/1484/516 1850/1488/516
f 1831/1491/641 1830/1490/641 1851/1490/641 1852/1491/641
f 1827/1486/516 1831/1491/516 1852/1491/516 1848/1486/516
f 1830/1490/518 1826/1483/518 1847/1483/518 1851/1490/518
f 1832/1493/516 1833/1492/516 1854/1492/516 1853/1493/516
f 1825/1487/639 1832/1493/639 1853/1493/639 1846/1487/639
f 1833/1492/638 1827/1486/638 1848/1486/638 1854/1492/638
f 1838/1482/638 1835/1483/638 1856/1483/638 1859/1482/638
f 1834/1487/639 1837/1484/639 1858/1484/639 1855/1487/639
f 1840/1488/640 1841/1489/640 1862/1489/640 1861/1488/640
f 1837/1484/518 1840/1488/518 1861/1488/518 1858/1484/518
f 1842/1490/641 1843/1491/641 1864/1491/641 1863/1490/641
f 1843/1491/518 1836/1486/518 1857/1486/518 1864/1491/518
f 1835/1483/516 1842/1490/516 1863/1490/516 1856/1483/516
f 1845/1492/518 1844/1493/518 1865/1493/518 1866/1492/518
f 1844/1493/639 1834/1487/639 1855/1487/639 1865/1493/639
f 1836/1486/638 1845/1492/638 1866/1492/638 1857/1486/638
f 1880/1482/642 1868/1483/642 1870/1484/642 1881/1485/642
f 1870/1484/642 1868/1483/642 1869/1486/642 1867/1487/642
f 1881/1485/643 1870/1484/643 1871/1488/643 1883/1489/643
f 1869/1486/644 1868/1483/644 1872/1490/644 1873/1491/644
f 1867/1487/642 1869/1486/642 1875/1492/642 1874/1493/642
f 1880/1482/642 1881/1485/642 1879/1484/642 1877/1483/642
f 1879/1484/642 1876/1487/642 1878/1486/642 1877/1483/642
f 1881/1485/643 1883/1489/643 1882/1488/643 1879/1484/643
f 1878/1486/644 1885/1491/644 1884/1490/644 1877/1483/644
f 1876/1487/642 1886/1493/642 1887/1492/642 1878/1486/642
f 1901/1482/645 1902/1485/645 1891/1484/645 1889/1483/645
f 1891/1484/645 1888/1487/645 1890/1486/645 1889/1483/645
f 1902/1485/646 1904/1489/646 1892/1488/646 1891/1484/646
f 1890/1486/647 1894/1491/647 1893/1490/647 1889/1483/647
f 1888/1487/645 1895/1493/645 1896/1492/645 1890/1486/645
f 1901/1482/645 1898/1483/645 1900/1484/645 1902/1485/645
f 1900/1484/645 1898/1483/645 1899/1486/645 1897/1487/645
f 1902/1485/646 1900/1484/646 1903/1488/646 1904/1489/646
f 1899/1486/647 1898/1483/647 1905/1490/647 1906/1491/647
f 1897/1487/645 1899/1486/645 1908/1492/645 1907/1493/645
f 1868/1483/648 1880/1482/648 1901/1482/648 1889/1483/648
f 1870/1484/649 1867/1487/649 1888/1487/649 1891/1484/649
f 1883/1489/650 1871/1488/650 1892/1488/650 1904/1489/650
f 1871/1488/516 1870/1484/516 1891/1484/516 1892/1488/516
f 1873/1491/651 1872/1490/651 1893/1490/651 1894/1491/651
f 1869/1486/516 1873/1491/516 1894/1491/516 1890/1486/516
f 1872/1490/518 1868/1483/518 1889/1483/518 1893/1490/518
f 1874/1493/516 1875/1492/516 1896/1492/516 1895/1493/516
f 1867/1487/649 1874/1493/649 1895/1493/649 1888/1487/649
f 1875/1492/648 1869/1486/648 1890/1486/648 1896/1492/648
f 1880/1482/648 1877/1483/648 1898/1483/648 1901/1482/648
f 1876/1487/649 1879/1484/649 1900/1484/649 1897/1487/649
f 1882/1488/650 1883/1489/650 1904/1489/650 1903/1488/650
f 1879/1484/518 1882/1488/518 1903/1488/518 1900/1484/518
f 1884/1490/651 1885/1491/651 1906/1491/651 1905/1490/651
f 1885/1491/518 1878/1486/518 1899/1486/518 1906/1491/518
f 1877/1483/516 1884/1490/516 1905/1490/516 1898/1483/516
f 1887/1492/518 1886/1493/518 1907/1493/518 1908/1492/518
f 1886/1493/649 1876/1487/649 1897/1487/649 1907/1493/649
f 1878/1486/648 1887/1492/648 1908/1492/648 1899/1486/648
f 1922/1482/652 1910/1483/652 1912/1484/652 1923/1485/652
f 1912/1484/652 1910/1483/652 1911/1486/652 1909/1487/652
f 1923/1485/653 1912/1484/653 1913/1488/653 1925/1489/653
f 1911/1486/643 1910/1483/643 1914/1490/643 1915/1491/643
f 1909/1487/652 1911/1486/652 1917/1492/652 1916/1493/652
f 1922/1482/652 1923/1485/652 1921/1484/652 1919/1483/652
f 1921/1484/652 1918/1487/652 1920/1486/652 1919/1483/652
f 1923/1485/653 1925/1489/653 1924/1488/653 1921/1484/653
f 1920/1486/643 1927/1491/643 1926/1490/643 1919/1483/643
f 1918/1487/652 1928/1493/652 1929/1492/652 1920/1486/652
f 1943/1482/654 1944/1485/654 1933/1484/654 1931/1483/654
f 1933/1484/654 1930/1487/654 1932/1486/654 1931/1483/654
f 1944/1485/655 1946/1489/655 1934/1488/655 1933/1484/655
f 1932/1486/646 1936/1491/646 1935/1490/646 1931/1483/646
f 1930/1487/654 1937/1493/654 1938/1492/654 1932/1486/654
f 1943/1482/654 1940/1483/654 1942/1484/654 1944/1485/654
f 1942/1484/654 1940/1483/654 1941/1486/654 1939/1487/654
f 1944/1485/655 1942/1484/655 1945/1488/655 1946/1489/655
f 1941/1486/646 1940/1483/646 1947/1490/646 1948/1491/646
f 1939/1487/654 1941/1486/654 1950/1492/654 1949/1493/654
f 1910/1483/656 1922/1482/656 1943/1482/656 1931/1483/656
f 1912/1484/657 1909/1487/657 1930/1487/657 1933/1484/657
f 1925/1489/658 1913/1488/658 1934/1488/658 1946/1489/658
f 1913/1488/516 1912/1484/516 1933/1484/516 1934/1488/516
f 1915/1491/659 1914/1490/659 1935/1490/659 1936/1491/659
f 1911/1486/516 1915/1491/516 1936/1491/516 1932/1486/516
f 1914/1490/518 1910/1483/518 1931/1483/518 1935/1490/518
f 1916/1493/516 1917/1492/516 1938/1492/516 1937/1493/516
f 1909/1487/657 1916/1493/657 1937/1493/657 1930/1487/657
f 1917/1492/656 1911/1486/656 1932/1486/656 1938/1492/656
f 1922/1482/656 1919/1483/656 1940/1483/656 1943/1482/656
f 1918/1487/657 1921/1484/657 1942/1484/657 1939/1487/657
f 1924/1488/658 1925/1489/658 1946/1489/658 1945/1488/658
f 1921/1484/518 1924/1488/518 1945/1488/518 1942/1484/518
f 1926/1490/659 1927/1491/659 1948/1491/659 1947/1490/659
f 1927/1491/518 1920/1486/518 1941/1486/518 1948/1491/518
f 1919/1483/516 1926/1490/516 1947/1490/516 1940/1483/516
f 1929/1492/518 1928/1493/518 1949/1493/518 1950/1492/518
f 1928/1493/657 1918/1487/657 1939/1487/657 1949/1493/657
f 1920/1486/656 1929/1492/656 1950/1492/656 1941/1486/656
f 1964/1482/660 1952/1483/660 1954/1484/660 1965/1485/660
f 1954/1484/660 1952/1483/660 1953/1486/660 1951/1487/660
f 1965/1485/661 1954/1484/661 1955/1488/661 1967/1489/661
f 1953/1486/662 1952/1483/662 1956/1490/662 1957/1491/662
f 1951/1487/660 1953/1486/660 1959/1492/660 1958/1493/660
f 1964/1482/660 1965/1485/660 1963/1484/660 1961/1483/660
f 1963/1484/660 1960/1487/660 1962/1486/660 1961/1483/660
f 1965/1485/661 1967/1489/661 1966/1488/661 1963/1484/661
f 1962/1486/662 1969/1491/662 1968/1490/662 1961/1483/662
f 1960/1487/660 1970/1493/660 1971/1492/660 1962/1486/660
f 1985/1482/663 1986/1485/663 1975/1484/663 1973/1483/663
f 1975/1484/663 1972/1487/663 1974/1486/663 1973/1483/663
f 1986/1485/664 1988/1489/664 1976/1488/664 1975/1484/664
f 1974/1486/665 1978/1491/665 1977/1490/665 1973/1483/665
f 1972/1487/663 1979/1493/663 1980/1492/663 1974/1486/663
f 1985/1482/663 1982/1483/663 1984/1484/663 1986/1485/663
f 1984/1484/663 1982/1483/663 1983/1486/663 1981/1487/663
f 1986/1485/664 1984/1484/664 1987/1488/664 1988/1489/664
f 1983/1486/665 1982/1483/665 1989/1490/665 1990/1491/665
f 1981/1487/663 1983/1486/663 1992/1492/663 1991/1493/663
f 1952/1483/666 1964/1482/666 1985/1482/666 1973/1483/666
f 1954/1484/667 1951/1487/667 1972/1487/667 1975/1484/667
f 1967/1489/668 1955/1488/668 1976/1488/668 1988/1489/668
f 1955/1488/516 1954/1484/516 1975/1484/516 1976/1488/516
f 1957/1491/669 1956/1490/669 1977/1490/669 1978/1491/669
f 1953/1486/516 1957/1491/516 1978/1491/516 1974/1486/516
f 1956/1490/518 1952/1483/518 1973/1483/518 1977/1490/518
f 1958/1493/516 1959/1492/516 1980/1492/516 1979/1493/516
f 1951/1487/667 1958/1493/667 1979/1493/667 1972/1487/667
f 1959/1492/666 1953/1486/666 1974/1486/666 1980/1492/666
f 1964/1482/666 1961/1483/666 1982/1483/666 1985/1482/666
f 1960/1487/667 1963/1484/667 1984/1484/667 1981/1487/667
f 1966/1488/668 1967/1489/668 1988/1489/668 1987/1488/668
f 1963/1484/518 1966/1488/518 1987/1488/518 1984/1484/518
f 1968/1490/669 1969/1491/669 1990/1491/669 1989/1490/669
f 1969/1491/518 1962/1486/518 1983/1486/518 1990/1491/518
f 1961/1483/516 1968/1490/516 1989/1490/516 1982/1483/516
f 1971/1492/518 1970/1493/518 1991/1493/518 1992/1492/518
f 1970/1493/667 1960/1487/667 1981/1487/667 1991/1493/667
f 1962/1486/666 1971/1492/666 1992/1492/666 1983/1486/666
f 2006/1482/670 1994/1483/670 1996/1484/670 2007/1485/670
f 1996/1484/670 1994/1483/670 1995/1486/670 1993/1487/670
f 2007/1485/671 1996/1484/671 1997/1488/671 2009/1489/671
f 1995/1486/672 1994/1483/672 1998/1490/672 1999/1491/672
f 1993/1487/670 1995/1486/670 2001/1492/670 2000/1493/670
f 2006/1482/670 2007/1485/670 2005/1484/670 2003/1483/670
f 2005/1484/670 2002/1487/670 2004/1486/670 2003/1483/670
f 2007/1485/671 2009/1489/671 2008/1488/671 2005/1484/671
f 2004/1486/672 2011/1491/672 2010/1490/672 2003/1483/672
f 2002/1487/670 2012/1493/670 2013/1492/670 2004/1486/670
f 2027/1482/673 2028/1485/673 2017/1484/673 2015/1483/673
f 2017/1484/673 2014/1487/673 2016/1486/673 2015/1483/673
f 2028/1485/674 2030/1489/674 2018/1488/674 2017/1484/674
f 2016/1486/675 2020/1491/675 2019/1490/675 2015/1483/675
f 2014/1487/673 2021/1493/673 2022/1492/673 2016/1486/673
f 2027/1482/673 2024/1483/673 2026/1484/673 2028/1485/673
f 2026/1484/673 2024/1483/673 2025/1486/673 2023/1487/673
f 2028/1485/674 2026/1484/674 2029/1488/674 2030/1489/674
f 2025/1486/675 2024/1483/675 2031/1490/675 2032/1491/675
f 2023/1487/673 2025/1486/673 2034/1492/673 2033/1493/673
f 1994/1483/676 2006/1482/676 2027/1482/676 2015/1483/676
f 1996/1484/677 1993/1487/677 2014/1487/677 2017/1484/677
f 2009/1489/678 1997/1488/678 2018/1488/678 2030/1489/678
f 1997/1488/516 1996/1484/516 2017/1484/516 2018/1488/516
f 1999/1491/679 1998/1490/679 2019/1490/679 2020/1491/679
f 1995/1486/516 1999/1491/516 2020/1491/516 2016/1486/516
f 1998/1490/518 1994/1483/518 2015/1483/518 2019/1490/518
f 2000/1493/516 2001/1492/516 2022/1492/516 2021/1493/516
f 1993/1487/677 2000/1493/677 2021/1493/677 2014/1487/677
f 2001/1492/676 1995/1486/676 2016/1486/676 2022/1492/676
f 2006/1482/676 2003/1483/676 2024/1483/676 2027/1482/676
f 2002/1487/677 2005/1484/677 2026/1484/677 2023/1487/677
f 2008/1488/678 2009/1489/678 2030/1489/678 2029/1488/678
f 2005/1484/518 2008/1488/518 2029/1488/518 2026/1484/518
f 2010/1490/679 2011/1491/679 2032/1491/679 2031/1490/679
f 2011/1491/518 2004/1486/518 2025/1486/518 2032/1491/518
f 2003/1483/516 2010/1490/516 2031/1490/516 2024/1483/516
f 2013/1492/518 2012/1493/518 2033/1493/518 2034/1492/518
f 2012/1493/677 2002/1487/677 2023/1487/677 2033/1493/677
f 2004/1486/676 2013/1492/676 2034/1492/676 2025/1486/676
f 2048/1482/680 2036/1483/680 2038/1484/680 2049/1485/680
f 2038/1484/680 2036/1483/680 2037/1486/680 2035/1487/680
f 2049/1485/681 2038/1484/681 2039/1488/681 2051/1489/681
f 2037/1486/682 2036/1483/682 2040/1490/682 2041/1491/682
f 2035/1487/680 2037/1486/680 2043/1492/680 2042/1493/680
f 2048/1482/680 2049/1485/680 2047/1484/680 2045/1483/680
f 2047/1484/680 2044/1487/680 2046/1486/680 2045/1483/680
f 2049/1485/681 2051/1489/681 2050/1488/681 2047/1484/681
f 2046/1486/682 2053/1491/682 2052/1490/682 2045/1483/682
f 2044/1487/680 2054/1493/680 2055/1492/680 2046/1486/680
f 2069/1482/683 2070/1485/683 2059/1484/683 2057/1483/683
f 2059/1484/683 2056/1487/683 2058/1486/683 2057/1483/683
f 2070/1485/648 2072/1489/648 2060/1488/648 2059/1484/648
f 2058/1486/684 2062/1491/684 2061/1490/684 2057/1483/684
f 2056/1487/683 2063/1493/683 2064/1492/683 2058/1486/683
f 2069/1482/683 2066/1483/683 2068/1484/683 2070/1485/683
f 2068/1484/683 2066/1483/683 2067/1486/683 2065/1487/683
f 2070/1485/648 2068/1484/648 2071/1488/648 2072/1489/648
f 2067/1486/684 2066/1483/684 2073/1490/684 2074/1491/684
f 2065/1487/683 2067/1486/683 2076/1492/683 2075/1493/683
f 2036/1483/685 2048/1482/685 2069/1482/685 2057/1483/685
f 2038/1484/686 2035/1487/686 2056/1487/686 2059/1484/686
f 2051/1489/687 2039/1488/687 2060/1488/687 2072/1489/687
f 2039/1488/516 2038/1484/516 2059/1484/516 2060/1488/516
f 2041/1491/688 2040/1490/688 2061/1490/688 2062/1491/688
f 2037/1486/516 2041/1491/516 2062/1491/516 2058/1486/516
f 2040/1490/518 2036/1483/518 2057/1483/518 2061/1490/518
f 2042/1493/516 2043/1492/516 2064/1492/516 2063/1493/516
f 2035/1487/686 2042/1493/686 2063/1493/686 2056/1487/686
f 2043/1492/685 2037/1486/685 2058/1486/685 2064/1492/685
f 2048/1482/685 2045/1483/685 2066/1483/685 2069/1482/685
f 2044/1487/686 2047/1484/686 2068/1484/686 2065/1487/686
f 2050/1488/687 2051/1489/687 2072/1489/687 2071/1488/687
f 2047/1484/518 2050/1488/518 2071/1488/518 2068/1484/518
f 2052/1490/688 2053/1491/688 2074/1491/688 2073/1490/688
f 2053/1491/518 2046/1486/518 2067/1486/518 2074/1491/518
f 2045/1483/516 2052/1490/516 2073/1490/516 2066/1483/516
f 2055/1492/518 2054/1493/518 2075/1493/518 2076/1492/518
f 2054/1493/686 2044/1487/686 2065/1487/686 2075/1493/686
f 2046/1486/685 2055/1492/685 2076/1492/685 2067/1486/685
f 2090/1482/506 2091/1485/506 2080/1484/506 2078/1483/506
f 2080/1484/506 2077/1487/506 2079/1486/506 2078/1483/506
f 2091/1485/507 2093/1489/507 2081/1488/507 2080/1484/507
f 2079/1486/508 2083/1491/508 2082/1490/508 2078/1483/508
f 2077/1487/506 2084/1493/506 2085/1492/506 2079/1486/506
f 2090/1482/506 2087/1483/506 2089/1484/506 2091/1485/506
f 2089/1484/506 2087/1483/506 2088/1486/506 2086/1487/506
f 2091/1485/507 2089/1484/507 2092/1488/507 2093/1489/507
f 2088/1486/508 2087/1483/508 2094/1490/508 2095/1491/508
f 2086/1487/506 2088/1486/506 2097/1492/506 2096/1493/506
f 2111/1482/509 2099/1483/509 2101/1484/509 2112/1485/509
f 2101/1484/509 2099/1483/509 2100/1486/509 2098/1487/509
f 2112/1485/510 2101/1484/510 2102/1488/510 2114/1489/510
f 2100/1486/511 2099/1483/511 2103/1490/511 2104/1491/511
f 2098/1487/509 2100/1486/509 2106/1492/509 2105/1493/509
f 2111/1482/509 2112/1485/509 2110/1484/509 2108/1483/509
f 2110/1484/509 2107/1487/509 2109/1486/509 2108/1483/509
f 2112/1485/510 2114/1489/510 2113/1488/510 2110/1484/510
f 2109/1486/512 2116/1491/512 2115/1490/512 2108/1483/512
f 2107/1487/509 2117/1493/509 2118/1492/509 2109/1486/509
f 2078/1483/513 2099/1483/513 2111/1482/513 2090/1482/513
f 2080/1484/514 2101/1484/514 2098/1487/514 2077/1487/514
f 2093/1489/515 2114/1489/515 2102/1488/515 2081/1488/515
f 2081/1488/518 2102/1488/518 2101/1484/518 2080/1484/518
f 2083/1491/517 2104/1491/517 2103/1490/517 2082/1490/517
f 2079/1486/518 2100/1486/518 2104/1491/518 2083/1491/518
f 2082/1490/516 2103/1490/516 2099/1483/516 2078/1483/516
f 2084/1493/518 2105/1493/518 2106/1492/518 2085/1492/518
f 2077/1487/514 2098/1487/514 2105/1493/514 2084/1493/514
f 2085/1492/513 2106/1492/513 2100/1486/513 2079/1486/513
f 2090/1482/513 2111/1482/513 2108/1483/513 2087/1483/513
f 2086/1487/514 2107/1487/514 2110/1484/514 2089/1484/514
f 2092/1488/515 2113/1488/515 2114/1489/515 2093/1489/515
f 2089/1484/516 2110/1484/516 2113/1488/516 2092/1488/516
f 2094/1490/517 2115/1490/517 2116/1491/517 2095/1491/517
f 2095/1491/516 2116/1491/516 2109/1486/516 2088/1486/516
f 2087/1483/518 2108/1483/518 2115/1490/518 2094/1490/518
f 2097/1492/516 2118/1492/516 2117/1493/516 2096/1493/516
f 2096/1493/514 2117/1493/514 2107/1487/514 2086/1487/514
f 2088/1486/513 2109/1486/513 2118/1492/513 2097/1492/513
f 2132/1482/519 2133/1485/519 2122/1484/519 2120/1483/519
f 2122/1484/519 2119/1487/519 2121/1486/519 2120/1483/519
f 2133/1485/520 2135/1489/520 2123/1488/520 2122/1484/520
f 2121/1486/507 2125/1491/507 2124/1490/507 2120/1483/507
f 2119/1487/519 2126/1493/519 2127/1492/519 2121/1486/519
f 2132/1482/519 2129/1483/519 2131/1484/519 2133/1485/519
f 2131/1484/519 2129/1483/519 2130/1486/519 2128/1487/519
f 2133/1485/520 2131/1484/520 2134/1488/520 2135/1489/520
f 2130/1486/507 2129/1483/507 2136/1490/507 2137/1491/507
f 2128/1487/519 2130/1486/519 2139/1492/519 2138/1493/519
f 2153/1482/521 2141/1483/521 2143/1484/521 2154/1485/521
f 2143/1484/521 2141/1483/521 2142/1486/521 2140/1487/521
f 2154/1485/522 2143/1484/522 2144/1488/522 2156/1489/522
f 2142/1486/523 2141/1483/523 2145/1490/523 2146/1491/523
f 2140/1487/521 2142/1486/521 2148/1492/521 2147/1493/521
f 2153/1482/521 2154/1485/521 2152/1484/521 2150/1483/521
f 2152/1484/521 2149/1487/521 2151/1486/521 2150/1483/521
f 2154/1485/522 2156/1489/522 2155/1488/522 2152/1484/522
f 2151/1486/523 2158/1491/523 2157/1490/523 2150/1483/523
f 2149/1487/521 2159/1493/521 2160/1492/521 2151/1486/521
f 2120/1483/524 2141/1483/524 2153/1482/524 2132/1482/524
f 2122/1484/525 2143/1484/525 2140/1487/525 2119/1487/525
f 2135/1489/526 2156/1489/526 2144/1488/526 2123/1488/526
f 2123/1488/518 2144/1488/518 2143/1484/518 2122/1484/518
f 2125/1491/527 2146/1491/527 2145/1490/527 2124/1490/527
f 2121/1486/518 2142/1486/518 2146/1491/518 2125/1491/518
f 2124/1490/516 2145/1490/516 2141/1483/516 2120/1483/516
f 2126/1493/518 2147/1493/518 2148/1492/518 2127/1492/518
f 2119/1487/525 2140/1487/525 2147/1493/525 2126/1493/525
f 2127/1492/524 2148/1492/524 2142/1486/524 2121/1486/524
f 2132/1482/524 2153/1482/524 2150/1483/524 2129/1483/524
f 2128/1487/525 2149/1487/525 2152/1484/525 2131/1484/525
f 2134/1488/526 2155/1488/526 2156/1489/526 2135/1489/526
f 2131/1484/516 2152/1484/516 2155/1488/516 2134/1488/516
f 2136/1490/527 2157/1490/527 2158/1491/527 2137/1491/527
f 2137/1491/516 2158/1491/516 2151/1486/516 2130/1486/516
f 2129/1483/518 2150/1483/518 2157/1490/518 2136/1490/518
f 2139/1492/516 2160/1492/516 2159/1493/516 2138/1493/516
f 2138/1493/525 2159/1493/525 2149/1487/525 2128/1487/525
f 2130/1486/524 2151/1486/524 2160/1492/524 2139/1492/524
f 2174/1482/528 2175/1485/528 2164/1484/528 2162/1483/528
f 2164/1484/528 2161/1487/528 2163/1486/528 2162/1483/528
f 2175/1485/529 2177/1489/529 2165/1488/529 2164/1484/529
f 2163/1486/530 2167/1491/530 2166/1490/530 2162/1483/530
f 2161/1487/528 2168/1493/528 2169/1492/528 2163/1486/528
f 2174/1482/528 2171/1483/528 2173/1484/528 2175/1485/528
f 2173/1484/528 2171/1483/528 2172/1486/528 2170/1487/528
f 2175/1485/529 2173/1484/529 2176/1488/529 2177/1489/529
f 2172/1486/530 2171/1483/530 2178/1490/530 2179/1491/530
f 2170/1487/528 2172/1486/528 2181/1492/528 2180/1493/528
f 2195/1482/531 2183/1483/531 2185/1484/531 2196/1485/531
f 2185/1484/531 2183/1483/531 2184/1486/531 2182/1487/531
f 2196/1485/532 2185/1484/532 2186/1488/532 2198/1489/532
f 2184/1486/533 2183/1483/533 2187/1490/533 2188/1491/533
f 2182/1487/531 2184/1486/531 2190/1492/531 2189/1493/531
f 2195/1482/531 2196/1485/531 2194/1484/531 2192/1483/531
f 2194/1484/531 2191/1487/531 2193/1486/531 2192/1483/531
f 2196/1485/532 2198/1489/532 2197/1488/532 2194/1484/532
f 2193/1486/533 2200/1491/533 2199/1490/533 2192/1483/533
f 2191/1487/531 2201/1493/531 2202/1492/531 2193/1486/531
f 2162/1483/534 2183/1483/534 2195/1482/534 2174/1482/534
f 2164/1484/535 2185/1484/535 2182/1487/535 2161/1487/535
f 2177/1489/536 2198/1489/536 2186/1488/536 2165/1488/536
f 2165/1488/518 2186/1488/518 2185/1484/518 2164/1484/518
f 2167/1491/537 2188/1491/537 2187/1490/537 2166/1490/537
f 2163/1486/518 2184/1486/518 2188/1491/518 2167/1491/518
f 2166/1490/516 2187/1490/516 2183/1483/516 2162/1483/516
f 2168/1493/518 2189/1493/518 2190/1492/518 2169/1492/518
f 2161/1487/535 2182/1487/535 2189/1493/535 2168/1493/535
f 2169/1492/534 2190/1492/534 2184/1486/534 2163/1486/534
f 2174/1482/534 2195/1482/534 2192/1483/534 2171/1483/534
f 2170/1487/535 2191/1487/535 2194/1484/535 2173/1484/535
f 2176/1488/536 2197/1488/536 2198/1489/536 2177/1489/536
f 2173/1484/516 2194/1484/516 2197/1488/516 2176/1488/516
f 2178/1490/537 2199/1490/537 2200/1491/537 2179/1491/537
f 2179/1491/516 2200/1491/516 2193/1486/516 2172/1486/516
f 2171/1483/518 2192/1483/518 2199/1490/518 2178/1490/518
f 2181/1492/516 2202/1492/516 2201/1493/516 2180/1493/516
f 2180/1493/535 2201/1493/535 2191/1487/535 2170/1487/535
f 2172/1486/534 2193/1486/534 2202/1492/534 2181/1492/534
f 2216/1482/538 2217/1485/538 2206/1484/538 2204/1483/538
f 2206/1484/538 2203/1487/538 2205/1486/538 2204/1483/538
f 2217/1485/539 2219/1489/539 2207/1488/539 2206/1484/539
f 2205/1486/529 2209/1491/529 2208/1490/529 2204/1483/529
f 2203/1487/538 2210/1493/538 2211/1492/538 2205/1486/538
f 2216/1482/538 2213/1483/538 2215/1484/538 2217/1485/538
f 2215/1484/538 2213/1483/538 2214/1486/538 2212/1487/538
f 2217/1485/539 2215/1484/539 2218/1488/539 2219/1489/539
f 2214/1486/529 2213/1483/529 2220/1490/529 2221/1491/529
f 2212/1487/538 2214/1486/538 2223/1492/538 2222/1493/538
f 2237/1482/540 2225/1483/540 2227/1484/540 2238/1485/540
f 2227/1484/540 2225/1483/540 2226/1486/540 2224/1487/540
f 2238/1485/541 2227/1484/541 2228/1488/541 2240/1489/541
f 2226/1486/542 2225/1483/542 2229/1490/542 2230/1491/542
f 2224/1487/540 2226/1486/540 2232/1492/540 2231/1493/540
f 2237/1482/540 2238/1485/540 2236/1484/540 2234/1483/540
f 2236/1484/540 2233/1487/540 2235/1486/540 2234/1483/540
f 2238/1485/541 2240/1489/541 2239/1488/541 2236/1484/541
f 2235/1486/542 2242/1491/542 2241/1490/542 2234/1483/542
f 2233/1487/540 2243/1493/540 2244/1492/540 2235/1486/540
f 2204/1483/543 2225/1483/543 2237/1482/543 2216/1482/543
f 2206/1484/544 2227/1484/544 2224/1487/544 2203/1487/544
f 2219/1489/545 2240/1489/545 2228/1488/545 2207/1488/545
f 2207/1488/518 2228/1488/518 2227/1484/518 2206/1484/518
f 2209/1491/546 2230/1491/546 2229/1490/546 2208/1490/546
f 2205/1486/518 2226/1486/518 2230/1491/518 2209/1491/518
f 2208/1490/516 2229/1490/516 2225/1483/516 2204/1483/516
f 2210/1493/518 2231/1493/518 2232/1492/518 2211/1492/518
f 2203/1487/544 2224/1487/544 2231/1493/544 2210/1493/544
f 2211/1492/543 2232/1492/543 2226/1486/543 2205/1486/543
f 2216/1482/543 2237/1482/543 2234/1483/543 2213/1483/543
f 2212/1487/544 2233/1487/544 2236/1484/544 2215/1484/544
f 2218/1488/545 2239/1488/545 2240/1489/545 2219/1489/545
f 2215/1484/516 2236/1484/516 2239/1488/516 2218/1488/516
f 2220/1490/546 2241/1490/546 2242/1491/546 2221/1491/546
f 2221/1491/516 2242/1491/516 2235/1486/516 2214/1486/516
f 2213/1483/518 2234/1483/518 2241/1490/518 2220/1490/518
f 2223/1492/516 2244/1492/516 2243/1493/516 2222/1493/516
f 2222/1493/544 2243/1493/544 2233/1487/544 2212/1487/544
f 2214/1486/543 2235/1486/543 2244/1492/543 2223/1492/543
f 2258/1482/547 2259/1485/547 2248/1484/547 2246/1483/547
f 2248/1484/547 2245/1487/547 2247/1486/547 2246/1483/547
f 2259/1485/548 2261/1489/548 2249/1488/548 2248/1484/548
f 2247/1486/539 2251/1491/539 2250/1490/539 2246/1483/539
f 2245/1487/547 2252/1493/547 2253/1492/547 2247/1486/547
f 2258/1482/547 2255/1483/547 2257/1484/547 2259/1485/547
f 2257/1484/547 2255/1483/547 2256/1486/547 2254/1487/547
f 2259/1485/548 2257/1484/548 2260/1488/548 2261/1489/548
f 2256/1486/539 2255/1483/539 2262/1490/539 2263/1491/539
f 2254/1487/547 2256/1486/547 2265/1492/547 2264/1493/547
f 2279/1482/549 2267/1483/549 2269/1484/549 2280/1485/549
f 2269/1484/549 2267/1483/549 2268/1486/549 2266/1487/549
f 2280/1485/550 2269/1484/550 2270/1488/550 2282/1489/550
f 2268/1486/551 2267/1483/551 2271/1490/551 2272/1491/551
f 2266/1487/549 2268/1486/549 2274/1492/549 2273/1493/549
f 2279/1482/549 2280/1485/549 2278/1484/549 2276/1483/549
f 2278/1484/549 2275/1487/549 2277/1486/549 2276/1483/549
f 2280/1485/550 2282/1489/550 2281/1488/550 2278/1484/550
f 2277/1486/551 2284/1491/551 2283/1490/551 2276/1483/551
f 2275/1487/549 2285/1493/549 2286/1492/549 2277/1486/549
f 2246/1483/552 2267/1483/552 2279/1482/552 2258/1482/552
f 2248/1484/553 2269/1484/553 2266/1487/553 2245/1487/553
f 2261/1489/554 2282/1489/554 2270/1488/554 2249/1488/554
f 2249/1488/518 2270/1488/518 2269/1484/518 2248/1484/518
f 2251/1491/555 2272/1491/555 2271/1490/555 2250/1490/555
f 2247/1486/518 2268/1486/518 2272/1491/518 2251/1491/518
f 2250/1490/516 2271/1490/516 2267/1483/516 2246/1483/516
f 2252/1493/518 2273/1493/518 2274/1492/518 2253/1492/518
f 2245/1487/553 2266/1487/553 2273/1493/553 2252/1493/553
f 2253/1492/552 2274/1492/552 2268/1486/552 2247/1486/552
f 2258/1482/552 2279/1482/552 2276/1483/552 2255/1483/552
f 2254/1487/553 2275/1487/553 2278/1484/553 2257/1484/553
f 2260/1488/554 2281/1488/554 2282/1489/554 2261/1489/554
f 2257/1484/516 2278/1484/516 2281/1488/516 2260/1488/516
f 2262/1490/555 2283/1490/555 2284/1491/555 2263/1491/555
f 2263/1491/516 2284/1491/516 2277/1486/516 2256/1486/516
f 2255/1483/518 2276/1483/518 2283/1490/518 2262/1490/518
f 2265/1492/516 2286/1492/516 2285/1493/516 2264/1493/516
f 2264/1493/553 2285/1493/553 2275/1487/553 2254/1487/553
f 2256/1486/552 2277/1486/552 2286/1492/552 2265/1492/552
f 2300/1482/556 2301/1485/556 2290/1484/556 2288/1483/556
f 2290/1484/556 2287/1487/556 2289/1486/556 2288/1483/556
f 2301/1485/557 2303/1489/557 2291/1488/557 2290/1484/557
f 2289/1486/558 2293/1491/558 2292/1490/558 2288/1483/558
f 2287/1487/556 2294/1493/556 2295/1492/556 2289/1486/556
f 2300/1482/556 2297/1483/556 2299/1484/556 2301/1485/556
f 2299/1484/556 2297/1483/556 2298/1486/556 2296/1487/556
f 2301/1485/557 2299/1484/557 2302/1488/557 2303/1489/557
f 2298/1486/558 2297/1483/558 2304/1490/558 2305/1491/558
f 2296/1487/556 2298/1486/556 2307/1492/556 2306/1493/556
f 2321/1482/559 2309/1483/559 2311/1484/559 2322/1485/559
f 2311/1484/559 2309/1483/559 2310/1486/559 2308/1487/559
f 2322/1485/560 2311/1484/560 2312/1488/560 2324/1489/560
f 2310/1486/561 2309/1483/561 2313/1490/561 2314/1491/561
f 2308/1487/559 2310/1486/559 2316/1492/559 2315/1493/559
f 2321/1482/559 2322/1485/559 2320/1484/559 2318/1483/559
f 2320/1484/559 2317/1487/559 2319/1486/559 2318/1483/559
f 2322/1485/560 2324/1489/560 2323/1488/560 2320/1484/560
f 2319/1486/561 2326/1491/561 2325/1490/561 2318/1483/561
f 2317/1487/559 2327/1493/559 2328/1492/559 2319/1486/559
f 2288/1483/562 2309/1483/562 2321/1482/562 2300/1482/562
f 2290/1484/563 2311/1484/563 2308/1487/563 2287/1487/563
f 2303/1489/564 2324/1489/564 2312/1488/564 2291/1488/564
f 2291/1488/518 2312/1488/518 2311/1484/518 2290/1484/518
f 2293/1491/565 2314/1491/565 2313/1490/565 2292/1490/565
f 2289/1486/518 2310/1486/518 2314/1491/518 2293/1491/518
f 2292/1490/516 2313/1490/516 2309/1483/516 2288/1483/516
f 2294/1493/518 2315/1493/518 2316/1492/518 2295/1492/518
f 2287/1487/563 2308/1487/563 2315/1493/563 2294/1493/563
f 2295/1492/562 2316/1492/562 2310/1486/562 2289/1486/562
f 2300/1482/562 2321/1482/562 2318/1483/562 2297/1483/562
f 2296/1487/563 2317/1487/563 2320/1484/563 2299/1484/563
f 2302/1488/564 2323/1488/564 2324/1489/564 2303/1489/564
f 2299/1484/516 2320/1484/516 2323/1488/516 2302/1488/516
f 2304/1490/565 2325/1490/565 2326/1491/565 2305/1491/565
f 2305/1491/516 2326/1491/516 2319/1486/516 2298/1486/516
f 2297/1483/518 2318/1483/518 2325/1490/518 2304/1490/518
f 2307/1492/516 2328/1492/516 2327/1493/516 2306/1493/516
f 2306/1493/563 2327/1493/563 2317/1487/563 2296/1487/563
f 2298/1486/562 2319/1486/562 2328/1492/562 2307/1492/562
f 2342/1482/566 2343/1485/566 2332/1484/566 2330/1483/566
f 2332/1484/566 2329/1487/566 2331/1486/566 2330/1483/566
f 2343/1485/567 2345/1489/567 2333/1488/567 2332/1484/567
f 2331/1486/568 2335/1491/568 2334/1490/568 2330/1483/568
f 2329/1487/566 2336/1493/566 2337/1492/566 2331/1486/566
f 2342/1482/566 2339/1483/566 2341/1484/566 2343/1485/566
f 2341/1484/566 2339/1483/566 2340/1486/566 2338/1487/566
f 2343/1485/567 2341/1484/567 2344/1488/567 2345/1489/567
f 2340/1486/568 2339/1483/568 2346/1490/568 2347/1491/568
f 2338/1487/566 2340/1486/566 2349/1492/566 2348/1493/566
f 2363/1482/569 2351/1483/569 2353/1484/569 2364/1485/569
f 2353/1484/569 2351/1483/569 2352/1486/569 2350/1487/569
f 2364/1485/570 2353/1484/570 2354/1488/570 2366/1489/570
f 2352/1486/571 2351/1483/571 2355/1490/571 2356/1491/571
f 2350/1487/569 2352/1486/569 2358/1492/569 2357/1493/569
f 2363/1482/569 2364/1485/569 2362/1484/569 2360/1483/569
f 2362/1484/569 2359/1487/569 2361/1486/569 2360/1483/569
f 2364/1485/570 2366/1489/570 2365/1488/570 2362/1484/570
f 2361/1486/571 2368/1491/571 2367/1490/571 2360/1483/571
f 2359/1487/569 2369/1493/569 2370/1492/569 2361/1486/569
f 2330/1483/572 2351/1483/572 2363/1482/572 2342/1482/572
f 2332/1484/573 2353/1484/573 2350/1487/573 2329/1487/573
f 2345/1489/574 2366/1489/574 2354/1488/574 2333/1488/574
f 2333/1488/518 2354/1488/518 2353/1484/518 2332/1484/518
f 2335/1491/575 2356/1491/575 2355/1490/575 2334/1490/575
f 2331/1486/518 2352/1486/518 2356/1491/518 2335/1491/518
f 2334/1490/516 2355/1490/516 2351/1483/516 2330/1483/516
f 2336/1493/518 2357/1493/518 2358/1492/518 2337/1492/518
f 2329/1487/573 2350/1487/573 2357/1493/573 2336/1493/573
f 2337/1492/572 2358/1492/572 2352/1486/572 2331/1486/572
f 2342/1482/572 2363/1482/572 2360/1483/572 2339/1483/572
f 2338/1487/573 2359/1487/573 2362/1484/573 2341/1484/573
f 2344/1488/574 2365/1488/574 2366/1489/574 2345/1489/574
f 2341/1484/516 2362/1484/516 2365/1488/516 2344/1488/516
f 2346/1490/575 2367/1490/575 2368/1491/575 2347/1491/575
f 2347/1491/516 2368/1491/516 2361/1486/516 2340/1486/516
f 2339/1483/518 2360/1483/518 2367/1490/518 2346/1490/518
f 2349/1492/516 2370/1492/516 2369/1493/516 2348/1493/516
f 2348/1493/573 2369/1493/573 2359/1487/573 2338/1487/573
f 2340/1486/572 2361/1486/572 2370/1492/572 2349/1492/572
f 2384/1482/576 2385/1485/576 2374/1484/576 2372/1483/576
f 2374/1484/576 2371/1487/576 2373/1486/576 2372/1483/576
f 2385/1485/577 2387/1489/577 2375/1488/577 2374/1484/577
f 2373/1486/567 2377/1491/567 2376/1490/567 2372/1483/567
f 2371/1487/576 2378/1493/576 2379/1492/576 2373/1486/576
f 2384/1482/576 2381/1483/576 2383/1484/576 2385/1485/576
f 2383/1484/576 2381/1483/576 2382/1486/576 2380/1487/576
f 2385/1485/577 2383/1484/577 2386/1488/577 2387/1489/577
f 2382/1486/567 2381/1483/567 2388/1490/567 2389/1491/567
f 2380/1487/576 2382/1486/576 2391/1492/576 2390/1493/576
f 2405/1482/578 2393/1483/578 2395/1484/578 2406/1485/578
f 2395/1484/578 2393/1483/578 2394/1486/578 2392/1487/578
f 2406/1485/579 2395/1484/579 2396/1488/579 2408/1489/579
f 2394/1486/580 2393/1483/580 2397/1490/580 2398/1491/580
f 2392/1487/578 2394/1486/578 2400/1492/578 2399/1493/578
f 2405/1482/578 2406/1485/578 2404/1484/578 2402/1483/578
f 2404/1484/578 2401/1487/578 2403/1486/578 2402/1483/578
f 2406/1485/579 2408/1489/579 2407/1488/579 2404/1484/579
f 2403/1486/580 2410/1491/580 2409/1490/580 2402/1483/580
f 2401/1487/578 2411/1493/578 2412/1492/578 2403/1486/578
f 2372/1483/581 2393/1483/581 2405/1482/581 2384/1482/581
f 2374/1484/582 2395/1484/582 2392/1487/582 2371/1487/582
f 2387/1489/583 2408/1489/583 2396/1488/583 2375/1488/583
f 2375/1488/518 2396/1488/518 2395/1484/518 2374/1484/518
f 2377/1491/584 2398/1491/584 2397/1490/584 2376/1490/584
f 2373/1486/518 2394/1486/518 2398/1491/518 2377/1491/518
f 2376/1490/516 2397/1490/516 2393/1483/516 2372/1483/516
f 2378/1493/518 2399/1493/518 2400/1492/518 2379/1492/518
f 2371/1487/582 2392/1487/582 2399/1493/582 2378/1493/582
f 2379/1492/581 2400/1492/581 2394/1486/581 2373/1486/581
f 2384/1482/581 2405/1482/581 2402/1483/581 2381/1483/581
f 2380/1487/582 2401/1487/582 2404/1484/582 2383/1484/582
f 2386/1488/583 2407/1488/583 2408/1489/583 2387/1489/583
f 2383/1484/516 2404/1484/516 2407/1488/516 2386/1488/516
f 2388/1490/584 2409/1490/584 2410/1491/584 2389/1491/584
f 2389/1491/516 2410/1491/516 2403/1486/516 2382/1486/516
f 2381/1483/518 2402/1483/518 2409/1490/518 2388/1490/518
f 2391/1492/516 2412/1492/516 2411/1493/516 2390/1493/516
f 2390/1493/582 2411/1493/582 2401/1487/582 2380/1487/582
f 2382/1486/581 2403/1486/581 2412/1492/581 2391/1492/581
f 2426/1482/585 2427/1485/585 2416/1484/585 2414/1483/585
f 2416/1484/585 2413/1487/585 2415/1486/585 2414/1483/585
f 2427/1485/586 2429/1489/586 2417/1488/586 2416/1484/586
f 2415/1486/577 2419/1491/577 2418/1490/577 2414/1483/577
f 2413/1487/585 2420/1493/585 2421/1492/585 2415/1486/585
f 2426/1482/585 2423/1483/585 2425/1484/585 2427/1485/585
f 2425/1484/585 2423/1483/585 2424/1486/585 2422/1487/585
f 2427/1485/586 2425/1484/586 2428/1488/586 2429/1489/586
f 2424/1486/577 2423/1483/577 2430/1490/577 2431/1491/577
f 2422/1487/585 2424/1486/585 2433/1492/585 2432/1493/585
f 2447/1482/587 2435/1483/587 2437/1484/587 2448/1485/587
f 2437/1484/587 2435/1483/587 2436/1486/587 2434/1487/587
f 2448/1485/588 2437/1484/588 2438/1488/588 2450/1489/588
f 2436/1486/589 2435/1483/589 2439/1490/589 2440/1491/589
f 2434/1487/587 2436/1486/587 2442/1492/587 2441/1493/587
f 2447/1482/587 2448/1485/587 2446/1484/587 2444/1483/587
f 2446/1484/587 2443/1487/587 2445/1486/587 2444/1483/587
f 2448/1485/588 2450/1489/588 2449/1488/588 2446/1484/588
f 2445/1486/589 2452/1491/589 2451/1490/589 2444/1483/589
f 2443/1487/587 2453/1493/587 2454/1492/587 2445/1486/587
f 2414/1483/590 2435/1483/590 2447/1482/590 2426/1482/590
f 2416/1484/591 2437/1484/591 2434/1487/591 2413/1487/591
f 2429/1489/592 2450/1489/592 2438/1488/592 2417/1488/592
f 2417/1488/518 2438/1488/518 2437/1484/518 2416/1484/518
f 2419/1491/593 2440/1491/593 2439/1490/593 2418/1490/593
f 2415/1486/518 2436/1486/518 2440/1491/518 2419/1491/518
f 2418/1490/516 2439/1490/516 2435/1483/516 2414/1483/516
f 2420/1493/518 2441/1493/518 2442/1492/518 2421/1492/518
f 2413/1487/591 2434/1487/591 2441/1493/591 2420/1493/591
f 2421/1492/590 2442/1492/590 2436/1486/590 2415/1486/590
f 2426/1482/590 2447/1482/590 2444/1483/590 2423/1483/590
f 2422/1487/591 2443/1487/591 2446/1484/591 2425/1484/591
f 2428/1488/592 2449/1488/592 2450/1489/592 2429/1489/592
f 2425/1484/516 2446/1484/516 2449/1488/516 2428/1488/516
f 2430/1490/689 2451/1490/689 2452/1491/689 2431/1491/689
f 2431/1491/516 2452/1491/516 2445/1486/516 2424/1486/516
f 2423/1483/518 2444/1483/518 2451/1490/518 2430/1490/518
f 2433/1492/516 2454/1492/516 2453/1493/516 2432/1493/516
f 2432/1493/591 2453/1493/591 2443/1487/591 2422/1487/591
f 2424/1486/590 2445/1486/590 2454/1492/590 2433/1492/590
f 2468/1482/594 2469/1485/594 2458/1484/594 2456/1483/594
f 2458/1484/594 2455/1487/594 2457/1486/594 2456/1483/594
f 2469/1485/595 2471/1489/595 2459/1488/595 2458/1484/595
f 2457/1486/596 2461/1491/596 2460/1490/596 2456/1483/596
f 2455/1487/594 2462/1493/594 2463/1492/594 2457/1486/594
f 2468/1482/594 2465/1483/594 2467/1484/594 2469/1485/594
f 2467/1484/594 2465/1483/594 2466/1486/594 2464/1487/594
f 2469/1485/595 2467/1484/595 2470/1488/595 2471/1489/595
f 2466/1486/596 2465/1483/596 2472/1490/596 2473/1491/596
f 2464/1487/594 2466/1486/594 2475/1492/594 2474/1493/594
f 2489/1482/597 2477/1483/597 2479/1484/597 2490/1485/597
f 2479/1484/597 2477/1483/597 2478/1486/597 2476/1487/597
f 2490/1485/598 2479/1484/598 2480/1488/598 2492/1489/598
f 2478/1486/599 2477/1483/599 2481/1490/599 2482/1491/599
f 2476/1487/597 2478/1486/597 2484/1492/597 2483/1493/597
f 2489/1482/597 2490/1485/597 2488/1484/597 2486/1483/597
f 2488/1484/597 2485/1487/597 2487/1486/597 2486/1483/597
f 2490/1485/598 2492/1489/598 2491/1488/598 2488/1484/598
f 2487/1486/599 2494/1491/599 2493/1490/599 2486/1483/599
f 2485/1487/597 2495/1493/597 2496/1492/597 2487/1486/597
f 2456/1483/600 2477/1483/600 2489/1482/600 2468/1482/600
f 2458/1484/601 2479/1484/601 2476/1487/601 2455/1487/601
f 2471/1489/602 2492/1489/602 2480/1488/602 2459/1488/602
f 2459/1488/518 2480/1488/518 2479/1484/518 2458/1484/518
f 2461/1491/603 2482/1491/603 2481/1490/603 2460/1490/603
f 2457/1486/518 2478/1486/518 2482/1491/518 2461/1491/518
f 2460/1490/516 2481/1490/516 2477/1483/516 2456/1483/516
f 2462/1493/518 2483/1493/518 2484/1492/518 2463/1492/518
f 2455/1487/601 2476/1487/601 2483/1493/601 2462/1493/601
f 2463/1492/600 2484/1492/600 2478/1486/600 2457/1486/600
f 2468/1482/600 2489/1482/600 2486/1483/600 2465/1483/600
f 2464/1487/601 2485/1487/601 2488/1484/601 2467/1484/601
f 2470/1488/602 2491/1488/602 2492/1489/602 2471/1489/602
f 2467/1484/516 2488/1484/516 2491/1488/516 2470/1488/516
f 2472/1490/603 2493/1490/603 2494/1491/603 2473/1491/603
f 2473/1491/516 2494/1491/516 2487/1486/516 2466/1486/516
f 2465/1483/518 2486/1483/518 2493/1490/518 2472/1490/518
f 2475/1492/516 2496/1492/516 2495/1493/516 2474/1493/516
f 2474/1493/601 2495/1493/601 2485/1487/601 2464/1487/601
f 2466/1486/600 2487/1486/600 2496/1492/600 2475/1492/600
f 2510/1482/604 2511/1485/604 2500/1484/604 2498/1483/604
f 2500/1484/604 2497/1487/604 2499/1486/604 2498/1483/604
f 2511/1485/605 2513/1489/605 2501/1488/605 2500/1484/605
f 2499/1486/595 2503/1491/595 2502/1490/595 2498/1483/595
f 2497/1487/604 2504/1493/604 2505/1492/604 2499/1486/604
f 2510/1482/604 2507/1483/604 2509/1484/604 2511/1485/604
f 2509/1484/604 2507/1483/604 2508/1486/604 2506/1487/604
f 2511/1485/605 2509/1484/605 2512/1488/605 2513/1489/605
f 2508/1486/595 2507/1483/595 2514/1490/595 2515/1491/595
f 2506/1487/604 2508/1486/604 2517/1492/604 2516/1493/604
f 2531/1482/606 2519/1483/606 2521/1484/606 2532/1485/606
f 2521/1484/606 2519/1483/606 2520/1486/606 2518/1487/606
f 2532/1485/607 2521/1484/607 2522/1488/607 2534/1489/607
f 2520/1486/608 2519/1483/608 2523/1490/608 2524/1491/608
f 2518/1487/606 2520/1486/606 2526/1492/606 2525/1493/606
f 2531/1482/606 2532/1485/606 2530/1484/606 2528/1483/606
f 2530/1484/606 2527/1487/606 2529/1486/606 2528/1483/606
f 2532/1485/607 2534/1489/607 2533/1488/607 2530/1484/607
f 2529/1486/608 2536/1491/608 2535/1490/608 2528/1483/608
f 2527/1487/606 2537/1493/606 2538/1492/606 2529/1486/606
f 2498/1483/609 2519/1483/609 2531/1482/609 2510/1482/609
f 2500/1484/610 2521/1484/610 2518/1487/610 2497/1487/610
f 2513/1489/611 2534/1489/611 2522/1488/611 2501/1488/611
f 2501/1488/518 2522/1488/518 2521/1484/518 2500/1484/518
f 2503/1491/612 2524/1491/612 2523/1490/612 2502/1490/612
f 2499/1486/518 2520/1486/518 2524/1491/518 2503/1491/518
f 2502/1490/516 2523/1490/516 2519/1483/516 2498/1483/516
f 2504/1493/518 2525/1493/518 2526/1492/518 2505/1492/518
f 2497/1487/610 2518/1487/610 2525/1493/610 2504/1493/610
f 2505/1492/609 2526/1492/609 2520/1486/609 2499/1486/609
f 2510/1482/609 2531/1482/609 2528/1483/609 2507/1483/609
f 2506/1487/610 2527/1487/610 2530/1484/610 2509/1484/610
f 2512/1488/611 2533/1488/611 2534/1489/611 2513/1489/611
f 2509/1484/516 2530/1484/516 2533/1488/516 2512/1488/516
f 2514/1490/612 2535/1490/612 2536/1491/612 2515/1491/612
f 2515/1491/516 2536/1491/516 2529/1486/516 2508/1486/516
f 2507/1483/518 2528/1483/518 2535/1490/518 2514/1490/518
f 2517/1492/516 2538/1492/516 2537/1493/516 2516/1493/516
f 2516/1493/610 2537/1493/610 2527/1487/610 2506/1487/610
f 2508/1486/609 2529/1486/609 2538/1492/609 2517/1492/609
f 2552/1482/613 2553/1485/613 2542/1484/613 2540/1483/613
f 2542/1484/613 2539/1487/613 2541/1486/613 2540/1483/613
f 2553/1485/614 2555/1489/614 2543/1488/614 2542/1484/614
f 2541/1486/615 2545/1491/615 2544/1490/615 2540/1483/615
f 2539/1487/613 2546/1493/613 2547/1492/613 2541/1486/613
f 2552/1482/613 2549/1483/613 2551/1484/613 2553/1485/613
f 2551/1484/613 2549/1483/613 2550/1486/613 2548/1487/613
f 2553/1485/614 2551/1484/614 2554/1488/614 2555/1489/614
f 2550/1486/615 2549/1483/615 2556/1490/615 2557/1491/615
f 2548/1487/613 2550/1486/613 2559/1492/613 2558/1493/613
f 2573/1482/616 2561/1483/616 2563/1484/616 2574/1485/616
f 2563/1484/616 2561/1483/616 2562/1486/616 2560/1487/616
f 2574/1485/617 2563/1484/617 2564/1488/617 2576/1489/617
f 2562/1486/618 2561/1483/618 2565/1490/618 2566/1491/618
f 2560/1487/616 2562/1486/616 2568/1492/616 2567/1493/616
f 2573/1482/616 2574/1485/616 2572/1484/616 2570/1483/616
f 2572/1484/616 2569/1487/616 2571/1486/616 2570/1483/616
f 2574/1485/617 2576/1489/617 2575/1488/617 2572/1484/617
f 2571/1486/618 2578/1491/618 2577/1490/618 2570/1483/618
f 2569/1487/616 2579/1493/616 2580/1492/616 2571/1486/616
f 2540/1483/619 2561/1483/619 2573/1482/619 2552/1482/619
f 2542/1484/620 2563/1484/620 2560/1487/620 2539/1487/620
f 2555/1489/621 2576/1489/621 2564/1488/621 2543/1488/621
f 2543/1488/518 2564/1488/518 2563/1484/518 2542/1484/518
f 2545/1491/622 2566/1491/622 2565/1490/622 2544/1490/622
f 2541/1486/518 2562/1486/518 2566/1491/518 2545/1491/518
f 2544/1490/516 2565/1490/516 2561/1483/516 2540/1483/516
f 2546/1493/518 2567/1493/518 2568/1492/518 2547/1492/518
f 2539/1487/620 2560/1487/620 2567/1493/620 2546/1493/620
f 2547/1492/619 2568/1492/619 2562/1486/619 2541/1486/619
f 2552/1482/619 2573/1482/619 2570/1483/619 2549/1483/619
f 2548/1487/620 2569/1487/620 2572/1484/620 2551/1484/620
f 2554/1488/621 2575/1488/621 2576/1489/621 2555/1489/621
f 2551/1484/516 2572/1484/516 2575/1488/516 2554/1488/516
f 2556/1490/622 2577/1490/622 2578/1491/622 2557/1491/622
f 2557/1491/516 2578/1491/516 2571/1486/516 2550/1486/516
f 2549/1483/518 2570/1483/518 2577/1490/518 2556/1490/518
f 2559/1492/516 2580/1492/516 2579/1493/516 2558/1493/516
f 2558/1493/620 2579/1493/620 2569/1487/620 2548/1487/620
f 2550/1486/619 2571/1486/619 2580/1492/619 2559/1492/619
f 2594/1482/623 2595/1485/623 2584/1484/623 2582/1483/623
f 2584/1484/623 2581/1487/623 2583/1486/623 2582/1483/623
f 2595/1485/624 2597/1489/624 2585/1488/624 2584/1484/624
f 2583/1486/625 2587/1491/625 2586/1490/625 2582/1483/625
f 2581/1487/623 2588/1493/623 2589/1492/623 2583/1486/623
f 2594/1482/623 2591/1483/623 2593/1484/623 2595/1485/623
f 2593/1484/623 2591/1483/623 2592/1486/623 2590/1487/623
f 2595/1485/624 2593/1484/624 2596/1488/624 2597/1489/624
f 2592/1486/625 2591/1483/625 2598/1490/625 2599/1491/625
f 2590/1487/623 2592/1486/623 2601/1492/623 2600/1493/623
f 2615/1482/626 2603/1483/626 2605/1484/626 2616/1485/626
f 2605/1484/626 2603/1483/626 2604/1486/626 2602/1487/626
f 2616/1485/627 2605/1484/627 2606/1488/627 2618/1489/627
f 2604/1486/628 2603/1483/628 2607/1490/628 2608/1491/628
f 2602/1487/626 2604/1486/626 2610/1492/626 2609/1493/626
f 2615/1482/626 2616/1485/626 2614/1484/626 2612/1483/626
f 2614/1484/626 2611/1487/626 2613/1486/626 2612/1483/626
f 2616/1485/627 2618/1489/627 2617/1488/627 2614/1484/627
f 2613/1486/628 2620/1491/628 2619/1490/628 2612/1483/628
f 2611/1487/626 2621/1493/626 2622/1492/626 2613/1486/626
f 2582/1483/629 2603/1483/629 2615/1482/629 2594/1482/629
f 2584/1484/630 2605/1484/630 2602/1487/630 2581/1487/630
f 2597/1489/631 2618/1489/631 2606/1488/631 2585/1488/631
f 2585/1488/518 2606/1488/518 2605/1484/518 2584/1484/518
f 2587/1491/632 2608/1491/632 2607/1490/632 2586/1490/632
f 2583/1486/518 2604/1486/518 2608/1491/518 2587/1491/518
f 2586/1490/516 2607/1490/516 2603/1483/516 2582/1483/516
f 2588/1493/518 2609/1493/518 2610/1492/518 2589/1492/518
f 2581/1487/630 2602/1487/630 2609/1493/630 2588/1493/630
f 2589/1492/629 2610/1492/629 2604/1486/629 2583/1486/629
f 2594/1482/629 2615/1482/629 2612/1483/629 2591/1483/629
f 2590/1487/630 2611/1487/630 2614/1484/630 2593/1484/630
f 2596/1488/631 2617/1488/631 2618/1489/631 2597/1489/631
f 2593/1484/516 2614/1484/516 2617/1488/516 2596/1488/516
f 2598/1490/632 2619/1490/632 2620/1491/632 2599/1491/632
f 2599/1491/516 2620/1491/516 2613/1486/516 2592/1486/516
f 2591/1483/518 2612/1483/518 2619/1490/518 2598/1490/518
f 2601/1492/516 2622/1492/516 2621/1493/516 2600/1493/516
f 2600/1493/630 2621/1493/630 2611/1487/630 2590/1487/630
f 2592/1486/629 2613/1486/629 2622/1492/629 2601/1492/629
f 2636/1482/633 2637/1485/633 2626/1484/633 2624/1483/633
f 2626/1484/633 2623/1487/633 2625/1486/633 2624/1483/633
f 2637/1485/634 2639/1489/634 2627/1488/634 2626/1484/634
f 2625/1486/624 2629/1491/624 2628/1490/624 2624/1483/624
f 2623/1487/633 2630/1493/633 2631/1492/633 2625/1486/633
f 2636/1482/633 2633/1483/633 2635/1484/633 2637/1485/633
f 2635/1484/633 2633/1483/633 2634/1486/633 2632/1487/633
f 2637/1485/634 2635/1484/634 2638/1488/634 2639/1489/634
f 2634/1486/624 2633/1483/624 2640/1490/624 2641/1491/624
f 2632/1487/633 2634/1486/633 2643/1492/633 2642/1493/633
f 2657/1482/635 2645/1483/635 2647/1484/635 2658/1485/635
f 2647/1484/635 2645/1483/635 2646/1486/635 2644/1487/635
f 2658/1485/636 2647/1484/636 2648/1488/636 2660/1489/636
f 2646/1486/637 2645/1483/637 2649/1490/637 2650/1491/637
f 2644/1487/635 2646/1486/635 2652/1492/635 2651/1493/635
f 2657/1482/635 2658/1485/635 2656/1484/635 2654/1483/635
f 2656/1484/635 2653/1487/635 2655/1486/635 2654/1483/635
f 2658/1485/636 2660/1489/636 2659/1488/636 2656/1484/636
f 2655/1486/637 2662/1491/637 2661/1490/637 2654/1483/637
f 2653/1487/635 2663/1493/635 2664/1492/635 2655/1486/635
f 2624/1483/638 2645/1483/638 2657/1482/638 2636/1482/638
f 2626/1484/639 2647/1484/639 2644/1487/639 2623/1487/639
f 2639/1489/640 2660/1489/640 2648/1488/640 2627/1488/640
f 2627/1488/518 2648/1488/518 2647/1484/518 2626/1484/518
f 2629/1491/641 2650/1491/641 2649/1490/641 2628/1490/641
f 2625/1486/518 2646/1486/518 2650/1491/518 2629/1491/518
f 2628/1490/516 2649/1490/516 2645/1483/516 2624/1483/516
f 2630/1493/518 2651/1493/518 2652/1492/518 2631/1492/518
f 2623/1487/639 2644/1487/639 2651/1493/639 2630/1493/639
f 2631/1492/638 2652/1492/638 2646/1486/638 2625/1486/638
f 2636/1482/638 2657/1482/638 2654/1483/638 2633/1483/638
f 2632/1487/639 2653/1487/639 2656/1484/639 2635/1484/639
f 2638/1488/640 2659/1488/640 2660/1489/640 2639/1489/640
f 2635/1484/516 2656/1484/516 2659/1488/516 2638/1488/516
f 2640/1490/641 2661/1490/641 2662/1491/641 2641/1491/641
f 2641/1491/516 2662/1491/516 2655/1486/516 2634/1486/516
f 2633/1483/518 2654/1483/518 2661/1490/518 2640/1490/518
f 2643/1492/516 2664/1492/516 2663/1493/516 2642/1493/516
f 2642/1493/639 2663/1493/639 2653/1487/639 2632/1487/639
f 2634/1486/638 2655/1486/638 2664/1492/638 2643/1492/638
f 2678/1482/642 2679/1485/642 2668/1484/642 2666/1483/642
f 2668/1484/642 2665/1487/642 2667/1486/642 2666/1483/642
f 2679/1485/643 2681/1489/643 2669/1488/643 2668/1484/643
f 2667/1486/644 2671/1491/644 2670/1490/644 2666/1483/644
f 2665/1487/642 2672/1493/642 2673/1492/642 2667/1486/642
f 2678/1482/642 2675/1483/642 2677/1484/642 2679/1485/642
f 2677/1484/642 2675/1483/642 2676/1486/642 2674/1487/642
f 2679/1485/643 2677/1484/643 2680/1488/643 2681/1489/643
f 2676/1486/644 2675/1483/644 2682/1490/644 2683/1491/644
f 2674/1487/642 2676/1486/642 2685/1492/642 2684/1493/642
f 2699/1482/645 2687/1483/645 2689/1484/645 2700/1485/645
f 2689/1484/645 2687/1483/645 2688/1486/645 2686/1487/645
f 2700/1485/646 2689/1484/646 2690/1488/646 2702/1489/646
f 2688/1486/647 2687/1483/647 2691/1490/647 2692/1491/647
f 2686/1487/645 2688/1486/645 2694/1492/645 2693/1493/645
f 2699/1482/645 2700/1485/645 2698/1484/645 2696/1483/645
f 2698/1484/645 2695/1487/645 2697/1486/645 2696/1483/645
f 2700/1485/646 2702/1489/646 2701/1488/646 2698/1484/646
f 2697/1486/647 2704/1491/647 2703/1490/647 2696/1483/647
f 2695/1487/645 2705/1493/645 2706/1492/645 2697/1486/645
f 2666/1483/648 2687/1483/648 2699/1482/648 2678/1482/648
f 2668/1484/649 2689/1484/649 2686/1487/649 2665/1487/649
f 2681/1489/650 2702/1489/650 2690/1488/650 2669/1488/650
f 2669/1488/518 2690/1488/518 2689/1484/518 2668/1484/518
f 2671/1491/651 2692/1491/651 2691/1490/651 2670/1490/651
f 2667/1486/518 2688/1486/518 2692/1491/518 2671/1491/518
f 2670/1490/516 2691/1490/516 2687/1483/516 2666/1483/516
f 2672/1493/518 2693/1493/518 2694/1492/518 2673/1492/518
f 2665/1487/649 2686/1487/649 2693/1493/649 2672/1493/649
f 2673/1492/648 2694/1492/648 2688/1486/648 2667/1486/648
f 2678/1482/648 2699/1482/648 2696/1483/648 2675/1483/648
f 2674/1487/649 2695/1487/649 2698/1484/649 2677/1484/649
f 2680/1488/650 2701/1488/650 2702/1489/650 2681/1489/650
f 2677/1484/516 2698/1484/516 2701/1488/516 2680/1488/516
f 2682/1490/651 2703/1490/651 2704/1491/651 2683/1491/651
f 2683/1491/516 2704/1491/516 2697/1486/516 2676/1486/516
f 2675/1483/518 2696/1483/518 2703/1490/518 2682/1490/518
f 2685/1492/516 2706/1492/516 2705/1493/516 2684/1493/516
f 2684/1493/649 2705/1493/649 2695/1487/649 2674/1487/649
f 2676/1486/648 2697/1486/648 2706/1492/648 2685/1492/648
f 2720/1482/652 2721/1485/652 2710/1484/652 2708/1483/652
f 2710/1484/652 2707/1487/652 2709/1486/652 2708/1483/652
f 2721/1485/653 2723/1489/653 2711/1488/653 2710/1484/653
f 2709/1486/643 2713/1491/643 2712/1490/643 2708/1483/643
f 2707/1487/652 2714/1493/652 2715/1492/652 2709/1486/652
f 2720/1482/652 2717/1483/652 2719/1484/652 2721/1485/652
f 2719/1484/652 2717/1483/652 2718/1486/652 2716/1487/652
f 2721/1485/653 2719/1484/653 2722/1488/653 2723/1489/653
f 2718/1486/643 2717/1483/643 2724/1490/643 2725/1491/643
f 2716/1487/652 2718/1486/652 2727/1492/652 2726/1493/652
f 2741/1482/654 2729/1483/654 2731/1484/654 2742/1485/654
f 2731/1484/654 2729/1483/654 2730/1486/654 2728/1487/654
f 2742/1485/655 2731/1484/655 2732/1488/655 2744/1489/655
f 2730/1486/646 2729/1483/646 2733/1490/646 2734/1491/646
f 2728/1487/654 2730/1486/654 2736/1492/654 2735/1493/654
f 2741/1482/654 2742/1485/654 2740/1484/654 2738/1483/654
f 2740/1484/654 2737/1487/654 2739/1486/654 2738/1483/654
f 2742/1485/655 2744/1489/655 2743/1488/655 2740/1484/655
f 2739/1486/646 2746/1491/646 2745/1490/646 2738/1483/646
f 2737/1487/654 2747/1493/654 2748/1492/654 2739/1486/654
f 2708/1483/656 2729/1483/656 2741/1482/656 2720/1482/656
f 2710/1484/657 2731/1484/657 2728/1487/657 2707/1487/657
f 2723/1489/658 2744/1489/658 2732/1488/658 2711/1488/658
f 2711/1488/518 2732/1488/518 2731/1484/518 2710/1484/518
f 2713/1491/659 2734/1491/659 2733/1490/659 2712/1490/659
f 2709/1486/518 2730/1486/518 2734/1491/518 2713/1491/518
f 2712/1490/516 2733/1490/516 2729/1483/516 2708/1483/516
f 2714/1493/518 2735/1493/518 2736/1492/518 2715/1492/518
f 2707/1487/657 2728/1487/657 2735/1493/657 2714/1493/657
f 2715/1492/656 2736/1492/656 2730/1486/656 2709/1486/656
f 2720/1482/656 2741/1482/656 2738/1483/656 2717/1483/656
f 2716/1487/657 2737/1487/657 2740/1484/657 2719/1484/657
f 2722/1488/658 2743/1488/658 2744/1489/658 2723/1489/658
f 2719/1484/516 2740/1484/516 2743/1488/516 2722/1488/516
f 2724/1490/659 2745/1490/659 2746/1491/659 2725/1491/659
f 2725/1491/516 2746/1491/516 2739/1486/516 2718/1486/516
f 2717/1483/518 2738/1483/518 2745/1490/518 2724/1490/518
f 2727/1492/516 2748/1492/516 2747/1493/516 2726/1493/516
f 2726/1493/657 2747/1493/657 2737/1487/657 2716/1487/657
f 2718/1486/656 2739/1486/656 2748/1492/656 2727/1492/656
f 2762/1482/660 2763/1485/660 2752/1484/660 2750/1483/660
f 2752/1484/660 2749/1487/660 2751/1486/660 2750/1483/660
f 2763/1485/661 2765/1489/661 2753/1488/661 2752/1484/661
f 2751/1486/662 2755/1491/662 2754/1490/662 2750/1483/662
f 2749/1487/660 2756/1493/660 2757/1492/660 2751/1486/660
f 2762/1482/660 2759/1483/660 2761/1484/660 2763/1485/660
f 2761/1484/660 2759/1483/660 2760/1486/660 2758/1487/660
f 2763/1485/661 2761/1484/661 2764/1488/661 2765/1489/661
f 2760/1486/662 2759/1483/662 2766/1490/662 2767/1491/662
f 2758/1487/660 2760/1486/660 2769/1492/660 2768/1493/660
f 2783/1482/663 2771/1483/663 2773/1484/663 2784/1485/663
f 2773/1484/663 2771/1483/663 2772/1486/663 2770/1487/663
f 2784/1485/664 2773/1484/664 2774/1488/664 2786/1489/664
f 2772/1486/665 2771/1483/665 2775/1490/665 2776/1491/665
f 2770/1487/663 2772/1486/663 2778/1492/663 2777/1493/663
f 2783/1482/663 2784/1485/663 2782/1484/663 2780/1483/663
f 2782/1484/663 2779/1487/663 2781/1486/663 2780/1483/663
f 2784/1485/664 2786/1489/664 2785/1488/664 2782/1484/664
f 2781/1486/665 2788/1491/665 2787/1490/665 2780/1483/665
f 2779/1487/663 2789/1493/663 2790/1492/663 2781/1486/663
f 2750/1483/666 2771/1483/666 2783/1482/666 2762/1482/666
f 2752/1484/667 2773/1484/667 2770/1487/667 2749/1487/667
f 2765/1489/668 2786/1489/668 2774/1488/668 2753/1488/668
f 2753/1488/518 2774/1488/518 2773/1484/518 2752/1484/518
f 2755/1491/669 2776/1491/669 2775/1490/669 2754/1490/669
f 2751/1486/518 2772/1486/518 2776/1491/518 2755/1491/518
f 2754/1490/516 2775/1490/516 2771/1483/516 2750/1483/516
f 2756/1493/518 2777/1493/518 2778/1492/518 2757/1492/518
f 2749/1487/667 2770/1487/667 2777/1493/667 2756/1493/667
f 2757/1492/666 2778/1492/666 2772/1486/666 2751/1486/666
f 2762/1482/666 2783/1482/666 2780/1483/666 2759/1483/666
f 2758/1487/667 2779/1487/667 2782/1484/667 2761/1484/667
f 2764/1488/668 2785/1488/668 2786/1489/668 2765/1489/668
f 2761/1484/516 2782/1484/516 2785/1488/516 2764/1488/516
f 2766/1490/669 2787/1490/669 2788/1491/669 2767/1491/669
f 2767/1491/516 2788/1491/516 2781/1486/516 2760/1486/516
f 2759/1483/518 2780/1483/518 2787/1490/518 2766/1490/518
f 2769/1492/516 2790/1492/516 2789/1493/516 2768/1493/516
f 2768/1493/667 2789/1493/667 2779/1487/667 2758/1487/667
f 2760/1486/666 2781/1486/666 2790/1492/666 2769/1492/666
f 2804/1482/670 2805/1485/670 2794/1484/670 2792/1483/670
f 2794/1484/670 2791/1487/670 2793/1486/670 2792/1483/670
f 2805/1485/671 2807/1489/671 2795/1488/671 2794/1484/671
f 2793/1486/672 2797/1491/672 2796/1490/672 2792/1483/672
f 2791/1487/670 2798/1493/670 2799/1492/670 2793/1486/670
f 2804/1482/670 2801/1483/670 2803/1484/670 2805/1485/670
f 2803/1484/670 2801/1483/670 2802/1486/670 2800/1487/670
f 2805/1485/671 2803/1484/671 2806/1488/671 2807/1489/671
f 2802/1486/672 2801/1483/672 2808/1490/672 2809/1491/672
f 2800/1487/670 2802/1486/670 2811/1492/670 2810/1493/670
f 2825/1482/673 2813/1483/673 2815/1484/673 2826/1485/673
f 2815/1484/673 2813/1483/673 2814/1486/673 2812/1487/673
f 2826/1485/674 2815/1484/674 2816/1488/674 2828/1489/674
f 2814/1486/675 2813/1483/675 2817/1490/675 2818/1491/675
f 2812/1487/673 2814/1486/673 2820/1492/673 2819/1493/673
f 2825/1482/673 2826/1485/673 2824/1484/673 2822/1483/673
f 2824/1484/673 2821/1487/673 2823/1486/673 2822/1483/673
f 2826/1485/674 2828/1489/674 2827/1488/674 2824/1484/674
f 2823/1486/675 2830/1491/675 2829/1490/675 2822/1483/675
f 2821/1487/673 2831/1493/673 2832/1492/673 2823/1486/673
f 2792/1483/676 2813/1483/676 2825/1482/676 2804/1482/676
f 2794/1484/677 2815/1484/677 2812/1487/677 2791/1487/677
f 2807/1489/678 2828/1489/678 2816/1488/678 2795/1488/678
f 2795/1488/518 2816/1488/518 2815/1484/518 2794/1484/518
f 2797/1491/679 2818/1491/679 2817/1490/679 2796/1490/679
f 2793/1486/518 2814/1486/518 2818/1491/518 2797/1491/518
f 2796/1490/516 2817/1490/516 2813/1483/516 2792/1483/516
f 2798/1493/518 2819/1493/518 2820/1492/518 2799/1492/518
f 2791/1487/677 2812/1487/677 2819/1493/677 2798/1493/677
f 2799/1492/676 2820/1492/676 2814/1486/676 2793/1486/676
f 2804/1482/676 2825/1482/676 2822/1483/676 2801/1483/676
f 2800/1487/677 2821/1487/677 2824/1484/677 2803/1484/677
f 2806/1488/678 2827/1488/678 2828/1489/678 2807/1489/678
f 2803/1484/516 2824/1484/516 2827/1488/516 2806/1488/516
f 2808/1490/679 2829/1490/679 2830/1491/679 2809/1491/679
f 2809/1491/516 2830/1491/516 2823/1486/516 2802/1486/516
f 2801/1483/518 2822/1483/518 2829/1490/518 2808/1490/518
f 2811/1492/516 2832/1492/516 2831/1493/516 2810/1493/516
f 2810/1493/677 2831/1493/677 2821/1487/677 2800/1487/677
f 2802/1486/676 2823/1486/676 2832/1492/676 2811/1492/676
f 2846/1482/680 2847/1485/680 2836/1484/680 2834/1483/680
f 2836/1484/680 2833/1487/680 2835/1486/680 2834/1483/680
f 2847/1485/681 2849/1489/681 2837/1488/681 2836/1484/681
f 2835/1486/682 2839/1491/682 2838/1490/682 2834/1483/682
f 2833/1487/680 2840/1493/680 2841/1492/680 2835/1486/680
f 2846/1482/680 2843/1483/680 2845/1484/680 2847/1485/680
f 2845/1484/680 2843/1483/680 2844/1486/680 2842/1487/680
f 2847/1485/681 2845/1484/681 2848/1488/681 2849/1489/681
f 2844/1486/682 2843/1483/682 2850/1490/682 2851/1491/682
f 2842/1487/680 2844/1486/680 2853/1492/680 2852/1493/680
f 2867/1482/683 2855/1483/683 2857/1484/683 2868/1485/683
f 2857/1484/683 2855/1483/683 2856/1486/683 2854/1487/683
f 2868/1485/648 2857/1484/648 2858/1488/648 2870/1489/648
f 2856/1486/684 2855/1483/684 2859/1490/684 2860/1491/684
f 2854/1487/683 2856/1486/683 2862/1492/683 2861/1493/683
f 2867/1482/683 2868/1485/683 2866/1484/683 2864/1483/683
f 2866/1484/683 2863/1487/683 2865/1486/683 2864/1483/683
f 2868/1485/648 2870/1489/648 2869/1488/648 2866/1484/648
f 2865/1486/684 2872/1491/684 2871/1490/684 2864/1483/684
f 2863/1487/683 2873/1493/683 2874/1492/683 2865/1486/683
f 2834/1483/685 2855/1483/685 2867/1482/685 2846/1482/685
f 2836/1484/686 2857/1484/686 2854/1487/686 2833/1487/686
f 2849/1489/687 2870/1489/687 2858/1488/687 2837/1488/687
f 2837/1488/518 2858/1488/518 2857/1484/518 2836/1484/518
f 2839/1491/688 2860/1491/688 2859/1490/688 2838/1490/688
f 2835/1486/518 2856/1486/518 2860/1491/518 2839/1491/518
f 2838/1490/516 2859/1490/516 2855/1483/516 2834/1483/516
f 2840/1493/518 2861/1493/518 2862/1492/518 2841/1492/518
f 2833/1487/686 2854/1487/686 2861/1493/686 2840/1493/686
f 2841/1492/685 2862/1492/685 2856/1486/685 2835/1486/685
f 2846/1482/685 2867/1482/685 2864/1483/685 2843/1483/685
f 2842/1487/686 2863/1487/686 2866/1484/686 2845/1484/686
f 2848/1488/687 2869/1488/687 2870/1489/687 2849/1489/687
f 2845/1484/516 2866/1484/516 2869/1488/516 2848/1488/516
f 2850/1490/688 2871/1490/688 2872/1491/688 2851/1491/688
f 2851/1491/516 2872/1491/516 2865/1486/516 2844/1486/516
f 2843/1483/518 2864/1483/518 2871/1490/518 2850/1490/518
f 2853/1492/516 2874/1492/516 2873/1493/516 2852/1493/516
f 2852/1493/686 2873/1493/686 2863/1487/686 2842/1487/686
f 2844/1486/685 2865/1486/685 2874/1492/685 2853/1492/685
