# Blender 4.2.3 LTS
# www.blender.org
mtllib tanque.mtl
o Cube.001
v 1.405802 1.414678 0.565205
v 1.405802 3.836013 0.565205
v 1.405802 1.414678 -1.434795
v 1.405802 3.836012 -1.434795
v 1.405802 3.363431 -1.434795
v 1.405802 3.363431 0.565205
v 1.405802 2.121724 -1.434795
v 1.405802 3.363431 2.103434
v 2.857599 3.836013 0.565205
v 2.857599 3.836012 -1.434795
v 3.000185 3.363431 -1.434795
v 3.000185 3.363431 0.565205
v 1.405802 3.836012 -3.072292
v 1.405802 3.363430 -3.072292
v 1.405802 1.414678 -3.072292
v 2.857599 3.836012 -3.072292
v 3.000185 3.363430 -3.072292
v 1.405802 1.414679 1.082463
v 1.405802 3.836013 1.339905
v 2.461947 3.836013 1.339905
v 2.604532 3.363431 1.695307
v 1.405802 2.121725 0.565205
v 1.405802 2.121725 2.103434
v 1.405802 2.121724 -3.072292
v 1.234820 3.682245 -3.657253
v 1.234820 2.292708 -3.812288
v 1.405802 1.414678 -3.113853
v 1.234820 3.363430 -3.812288
v 1.405802 3.836012 -3.582479
v 1.405802 3.363430 -3.812288
v 1.405802 2.121723 -3.812288
v 1.234820 3.318832 -3.618593
v 1.234820 3.637647 -3.463559
v 1.234820 2.248111 -3.618593
v 1.405802 2.742578 -1.434795
v 1.405802 2.742578 0.565205
v 1.405802 2.742578 2.287020
v 1.405802 2.742577 -3.072292
v 1.405802 2.742576 -3.812288
v 1.234820 2.828070 -3.812288
v 1.234820 2.783471 -3.618593
v -1.182104 1.414678 0.565205
v -1.182104 3.836013 0.565205
v -1.182104 1.414678 -1.434795
v -1.182104 3.836012 -1.434795
v 0.111849 1.414678 -1.434795
v 0.111849 3.836012 -1.434795
v 0.111849 1.414678 0.565205
v 0.111849 3.836013 0.565205
v -1.182104 3.363431 -1.434795
v -1.182104 3.363431 0.565205
v -1.182104 2.121724 -1.434795
v -1.182104 3.363431 2.103434
v -2.633901 3.836013 0.565205
v -2.633901 3.836012 -1.434795
v -2.776487 3.363431 -1.434795
v -2.776487 3.363431 0.565205
v 0.111849 3.836012 -3.072292
v -1.182104 3.836012 -3.072292
v -1.182104 3.363430 -3.072292
v -1.182104 1.414678 -3.072292
v 0.111849 1.414678 -3.072292
v -2.633901 3.836012 -3.072292
v -2.776487 3.363430 -3.072292
v -1.182104 1.414679 1.082463
v 0.111849 1.414679 1.082463
v -1.182104 3.836013 1.339905
v 0.111849 3.836013 1.339905
v 0.111849 3.363431 2.103434
v -2.238249 3.836013 1.339905
v -2.380834 3.363431 1.695307
v -1.182104 2.121725 0.565205
v -1.182104 2.121725 2.103434
v -1.182104 2.121724 -3.072292
v 0.111849 2.121725 2.103434
v 0.111849 3.682245 -3.657253
v -1.011122 3.682245 -3.657253
v -1.011122 2.292708 -3.812288
v -1.182104 1.414678 -3.113853
v 0.111849 1.414678 -3.113853
v 0.111849 2.292708 -3.812288
v -1.011122 3.363430 -3.812288
v 0.111849 3.836012 -3.582479
v -1.182104 3.836012 -3.582479
v -1.182104 3.363430 -3.812288
v -1.182104 2.121723 -3.812288
v 0.111849 2.121723 -3.812288
v 0.111849 3.637647 -3.463559
v 0.111849 3.318832 -3.618593
v -1.011122 3.318832 -3.618593
v 0.111849 2.248111 -3.618593
v -1.011122 3.637647 -3.463559
v -1.011122 2.248111 -3.618593
v -1.182104 2.742578 -1.434795
v -1.182104 2.742578 0.565205
v -1.182104 2.742578 2.287020
v -1.182104 2.742577 -3.072292
v 0.111849 2.742578 2.287020
v -1.182104 2.742576 -3.812288
v -1.011122 2.828070 -3.812288
v 0.111849 2.783471 -3.618593
v -1.011122 2.783471 -3.618593
vn -0.0000 -1.0000 -0.0000
vn -0.0000 1.0000 -0.0000
vn 0.8506 0.3895 0.3533
vn 1.0000 -0.0000 -0.0000
vn 0.9574 0.2889 -0.0000
vn -0.0000 -0.0000 -1.0000
vn -0.0000 0.8503 0.5263
vn -0.0000 0.2836 0.9590
vn 0.1145 0.7661 0.6325
vn -0.0000 -0.8221 0.5693
vn -0.0000 -0.9745 -0.2244
vn -1.0000 -0.0000 -0.0000
vn -0.0000 -0.7028 -0.7114
vn -0.0000 0.4373 -0.8993
vn -0.0000 0.9745 0.2244
vn -0.0000 -0.2836 0.9590
vn -0.8506 0.3895 0.3533
vn -0.9574 0.2889 -0.0000
vn -0.1145 0.7661 0.6325
vt 0.720459 0.339895
vt 0.720460 0.339895
vt 0.720460 0.339897
vt 0.720459 0.339897
vt 0.720430 0.339870
vt 0.720430 0.339873
vt 0.720429 0.339873
vt 0.720429 0.339870
vt 0.720459 0.339893
vt 0.720460 0.339893
vt 0.720432 0.339870
vt 0.720432 0.339873
vt 0.720404 0.339935
vt 0.720405 0.339935
vt 0.720404 0.339936
vt 0.720430 0.339874
vt 0.720429 0.339874
vt 0.720436 0.339879
vt 0.720436 0.339881
vt 0.720435 0.339879
vt 0.720434 0.339879
vt 0.720434 0.339877
vt 0.720435 0.339877
vt 0.720404 0.339932
vt 0.720405 0.339932
vt 0.720425 0.339911
vt 0.720423 0.339911
vt 0.720423 0.339909
vt 0.720425 0.339909
vt 0.720423 0.339913
vt 0.720425 0.339913
vt 0.720459 0.339892
vt 0.720460 0.339892
vt 0.720435 0.339876
vt 0.720436 0.339877
vt 0.720436 0.339876
vt 0.720484 0.339925
vt 0.720484 0.339923
vt 0.720429 0.339868
vt 0.720430 0.339868
vt 0.720432 0.339868
vt 0.720404 0.339930
vt 0.720405 0.339930
vt 0.720430 0.339875
vt 0.720432 0.339874
vt 0.720432 0.339875
vt 0.720453 0.339938
vt 0.720453 0.339940
vt 0.720424 0.339915
vt 0.720423 0.339915
vt 0.720436 0.339883
vt 0.720436 0.339884
vt 0.720434 0.339881
vt 0.720435 0.339881
vt 0.720435 0.339883
vt 0.720434 0.339882
vt 0.720459 0.339891
vt 0.720460 0.339891
vt 0.720430 0.339867
vt 0.720432 0.339867
vt 0.720418 0.339910
vt 0.720418 0.339911
vt 0.720447 0.339858
vt 0.720460 0.339898
vt 0.720459 0.339898
vt 0.720437 0.339877
vt 0.720437 0.339876
vt 0.720477 0.339936
vt 0.720475 0.339936
vt 0.720475 0.339935
vt 0.720477 0.339935
vt 0.720477 0.339937
vt 0.720475 0.339937
vt 0.720477 0.339938
vt 0.720475 0.339938
vt 0.842077 0.319939
vt 0.842079 0.319939
vt 0.842077 0.319940
vt 0.842079 0.319940
vt 0.720402 0.339909
vt 0.720402 0.339911
vt 0.720401 0.339911
vt 0.720401 0.339909
vt 0.720447 0.339859
vt 0.842077 0.319941
vt 0.842079 0.319941
vt 0.720452 0.339938
vt 0.720452 0.339940
s 0
usemtl Material.001
f 3/1/1 46/2/1 62/3/1 15/4/1
f 4/5/2 2/6/2 9/7/2 10/8/2
f 46/2/1 3/1/1 1/9/1 48/10/1
f 4/5/2 47/11/2 49/12/2 2/6/2
f 12/13/3 9/14/3 20/14/3 21/15/3
f 9/7/2 2/6/2 19/16/2 20/17/2
f 35/18/4 5/18/4 6/19/4 36/19/4
f 7/20/4 3/21/4 15/22/4 24/23/4
f 11/24/5 10/25/5 9/14/5 12/13/5
f 11/26/1 5/27/1 14/28/1 17/29/1
f 6/30/1 5/27/1 11/26/1 12/31/1
f 48/10/1 1/9/1 18/32/1 66/33/1
f 24/23/4 15/22/4 27/22/4 31/34/4
f 38/35/4 24/23/4 31/34/4 39/36/4
f 14/37/6 13/37/6 16/38/6 17/38/6
f 4/5/2 10/8/2 16/39/2 13/40/2
f 47/11/2 4/5/2 13/40/2 58/41/2
f 10/25/5 11/24/5 17/42/5 16/43/5
f 8/44/7 19/16/7 68/45/7 69/46/7
f 37/47/8 8/47/8 69/48/8 98/48/8
f 19/16/9 8/44/9 21/17/9 20/17/9
f 6/30/1 12/31/1 21/49/1 8/50/1
f 36/19/4 6/19/4 8/51/4 37/52/4
f 2/6/2 49/12/2 68/45/2 19/16/2
f 1/53/4 22/54/4 23/55/4 18/56/4
f 18/32/10 23/57/10 75/58/10 66/33/10
f 58/41/2 13/40/2 29/59/2 83/60/2
f 35/18/4 7/20/4 24/23/4 38/35/4
f 3/21/4 7/20/4 22/54/4 1/53/4
f 76/61/11 25/62/11 33/62/11 88/61/11
f 40/63/12 26/63/12 34/63/12 41/63/12
f 80/3/13 87/64/13 31/65/13 27/4/13
f 13/66/4 14/35/4 30/36/4 29/67/4
f 15/4/1 62/3/1 80/3/1 27/4/1
f 25/68/14 76/69/14 83/70/14 29/71/14
f 28/68/14 25/68/14 29/71/14 30/68/14
f 40/72/6 28/68/6 30/68/6 39/72/6
f 81/73/6 26/72/6 31/74/6 87/75/6
f 89/76/14 88/76/14 33/77/14 32/77/14
f 101/78/6 89/76/6 32/77/6 41/79/6
f 26/80/15 81/81/15 91/82/15 34/83/15
f 25/84/12 28/84/12 32/84/12 33/84/12
f 91/85/6 101/78/6 41/79/6 34/86/6
f 26/72/6 40/72/6 39/72/6 31/74/6
f 28/84/12 40/63/12 41/63/12 32/84/12
f 5/18/4 35/18/4 38/35/4 14/35/4
f 22/54/4 36/19/4 37/52/4 23/55/4
f 23/87/16 37/47/16 98/48/16 75/88/16
f 14/35/4 38/35/4 39/36/4 30/36/4
f 7/20/4 35/18/4 36/19/4 22/54/4
f 44/1/1 61/4/1 62/3/1 46/2/1
f 45/5/2 55/8/2 54/7/2 43/6/2
f 46/2/1 48/10/1 42/9/1 44/1/1
f 45/5/2 43/6/2 49/12/2 47/11/2
f 57/13/17 71/15/17 70/14/17 54/14/17
f 54/7/2 70/17/2 67/16/2 43/6/2
f 94/18/12 95/19/12 51/19/12 50/18/12
f 52/20/12 74/23/12 61/22/12 44/21/12
f 56/24/18 57/13/18 54/14/18 55/25/18
f 56/26/1 64/29/1 60/28/1 50/27/1
f 51/30/1 57/31/1 56/26/1 50/27/1
f 48/10/1 66/33/1 65/32/1 42/9/1
f 74/23/12 86/34/12 79/22/12 61/22/12
f 97/35/12 99/36/12 86/34/12 74/23/12
f 60/37/6 64/38/6 63/38/6 59/37/6
f 45/5/2 59/40/2 63/39/2 55/8/2
f 47/11/2 58/41/2 59/40/2 45/5/2
f 55/25/18 63/43/18 64/42/18 56/24/18
f 53/44/7 69/46/7 68/45/7 67/16/7
f 96/47/8 98/48/8 69/48/8 53/47/8
f 67/16/19 70/17/19 71/17/19 53/44/19
f 51/30/1 53/50/1 71/49/1 57/31/1
f 95/19/12 96/52/12 53/51/12 51/19/12
f 43/6/2 67/16/2 68/45/2 49/12/2
f 42/53/12 65/56/12 73/55/12 72/54/12
f 65/32/10 66/33/10 75/58/10 73/57/10
f 58/41/2 83/60/2 84/59/2 59/40/2
f 94/18/12 97/35/12 74/23/12 52/20/12
f 44/21/12 42/53/12 72/54/12 52/20/12
f 76/61/11 88/61/11 92/62/11 77/62/11
f 100/63/4 102/63/4 93/63/4 78/63/4
f 80/3/13 79/4/13 86/65/13 87/64/13
f 59/66/12 84/67/12 85/36/12 60/35/12
f 61/4/1 79/4/1 80/3/1 62/3/1
f 77/68/14 84/71/14 83/70/14 76/69/14
f 82/68/14 85/68/14 84/71/14 77/68/14
f 100/72/6 99/72/6 85/68/6 82/68/6
f 81/73/6 87/75/6 86/74/6 78/72/6
f 89/76/14 90/77/14 92/77/14 88/76/14
f 101/78/6 102/79/6 90/77/6 89/76/6
f 78/80/15 93/83/15 91/82/15 81/81/15
f 77/84/4 92/84/4 90/84/4 82/84/4
f 91/85/6 93/86/6 102/79/6 101/78/6
f 78/72/6 86/74/6 99/72/6 100/72/6
f 82/84/4 90/84/4 102/63/4 100/63/4
f 50/18/12 60/35/12 97/35/12 94/18/12
f 72/54/12 73/55/12 96/52/12 95/19/12
f 73/87/16 75/88/16 98/48/16 96/47/16
f 60/35/12 85/36/12 99/36/12 97/35/12
f 52/20/12 72/54/12 95/19/12 94/18/12
o Cylinder.011
v 1.609720 1.806118 0.764735
v 3.376063 1.806118 1.117942
v 1.609720 1.381608 0.849175
v 3.376063 1.516775 1.175496
v 1.609720 1.021726 1.089640
v 3.376063 1.271482 1.339396
v 1.609720 0.781261 1.449523
v 3.376063 1.107582 1.584689
v 1.609720 0.696820 1.874032
v 3.376063 1.050028 1.874032
v 1.609720 0.781261 2.298543
v 3.376063 1.107582 2.163375
v 1.609720 1.021726 2.658425
v 3.376063 1.271482 2.408669
v 1.609720 1.381608 2.898890
v 3.376063 1.516775 2.572568
v 1.609720 1.806118 2.983330
v 3.376063 1.806118 2.630122
v 1.609720 2.230628 2.898890
v 3.376063 2.095461 2.572568
v 1.609720 2.590510 2.658425
v 3.376063 2.340755 2.408669
v 1.609720 2.830976 2.298543
v 3.376063 2.504654 2.163376
v 1.609720 2.915416 1.874032
v 3.376063 2.562208 1.874032
v 1.609720 2.830976 1.449523
v 3.376063 2.504654 1.584689
v 1.609720 2.590510 1.089640
v 3.376063 2.340754 1.339396
v 1.609720 2.230628 0.849175
v 3.376063 2.095461 1.175496
v 3.376063 1.381608 0.849175
v 3.376063 1.806118 0.764735
v 3.376063 1.021726 1.089640
v 3.376063 0.781261 1.449523
v 3.376063 0.696820 1.874032
v 3.376063 0.781261 2.298543
v 3.376063 1.021726 2.658425
v 3.376063 1.381608 2.898890
v 3.376063 1.806118 2.983330
v 3.376063 2.230628 2.898890
v 3.376063 2.590510 2.658425
v 3.376063 2.830976 2.298543
v 3.376063 2.915416 1.874032
v 3.376063 2.830976 1.449523
v 3.376063 2.590510 1.089640
v 3.376063 2.230628 0.849175
v 3.238390 1.582717 1.334695
v 3.238390 1.806118 1.290257
v 3.238390 1.393327 1.461241
v 3.238390 1.266780 1.650632
v 3.238390 1.222343 1.874032
v 3.238390 1.266780 2.097434
v 3.238390 1.393327 2.286824
v 3.238390 1.582717 2.413371
v 3.238390 1.806118 2.457808
v 3.238390 2.029519 2.413371
v 3.238390 2.218910 2.286824
v 3.238390 2.345457 2.097434
v 3.238390 2.389894 1.874032
v 3.238390 2.345456 1.650632
v 3.238390 2.218910 1.461241
v 3.238390 2.029519 1.334695
v -1.390028 1.806118 0.764735
v -3.156370 1.806118 1.117943
v -1.390028 1.381608 0.849175
v -3.156370 1.516775 1.175498
v -1.390028 1.021726 1.089640
v -3.156370 1.271481 1.339396
v -1.390028 0.781260 1.449523
v -3.156370 1.107582 1.584689
v -1.390028 0.696820 1.874034
v -3.156370 1.050028 1.874034
v -1.390028 0.781260 2.298543
v -3.156370 1.107582 2.163376
v -1.390028 1.021726 2.658425
v -3.156370 1.271481 2.408669
v -1.390028 1.381608 2.898890
v -3.156370 1.516775 2.572570
v -1.390028 1.806117 2.983330
v -3.156370 1.806118 2.630122
v -1.390028 2.230627 2.898890
v -3.156370 2.095461 2.572570
v -1.390028 2.590509 2.658425
v -3.156370 2.340754 2.408669
v -1.390028 2.830975 2.298543
v -3.156370 2.504654 2.163376
v -1.390028 2.915415 1.874034
v -3.156370 2.562208 1.874034
v -1.390028 2.830975 1.449523
v -3.156370 2.504654 1.584689
v -1.390028 2.590509 1.089640
v -3.156370 2.340754 1.339396
v -1.390028 2.230627 0.849175
v -3.156370 2.095460 1.175496
v -3.156370 1.381608 0.849175
v -3.156370 1.806118 0.764735
v -3.156370 1.021726 1.089640
v -3.156370 0.781260 1.449523
v -3.156370 0.696820 1.874034
v -3.156370 0.781260 2.298543
v -3.156370 1.021726 2.658425
v -3.156370 1.381608 2.898890
v -3.156370 1.806118 2.983330
v -3.156370 2.230627 2.898890
v -3.156370 2.590510 2.658425
v -3.156370 2.830975 2.298543
v -3.156370 2.915415 1.874034
v -3.156370 2.830975 1.449523
v -3.156370 2.590509 1.089640
v -3.156370 2.230627 0.849175
v -3.018698 1.582716 1.334695
v -3.018698 1.806118 1.290257
v -3.018698 1.393326 1.461241
v -3.018698 1.266779 1.650632
v -3.018698 1.222342 1.874034
v -3.018698 1.266779 2.097434
v -3.018698 1.393326 2.286824
v -3.018698 1.582716 2.413371
v -3.018698 1.806118 2.457808
v -3.018698 2.029519 2.413371
v -3.018698 2.218909 2.286824
v -3.018698 2.345456 2.097434
v -3.018698 2.389893 1.874034
v -3.018698 2.345456 1.650632
v -3.018698 2.218909 1.461241
v -3.018698 2.029519 1.334695
vn -0.0000 -0.1951 -0.9808
vn -0.0000 -0.5556 -0.8315
vn -0.0000 -0.8315 -0.5556
vn -0.0000 -0.9808 -0.1951
vn -0.0000 -0.9808 0.1951
vn -0.0000 -0.8315 0.5556
vn -0.0000 -0.5556 0.8315
vn -0.0000 -0.1951 0.9808
vn -0.0000 0.1951 0.9808
vn -0.0000 0.5556 0.8315
vn -0.0000 0.8315 0.5556
vn -0.0000 0.9808 0.1951
vn -0.0000 0.9808 -0.1951
vn -0.0000 0.8315 -0.5556
vn 0.7753 0.6194 0.1232
vn -0.0000 0.5556 -0.8315
vn -0.0000 0.1951 -0.9808
vn -1.0000 -0.0000 -0.0000
vn 1.0000 -0.0000 -0.0000
vn 0.7753 -0.6194 -0.1232
vn 0.7753 0.6194 -0.1232
vn 0.7753 -0.6194 0.1232
vn 0.7753 0.5251 -0.3509
vn 0.7753 -0.5251 0.3509
vn 0.7753 0.3509 -0.5251
vn 0.7753 -0.3509 0.5251
vn 0.7753 0.1232 -0.6194
vn 0.7753 0.1232 0.6194
vn 0.7753 -0.1232 0.6194
vn 0.7753 -0.1232 -0.6194
vn 0.7753 0.3509 0.5251
vn 0.7753 -0.3509 -0.5251
vn 0.7753 0.5251 0.3509
vn 0.7753 -0.5251 -0.3509
vn -0.7753 0.6194 0.1232
vn -0.7753 -0.6194 -0.1232
vn -0.7753 0.6194 -0.1232
vn -0.7753 -0.6194 0.1232
vn -0.7753 0.5251 -0.3509
vn -0.7753 -0.5251 0.3509
vn -0.7753 0.3509 -0.5251
vn -0.7753 -0.3509 0.5251
vn -0.7753 0.1232 -0.6194
vn -0.7753 0.1232 0.6194
vn -0.7753 -0.1232 0.6194
vn -0.7753 -0.1232 -0.6194
vn -0.7753 0.3509 0.5251
vn -0.7753 -0.3509 -0.5251
vn -0.7753 0.5251 0.3509
vn -0.7753 -0.5251 -0.3509
vt 0.903972 0.291709
vt 0.901688 0.291709
vt 0.901688 0.291314
vt 0.903972 0.291314
vt 0.901688 0.290797
vt 0.903972 0.290797
vt 0.901688 0.290237
vt 0.903972 0.290237
vt 0.901688 0.289720
vt 0.903972 0.289720
vt 0.901688 0.289324
vt 0.903972 0.289324
vt 0.868895 0.288562
vt 0.868895 0.290846
vt 0.868500 0.290846
vt 0.868500 0.288562
vt 0.867983 0.290846
vt 0.867983 0.288562
vt 0.867423 0.290846
vt 0.867423 0.288562
vt 0.866906 0.290846
vt 0.866906 0.288562
vt 0.868907 0.286141
vt 0.868907 0.288425
vt 0.868390 0.288425
vt 0.868390 0.286141
vt 0.867830 0.288425
vt 0.867830 0.286141
vt 0.867313 0.288425
vt 0.867313 0.286141
vt 0.833707 0.288520
vt 0.833707 0.290804
vt 0.833190 0.290804
vt 0.833190 0.288520
vt 0.832630 0.290804
vt 0.832630 0.288520
vt 0.869349 0.713479
vt 0.868996 0.713333
vt 0.869120 0.713148
vt 0.869392 0.713260
vt 0.832113 0.290804
vt 0.832113 0.288520
vt 0.831717 0.290804
vt 0.831717 0.288520
vt 0.837764 0.310416
vt 0.837978 0.310933
vt 0.837978 0.311493
vt 0.837764 0.312010
vt 0.837368 0.312406
vt 0.836851 0.312620
vt 0.836291 0.312620
vt 0.835774 0.312406
vt 0.835378 0.312010
vt 0.835164 0.311493
vt 0.835164 0.310933
vt 0.835378 0.310416
vt 0.835774 0.310021
vt 0.836291 0.309806
vt 0.836851 0.309806
vt 0.837368 0.310021
vt 0.839393 0.346638
vt 0.839393 0.347019
vt 0.838945 0.347108
vt 0.838945 0.346549
vt 0.839539 0.347372
vt 0.839160 0.347625
vt 0.839809 0.347641
vt 0.839555 0.348021
vt 0.840161 0.347787
vt 0.840072 0.348235
vt 0.840543 0.347787
vt 0.840632 0.348235
vt 0.840895 0.347641
vt 0.841149 0.348021
vt 0.841165 0.347372
vt 0.841545 0.347625
vt 0.841311 0.347019
vt 0.841759 0.347108
vt 0.841311 0.346638
vt 0.841759 0.346549
vt 0.841165 0.346285
vt 0.841545 0.346032
vt 0.840895 0.346016
vt 0.841149 0.345636
vt 0.840543 0.345870
vt 0.840632 0.345422
vt 0.840161 0.345870
vt 0.840072 0.345422
vt 0.839809 0.346016
vt 0.839555 0.345636
vt 0.839539 0.346285
vt 0.839160 0.346032
vt 0.868799 0.712667
vt 0.868799 0.712373
vt 0.868912 0.712100
vt 0.869120 0.711892
vt 0.869392 0.711779
vt 0.869687 0.711779
vt 0.869959 0.711892
vt 0.870167 0.712100
vt 0.870280 0.712373
vt 0.870280 0.712667
vt 0.870167 0.712939
vt 0.869959 0.713148
vt 0.869687 0.713260
vt 0.868912 0.712939
vt 0.869730 0.711561
vt 0.870083 0.711707
vt 0.869730 0.713479
vt 0.869349 0.711561
vt 0.870083 0.713333
vt 0.868996 0.711707
vt 0.870353 0.713063
vt 0.868727 0.711977
vt 0.870498 0.712711
vt 0.868581 0.712711
vt 0.868581 0.712329
vt 0.870498 0.712329
vt 0.868727 0.713063
vt 0.870353 0.711977
s 0
usemtl Material.001
f 103/89/20 136/90/20 135/91/20 105/92/20
f 105/92/21 135/91/21 137/93/21 107/94/21
f 107/94/22 137/93/22 138/95/22 109/96/22
f 109/96/23 138/95/23 139/97/23 111/98/23
f 111/98/24 139/97/24 140/99/24 113/100/24
f 113/101/25 140/102/25 141/103/25 115/104/25
f 115/104/26 141/103/26 142/105/26 117/106/26
f 117/106/27 142/105/27 143/107/27 119/108/27
f 119/108/28 143/107/28 144/109/28 121/110/28
f 121/111/29 144/112/29 145/113/29 123/114/29
f 123/114/30 145/113/30 146/115/30 125/116/30
f 125/116/31 146/115/31 147/117/31 127/118/31
f 127/119/32 147/120/32 148/121/32 129/122/32
f 129/122/33 148/121/33 149/123/33 131/124/33
f 112/125/34 110/126/34 154/127/34 155/128/34
f 131/124/35 149/123/35 150/129/35 133/130/35
f 133/130/36 150/129/36 136/131/36 103/132/36
f 103/133/37 105/134/37 107/135/37 109/136/37 111/137/37 113/138/37 115/139/37 117/140/37 119/141/37 121/142/37 123/143/37 125/144/37 127/145/37 129/146/37 131/147/37 133/148/37
f 104/149/38 106/150/38 135/151/38 136/152/38
f 106/150/38 108/153/38 137/154/38 135/151/38
f 108/153/38 110/155/38 138/156/38 137/154/38
f 110/155/38 112/157/38 139/158/38 138/156/38
f 112/157/38 114/159/38 140/160/38 139/158/38
f 114/159/38 116/161/38 141/162/38 140/160/38
f 116/161/38 118/163/38 142/164/38 141/162/38
f 118/163/38 120/165/38 143/166/38 142/164/38
f 120/165/38 122/167/38 144/168/38 143/166/38
f 122/167/38 124/169/38 145/170/38 144/168/38
f 124/169/38 126/171/38 146/172/38 145/170/38
f 126/171/38 128/173/38 147/174/38 146/172/38
f 128/173/38 130/175/38 148/176/38 147/174/38
f 130/175/38 132/177/38 149/178/38 148/176/38
f 132/177/38 134/179/38 150/180/38 149/178/38
f 134/179/38 104/149/38 136/152/38 150/180/38
f 151/181/38 152/182/38 166/183/38 165/184/38 164/185/38 163/186/38 162/187/38 161/188/38 160/189/38 159/190/38 158/191/38 157/192/38 156/193/38 155/128/38 154/127/38 153/194/38
f 128/195/39 126/196/39 162/187/39 163/186/39
f 114/197/40 112/125/40 155/128/40 156/193/40
f 130/198/41 128/195/41 163/186/41 164/185/41
f 116/199/42 114/197/42 156/193/42 157/192/42
f 132/200/43 130/198/43 164/185/43 165/184/43
f 118/201/44 116/199/44 157/192/44 158/191/44
f 134/202/45 132/200/45 165/184/45 166/183/45
f 120/203/46 118/201/46 158/191/46 159/190/46
f 106/204/47 104/205/47 152/182/47 151/181/47
f 104/205/48 134/202/48 166/183/48 152/182/48
f 122/206/49 120/203/49 159/190/49 160/189/49
f 108/207/50 106/204/50 151/181/50 153/194/50
f 124/208/51 122/206/51 160/189/51 161/188/51
f 110/126/52 108/207/52 153/194/52 154/127/52
f 126/196/53 124/208/53 161/188/53 162/187/53
f 167/89/20 169/92/20 199/91/20 200/90/20
f 169/92/21 171/94/21 201/93/21 199/91/21
f 171/94/22 173/96/22 202/95/22 201/93/22
f 173/96/23 175/98/23 203/97/23 202/95/23
f 175/98/24 177/100/24 204/99/24 203/97/24
f 177/101/25 179/104/25 205/103/25 204/102/25
f 179/104/26 181/106/26 206/105/26 205/103/26
f 181/106/27 183/108/27 207/107/27 206/105/27
f 183/108/28 185/110/28 208/109/28 207/107/28
f 185/111/29 187/114/29 209/113/29 208/112/29
f 187/114/30 189/116/30 210/115/30 209/113/30
f 189/116/31 191/118/31 211/117/31 210/115/31
f 191/119/32 193/122/32 212/121/32 211/120/32
f 193/122/33 195/124/33 213/123/33 212/121/33
f 176/125/54 219/128/54 218/127/54 174/126/54
f 195/124/35 197/130/35 214/129/35 213/123/35
f 197/130/36 167/132/36 200/131/36 214/129/36
f 167/133/38 197/148/38 195/147/38 193/146/38 191/145/38 189/144/38 187/143/38 185/142/38 183/141/38 181/140/38 179/139/38 177/138/38 175/137/38 173/136/38 171/135/38 169/134/38
f 168/149/37 200/152/37 199/151/37 170/150/37
f 170/150/37 199/151/37 201/154/37 172/153/37
f 172/153/37 201/154/37 202/156/37 174/155/37
f 174/155/37 202/156/37 203/158/37 176/157/37
f 176/157/37 203/158/37 204/160/37 178/159/37
f 178/159/37 204/160/37 205/162/37 180/161/37
f 180/161/37 205/162/37 206/164/37 182/163/37
f 182/163/37 206/164/37 207/166/37 184/165/37
f 184/165/37 207/166/37 208/168/37 186/167/37
f 186/167/37 208/168/37 209/170/37 188/169/37
f 188/169/37 209/170/37 210/172/37 190/171/37
f 190/171/37 210/172/37 211/174/37 192/173/37
f 192/173/37 211/174/37 212/176/37 194/175/37
f 194/175/37 212/176/37 213/178/37 196/177/37
f 196/177/37 213/178/37 214/180/37 198/179/37
f 198/179/37 214/180/37 200/152/37 168/149/37
f 215/181/37 217/194/37 218/127/37 219/128/37 220/193/37 221/192/37 222/191/37 223/190/37 224/189/37 225/188/37 226/187/37 227/186/37 228/185/37 229/184/37 230/183/37 216/182/37
f 192/195/55 227/186/55 226/187/55 190/196/55
f 178/197/56 220/193/56 219/128/56 176/125/56
f 194/198/57 228/185/57 227/186/57 192/195/57
f 180/199/58 221/192/58 220/193/58 178/197/58
f 196/200/59 229/184/59 228/185/59 194/198/59
f 182/201/60 222/191/60 221/192/60 180/199/60
f 198/202/61 230/183/61 229/184/61 196/200/61
f 184/203/62 223/190/62 222/191/62 182/201/62
f 170/204/63 215/181/63 216/182/63 168/205/63
f 168/205/64 216/182/64 230/183/64 198/202/64
f 186/206/65 224/189/65 223/190/65 184/203/65
f 172/207/66 217/194/66 215/181/66 170/204/66
f 188/208/67 225/188/67 224/189/67 186/206/67
f 174/126/68 218/127/68 217/194/68 172/207/68
f 190/196/69 226/187/69 225/188/69 188/208/69
o Cylinder.012
v 1.600230 0.695818 0.309788
v 3.387881 0.695818 0.505328
v 1.600230 0.522361 0.344290
v 3.387881 0.597191 0.524947
v 1.600230 0.375311 0.442547
v 3.387881 0.513578 0.580815
v 1.600230 0.277055 0.589596
v 3.387881 0.457710 0.664427
v 1.600230 0.242552 0.763055
v 3.387881 0.438092 0.763055
v 1.600230 0.277055 0.936513
v 3.387881 0.457710 0.861682
v 1.600230 0.375311 1.083562
v 3.387881 0.513578 0.945294
v 1.600230 0.522361 1.181817
v 3.387881 0.597191 1.001162
v 1.600230 0.695818 1.216321
v 3.387881 0.695818 1.020781
v 1.600230 0.869275 1.181817
v 3.387881 0.794446 1.001162
v 1.600230 1.016326 1.083562
v 3.387881 0.878058 0.945294
v 1.600230 1.114581 0.936513
v 3.387881 0.933927 0.861682
v 1.600230 1.149084 0.763055
v 3.387881 0.953545 0.763055
v 1.600230 1.114581 0.589596
v 3.387881 0.933927 0.664427
v 1.600230 1.016325 0.442547
v 3.387881 0.878058 0.580815
v 1.600230 0.869275 0.344290
v 3.387881 0.794446 0.524947
v 3.387881 0.522361 0.344290
v 3.387881 0.695818 0.309788
v 3.387881 0.375311 0.442547
v 3.387881 0.277055 0.589596
v 3.387881 0.242552 0.763055
v 3.387881 0.277055 0.936513
v 3.387881 0.375311 1.083562
v 3.387881 0.522361 1.181817
v 3.387881 0.695818 1.216321
v 3.387881 0.869276 1.181817
v 3.387881 1.016326 1.083562
v 3.387881 1.114581 0.936513
v 3.387881 1.149084 0.763055
v 3.387881 1.114581 0.589596
v 3.387881 1.016326 0.442547
v 3.387881 0.869275 0.344290
v 3.295565 0.630366 0.605040
v 3.295565 0.695818 0.592021
v 3.295565 0.574879 0.642115
v 3.295565 0.537804 0.697602
v 3.295565 0.524784 0.763055
v 3.295565 0.537804 0.828507
v 3.295565 0.574879 0.883994
v 3.295565 0.630366 0.921069
v 3.295565 0.695818 0.934088
v 3.295565 0.761270 0.921069
v 3.295565 0.816757 0.883994
v 3.295565 0.853833 0.828507
v 3.295565 0.866852 0.763055
v 3.295565 0.853833 0.697602
v 3.295565 0.816757 0.642115
v 3.295565 0.761270 0.605040
v -1.380529 0.695817 0.309788
v -3.168173 0.695817 0.505328
v -1.380529 0.522360 0.344290
v -3.168173 0.597189 0.524947
v -1.380529 0.375310 0.442547
v -3.168173 0.513577 0.580815
v -1.380529 0.277054 0.589596
v -3.168173 0.457709 0.664427
v -1.380529 0.242551 0.763055
v -3.168173 0.438091 0.763055
v -1.380529 0.277054 0.936513
v -3.168173 0.457709 0.861682
v -1.380529 0.375310 1.083562
v -3.168173 0.513577 0.945294
v -1.380529 0.522360 1.181817
v -3.168173 0.597189 1.001162
v -1.380529 0.695817 1.216321
v -3.168173 0.695817 1.020781
v -1.380529 0.869274 1.181817
v -3.168173 0.794445 1.001162
v -1.380529 1.016324 1.083562
v -3.168173 0.878057 0.945294
v -1.380529 1.114580 0.936513
v -3.168173 0.933926 0.861682
v -1.380529 1.149083 0.763055
v -3.168173 0.953544 0.763055
v -1.380529 1.114580 0.589596
v -3.168173 0.933926 0.664427
v -1.380529 1.016324 0.442547
v -3.168173 0.878057 0.580815
v -1.380529 0.869274 0.344290
v -3.168173 0.794445 0.524947
v -3.168173 0.522360 0.344290
v -3.168173 0.695817 0.309788
v -3.168173 0.375310 0.442547
v -3.168173 0.277054 0.589596
v -3.168173 0.242551 0.763055
v -3.168173 0.277054 0.936513
v -3.168173 0.375310 1.083562
v -3.168173 0.522360 1.181817
v -3.168173 0.695817 1.216321
v -3.168173 0.869274 1.181817
v -3.168173 1.016325 1.083562
v -3.168173 1.114580 0.936513
v -3.168173 1.149083 0.763055
v -3.168173 1.114580 0.589596
v -3.168173 1.016324 0.442547
v -3.168173 0.869274 0.344290
v -3.075857 0.630365 0.605040
v -3.075857 0.695817 0.592021
v -3.075857 0.574878 0.642115
v -3.075857 0.537802 0.697602
v -3.075857 0.524783 0.763055
v -3.075857 0.537802 0.828507
v -3.075857 0.574878 0.883994
v -3.075857 0.630365 0.921069
v -3.075857 0.695817 0.934088
v -3.075857 0.761269 0.921069
v -3.075857 0.816756 0.883994
v -3.075857 0.853832 0.828507
v -3.075857 0.866851 0.763055
v -3.075857 0.853832 0.697602
v -3.075857 0.816756 0.642115
v -3.075857 0.761269 0.605040
vn -0.0000 -0.1951 -0.9808
vn -0.0000 -0.5556 -0.8315
vn -0.0000 -0.8315 -0.5556
vn -0.0000 -0.9808 -0.1951
vn -0.0000 -0.9808 0.1951
vn -0.0000 -0.8315 0.5556
vn -0.0000 -0.5556 0.8315
vn -0.0000 -0.1951 0.9808
vn -0.0000 0.1951 0.9808
vn -0.0000 0.5556 0.8315
vn -0.0000 0.8315 0.5556
vn -0.0000 0.9808 0.1951
vn -0.0000 0.9808 -0.1951
vn -0.0000 0.8315 -0.5556
vn 0.6775 0.6116 -0.4086
vn -0.0000 0.5556 -0.8315
vn -0.0000 0.1951 -0.9808
vn -1.0000 -0.0000 -0.0000
vn 1.0000 -0.0000 -0.0000
vn 0.6775 -0.6116 0.4087
vn 0.6775 0.4086 -0.6116
vn 0.6775 -0.4086 0.6116
vn 0.6775 0.1435 -0.7214
vn 0.6775 0.1435 0.7214
vn 0.6775 -0.1435 0.7214
vn 0.6775 -0.1435 -0.7214
vn 0.6775 0.4086 0.6116
vn 0.6775 -0.4086 -0.6116
vn 0.6775 0.6116 0.4086
vn 0.6775 -0.6116 -0.4087
vn 0.6775 0.7214 0.1435
vn 0.6775 -0.7214 -0.1435
vn 0.6775 0.7214 -0.1435
vn 0.6775 -0.7214 0.1435
vn -0.6775 0.6116 -0.4087
vn -0.6775 -0.6116 0.4087
vn -0.6775 0.4086 -0.6116
vn -0.6775 -0.4086 0.6116
vn -0.6775 0.1435 -0.7214
vn -0.6775 0.1435 0.7214
vn -0.6775 -0.1435 0.7214
vn -0.6775 -0.1435 -0.7214
vn -0.6775 0.4086 0.6116
vn -0.6775 -0.4086 -0.6116
vn -0.6775 0.6116 0.4087
vn -0.6775 -0.6116 -0.4087
vn -0.6775 0.7214 0.1435
vn -0.6775 -0.7214 -0.1435
vn -0.6775 0.7214 -0.1435
vn -0.6775 -0.7214 0.1435
vt 0.741099 0.289632
vt 0.741099 0.287320
vt 0.741328 0.287320
vt 0.741328 0.289632
vt 0.741539 0.287320
vt 0.741539 0.289632
vt 0.673414 0.320065
vt 0.673414 0.322377
vt 0.673253 0.322377
vt 0.673253 0.320065
vt 0.673041 0.322377
vt 0.673041 0.320065
vt 0.672813 0.322377
vt 0.672813 0.320065
vt 0.672601 0.322377
vt 0.672601 0.320065
vt 0.672440 0.322377
vt 0.672440 0.320065
vt 0.743287 0.317890
vt 0.743287 0.315578
vt 0.743449 0.315578
vt 0.743449 0.317890
vt 0.743660 0.315578
vt 0.743660 0.317890
vt 0.743889 0.315578
vt 0.743889 0.317890
vt 0.744100 0.315578
vt 0.744100 0.317890
vt 0.682692 0.296968
vt 0.682692 0.299280
vt 0.682481 0.299280
vt 0.682481 0.296968
vt 0.682252 0.299280
vt 0.682252 0.296968
vt 0.682041 0.299280
vt 0.682041 0.296968
vt 0.706870 0.355746
vt 0.706870 0.355626
vt 0.706989 0.355604
vt 0.706989 0.355684
vt 0.740726 0.289632
vt 0.740726 0.287320
vt 0.740888 0.287320
vt 0.740888 0.289632
vt 0.718969 0.348295
vt 0.718969 0.348524
vt 0.718881 0.348735
vt 0.718719 0.348897
vt 0.718508 0.348984
vt 0.718279 0.348984
vt 0.718068 0.348897
vt 0.717906 0.348735
vt 0.717819 0.348524
vt 0.717819 0.348295
vt 0.717906 0.348084
vt 0.718068 0.347922
vt 0.718279 0.347834
vt 0.718508 0.347834
vt 0.718719 0.347922
vt 0.718881 0.348084
vt 0.699986 0.351697
vt 0.700078 0.351789
vt 0.699937 0.351999
vt 0.699776 0.351838
vt 0.700198 0.351839
vt 0.700149 0.352087
vt 0.700328 0.351839
vt 0.700377 0.352087
vt 0.700448 0.351789
vt 0.700589 0.351999
vt 0.700540 0.351697
vt 0.700750 0.351838
vt 0.700590 0.351577
vt 0.700838 0.351626
vt 0.700590 0.351447
vt 0.700838 0.351398
vt 0.700540 0.351327
vt 0.700750 0.351186
vt 0.700448 0.351235
vt 0.700589 0.351025
vt 0.700328 0.351185
vt 0.700377 0.350937
vt 0.700198 0.351185
vt 0.700149 0.350937
vt 0.700078 0.351235
vt 0.699937 0.351025
vt 0.699986 0.351327
vt 0.699776 0.351186
vt 0.699936 0.351447
vt 0.699688 0.351398
vt 0.699936 0.351577
vt 0.699688 0.351626
vt 0.700140 0.351696
vt 0.700079 0.351635
vt 0.700046 0.351555
vt 0.700046 0.351469
vt 0.700079 0.351389
vt 0.700140 0.351328
vt 0.700220 0.351295
vt 0.700306 0.351295
vt 0.700386 0.351328
vt 0.700447 0.351389
vt 0.700480 0.351469
vt 0.700480 0.351555
vt 0.700447 0.351635
vt 0.700386 0.351696
vt 0.700306 0.351729
vt 0.700220 0.351729
vt 0.706989 0.354591
vt 0.706989 0.354711
vt 0.706870 0.354733
vt 0.706870 0.354653
vt 0.752111 0.326432
vt 0.752111 0.326552
vt 0.751992 0.326490
vt 0.751992 0.326410
vt 0.720050 0.365193
vt 0.720050 0.365073
vt 0.720170 0.365135
vt 0.720170 0.365215
vt 0.752111 0.326302
vt 0.751992 0.326324
vt 0.720050 0.365323
vt 0.720170 0.365301
vt 0.752111 0.326182
vt 0.751992 0.326244
vt 0.720050 0.365443
vt 0.720170 0.365381
vt 0.706870 0.355496
vt 0.706870 0.355376
vt 0.706989 0.355438
vt 0.706989 0.355518
vt 0.706989 0.354841
vt 0.706989 0.354961
vt 0.706870 0.354899
vt 0.706870 0.354819
s 0
usemtl Material.001
f 231/209/70 264/210/70 263/211/70 233/212/70
f 233/212/71 263/211/71 265/213/71 235/214/71
f 235/215/72 265/216/72 266/217/72 237/218/72
f 237/218/73 266/217/73 267/219/73 239/220/73
f 239/220/74 267/219/74 268/221/74 241/222/74
f 241/222/75 268/221/75 269/223/75 243/224/75
f 243/224/76 269/223/76 270/225/76 245/226/76
f 245/227/77 270/228/77 271/229/77 247/230/77
f 247/230/78 271/229/78 272/231/78 249/232/78
f 249/232/79 272/231/79 273/233/79 251/234/79
f 251/234/80 273/233/80 274/235/80 253/236/80
f 253/237/81 274/238/81 275/239/81 255/240/81
f 255/240/82 275/239/82 276/241/82 257/242/82
f 257/242/83 276/241/83 277/243/83 259/244/83
f 244/245/84 242/246/84 284/247/84 285/248/84
f 259/249/85 277/250/85 278/251/85 261/252/85
f 261/252/86 278/251/86 264/210/86 231/209/86
f 231/253/87 233/254/87 235/255/87 237/256/87 239/257/87 241/258/87 243/259/87 245/260/87 247/261/87 249/262/87 251/263/87 253/264/87 255/265/87 257/266/87 259/267/87 261/268/87
f 232/269/88 234/270/88 263/271/88 264/272/88
f 234/270/88 236/273/88 265/274/88 263/271/88
f 236/273/88 238/275/88 266/276/88 265/274/88
f 238/275/88 240/277/88 267/278/88 266/276/88
f 240/277/88 242/279/88 268/280/88 267/278/88
f 242/279/88 244/281/88 269/282/88 268/280/88
f 244/281/88 246/283/88 270/284/88 269/282/88
f 246/283/88 248/285/88 271/286/88 270/284/88
f 248/285/88 250/287/88 272/288/88 271/286/88
f 250/287/88 252/289/88 273/290/88 272/288/88
f 252/289/88 254/291/88 274/292/88 273/290/88
f 254/291/88 256/293/88 275/294/88 274/292/88
f 256/293/88 258/295/88 276/296/88 275/294/88
f 258/295/88 260/297/88 277/298/88 276/296/88
f 260/297/88 262/299/88 278/300/88 277/298/88
f 262/299/88 232/269/88 264/272/88 278/300/88
f 279/301/88 280/302/88 294/303/88 293/304/88 292/305/88 291/306/88 290/307/88 289/308/88 288/309/88 287/310/88 286/311/88 285/312/88 284/313/88 283/314/88 282/315/88 281/316/88
f 260/317/89 258/318/89 292/319/89 293/320/89
f 246/283/90 244/281/90 285/312/90 286/311/90
f 262/299/91 260/297/91 293/304/91 294/303/91
f 248/321/92 246/322/92 286/323/92 287/324/92
f 234/325/93 232/326/93 280/327/93 279/328/93
f 232/269/94 262/299/94 294/303/94 280/302/94
f 250/329/95 248/321/95 287/324/95 288/330/95
f 236/331/96 234/325/96 279/328/96 281/332/96
f 252/333/97 250/329/97 288/330/97 289/334/97
f 238/335/98 236/331/98 281/332/98 282/336/98
f 254/291/99 252/289/99 289/308/99 290/307/99
f 240/337/100 238/338/100 282/339/100 283/340/100
f 256/341/101 254/342/101 290/343/101 291/344/101
f 242/246/102 240/337/102 283/340/102 284/247/102
f 258/318/103 256/341/103 291/344/103 292/319/103
f 295/209/70 297/212/70 327/211/70 328/210/70
f 297/212/71 299/214/71 329/213/71 327/211/71
f 299/215/72 301/218/72 330/217/72 329/216/72
f 301/218/73 303/220/73 331/219/73 330/217/73
f 303/220/74 305/222/74 332/221/74 331/219/74
f 305/222/75 307/224/75 333/223/75 332/221/75
f 307/224/76 309/226/76 334/225/76 333/223/76
f 309/227/77 311/230/77 335/229/77 334/228/77
f 311/230/78 313/232/78 336/231/78 335/229/78
f 313/232/79 315/234/79 337/233/79 336/231/79
f 315/234/80 317/236/80 338/235/80 337/233/80
f 317/237/81 319/240/81 339/239/81 338/238/81
f 319/240/82 321/242/82 340/241/82 339/239/82
f 321/242/83 323/244/83 341/243/83 340/241/83
f 308/245/104 349/248/104 348/247/104 306/246/104
f 323/249/85 325/252/85 342/251/85 341/250/85
f 325/252/86 295/209/86 328/210/86 342/251/86
f 295/253/88 325/268/88 323/267/88 321/266/88 319/265/88 317/264/88 315/263/88 313/262/88 311/261/88 309/260/88 307/259/88 305/258/88 303/257/88 301/256/88 299/255/88 297/254/88
f 296/269/87 328/272/87 327/271/87 298/270/87
f 298/270/87 327/271/87 329/274/87 300/273/87
f 300/273/87 329/274/87 330/276/87 302/275/87
f 302/275/87 330/276/87 331/278/87 304/277/87
f 304/277/87 331/278/87 332/280/87 306/279/87
f 306/279/87 332/280/87 333/282/87 308/281/87
f 308/281/87 333/282/87 334/284/87 310/283/87
f 310/283/87 334/284/87 335/286/87 312/285/87
f 312/285/87 335/286/87 336/288/87 314/287/87
f 314/287/87 336/288/87 337/290/87 316/289/87
f 316/289/87 337/290/87 338/292/87 318/291/87
f 318/291/87 338/292/87 339/294/87 320/293/87
f 320/293/87 339/294/87 340/296/87 322/295/87
f 322/295/87 340/296/87 341/298/87 324/297/87
f 324/297/87 341/298/87 342/300/87 326/299/87
f 326/299/87 342/300/87 328/272/87 296/269/87
f 343/301/87 345/316/87 346/315/87 347/314/87 348/313/87 349/312/87 350/311/87 351/310/87 352/309/87 353/308/87 354/307/87 355/306/87 356/305/87 357/304/87 358/303/87 344/302/87
f 324/317/105 357/320/105 356/319/105 322/318/105
f 310/283/106 350/311/106 349/312/106 308/281/106
f 326/299/107 358/303/107 357/304/107 324/297/107
f 312/321/108 351/324/108 350/323/108 310/322/108
f 298/325/109 343/328/109 344/327/109 296/326/109
f 296/269/110 344/302/110 358/303/110 326/299/110
f 314/329/111 352/330/111 351/324/111 312/321/111
f 300/331/112 345/332/112 343/328/112 298/325/112
f 316/333/113 353/334/113 352/330/113 314/329/113
f 302/335/114 346/336/114 345/332/114 300/331/114
f 318/291/115 354/307/115 353/308/115 316/289/115
f 304/337/116 347/340/116 346/339/116 302/338/116
f 320/341/117 355/344/117 354/343/117 318/342/117
f 306/246/118 348/247/118 347/340/118 304/337/118
f 322/318/119 356/319/119 355/344/119 320/341/119
o Cylinder.013
v 1.595324 1.928124 -4.582069
v 3.390459 1.928124 -4.223104
v 1.595324 1.496696 -4.496251
v 3.390459 1.634065 -4.164613
v 1.595324 1.130948 -4.251867
v 3.390459 1.384775 -3.998042
v 1.595324 0.886564 -3.886121
v 3.390459 1.218204 -3.748750
v 1.595324 0.800748 -3.454692
v 3.390459 1.159712 -3.454692
v 1.595324 0.886564 -3.023263
v 3.390459 1.218204 -3.160634
v 1.595324 1.130948 -2.657516
v 3.390459 1.384775 -2.911342
v 1.595324 1.496696 -2.413133
v 3.390459 1.634065 -2.744771
v 1.595324 1.928124 -2.327316
v 3.390459 1.928124 -2.686281
v 1.595324 2.359552 -2.413133
v 3.390459 2.222183 -2.744771
v 1.595324 2.725299 -2.657516
v 3.390459 2.471473 -2.911342
v 1.595324 2.969684 -3.023263
v 3.390459 2.638044 -3.160632
v 1.595324 3.055500 -3.454692
v 3.390459 2.696536 -3.454692
v 1.595324 2.969684 -3.886121
v 3.390459 2.638044 -3.748750
v 1.595324 2.725299 -4.251869
v 3.390459 2.471473 -3.998042
v 1.595324 2.359552 -4.496251
v 3.390459 2.222182 -4.164613
v 3.390459 1.496696 -4.496251
v 3.390459 1.928124 -4.582069
v 3.390459 1.130949 -4.251867
v 3.390459 0.886564 -3.886121
v 3.390459 0.800748 -3.454692
v 3.390459 0.886564 -3.023263
v 3.390459 1.130949 -2.657516
v 3.390459 1.496696 -2.413133
v 3.390459 1.928124 -2.327316
v 3.390459 2.359552 -2.413133
v 3.390459 2.725299 -2.657516
v 3.390459 2.969684 -3.023263
v 3.390459 3.055500 -3.454692
v 3.390459 2.969684 -3.886121
v 3.390459 2.725299 -4.251869
v 3.390459 2.359552 -4.496251
v 3.250544 1.701082 -4.002820
v 3.250544 1.928124 -4.047983
v 3.250544 1.508605 -3.874212
v 3.250544 1.379996 -3.681733
v 3.250544 1.334834 -3.454692
v 3.250544 1.379996 -3.227649
v 3.250544 1.508605 -3.035173
v 3.250544 1.701082 -2.906564
v 3.250544 1.928124 -2.861402
v 3.250544 2.155166 -2.906564
v 3.250544 2.347643 -3.035173
v 3.250544 2.476252 -3.227649
v 3.250544 2.521414 -3.454692
v 3.250544 2.476252 -3.681734
v 3.250544 2.347643 -3.874212
v 3.250544 2.155166 -4.002820
v -1.375631 1.928124 -4.582069
v -3.170767 1.928124 -4.223104
v -1.375631 1.496695 -4.496251
v -3.170767 1.634065 -4.164613
v -1.375631 1.130948 -4.251867
v -3.170767 1.384775 -3.998042
v -1.375631 0.886564 -3.886121
v -3.170767 1.218204 -3.748750
v -1.375631 0.800748 -3.454692
v -3.170767 1.159712 -3.454692
v -1.375631 0.886564 -3.023263
v -3.170767 1.218204 -3.160634
v -1.375631 1.130948 -2.657516
v -3.170767 1.384774 -2.911342
v -1.375631 1.496695 -2.413133
v -3.170767 1.634065 -2.744771
v -1.375631 1.928124 -2.327316
v -3.170767 1.928124 -2.686281
v -1.375631 2.359552 -2.413133
v -3.170767 2.222182 -2.744771
v -1.375631 2.725299 -2.657516
v -3.170767 2.471473 -2.911342
v -1.375631 2.969684 -3.023263
v -3.170767 2.638044 -3.160632
v -1.375631 3.055500 -3.454692
v -3.170767 2.696536 -3.454692
v -1.375631 2.969684 -3.886121
v -3.170767 2.638044 -3.748750
v -1.375631 2.725299 -4.251869
v -3.170767 2.471473 -3.998042
v -1.375631 2.359551 -4.496251
v -3.170767 2.222182 -4.164613
v -3.170767 1.496696 -4.496251
v -3.170767 1.928124 -4.582069
v -3.170767 1.130948 -4.251867
v -3.170767 0.886564 -3.886121
v -3.170767 0.800748 -3.454692
v -3.170767 0.886564 -3.023263
v -3.170767 1.130948 -2.657516
v -3.170767 1.496696 -2.413133
v -3.170767 1.928124 -2.327316
v -3.170767 2.359552 -2.413133
v -3.170767 2.725299 -2.657516
v -3.170767 2.969684 -3.023263
v -3.170767 3.055500 -3.454692
v -3.170767 2.969684 -3.886121
v -3.170767 2.725299 -4.251869
v -3.170767 2.359552 -4.496251
v -3.030851 1.701082 -4.002820
v -3.030851 1.928124 -4.047983
v -3.030851 1.508605 -3.874212
v -3.030851 1.379996 -3.681733
v -3.030851 1.334834 -3.454692
v -3.030851 1.379996 -3.227649
v -3.030851 1.508605 -3.035173
v -3.030851 1.701082 -2.906564
v -3.030851 1.928124 -2.861402
v -3.030851 2.155166 -2.906564
v -3.030851 2.347643 -3.035173
v -3.030851 2.476252 -3.227649
v -3.030851 2.521413 -3.454692
v -3.030851 2.476252 -3.681734
v -3.030851 2.347643 -3.874212
v -3.030851 2.155166 -4.002820
vn -0.0000 -0.1951 -0.9808
vn -0.0000 -0.5556 -0.8315
vn -0.0000 -0.8315 -0.5556
vn -0.0000 -0.9808 -0.1951
vn -0.0000 -0.9808 0.1951
vn -0.0000 -0.8315 0.5556
vn -0.0000 -0.5556 0.8315
vn -0.0000 -0.1951 0.9808
vn -0.0000 0.1951 0.9808
vn -0.0000 0.5556 0.8315
vn -0.0000 0.8315 0.5556
vn -0.0000 0.9808 0.1951
vn -0.0000 0.9808 -0.1951
vn -0.0000 0.8315 -0.5556
vn 0.7753 0.6194 0.1232
vn -0.0000 0.5556 -0.8315
vn -0.0000 0.1951 -0.9808
vn -1.0000 -0.0000 -0.0000
vn 1.0000 -0.0000 -0.0000
vn 0.7753 -0.6194 -0.1232
vn 0.7753 0.6194 -0.1232
vn 0.7753 -0.6194 0.1232
vn 0.7753 0.5251 -0.3509
vn 0.7753 -0.5251 0.3509
vn 0.7753 0.3509 -0.5251
vn 0.7753 -0.3509 0.5251
vn 0.7753 0.1232 -0.6194
vn 0.7753 0.1232 0.6194
vn 0.7753 -0.1232 0.6194
vn 0.7753 -0.1232 -0.6194
vn 0.7753 0.3509 0.5251
vn 0.7753 -0.3509 -0.5251
vn 0.7753 0.5251 0.3509
vn 0.7753 -0.5251 -0.3509
vn -0.7753 0.6194 0.1232
vn -0.7753 -0.6194 -0.1232
vn -0.7753 0.6194 -0.1232
vn -0.7753 -0.6194 0.1232
vn -0.7753 0.5251 -0.3509
vn -0.7753 -0.5251 0.3509
vn -0.7753 0.3509 -0.5251
vn -0.7753 -0.3509 0.5251
vn -0.7753 0.1232 -0.6194
vn -0.7753 0.1232 0.6194
vn -0.7753 -0.1232 0.6194
vn -0.7753 -0.1232 -0.6194
vn -0.7753 0.3509 0.5251
vn -0.7753 -0.3509 -0.5251
vn -0.7753 0.5251 0.3509
vn -0.7753 -0.5251 -0.3509
vt 0.834921 0.288482
vt 0.834921 0.290803
vt 0.834353 0.290803
vt 0.834353 0.288482
vt 0.833827 0.290803
vt 0.833827 0.288482
vt 0.908041 0.288484
vt 0.908041 0.290806
vt 0.907639 0.290806
vt 0.907639 0.288484
vt 0.907113 0.290806
vt 0.907113 0.288484
vt 0.906545 0.290806
vt 0.906545 0.288484
vt 0.906019 0.290806
vt 0.906019 0.288484
vt 0.863225 0.291727
vt 0.860904 0.291727
vt 0.860904 0.291325
vt 0.863225 0.291325
vt 0.860904 0.290799
vt 0.863225 0.290799
vt 0.860904 0.290230
vt 0.863225 0.290230
vt 0.860904 0.289705
vt 0.863225 0.289705
vt 0.860904 0.289303
vt 0.863225 0.289303
vt 0.844239 0.288794
vt 0.844239 0.286473
vt 0.844764 0.286473
vt 0.844764 0.288794
vt 0.845333 0.286473
vt 0.845333 0.288794
vt 0.845859 0.286473
vt 0.845859 0.288794
vt 0.879478 0.721682
vt 0.879752 0.721408
vt 0.879878 0.721596
vt 0.879666 0.721808
vt 0.835849 0.288482
vt 0.835849 0.290803
vt 0.835447 0.290803
vt 0.835447 0.288482
vt 0.849747 0.322582
vt 0.849178 0.322582
vt 0.848652 0.322364
vt 0.848250 0.321962
vt 0.848032 0.321436
vt 0.848032 0.320868
vt 0.848250 0.320342
vt 0.848652 0.319940
vt 0.849178 0.319722
vt 0.849747 0.319722
vt 0.850272 0.319940
vt 0.850674 0.320342
vt 0.850892 0.320868
vt 0.850892 0.321436
vt 0.850674 0.321962
vt 0.850272 0.322364
vt 0.851669 0.355716
vt 0.851310 0.355568
vt 0.851401 0.355113
vt 0.851926 0.355330
vt 0.850923 0.355568
vt 0.850832 0.355113
vt 0.850564 0.355716
vt 0.850307 0.355330
vt 0.850290 0.355991
vt 0.849904 0.355733
vt 0.850142 0.356349
vt 0.849687 0.356258
vt 0.850142 0.356736
vt 0.849687 0.356827
vt 0.850290 0.357095
vt 0.849904 0.357353
vt 0.850564 0.357369
vt 0.850307 0.357755
vt 0.850923 0.357517
vt 0.850832 0.357973
vt 0.851310 0.357517
vt 0.851401 0.357973
vt 0.851669 0.357369
vt 0.851926 0.357755
vt 0.851943 0.357095
vt 0.852329 0.357353
vt 0.852091 0.356736
vt 0.852546 0.356827
vt 0.852091 0.356349
vt 0.852546 0.356258
vt 0.851943 0.355991
vt 0.852329 0.355733
vt 0.880453 0.721482
vt 0.880730 0.721596
vt 0.880942 0.721808
vt 0.881056 0.722084
vt 0.881056 0.722384
vt 0.880942 0.722660
vt 0.880730 0.722872
vt 0.880453 0.722986
vt 0.880154 0.722986
vt 0.879878 0.722872
vt 0.879666 0.722660
vt 0.879551 0.722384
vt 0.879551 0.722084
vt 0.880154 0.721482
vt 0.881130 0.722786
vt 0.880856 0.723060
vt 0.879329 0.722040
vt 0.881278 0.722428
vt 0.879329 0.722428
vt 0.881278 0.722040
vt 0.879478 0.722786
vt 0.881130 0.721682
vt 0.879752 0.723060
vt 0.880498 0.721259
vt 0.880856 0.721408
vt 0.880110 0.723209
vt 0.880110 0.721259
vt 0.880498 0.723209
s 0
usemtl Material.001
f 359/345/120 392/346/120 391/347/120 361/348/120
f 361/348/121 391/347/121 393/349/121 363/350/121
f 363/351/122 393/352/122 394/353/122 365/354/122
f 365/354/123 394/353/123 395/355/123 367/356/123
f 367/356/124 395/355/124 396/357/124 369/358/124
f 369/358/125 396/357/125 397/359/125 371/360/125
f 371/361/126 397/362/126 398/363/126 373/364/126
f 373/364/127 398/363/127 399/365/127 375/366/127
f 375/366/128 399/365/128 400/367/128 377/368/128
f 377/368/129 400/367/129 401/369/129 379/370/129
f 379/370/130 401/369/130 402/371/130 381/372/130
f 381/373/131 402/374/131 403/375/131 383/376/131
f 383/376/132 403/375/132 404/377/132 385/378/132
f 385/378/133 404/377/133 405/379/133 387/380/133
f 368/381/134 366/382/134 410/383/134 411/384/134
f 387/385/135 405/386/135 406/387/135 389/388/135
f 389/388/136 406/387/136 392/346/136 359/345/136
f 359/389/137 361/390/137 363/391/137 365/392/137 367/393/137 369/394/137 371/395/137 373/396/137 375/397/137 377/398/137 379/399/137 381/400/137 383/401/137 385/402/137 387/403/137 389/404/137
f 360/405/138 362/406/138 391/407/138 392/408/138
f 362/406/138 364/409/138 393/410/138 391/407/138
f 364/409/138 366/411/138 394/412/138 393/410/138
f 366/411/138 368/413/138 395/414/138 394/412/138
f 368/413/138 370/415/138 396/416/138 395/414/138
f 370/415/138 372/417/138 397/418/138 396/416/138
f 372/417/138 374/419/138 398/420/138 397/418/138
f 374/419/138 376/421/138 399/422/138 398/420/138
f 376/421/138 378/423/138 400/424/138 399/422/138
f 378/423/138 380/425/138 401/426/138 400/424/138
f 380/425/138 382/427/138 402/428/138 401/426/138
f 382/427/138 384/429/138 403/430/138 402/428/138
f 384/429/138 386/431/138 404/432/138 403/430/138
f 386/431/138 388/433/138 405/434/138 404/432/138
f 388/433/138 390/435/138 406/436/138 405/434/138
f 390/435/138 360/405/138 392/408/138 406/436/138
f 407/437/138 408/438/138 422/439/138 421/440/138 420/441/138 419/442/138 418/443/138 417/444/138 416/445/138 415/446/138 414/447/138 413/448/138 412/449/138 411/384/138 410/383/138 409/450/138
f 384/451/139 382/452/139 418/443/139 419/442/139
f 370/453/140 368/381/140 411/384/140 412/449/140
f 386/454/141 384/451/141 419/442/141 420/441/141
f 372/455/142 370/453/142 412/449/142 413/448/142
f 388/456/143 386/454/143 420/441/143 421/440/143
f 374/457/144 372/455/144 413/448/144 414/447/144
f 390/458/145 388/456/145 421/440/145 422/439/145
f 376/459/146 374/457/146 414/447/146 415/446/146
f 362/460/147 360/461/147 408/438/147 407/437/147
f 360/461/148 390/458/148 422/439/148 408/438/148
f 378/462/149 376/459/149 415/446/149 416/445/149
f 364/463/150 362/460/150 407/437/150 409/450/150
f 380/464/151 378/462/151 416/445/151 417/444/151
f 366/382/152 364/463/152 409/450/152 410/383/152
f 382/452/153 380/464/153 417/444/153 418/443/153
f 423/345/120 425/348/120 455/347/120 456/346/120
f 425/348/121 427/350/121 457/349/121 455/347/121
f 427/351/122 429/354/122 458/353/122 457/352/122
f 429/354/123 431/356/123 459/355/123 458/353/123
f 431/356/124 433/358/124 460/357/124 459/355/124
f 433/358/125 435/360/125 461/359/125 460/357/125
f 435/361/126 437/364/126 462/363/126 461/362/126
f 437/364/127 439/366/127 463/365/127 462/363/127
f 439/366/128 441/368/128 464/367/128 463/365/128
f 441/368/129 443/370/129 465/369/129 464/367/129
f 443/370/130 445/372/130 466/371/130 465/369/130
f 445/373/131 447/376/131 467/375/131 466/374/131
f 447/376/132 449/378/132 468/377/132 467/375/132
f 449/378/133 451/380/133 469/379/133 468/377/133
f 432/381/154 475/384/154 474/383/154 430/382/154
f 451/385/135 453/388/135 470/387/135 469/386/135
f 453/388/136 423/345/136 456/346/136 470/387/136
f 423/389/138 453/404/138 451/403/138 449/402/138 447/401/138 445/400/138 443/399/138 441/398/138 439/397/138 437/396/138 435/395/138 433/394/138 431/393/138 429/392/138 427/391/138 425/390/138
f 424/405/137 456/408/137 455/407/137 426/406/137
f 426/406/137 455/407/137 457/410/137 428/409/137
f 428/409/137 457/410/137 458/412/137 430/411/137
f 430/411/137 458/412/137 459/414/137 432/413/137
f 432/413/137 459/414/137 460/416/137 434/415/137
f 434/415/137 460/416/137 461/418/137 436/417/137
f 436/417/137 461/418/137 462/420/137 438/419/137
f 438/419/137 462/420/137 463/422/137 440/421/137
f 440/421/137 463/422/137 464/424/137 442/423/137
f 442/423/137 464/424/137 465/426/137 444/425/137
f 444/425/137 465/426/137 466/428/137 446/427/137
f 446/427/137 466/428/137 467/430/137 448/429/137
f 448/429/137 467/430/137 468/432/137 450/431/137
f 450/431/137 468/432/137 469/434/137 452/433/137
f 452/433/137 469/434/137 470/436/137 454/435/137
f 454/435/137 470/436/137 456/408/137 424/405/137
f 471/437/137 473/450/137 474/383/137 475/384/137 476/449/137 477/448/137 478/447/137 479/446/137 480/445/137 481/444/137 482/443/137 483/442/137 484/441/137 485/440/137 486/439/137 472/438/137
f 448/451/155 483/442/155 482/443/155 446/452/155
f 434/453/156 476/449/156 475/384/156 432/381/156
f 450/454/157 484/441/157 483/442/157 448/451/157
f 436/455/158 477/448/158 476/449/158 434/453/158
f 452/456/159 485/440/159 484/441/159 450/454/159
f 438/457/160 478/447/160 477/448/160 436/455/160
f 454/458/161 486/439/161 485/440/161 452/456/161
f 440/459/162 479/446/162 478/447/162 438/457/162
f 426/460/163 471/437/163 472/438/163 424/461/163
f 424/461/164 472/438/164 486/439/164 454/458/164
f 442/462/165 480/445/165 479/446/165 440/459/165
f 428/463/166 473/450/166 471/437/166 426/460/166
f 444/464/167 481/444/167 480/445/167 442/462/167
f 430/382/168 474/383/168 473/450/168 428/463/168
f 446/452/169 482/443/169 481/444/169 444/464/169
o Cylinder.014
v 1.612086 1.506290 -2.272769
v 3.373698 1.506290 -1.810132
v 1.612086 0.950262 -2.162168
v 3.373698 1.127306 -1.734748
v 1.612086 0.478884 -1.847204
v 3.373698 0.806017 -1.520070
v 1.612086 0.163920 -1.375825
v 3.373698 0.591339 -1.198781
v 1.612086 0.053317 -0.819797
v 3.373698 0.515955 -0.819797
v 1.612086 0.163920 -0.263769
v 3.373698 0.591339 -0.440811
v 1.612086 0.478884 0.207610
v 3.373698 0.806018 -0.119523
v 1.612086 0.950263 0.522574
v 3.373698 1.127306 0.095154
v 1.612086 1.506291 0.633176
v 3.373698 1.506291 0.170540
v 1.612086 2.062319 0.522574
v 3.373698 1.885276 0.095154
v 1.612086 2.533698 0.207610
v 3.373698 2.206565 -0.119523
v 1.612086 2.848662 -0.263769
v 3.373698 2.421242 -0.440811
v 1.612086 2.959262 -0.819797
v 3.373698 2.496628 -0.819797
v 1.612086 2.848661 -1.375825
v 3.373698 2.421242 -1.198781
v 1.612086 2.533696 -1.847204
v 3.373698 2.206563 -1.520070
v 1.612086 2.062318 -2.162168
v 3.373698 1.885275 -1.734748
v 3.373698 0.950262 -2.162168
v 3.373698 1.506290 -2.272769
v 3.373698 0.478884 -1.847204
v 3.373698 0.163920 -1.375825
v 3.373698 0.053319 -0.819797
v 3.373698 0.163920 -0.263769
v 3.373698 0.478885 0.207610
v 3.373698 0.950263 0.522574
v 3.373698 1.506291 0.633176
v 3.373698 2.062319 0.522574
v 3.373698 2.533698 0.207610
v 3.373698 2.848662 -0.263769
v 3.373698 2.959263 -0.819797
v 3.373698 2.848662 -1.375825
v 3.373698 2.533696 -1.847204
v 3.373698 2.062318 -2.162168
v 3.236399 1.213676 -1.526229
v 3.236399 1.506291 -1.584434
v 3.236399 0.965611 -1.360477
v 3.236399 0.799858 -1.112411
v 3.236399 0.741654 -0.819797
v 3.236399 0.799858 -0.527183
v 3.236399 0.965611 -0.279117
v 3.236399 1.213677 -0.113365
v 3.236399 1.506291 -0.055160
v 3.236399 1.798905 -0.113365
v 3.236399 2.046971 -0.279117
v 3.236399 2.212723 -0.527183
v 3.236399 2.270927 -0.819797
v 3.236399 2.212723 -1.112411
v 3.236399 2.046970 -1.360477
v 3.236399 1.798904 -1.526229
v -1.392393 1.506290 -2.272769
v -3.154005 1.506290 -1.810132
v -1.392393 0.950261 -2.162168
v -3.154005 1.127306 -1.734748
v -1.392393 0.478884 -1.847204
v -3.154005 0.806017 -1.520070
v -1.392393 0.163920 -1.375825
v -3.154005 0.591339 -1.198781
v -1.392393 0.053317 -0.819797
v -3.154005 0.515955 -0.819797
v -1.392393 0.163920 -0.263769
v -3.154005 0.591339 -0.440811
v -1.392393 0.478884 0.207610
v -3.154005 0.806018 -0.119523
v -1.392393 0.950262 0.522574
v -3.154005 1.127306 0.095154
v -1.392393 1.506291 0.633176
v -3.154005 1.506291 0.170540
v -1.392393 2.062319 0.522574
v -3.154005 1.885276 0.095154
v -1.392393 2.533697 0.207610
v -3.154005 2.206565 -0.119523
v -1.392393 2.848661 -0.263769
v -3.154005 2.421242 -0.440811
v -1.392393 2.959262 -0.819797
v -3.154005 2.496627 -0.819797
v -1.392393 2.848661 -1.375825
v -3.154005 2.421242 -1.198781
v -1.392393 2.533696 -1.847204
v -3.154005 2.206563 -1.520070
v -1.392393 2.062318 -2.162168
v -3.154005 1.885275 -1.734748
v -3.154005 0.950262 -2.162168
v -3.154005 1.506290 -2.272769
v -3.154005 0.478884 -1.847204
v -3.154005 0.163920 -1.375825
v -3.154005 0.053317 -0.819797
v -3.154005 0.163920 -0.263769
v -3.154005 0.478884 0.207610
v -3.154005 0.950263 0.522574
v -3.154005 1.506291 0.633176
v -3.154005 2.062319 0.522574
v -3.154005 2.533697 0.207610
v -3.154005 2.848662 -0.263769
v -3.154005 2.959262 -0.819797
v -3.154005 2.848661 -1.375825
v -3.154005 2.533696 -1.847204
v -3.154005 2.062318 -2.162168
v -3.016706 1.213676 -1.526229
v -3.016706 1.506291 -1.584434
v -3.016706 0.965611 -1.360477
v -3.016706 0.799858 -1.112411
v -3.016706 0.741654 -0.819797
v -3.016706 0.799858 -0.527183
v -3.016706 0.965611 -0.279117
v -3.016706 1.213677 -0.113365
v -3.016706 1.506291 -0.055160
v -3.016706 1.798905 -0.113365
v -3.016706 2.046971 -0.279117
v -3.016706 2.212723 -0.527183
v -3.016706 2.270927 -0.819797
v -3.016706 2.212723 -1.112411
v -3.016706 2.046969 -1.360477
v -3.016706 1.798904 -1.526229
vn -0.0000 -0.1951 -0.9808
vn -0.0000 -0.5556 -0.8315
vn -0.0000 -0.8315 -0.5556
vn -0.0000 -0.9808 -0.1951
vn -0.0000 -0.9808 0.1951
vn -0.0000 -0.8315 0.5556
vn -0.0000 -0.5556 0.8315
vn -0.0000 -0.1951 0.9808
vn -0.0000 0.1951 0.9808
vn -0.0000 0.5556 0.8315
vn -0.0000 0.8315 0.5556
vn -0.0000 0.9808 0.1951
vn -0.0000 0.9808 -0.1951
vn -0.0000 0.8315 -0.5556
vn 0.8498 0.5170 0.1028
vn -0.0000 0.5556 -0.8315
vn -0.0000 0.1951 -0.9808
vn -1.0000 -0.0000 -0.0000
vn 1.0000 -0.0000 -0.0000
vn 0.8498 -0.5170 -0.1028
vn 0.8498 0.5170 -0.1028
vn 0.8498 -0.5170 0.1028
vn 0.8498 0.4383 -0.2928
vn 0.8498 -0.4383 0.2928
vn 0.8498 0.2928 -0.4383
vn 0.8498 -0.2928 0.4383
vn 0.8498 0.1028 -0.5170
vn 0.8498 0.1028 0.5170
vn 0.8498 -0.1028 0.5170
vn 0.8498 -0.1028 -0.5170
vn 0.8498 0.2928 0.4383
vn 0.8498 -0.2928 -0.4383
vn 0.8498 0.4383 0.2928
vn 0.8498 -0.4383 -0.2928
vn -0.8498 0.5170 0.1028
vn -0.8498 -0.5170 -0.1028
vn -0.8498 0.5170 -0.1028
vn -0.8498 -0.5170 0.1028
vn -0.8498 0.4383 -0.2928
vn -0.8498 -0.4383 0.2928
vn -0.8498 0.2928 -0.4383
vn -0.8498 -0.2928 0.4383
vn -0.8498 0.1028 -0.5170
vn -0.8498 0.1028 0.5170
vn -0.8498 -0.1028 0.5170
vn -0.8498 -0.1028 -0.5170
vn -0.8498 0.2928 0.4383
vn -0.8498 -0.2928 -0.4383
vn -0.8498 0.4383 0.2928
vn -0.8498 -0.4383 -0.2928
vt 0.833427 0.293557
vt 0.831149 0.293557
vt 0.831149 0.293039
vt 0.833427 0.293039
vt 0.831149 0.292361
vt 0.833427 0.292361
vt 0.831149 0.291628
vt 0.833427 0.291628
vt 0.831149 0.290951
vt 0.833427 0.290951
vt 0.829019 0.371657
vt 0.829019 0.373935
vt 0.828341 0.373935
vt 0.828341 0.371657
vt 0.827608 0.373935
vt 0.827608 0.371657
vt 0.826931 0.373935
vt 0.826931 0.371657
vt 0.833563 0.290951
vt 0.835841 0.290951
vt 0.835841 0.291628
vt 0.833563 0.291628
vt 0.835841 0.292361
vt 0.833563 0.292361
vt 0.835841 0.293039
vt 0.833563 0.293039
vt 0.835841 0.293557
vt 0.833563 0.293557
vt 0.854378 0.334839
vt 0.856656 0.334839
vt 0.856656 0.335357
vt 0.854378 0.335357
vt 0.856656 0.336035
vt 0.854378 0.336035
vt 0.856656 0.336768
vt 0.854378 0.336768
vt 0.876132 0.674020
vt 0.876594 0.674211
vt 0.876432 0.674454
vt 0.876075 0.674306
vt 0.856656 0.337445
vt 0.854378 0.337445
vt 0.856656 0.337964
vt 0.854378 0.337964
vt 0.876376 0.308181
vt 0.876895 0.307663
vt 0.877572 0.307382
vt 0.878305 0.307382
vt 0.878982 0.307663
vt 0.879501 0.308181
vt 0.879781 0.308858
vt 0.879781 0.309592
vt 0.879501 0.310269
vt 0.878982 0.310787
vt 0.878305 0.311068
vt 0.877572 0.311068
vt 0.876895 0.310787
vt 0.876376 0.310269
vt 0.876096 0.309592
vt 0.876096 0.308858
vt 0.847951 0.309835
vt 0.847951 0.309335
vt 0.848538 0.309218
vt 0.848538 0.309951
vt 0.847760 0.308873
vt 0.848258 0.308541
vt 0.847407 0.308520
vt 0.847739 0.308023
vt 0.846945 0.308329
vt 0.847062 0.307742
vt 0.846445 0.308329
vt 0.846329 0.307742
vt 0.845984 0.308520
vt 0.845651 0.308023
vt 0.845630 0.308873
vt 0.845133 0.308541
vt 0.845439 0.309335
vt 0.844852 0.309218
vt 0.845439 0.309835
vt 0.844852 0.309951
vt 0.845630 0.310296
vt 0.845133 0.310629
vt 0.845984 0.310650
vt 0.845651 0.311147
vt 0.846445 0.310841
vt 0.846329 0.311428
vt 0.846945 0.310841
vt 0.847062 0.311428
vt 0.847407 0.310650
vt 0.847739 0.311147
vt 0.847760 0.310296
vt 0.848258 0.310629
vt 0.876852 0.675083
vt 0.876852 0.675469
vt 0.876705 0.675825
vt 0.876432 0.676098
vt 0.876075 0.676246
vt 0.875690 0.676246
vt 0.875333 0.676098
vt 0.875060 0.675825
vt 0.874913 0.675469
vt 0.874913 0.675083
vt 0.875060 0.674727
vt 0.875333 0.674454
vt 0.875690 0.674306
vt 0.876705 0.674727
vt 0.875633 0.676532
vt 0.875171 0.676341
vt 0.875633 0.674020
vt 0.876132 0.676532
vt 0.875171 0.674211
vt 0.876594 0.676341
vt 0.874818 0.674565
vt 0.876947 0.675988
vt 0.874627 0.675026
vt 0.877139 0.675026
vt 0.877139 0.675526
vt 0.874627 0.675526
vt 0.876947 0.674565
vt 0.874818 0.675988
s 0
usemtl Material.001
f 487/465/170 520/466/170 519/467/170 489/468/170
f 489/468/171 519/467/171 521/469/171 491/470/171
f 491/470/172 521/469/172 522/471/172 493/472/172
f 493/472/173 522/471/173 523/473/173 495/474/173
f 495/475/174 523/476/174 524/477/174 497/478/174
f 497/478/175 524/477/175 525/479/175 499/480/175
f 499/480/176 525/479/176 526/481/176 501/482/176
f 501/483/177 526/484/177 527/485/177 503/486/177
f 503/486/178 527/485/178 528/487/178 505/488/178
f 505/488/179 528/487/179 529/489/179 507/490/179
f 507/490/180 529/489/180 530/491/180 509/492/180
f 509/493/181 530/494/181 531/495/181 511/496/181
f 511/496/182 531/495/182 532/497/182 513/498/182
f 513/498/183 532/497/183 533/499/183 515/500/183
f 496/501/184 494/502/184 538/503/184 539/504/184
f 515/500/185 533/499/185 534/505/185 517/506/185
f 517/506/186 534/505/186 520/507/186 487/508/186
f 487/509/187 489/510/187 491/511/187 493/512/187 495/513/187 497/514/187 499/515/187 501/516/187 503/517/187 505/518/187 507/519/187 509/520/187 511/521/187 513/522/187 515/523/187 517/524/187
f 488/525/188 490/526/188 519/527/188 520/528/188
f 490/526/188 492/529/188 521/530/188 519/527/188
f 492/529/188 494/531/188 522/532/188 521/530/188
f 494/531/188 496/533/188 523/534/188 522/532/188
f 496/533/188 498/535/188 524/536/188 523/534/188
f 498/535/188 500/537/188 525/538/188 524/536/188
f 500/537/188 502/539/188 526/540/188 525/538/188
f 502/539/188 504/541/188 527/542/188 526/540/188
f 504/541/188 506/543/188 528/544/188 527/542/188
f 506/543/188 508/545/188 529/546/188 528/544/188
f 508/545/188 510/547/188 530/548/188 529/546/188
f 510/547/188 512/549/188 531/550/188 530/548/188
f 512/549/188 514/551/188 532/552/188 531/550/188
f 514/551/188 516/553/188 533/554/188 532/552/188
f 516/553/188 518/555/188 534/556/188 533/554/188
f 518/555/188 488/525/188 520/528/188 534/556/188
f 535/557/188 536/558/188 550/559/188 549/560/188 548/561/188 547/562/188 546/563/188 545/564/188 544/565/188 543/566/188 542/567/188 541/568/188 540/569/188 539/504/188 538/503/188 537/570/188
f 512/571/189 510/572/189 546/563/189 547/562/189
f 498/573/190 496/501/190 539/504/190 540/569/190
f 514/574/191 512/571/191 547/562/191 548/561/191
f 500/575/192 498/573/192 540/569/192 541/568/192
f 516/576/193 514/574/193 548/561/193 549/560/193
f 502/577/194 500/575/194 541/568/194 542/567/194
f 518/578/195 516/576/195 549/560/195 550/559/195
f 504/579/196 502/577/196 542/567/196 543/566/196
f 490/580/197 488/581/197 536/558/197 535/557/197
f 488/581/198 518/578/198 550/559/198 536/558/198
f 506/582/199 504/579/199 543/566/199 544/565/199
f 492/583/200 490/580/200 535/557/200 537/570/200
f 508/584/201 506/582/201 544/565/201 545/564/201
f 494/502/202 492/583/202 537/570/202 538/503/202
f 510/572/203 508/584/203 545/564/203 546/563/203
f 551/465/170 553/468/170 583/467/170 584/466/170
f 553/468/171 555/470/171 585/469/171 583/467/171
f 555/470/172 557/472/172 586/471/172 585/469/172
f 557/472/173 559/474/173 587/473/173 586/471/173
f 559/475/174 561/478/174 588/477/174 587/476/174
f 561/478/175 563/480/175 589/479/175 588/477/175
f 563/480/176 565/482/176 590/481/176 589/479/176
f 565/483/177 567/486/177 591/485/177 590/484/177
f 567/486/178 569/488/178 592/487/178 591/485/178
f 569/488/179 571/490/179 593/489/179 592/487/179
f 571/490/180 573/492/180 594/491/180 593/489/180
f 573/493/181 575/496/181 595/495/181 594/494/181
f 575/496/182 577/498/182 596/497/182 595/495/182
f 577/498/183 579/500/183 597/499/183 596/497/183
f 560/501/204 603/504/204 602/503/204 558/502/204
f 579/500/185 581/506/185 598/505/185 597/499/185
f 581/506/186 551/508/186 584/507/186 598/505/186
f 551/509/188 581/524/188 579/523/188 577/522/188 575/521/188 573/520/188 571/519/188 569/518/188 567/517/188 565/516/188 563/515/188 561/514/188 559/513/188 557/512/188 555/511/188 553/510/188
f 552/525/187 584/528/187 583/527/187 554/526/187
f 554/526/187 583/527/187 585/530/187 556/529/187
f 556/529/187 585/530/187 586/532/187 558/531/187
f 558/531/187 586/532/187 587/534/187 560/533/187
f 560/533/187 587/534/187 588/536/187 562/535/187
f 562/535/187 588/536/187 589/538/187 564/537/187
f 564/537/187 589/538/187 590/540/187 566/539/187
f 566/539/187 590/540/187 591/542/187 568/541/187
f 568/541/187 591/542/187 592/544/187 570/543/187
f 570/543/187 592/544/187 593/546/187 572/545/187
f 572/545/187 593/546/187 594/548/187 574/547/187
f 574/547/187 594/548/187 595/550/187 576/549/187
f 576/549/187 595/550/187 596/552/187 578/551/187
f 578/551/187 596/552/187 597/554/187 580/553/187
f 580/553/187 597/554/187 598/556/187 582/555/187
f 582/555/187 598/556/187 584/528/187 552/525/187
f 599/557/187 601/570/187 602/503/187 603/504/187 604/569/187 605/568/187 606/567/187 607/566/187 608/565/187 609/564/187 610/563/187 611/562/187 612/561/187 613/560/187 614/559/187 600/558/187
f 576/571/205 611/562/205 610/563/205 574/572/205
f 562/573/206 604/569/206 603/504/206 560/501/206
f 578/574/207 612/561/207 611/562/207 576/571/207
f 564/575/208 605/568/208 604/569/208 562/573/208
f 580/576/209 613/560/209 612/561/209 578/574/209
f 566/577/210 606/567/210 605/568/210 564/575/210
f 582/578/211 614/559/211 613/560/211 580/576/211
f 568/579/212 607/566/212 606/567/212 566/577/212
f 554/580/213 599/557/213 600/558/213 552/581/213
f 552/581/214 600/558/214 614/559/214 582/578/214
f 570/582/215 608/565/215 607/566/215 568/579/215
f 556/583/216 601/570/216 599/557/216 554/580/216
f 572/584/217 609/564/217 608/565/217 570/582/217
f 558/502/218 602/503/218 601/570/218 556/583/218
f 574/572/219 610/563/219 609/564/219 572/584/219
o Cylinder.015
v 1.633936 2.577127 0.121659
v 3.376749 2.577127 0.317198
v 1.633936 2.403669 0.156161
v 3.376749 2.478499 0.336817
v 1.633936 2.256618 0.254418
v 3.376749 2.394886 0.392686
v 1.633936 2.158363 0.401467
v 3.376749 2.339018 0.476298
v 1.633936 2.123860 0.574925
v 3.376749 2.319400 0.574925
v 1.633936 2.158363 0.748383
v 3.376749 2.339018 0.673552
v 1.633936 2.256619 0.895432
v 3.376749 2.394886 0.757165
v 1.633936 2.403669 0.993687
v 3.376749 2.478499 0.813033
v 1.633936 2.577126 1.028191
v 3.376749 2.577127 0.832652
v 1.633936 2.750584 0.993687
v 3.376749 2.675754 0.813033
v 1.633936 2.897634 0.895432
v 3.376749 2.759367 0.757165
v 1.633936 2.995890 0.748383
v 3.376749 2.815235 0.673552
v 1.633936 3.030393 0.574925
v 3.376749 2.834853 0.574925
v 1.633936 2.995890 0.401467
v 3.376749 2.815235 0.476298
v 1.633936 2.897634 0.254418
v 3.376749 2.759367 0.392686
v 1.633936 2.750584 0.156161
v 3.376749 2.675754 0.336817
v 3.376749 2.403669 0.156161
v 3.376749 2.577127 0.121659
v 3.376749 2.256618 0.254418
v 3.376749 2.158363 0.401467
v 3.376749 2.123861 0.574925
v 3.376749 2.158363 0.748383
v 3.376749 2.256619 0.895432
v 3.376749 2.403669 0.993687
v 3.376749 2.577127 1.028191
v 3.376749 2.750584 0.993687
v 3.376749 2.897634 0.895432
v 3.376749 2.995890 0.748383
v 3.376749 3.030393 0.574925
v 3.376749 2.995890 0.401467
v 3.376749 2.897634 0.254418
v 3.376749 2.750584 0.156161
v 3.286745 2.511675 0.416911
v 3.286745 2.577127 0.403891
v 3.286745 2.456187 0.453986
v 3.286745 2.419112 0.509473
v 3.286745 2.406093 0.574925
v 3.286745 2.419112 0.640378
v 3.286745 2.456187 0.695864
v 3.286745 2.511675 0.732939
v 3.286745 2.577127 0.745959
v 3.286745 2.642578 0.732939
v 3.286745 2.698066 0.695864
v 3.286745 2.735141 0.640378
v 3.286745 2.748160 0.574925
v 3.286745 2.735141 0.509473
v 3.286745 2.698066 0.453986
v 3.286745 2.642578 0.416911
v -1.414236 2.577125 0.121659
v -3.157041 2.577125 0.317198
v -1.414236 2.403668 0.156163
v -3.157041 2.478498 0.336817
v -1.414236 2.256618 0.254418
v -3.157041 2.394885 0.392686
v -1.414236 2.158362 0.401467
v -3.157041 2.339017 0.476298
v -1.414236 2.123860 0.574925
v -3.157041 2.319399 0.574925
v -1.414236 2.158362 0.748383
v -3.157041 2.339017 0.673552
v -1.414236 2.256618 0.895432
v -3.157041 2.394885 0.757165
v -1.414236 2.403668 0.993689
v -3.157041 2.478498 0.813033
v -1.414236 2.577125 1.028191
v -3.157041 2.577125 0.832652
v -1.414236 2.750583 0.993689
v -3.157041 2.675753 0.813033
v -1.414236 2.897633 0.895432
v -3.157041 2.759366 0.757165
v -1.414236 2.995889 0.748383
v -3.157041 2.815234 0.673552
v -1.414236 3.030391 0.574925
v -3.157041 2.834852 0.574925
v -1.414236 2.995889 0.401467
v -3.157041 2.815234 0.476298
v -1.414236 2.897633 0.254418
v -3.157041 2.759366 0.392686
v -1.414236 2.750583 0.156163
v -3.157041 2.675753 0.336817
v -3.157041 2.403668 0.156163
v -3.157041 2.577125 0.121659
v -3.157041 2.256618 0.254418
v -3.157041 2.158363 0.401467
v -3.157041 2.123860 0.574925
v -3.157041 2.158363 0.748383
v -3.157041 2.256618 0.895432
v -3.157041 2.403668 0.993689
v -3.157041 2.577125 1.028191
v -3.157041 2.750583 0.993689
v -3.157041 2.897633 0.895432
v -3.157041 2.995889 0.748383
v -3.157041 3.030391 0.574925
v -3.157041 2.995889 0.401467
v -3.157041 2.897633 0.254418
v -3.157041 2.750583 0.156163
v -3.067045 2.511674 0.416911
v -3.067045 2.577125 0.403891
v -3.067045 2.456186 0.453986
v -3.067045 2.419111 0.509473
v -3.067045 2.406092 0.574925
v -3.067045 2.419111 0.640378
v -3.067045 2.456186 0.695864
v -3.067045 2.511674 0.732939
v -3.067045 2.577125 0.745959
v -3.067045 2.642577 0.732939
v -3.067045 2.698065 0.695864
v -3.067045 2.735140 0.640378
v -3.067045 2.748159 0.574925
v -3.067045 2.735140 0.509473
v -3.067045 2.698065 0.453986
v -3.067045 2.642577 0.416911
vn -0.0000 -0.1951 -0.9808
vn -0.0000 -0.5556 -0.8315
vn -0.0000 -0.8315 -0.5556
vn -0.0000 -0.9808 -0.1951
vn -0.0000 -0.9808 0.1951
vn -0.0000 -0.8315 0.5556
vn -0.0000 -0.5556 0.8315
vn -0.0000 -0.1951 0.9808
vn -0.0000 0.1951 0.9808
vn -0.0000 0.5556 0.8315
vn -0.0000 0.8315 0.5556
vn -0.0000 0.9808 0.1951
vn -0.0000 0.9808 -0.1951
vn -0.0000 0.8315 -0.5556
vn 0.6867 0.6044 -0.4039
vn -0.0000 0.5556 -0.8315
vn -0.0000 0.1951 -0.9808
vn -1.0000 -0.0000 -0.0000
vn 1.0000 -0.0000 -0.0000
vn 0.6867 -0.6044 0.4039
vn 0.6867 0.4038 -0.6044
vn 0.6867 -0.4039 0.6044
vn 0.6867 0.1418 -0.7130
vn 0.6867 0.1418 0.7129
vn 0.6867 -0.1418 0.7129
vn 0.6867 -0.1418 -0.7129
vn 0.6867 0.4039 0.6044
vn 0.6867 -0.4039 -0.6044
vn 0.6867 0.6044 0.4039
vn 0.6867 -0.6044 -0.4039
vn 0.6867 0.7130 0.1418
vn 0.6867 -0.7130 -0.1418
vn 0.6867 0.7130 -0.1418
vn 0.6867 -0.7130 0.1418
vn -0.6868 0.6044 -0.4038
vn -0.6868 -0.6044 0.4038
vn -0.6868 0.4038 -0.6044
vn -0.6868 -0.4038 0.6044
vn -0.6868 0.1418 -0.7129
vn -0.6868 0.1418 0.7129
vn -0.6868 -0.1418 0.7129
vn -0.6868 -0.1418 -0.7129
vn -0.6868 0.4038 0.6044
vn -0.6868 -0.4038 -0.6044
vn -0.6868 0.6044 0.4038
vn -0.6868 -0.6044 -0.4038
vn -0.6868 0.7129 0.1418
vn -0.6868 -0.7129 -0.1418
vn -0.6868 0.7129 -0.1418
vn -0.6868 -0.7129 0.1418
vt 0.689943 0.290205
vt 0.689943 0.287951
vt 0.690154 0.287951
vt 0.690154 0.290205
vt 0.690316 0.287951
vt 0.690316 0.290205
vt 0.670980 0.335523
vt 0.670980 0.333269
vt 0.671191 0.333269
vt 0.671191 0.335523
vt 0.671420 0.333269
vt 0.671420 0.335523
vt 0.671631 0.333269
vt 0.671631 0.335523
vt 0.671793 0.333269
vt 0.671793 0.335523
vt 0.671043 0.364296
vt 0.671043 0.362042
vt 0.671205 0.362042
vt 0.671205 0.364296
vt 0.671416 0.362042
vt 0.671416 0.364296
vt 0.671645 0.362042
vt 0.671645 0.364296
vt 0.671856 0.362042
vt 0.671856 0.364296
vt 0.670989 0.288626
vt 0.670989 0.290879
vt 0.670777 0.290879
vt 0.670777 0.288626
vt 0.670549 0.290879
vt 0.670549 0.288626
vt 0.670337 0.290879
vt 0.670337 0.288626
vt 0.689341 0.290205
vt 0.689341 0.287951
vt 0.689503 0.287951
vt 0.689503 0.290205
vt 0.717502 0.348474
vt 0.717452 0.348594
vt 0.717359 0.348532
vt 0.717392 0.348452
vt 0.689714 0.287951
vt 0.689714 0.290205
vt 0.700825 0.368732
vt 0.700738 0.368520
vt 0.700738 0.368292
vt 0.700825 0.368080
vt 0.700987 0.367919
vt 0.701198 0.367831
vt 0.701427 0.367831
vt 0.701638 0.367919
vt 0.701800 0.368080
vt 0.701887 0.368292
vt 0.701887 0.368520
vt 0.701800 0.368732
vt 0.701638 0.368893
vt 0.701427 0.368981
vt 0.701198 0.368981
vt 0.700987 0.368893
vt 0.716898 0.348594
vt 0.716990 0.348686
vt 0.716849 0.348897
vt 0.716688 0.348735
vt 0.717110 0.348736
vt 0.717061 0.348984
vt 0.717240 0.348736
vt 0.717289 0.348984
vt 0.717360 0.348686
vt 0.717501 0.348897
vt 0.717662 0.348735
vt 0.717750 0.348524
vt 0.717502 0.348344
vt 0.717750 0.348295
vt 0.717452 0.348224
vt 0.717662 0.348084
vt 0.717360 0.348132
vt 0.717501 0.347922
vt 0.717240 0.348082
vt 0.717289 0.347834
vt 0.717110 0.348082
vt 0.717061 0.347834
vt 0.716990 0.348132
vt 0.716849 0.347922
vt 0.716898 0.348224
vt 0.716688 0.348084
vt 0.716848 0.348344
vt 0.716600 0.348295
vt 0.716848 0.348474
vt 0.716600 0.348524
vt 0.717052 0.348593
vt 0.716991 0.348532
vt 0.716958 0.348452
vt 0.716958 0.348366
vt 0.716991 0.348286
vt 0.717052 0.348225
vt 0.717132 0.348192
vt 0.717218 0.348192
vt 0.717298 0.348225
vt 0.717359 0.348286
vt 0.717392 0.348366
vt 0.717298 0.348593
vt 0.717218 0.348626
vt 0.717132 0.348626
vt 0.756166 0.362332
vt 0.756166 0.362202
vt 0.756283 0.362224
vt 0.756283 0.362310
vt 0.755913 0.362202
vt 0.755913 0.362332
vt 0.755796 0.362310
vt 0.755796 0.362224
vt 0.740696 0.354431
vt 0.740696 0.354301
vt 0.740812 0.354323
vt 0.740812 0.354409
vt 0.755682 0.350403
vt 0.755682 0.350273
vt 0.755798 0.350295
vt 0.755798 0.350381
s 0
usemtl Material.001
f 615/585/220 648/586/220 647/587/220 617/588/220
f 617/588/221 647/587/221 649/589/221 619/590/221
f 619/591/222 649/592/222 650/593/222 621/594/222
f 621/594/223 650/593/223 651/595/223 623/596/223
f 623/596/224 651/595/224 652/597/224 625/598/224
f 625/598/225 652/597/225 653/599/225 627/600/225
f 627/601/226 653/602/226 654/603/226 629/604/226
f 629/604/227 654/603/227 655/605/227 631/606/227
f 631/606/228 655/605/228 656/607/228 633/608/228
f 633/608/229 656/607/229 657/609/229 635/610/229
f 635/611/230 657/612/230 658/613/230 637/614/230
f 637/614/231 658/613/231 659/615/231 639/616/231
f 639/616/232 659/615/232 660/617/232 641/618/232
f 641/619/233 660/620/233 661/621/233 643/622/233
f 628/623/234 626/624/234 668/625/234 669/626/234
f 643/622/235 661/621/235 662/627/235 645/628/235
f 645/628/236 662/627/236 648/586/236 615/585/236
f 615/629/237 617/630/237 619/631/237 621/632/237 623/633/237 625/634/237 627/635/237 629/636/237 631/637/237 633/638/237 635/639/237 637/640/237 639/641/237 641/642/237 643/643/237 645/644/237
f 616/645/238 618/646/238 647/647/238 648/648/238
f 618/646/238 620/649/238 649/650/238 647/647/238
f 620/649/238 622/651/238 650/652/238 649/650/238
f 622/651/238 624/653/238 651/654/238 650/652/238
f 624/653/238 626/624/238 652/655/238 651/654/238
f 626/624/238 628/623/238 653/656/238 652/655/238
f 628/623/238 630/657/238 654/658/238 653/656/238
f 630/657/238 632/659/238 655/660/238 654/658/238
f 632/659/238 634/661/238 656/662/238 655/660/238
f 634/661/238 636/663/238 657/664/238 656/662/238
f 636/663/238 638/665/238 658/666/238 657/664/238
f 638/665/238 640/667/238 659/668/238 658/666/238
f 640/667/238 642/669/238 660/670/238 659/668/238
f 642/669/238 644/671/238 661/672/238 660/670/238
f 644/671/238 646/673/238 662/674/238 661/672/238
f 646/673/238 616/645/238 648/648/238 662/674/238
f 663/675/238 664/676/238 678/677/238 677/678/238 676/679/238 675/680/238 674/681/238 673/682/238 672/683/238 671/684/238 670/685/238 669/626/238 668/625/238 667/686/238 666/687/238 665/688/238
f 644/671/239 642/669/239 676/679/239 677/678/239
f 630/657/240 628/623/240 669/626/240 670/685/240
f 646/673/241 644/671/241 677/678/241 678/677/241
f 632/689/242 630/690/242 670/691/242 671/692/242
f 618/693/243 616/694/243 664/695/243 663/696/243
f 616/645/244 646/673/244 678/677/244 664/676/244
f 634/661/245 632/659/245 671/684/245 672/683/245
f 620/649/246 618/646/246 663/675/246 665/688/246
f 636/663/247 634/661/247 672/683/247 673/682/247
f 622/651/248 620/649/248 665/688/248 666/687/248
f 638/665/249 636/663/249 673/682/249 674/681/249
f 624/697/250 622/698/250 666/699/250 667/700/250
f 640/701/251 638/702/251 674/703/251 675/704/251
f 626/624/252 624/653/252 667/686/252 668/625/252
f 642/669/253 640/667/253 675/680/253 676/679/253
f 679/585/220 681/588/220 711/587/220 712/586/220
f 681/588/221 683/590/221 713/589/221 711/587/221
f 683/591/222 685/594/222 714/593/222 713/592/222
f 685/594/223 687/596/223 715/595/223 714/593/223
f 687/596/224 689/598/224 716/597/224 715/595/224
f 689/598/225 691/600/225 717/599/225 716/597/225
f 691/601/226 693/604/226 718/603/226 717/602/226
f 693/604/227 695/606/227 719/605/227 718/603/227
f 695/606/228 697/608/228 720/607/228 719/605/228
f 697/608/229 699/610/229 721/609/229 720/607/229
f 699/611/230 701/614/230 722/613/230 721/612/230
f 701/614/231 703/616/231 723/615/231 722/613/231
f 703/616/232 705/618/232 724/617/232 723/615/232
f 705/619/233 707/622/233 725/621/233 724/620/233
f 692/623/254 733/626/254 732/625/254 690/624/254
f 707/622/235 709/628/235 726/627/235 725/621/235
f 709/628/236 679/585/236 712/586/236 726/627/236
f 679/629/238 709/644/238 707/643/238 705/642/238 703/641/238 701/640/238 699/639/238 697/638/238 695/637/238 693/636/238 691/635/238 689/634/238 687/633/238 685/632/238 683/631/238 681/630/238
f 680/645/237 712/648/237 711/647/237 682/646/237
f 682/646/237 711/647/237 713/650/237 684/649/237
f 684/649/237 713/650/237 714/652/237 686/651/237
f 686/651/237 714/652/237 715/654/237 688/653/237
f 688/653/237 715/654/237 716/655/237 690/624/237
f 690/624/237 716/655/237 717/656/237 692/623/237
f 692/623/237 717/656/237 718/658/237 694/657/237
f 694/657/237 718/658/237 719/660/237 696/659/237
f 696/659/237 719/660/237 720/662/237 698/661/237
f 698/661/237 720/662/237 721/664/237 700/663/237
f 700/663/237 721/664/237 722/666/237 702/665/237
f 702/665/237 722/666/237 723/668/237 704/667/237
f 704/667/237 723/668/237 724/670/237 706/669/237
f 706/669/237 724/670/237 725/672/237 708/671/237
f 708/671/237 725/672/237 726/674/237 710/673/237
f 710/673/237 726/674/237 712/648/237 680/645/237
f 727/675/237 729/688/237 730/687/237 731/686/237 732/625/237 733/626/237 734/685/237 735/684/237 736/683/237 737/682/237 738/681/237 739/680/237 740/679/237 741/678/237 742/677/237 728/676/237
f 708/671/255 741/678/255 740/679/255 706/669/255
f 694/657/256 734/685/256 733/626/256 692/623/256
f 710/673/257 742/677/257 741/678/257 708/671/257
f 696/689/258 735/692/258 734/691/258 694/690/258
f 682/693/259 727/696/259 728/695/259 680/694/259
f 680/645/260 728/676/260 742/677/260 710/673/260
f 698/661/261 736/683/261 735/684/261 696/659/261
f 684/649/262 729/688/262 727/675/262 682/646/262
f 700/663/263 737/682/263 736/683/263 698/661/263
f 686/651/264 730/687/264 729/688/264 684/649/264
f 702/665/265 738/681/265 737/682/265 700/663/265
f 688/697/266 731/700/266 730/699/266 686/698/266
f 704/701/267 739/704/267 738/703/267 702/702/267
f 690/624/268 732/625/268 731/686/268 688/653/268
f 706/669/269 740/679/269 739/680/269 704/667/269
o Cylinder.016
v 1.600230 0.742850 -2.888435
v 3.387881 0.742850 -2.692895
v 1.600230 0.569393 -2.853933
v 3.387881 0.644223 -2.673276
v 1.600230 0.422342 -2.755676
v 3.387881 0.560610 -2.617408
v 1.600230 0.324088 -2.608627
v 3.387881 0.504742 -2.533796
v 1.600230 0.289585 -2.435169
v 3.387881 0.485124 -2.435169
v 1.600230 0.324088 -2.261710
v 3.387881 0.504742 -2.336541
v 1.600230 0.422342 -2.114662
v 3.387881 0.560610 -2.252929
v 1.600230 0.569393 -2.016406
v 3.387881 0.644223 -2.197061
v 1.600230 0.742850 -1.981902
v 3.387881 0.742850 -2.177442
v 1.600230 0.916308 -2.016406
v 3.387881 0.841478 -2.197061
v 1.600230 1.063357 -2.114662
v 3.387881 0.925090 -2.252929
v 1.600230 1.161614 -2.261710
v 3.387881 0.980959 -2.336541
v 1.600230 1.196117 -2.435169
v 3.387881 1.000577 -2.435169
v 1.600230 1.161614 -2.608627
v 3.387881 0.980959 -2.533796
v 1.600230 1.063357 -2.755676
v 3.387881 0.925090 -2.617408
v 1.600230 0.916308 -2.853933
v 3.387881 0.841478 -2.673276
v 3.387881 0.569394 -2.853933
v 3.387881 0.742850 -2.888435
v 3.387881 0.422342 -2.755676
v 3.387881 0.324088 -2.608627
v 3.387881 0.289585 -2.435169
v 3.387881 0.324088 -2.261710
v 3.387881 0.422342 -2.114662
v 3.387881 0.569394 -2.016406
v 3.387881 0.742850 -1.981902
v 3.387881 0.916308 -2.016406
v 3.387881 1.063357 -2.114662
v 3.387881 1.161614 -2.261710
v 3.387881 1.196117 -2.435169
v 3.387881 1.161614 -2.608627
v 3.387881 1.063357 -2.755676
v 3.387881 0.916308 -2.853933
v 3.295565 0.677399 -2.593183
v 3.295565 0.742850 -2.606202
v 3.295565 0.621912 -2.556108
v 3.295565 0.584836 -2.500621
v 3.295565 0.571817 -2.435169
v 3.295565 0.584836 -2.369716
v 3.295565 0.621912 -2.314229
v 3.295565 0.677399 -2.277154
v 3.295565 0.742850 -2.264135
v 3.295565 0.808303 -2.277154
v 3.295565 0.863789 -2.314229
v 3.295565 0.900865 -2.369716
v 3.295565 0.913885 -2.435169
v 3.295565 0.900865 -2.500621
v 3.295565 0.863789 -2.556108
v 3.295565 0.808303 -2.593183
v -1.380529 0.742849 -2.888435
v -3.168173 0.742849 -2.692895
v -1.380529 0.569393 -2.853933
v -3.168173 0.644221 -2.673276
v -1.380529 0.422342 -2.755676
v -3.168173 0.560609 -2.617408
v -1.380529 0.324087 -2.608627
v -3.168173 0.504742 -2.533796
v -1.380529 0.289584 -2.435169
v -3.168173 0.485124 -2.435169
v -1.380529 0.324087 -2.261710
v -3.168173 0.504742 -2.336541
v -1.380529 0.422342 -2.114662
v -3.168173 0.560609 -2.252929
v -1.380529 0.569393 -2.016406
v -3.168173 0.644221 -2.197061
v -1.380529 0.742850 -1.981902
v -3.168173 0.742849 -2.177442
v -1.380529 0.916307 -2.016406
v -3.168173 0.841478 -2.197061
v -1.380529 1.063357 -2.114662
v -3.168173 0.925089 -2.252929
v -1.380529 1.161613 -2.261710
v -3.168173 0.980959 -2.336541
v -1.380529 1.196116 -2.435169
v -3.168173 1.000577 -2.435169
v -1.380529 1.161613 -2.608627
v -3.168173 0.980959 -2.533796
v -1.380529 1.063357 -2.755676
v -3.168173 0.925089 -2.617408
v -1.380529 0.916307 -2.853933
v -3.168173 0.841478 -2.673276
v -3.168173 0.569393 -2.853933
v -3.168173 0.742849 -2.888435
v -3.168173 0.422342 -2.755676
v -3.168173 0.324087 -2.608627
v -3.168173 0.289584 -2.435169
v -3.168173 0.324087 -2.261710
v -3.168173 0.422342 -2.114662
v -3.168173 0.569393 -2.016406
v -3.168173 0.742850 -1.981902
v -3.168173 0.916307 -2.016406
v -3.168173 1.063357 -2.114662
v -3.168173 1.161613 -2.261710
v -3.168173 1.196116 -2.435169
v -3.168173 1.161613 -2.608627
v -3.168173 1.063357 -2.755676
v -3.168173 0.916307 -2.853933
v -3.075857 0.677398 -2.593183
v -3.075857 0.742849 -2.606202
v -3.075857 0.621910 -2.556108
v -3.075857 0.584834 -2.500621
v -3.075857 0.571816 -2.435169
v -3.075857 0.584834 -2.369716
v -3.075857 0.621910 -2.314229
v -3.075857 0.677398 -2.277154
v -3.075857 0.742849 -2.264135
v -3.075857 0.808302 -2.277154
v -3.075857 0.863788 -2.314229
v -3.075857 0.900864 -2.369716
v -3.075857 0.913884 -2.435169
v -3.075857 0.900864 -2.500621
v -3.075857 0.863788 -2.556108
v -3.075857 0.808302 -2.593183
vn -0.0000 -0.1951 -0.9808
vn -0.0000 -0.5556 -0.8315
vn -0.0000 -0.8315 -0.5556
vn -0.0000 -0.9808 -0.1951
vn -0.0000 -0.9808 0.1951
vn -0.0000 -0.8315 0.5556
vn -0.0000 -0.5556 0.8315
vn -0.0000 -0.1951 0.9808
vn -0.0000 0.1951 0.9808
vn -0.0000 0.5556 0.8315
vn -0.0000 0.8315 0.5556
vn -0.0000 0.9808 0.1951
vn -0.0000 0.9808 -0.1951
vn -0.0000 0.8315 -0.5556
vn 0.6775 0.6116 -0.4087
vn -0.0000 0.5556 -0.8315
vn -0.0000 0.1951 -0.9808
vn -1.0000 -0.0000 -0.0000
vn 1.0000 -0.0000 -0.0000
vn 0.6775 -0.6116 0.4087
vn 0.6775 0.4087 -0.6116
vn 0.6775 -0.4087 0.6116
vn 0.6775 0.1435 -0.7214
vn 0.6775 0.1435 0.7214
vn 0.6775 -0.1435 0.7214
vn 0.6775 -0.1435 -0.7214
vn 0.6775 0.4087 0.6116
vn 0.6775 -0.4087 -0.6116
vn 0.6775 0.6116 0.4087
vn 0.6775 -0.6116 -0.4087
vn 0.6775 0.7214 0.1435
vn 0.6775 -0.7214 -0.1435
vn 0.6775 0.7214 -0.1435
vn 0.6775 -0.7214 0.1435
vn -0.6775 0.6116 -0.4087
vn -0.6775 -0.6116 0.4087
vn -0.6775 0.4086 -0.6116
vn -0.6775 -0.4086 0.6116
vn -0.6775 0.1435 -0.7214
vn -0.6775 0.1435 0.7214
vn -0.6775 -0.1435 0.7214
vn -0.6775 -0.1435 -0.7214
vn -0.6775 0.4086 0.6116
vn -0.6775 -0.4087 -0.6116
vn -0.6775 0.6116 0.4087
vn -0.6775 -0.6116 -0.4087
vn -0.6775 0.7214 0.1435
vn -0.6775 -0.7214 -0.1435
vn -0.6775 0.7214 -0.1435
vn -0.6775 -0.7214 0.1435
vt 0.671763 0.354301
vt 0.671763 0.351989
vt 0.671991 0.351989
vt 0.671991 0.354301
vt 0.672203 0.351989
vt 0.672203 0.354301
vt 0.727938 0.288725
vt 0.727938 0.291037
vt 0.727777 0.291037
vt 0.727777 0.288725
vt 0.727565 0.291037
vt 0.727565 0.288725
vt 0.727337 0.291037
vt 0.727337 0.288725
vt 0.727125 0.291037
vt 0.727125 0.288725
vt 0.726964 0.291037
vt 0.726964 0.288725
vt 0.671394 0.357856
vt 0.671394 0.355544
vt 0.671555 0.355544
vt 0.671555 0.357856
vt 0.671767 0.355544
vt 0.671767 0.357856
vt 0.671995 0.355544
vt 0.671995 0.357856
vt 0.672207 0.355544
vt 0.672207 0.357856
vt 0.670999 0.361982
vt 0.670999 0.364294
vt 0.670788 0.364294
vt 0.670788 0.361982
vt 0.670559 0.364294
vt 0.670559 0.361982
vt 0.670348 0.364294
vt 0.670348 0.361982
vt 0.706870 0.355354
vt 0.706870 0.355234
vt 0.706989 0.355212
vt 0.706989 0.355292
vt 0.671390 0.354301
vt 0.671390 0.351989
vt 0.671551 0.351989
vt 0.671551 0.354301
vt 0.715312 0.348295
vt 0.715312 0.348524
vt 0.715225 0.348735
vt 0.715063 0.348897
vt 0.714852 0.348984
vt 0.714623 0.348984
vt 0.714412 0.348897
vt 0.714250 0.348735
vt 0.714163 0.348524
vt 0.714163 0.348295
vt 0.714250 0.348084
vt 0.714412 0.347922
vt 0.714623 0.347834
vt 0.714852 0.347834
vt 0.715063 0.347922
vt 0.715225 0.348084
vt 0.699817 0.368591
vt 0.699909 0.368683
vt 0.699768 0.368893
vt 0.699606 0.368732
vt 0.700029 0.368733
vt 0.699979 0.368981
vt 0.700159 0.368733
vt 0.700208 0.368981
vt 0.700279 0.368683
vt 0.700419 0.368893
vt 0.700371 0.368591
vt 0.700581 0.368732
vt 0.700421 0.368471
vt 0.700669 0.368520
vt 0.700421 0.368341
vt 0.700669 0.368292
vt 0.700371 0.368221
vt 0.700581 0.368080
vt 0.700279 0.368129
vt 0.700419 0.367919
vt 0.700159 0.368079
vt 0.700208 0.367831
vt 0.700029 0.368079
vt 0.699979 0.367831
vt 0.699909 0.368129
vt 0.699768 0.367919
vt 0.699817 0.368221
vt 0.699606 0.368080
vt 0.699767 0.368341
vt 0.699519 0.368292
vt 0.699767 0.368471
vt 0.699519 0.368520
vt 0.699971 0.368590
vt 0.699910 0.368529
vt 0.699877 0.368449
vt 0.699877 0.368363
vt 0.699910 0.368283
vt 0.699971 0.368222
vt 0.700051 0.368189
vt 0.700137 0.368189
vt 0.700217 0.368222
vt 0.700278 0.368283
vt 0.700311 0.368363
vt 0.700311 0.368449
vt 0.700278 0.368529
vt 0.700217 0.368590
vt 0.700137 0.368623
vt 0.700051 0.368623
vt 0.706989 0.354198
vt 0.706989 0.354319
vt 0.706870 0.354340
vt 0.706870 0.354261
vt 0.706989 0.356019
vt 0.706989 0.356139
vt 0.706870 0.356077
vt 0.706870 0.355997
vt 0.717156 0.356282
vt 0.717156 0.356162
vt 0.717275 0.356224
vt 0.717275 0.356304
vt 0.706989 0.355889
vt 0.706870 0.355911
vt 0.717156 0.356412
vt 0.717275 0.356390
vt 0.706989 0.355769
vt 0.706870 0.355831
vt 0.717156 0.356532
vt 0.717275 0.356470
vt 0.706870 0.355104
vt 0.706870 0.354984
vt 0.706989 0.355046
vt 0.706989 0.355126
vt 0.706989 0.354449
vt 0.706989 0.354569
vt 0.706870 0.354506
vt 0.706870 0.354427
s 0
usemtl Material.001
f 743/705/270 776/706/270 775/707/270 745/708/270
f 745/708/271 775/707/271 777/709/271 747/710/271
f 747/711/272 777/712/272 778/713/272 749/714/272
f 749/714/273 778/713/273 779/715/273 751/716/273
f 751/716/274 779/715/274 780/717/274 753/718/274
f 753/718/275 780/717/275 781/719/275 755/720/275
f 755/720/276 781/719/276 782/721/276 757/722/276
f 757/723/277 782/724/277 783/725/277 759/726/277
f 759/726/278 783/725/278 784/727/278 761/728/278
f 761/728/279 784/727/279 785/729/279 763/730/279
f 763/730/280 785/729/280 786/731/280 765/732/280
f 765/733/281 786/734/281 787/735/281 767/736/281
f 767/736/282 787/735/282 788/737/282 769/738/282
f 769/738/283 788/737/283 789/739/283 771/740/283
f 756/741/284 754/742/284 796/743/284 797/744/284
f 771/745/285 789/746/285 790/747/285 773/748/285
f 773/748/286 790/747/286 776/706/286 743/705/286
f 743/749/287 745/750/287 747/751/287 749/752/287 751/753/287 753/754/287 755/755/287 757/756/287 759/757/287 761/758/287 763/759/287 765/760/287 767/761/287 769/762/287 771/763/287 773/764/287
f 744/765/288 746/766/288 775/767/288 776/768/288
f 746/766/288 748/769/288 777/770/288 775/767/288
f 748/769/288 750/771/288 778/772/288 777/770/288
f 750/771/288 752/773/288 779/774/288 778/772/288
f 752/773/288 754/775/288 780/776/288 779/774/288
f 754/775/288 756/777/288 781/778/288 780/776/288
f 756/777/288 758/779/288 782/780/288 781/778/288
f 758/779/288 760/781/288 783/782/288 782/780/288
f 760/781/288 762/783/288 784/784/288 783/782/288
f 762/783/288 764/785/288 785/786/288 784/784/288
f 764/785/288 766/787/288 786/788/288 785/786/288
f 766/787/288 768/789/288 787/790/288 786/788/288
f 768/789/288 770/791/288 788/792/288 787/790/288
f 770/791/288 772/793/288 789/794/288 788/792/288
f 772/793/288 774/795/288 790/796/288 789/794/288
f 774/795/288 744/765/288 776/768/288 790/796/288
f 791/797/288 792/798/288 806/799/288 805/800/288 804/801/288 803/802/288 802/803/288 801/804/288 800/805/288 799/806/288 798/807/288 797/808/288 796/809/288 795/810/288 794/811/288 793/812/288
f 772/813/289 770/814/289 804/815/289 805/816/289
f 758/779/290 756/777/290 797/808/290 798/807/290
f 774/795/291 772/793/291 805/800/291 806/799/291
f 760/817/292 758/818/292 798/819/292 799/820/292
f 746/821/293 744/822/293 792/823/293 791/824/293
f 744/765/294 774/795/294 806/799/294 792/798/294
f 762/825/295 760/817/295 799/820/295 800/826/295
f 748/827/296 746/821/296 791/824/296 793/828/296
f 764/829/297 762/825/297 800/826/297 801/830/297
f 750/831/298 748/827/298 793/828/298 794/832/298
f 766/787/299 764/785/299 801/804/299 802/803/299
f 752/833/300 750/834/300 794/835/300 795/836/300
f 768/837/301 766/838/301 802/839/301 803/840/301
f 754/742/302 752/833/302 795/836/302 796/743/302
f 770/814/303 768/837/303 803/840/303 804/815/303
f 807/705/270 809/708/270 839/707/270 840/706/270
f 809/708/271 811/710/271 841/709/271 839/707/271
f 811/711/272 813/714/272 842/713/272 841/712/272
f 813/714/273 815/716/273 843/715/273 842/713/273
f 815/716/274 817/718/274 844/717/274 843/715/274
f 817/718/275 819/720/275 845/719/275 844/717/275
f 819/720/276 821/722/276 846/721/276 845/719/276
f 821/723/277 823/726/277 847/725/277 846/724/277
f 823/726/278 825/728/278 848/727/278 847/725/278
f 825/728/279 827/730/279 849/729/279 848/727/279
f 827/730/280 829/732/280 850/731/280 849/729/280
f 829/733/281 831/736/281 851/735/281 850/734/281
f 831/736/282 833/738/282 852/737/282 851/735/282
f 833/738/283 835/740/283 853/739/283 852/737/283
f 820/741/304 861/744/304 860/743/304 818/742/304
f 835/745/285 837/748/285 854/747/285 853/746/285
f 837/748/286 807/705/286 840/706/286 854/747/286
f 807/749/288 837/764/288 835/763/288 833/762/288 831/761/288 829/760/288 827/759/288 825/758/288 823/757/288 821/756/288 819/755/288 817/754/288 815/753/288 813/752/288 811/751/288 809/750/288
f 808/765/287 840/768/287 839/767/287 810/766/287
f 810/766/287 839/767/287 841/770/287 812/769/287
f 812/769/287 841/770/287 842/772/287 814/771/287
f 814/771/287 842/772/287 843/774/287 816/773/287
f 816/773/287 843/774/287 844/776/287 818/775/287
f 818/775/287 844/776/287 845/778/287 820/777/287
f 820/777/287 845/778/287 846/780/287 822/779/287
f 822/779/287 846/780/287 847/782/287 824/781/287
f 824/781/287 847/782/287 848/784/287 826/783/287
f 826/783/287 848/784/287 849/786/287 828/785/287
f 828/785/287 849/786/287 850/788/287 830/787/287
f 830/787/287 850/788/287 851/790/287 832/789/287
f 832/789/287 851/790/287 852/792/287 834/791/287
f 834/791/287 852/792/287 853/794/287 836/793/287
f 836/793/287 853/794/287 854/796/287 838/795/287
f 838/795/287 854/796/287 840/768/287 808/765/287
f 855/797/287 857/812/287 858/811/287 859/810/287 860/809/287 861/808/287 862/807/287 863/806/287 864/805/287 865/804/287 866/803/287 867/802/287 868/801/287 869/800/287 870/799/287 856/798/287
f 836/813/305 869/816/305 868/815/305 834/814/305
f 822/779/306 862/807/306 861/808/306 820/777/306
f 838/795/307 870/799/307 869/800/307 836/793/307
f 824/817/308 863/820/308 862/819/308 822/818/308
f 810/821/309 855/824/309 856/823/309 808/822/309
f 808/765/310 856/798/310 870/799/310 838/795/310
f 826/825/311 864/826/311 863/820/311 824/817/311
f 812/827/312 857/828/312 855/824/312 810/821/312
f 828/829/313 865/830/313 864/826/313 826/825/313
f 814/831/314 858/832/314 857/828/314 812/827/314
f 830/787/315 866/803/315 865/804/315 828/785/315
f 816/833/316 859/836/316 858/835/316 814/834/316
f 832/837/317 867/840/317 866/839/317 830/838/317
f 818/742/318 860/743/318 859/836/318 816/833/318
f 834/814/319 868/815/319 867/840/319 832/837/319
o Cylinder.017
v 1.633936 2.647675 -2.653270
v 3.376749 2.647675 -2.457731
v 1.633936 2.474217 -2.618768
v 3.376749 2.549047 -2.438112
v 1.633936 2.327167 -2.520511
v 3.376749 2.465434 -2.382243
v 1.633936 2.228911 -2.373462
v 3.376749 2.409566 -2.298631
v 1.633936 2.194408 -2.200004
v 3.376749 2.389948 -2.200004
v 1.633936 2.228911 -2.026546
v 3.376749 2.409566 -2.101377
v 1.633936 2.327168 -1.879497
v 3.376749 2.465435 -2.017764
v 1.633936 2.474217 -1.781242
v 3.376749 2.549047 -1.961896
v 1.633936 2.647675 -1.746738
v 3.376749 2.647676 -1.942277
v 1.633936 2.821132 -1.781242
v 3.376749 2.746302 -1.961896
v 1.633936 2.968182 -1.879497
v 3.376749 2.829916 -2.017764
v 1.633936 3.066438 -2.026546
v 3.376749 2.885783 -2.101377
v 1.633936 3.100941 -2.200004
v 3.376749 2.905401 -2.200004
v 1.633936 3.066438 -2.373462
v 3.376749 2.885783 -2.298631
v 1.633936 2.968182 -2.520511
v 3.376749 2.829915 -2.382243
v 1.633936 2.821132 -2.618768
v 3.376749 2.746302 -2.438112
v 3.376749 2.474217 -2.618768
v 3.376749 2.647675 -2.653270
v 3.376749 2.327167 -2.520511
v 3.376749 2.228911 -2.373462
v 3.376749 2.194409 -2.200004
v 3.376749 2.228911 -2.026546
v 3.376749 2.327168 -1.879497
v 3.376749 2.474217 -1.781242
v 3.376749 2.647676 -1.746738
v 3.376749 2.821132 -1.781242
v 3.376749 2.968182 -1.879497
v 3.376749 3.066438 -2.026546
v 3.376749 3.100941 -2.200004
v 3.376749 3.066438 -2.373462
v 3.376749 2.968182 -2.520511
v 3.376749 2.821132 -2.618768
v 3.286745 2.582223 -2.358018
v 3.286745 2.647675 -2.371038
v 3.286745 2.526735 -2.320943
v 3.286745 2.489661 -2.265457
v 3.286745 2.476641 -2.200004
v 3.286745 2.489661 -2.134551
v 3.286745 2.526736 -2.079065
v 3.286745 2.582223 -2.041990
v 3.286745 2.647676 -2.028970
v 3.286745 2.713126 -2.041990
v 3.286745 2.768615 -2.079065
v 3.286745 2.805689 -2.134551
v 3.286745 2.818708 -2.200004
v 3.286745 2.805689 -2.265457
v 3.286745 2.768614 -2.320943
v 3.286745 2.713126 -2.358018
v -1.414236 2.647674 -2.653270
v -3.157041 2.647674 -2.457731
v -1.414236 2.474217 -2.618768
v -3.157041 2.549046 -2.438112
v -1.414236 2.327166 -2.520511
v -3.157041 2.465434 -2.382243
v -1.414236 2.228911 -2.373462
v -3.157041 2.409566 -2.298631
v -1.414236 2.194408 -2.200004
v -3.157041 2.389947 -2.200004
v -1.414236 2.228911 -2.026546
v -3.157041 2.409566 -2.101377
v -1.414236 2.327167 -1.879497
v -3.157041 2.465435 -2.017764
v -1.414236 2.474217 -1.781242
v -3.157041 2.549047 -1.961896
v -1.414236 2.647675 -1.746738
v -3.157041 2.647675 -1.942277
v -1.414236 2.821131 -1.781242
v -3.157041 2.746302 -1.961896
v -1.414236 2.968181 -1.879497
v -3.157041 2.829914 -2.017764
v -1.414236 3.066437 -2.026546
v -3.157041 2.885782 -2.101377
v -1.414236 3.100940 -2.200004
v -3.157041 2.905401 -2.200004
v -1.414236 3.066437 -2.373462
v -3.157041 2.885782 -2.298631
v -1.414236 2.968181 -2.520511
v -3.157041 2.829914 -2.382243
v -1.414236 2.821131 -2.618768
v -3.157041 2.746301 -2.438112
v -3.157041 2.474217 -2.618768
v -3.157041 2.647674 -2.653270
v -3.157041 2.327167 -2.520511
v -3.157041 2.228911 -2.373462
v -3.157041 2.194408 -2.200004
v -3.157041 2.228911 -2.026546
v -3.157041 2.327168 -1.879497
v -3.157041 2.474217 -1.781242
v -3.157041 2.647675 -1.746738
v -3.157041 2.821131 -1.781242
v -3.157041 2.968181 -1.879497
v -3.157041 3.066437 -2.026546
v -3.157041 3.100940 -2.200004
v -3.157041 3.066437 -2.373462
v -3.157041 2.968181 -2.520511
v -3.157041 2.821131 -2.618768
v -3.067045 2.582222 -2.358018
v -3.067045 2.647674 -2.371038
v -3.067045 2.526735 -2.320943
v -3.067045 2.489659 -2.265457
v -3.067045 2.476640 -2.200004
v -3.067045 2.489659 -2.134551
v -3.067045 2.526736 -2.079065
v -3.067045 2.582222 -2.041990
v -3.067045 2.647675 -2.028970
v -3.067045 2.713126 -2.041990
v -3.067045 2.768613 -2.079065
v -3.067045 2.805689 -2.134551
v -3.067045 2.818708 -2.200004
v -3.067045 2.805689 -2.265457
v -3.067045 2.768613 -2.320943
v -3.067045 2.713126 -2.358018
vn -0.0000 -0.1951 -0.9808
vn -0.0000 -0.5556 -0.8315
vn -0.0000 -0.8315 -0.5556
vn -0.0000 -0.9808 -0.1951
vn -0.0000 -0.9808 0.1951
vn -0.0000 -0.8315 0.5556
vn -0.0000 -0.5556 0.8315
vn -0.0000 -0.1951 0.9808
vn -0.0000 0.1951 0.9808
vn -0.0000 0.5556 0.8315
vn -0.0000 0.8315 0.5556
vn -0.0000 0.9808 0.1951
vn -0.0000 0.9808 -0.1951
vn -0.0000 0.8315 -0.5556
vn 0.6867 0.6044 -0.4039
vn -0.0000 0.5556 -0.8315
vn -0.0000 0.1951 -0.9808
vn -1.0000 -0.0000 -0.0000
vn 1.0000 -0.0000 -0.0000
vn 0.6867 -0.6044 0.4039
vn 0.6867 0.4039 -0.6044
vn 0.6867 -0.4039 0.6044
vn 0.6867 0.1418 -0.7129
vn 0.6867 0.1418 0.7129
vn 0.6867 -0.1418 0.7129
vn 0.6867 -0.1418 -0.7129
vn 0.6867 0.4039 0.6044
vn 0.6867 -0.4039 -0.6044
vn 0.6867 0.6044 0.4039
vn 0.6867 -0.6044 -0.4039
vn 0.6867 0.7130 0.1418
vn 0.6867 -0.7130 -0.1418
vn 0.6867 0.7130 -0.1418
vn 0.6867 -0.7130 0.1418
vn -0.6868 0.6044 -0.4038
vn -0.6867 -0.6044 0.4038
vn -0.6868 0.4038 -0.6044
vn -0.6868 -0.4038 0.6044
vn -0.6868 0.1418 -0.7129
vn -0.6868 0.1418 0.7129
vn -0.6868 -0.1418 0.7129
vn -0.6869 -0.1415 -0.7129
vn -0.6868 0.4038 0.6044
vn -0.6868 -0.4038 -0.6044
vn -0.6867 0.6044 0.4038
vn -0.6868 -0.6044 -0.4038
vn -0.6868 0.7129 0.1418
vn -0.6868 -0.7129 -0.1418
vn -0.6868 0.7129 -0.1418
vn -0.6868 -0.7129 0.1418
vt 0.716017 0.290217
vt 0.716017 0.287963
vt 0.716229 0.287963
vt 0.716229 0.290217
vt 0.716390 0.287963
vt 0.716390 0.290217
vt 0.671033 0.294057
vt 0.671033 0.291804
vt 0.671244 0.291804
vt 0.671244 0.294057
vt 0.671472 0.291804
vt 0.671472 0.294057
vt 0.671684 0.291804
vt 0.671684 0.294057
vt 0.671845 0.291804
vt 0.671845 0.294057
vt 0.700389 0.289460
vt 0.700389 0.287206
vt 0.700550 0.287206
vt 0.700550 0.289460
vt 0.700762 0.287206
vt 0.700762 0.289460
vt 0.700990 0.287206
vt 0.700990 0.289460
vt 0.701202 0.287206
vt 0.701202 0.289460
vt 0.735529 0.286319
vt 0.735529 0.288572
vt 0.735317 0.288572
vt 0.735317 0.286319
vt 0.735089 0.288572
vt 0.735089 0.286319
vt 0.734877 0.288572
vt 0.734877 0.286319
vt 0.715416 0.290217
vt 0.715416 0.287963
vt 0.715577 0.287963
vt 0.715577 0.290217
vt 0.716283 0.348474
vt 0.716233 0.348594
vt 0.716140 0.348532
vt 0.716173 0.348452
vt 0.715789 0.287963
vt 0.715789 0.290217
vt 0.713032 0.348735
vt 0.712944 0.348524
vt 0.712944 0.348295
vt 0.713032 0.348084
vt 0.713193 0.347922
vt 0.713404 0.347834
vt 0.713633 0.347834
vt 0.713845 0.347922
vt 0.714006 0.348084
vt 0.714094 0.348295
vt 0.714094 0.348524
vt 0.714006 0.348735
vt 0.713845 0.348897
vt 0.713633 0.348984
vt 0.713404 0.348984
vt 0.713193 0.348897
vt 0.715679 0.348594
vt 0.715771 0.348686
vt 0.715631 0.348897
vt 0.715469 0.348735
vt 0.715891 0.348736
vt 0.715842 0.348984
vt 0.716021 0.348736
vt 0.716071 0.348984
vt 0.716141 0.348686
vt 0.716282 0.348897
vt 0.716444 0.348735
vt 0.716531 0.348524
vt 0.716283 0.348344
vt 0.716531 0.348295
vt 0.716233 0.348224
vt 0.716444 0.348084
vt 0.716141 0.348132
vt 0.716282 0.347922
vt 0.716021 0.348082
vt 0.716071 0.347834
vt 0.715891 0.348082
vt 0.715842 0.347834
vt 0.715771 0.348132
vt 0.715631 0.347922
vt 0.715679 0.348224
vt 0.715469 0.348084
vt 0.715629 0.348344
vt 0.715381 0.348295
vt 0.715629 0.348474
vt 0.715381 0.348524
vt 0.715833 0.348593
vt 0.715772 0.348532
vt 0.715739 0.348452
vt 0.715739 0.348366
vt 0.715772 0.348286
vt 0.715833 0.348225
vt 0.715913 0.348192
vt 0.715999 0.348192
vt 0.716079 0.348225
vt 0.716140 0.348286
vt 0.716173 0.348366
vt 0.716079 0.348593
vt 0.715999 0.348626
vt 0.715913 0.348626
vt 0.756043 0.362332
vt 0.756043 0.362202
vt 0.756159 0.362224
vt 0.756159 0.362310
vt 0.756036 0.362202
vt 0.756036 0.362332
vt 0.755920 0.362310
vt 0.755920 0.362224
vt 0.741354 0.354230
vt 0.741354 0.354100
vt 0.741471 0.354122
vt 0.741471 0.354208
vt 0.741231 0.354230
vt 0.741231 0.354100
vt 0.741348 0.354122
vt 0.741348 0.354208
s 0
usemtl Material.001
f 871/841/320 904/842/320 903/843/320 873/844/320
f 873/844/321 903/843/321 905/845/321 875/846/321
f 875/847/322 905/848/322 906/849/322 877/850/322
f 877/850/323 906/849/323 907/851/323 879/852/323
f 879/852/324 907/851/324 908/853/324 881/854/324
f 881/854/325 908/853/325 909/855/325 883/856/325
f 883/857/326 909/858/326 910/859/326 885/860/326
f 885/860/327 910/859/327 911/861/327 887/862/327
f 887/862/328 911/861/328 912/863/328 889/864/328
f 889/864/329 912/863/329 913/865/329 891/866/329
f 891/867/330 913/868/330 914/869/330 893/870/330
f 893/870/331 914/869/331 915/871/331 895/872/331
f 895/872/332 915/871/332 916/873/332 897/874/332
f 897/875/333 916/876/333 917/877/333 899/878/333
f 884/879/334 882/880/334 924/881/334 925/882/334
f 899/878/335 917/877/335 918/883/335 901/884/335
f 901/884/336 918/883/336 904/842/336 871/841/336
f 871/885/337 873/886/337 875/887/337 877/888/337 879/889/337 881/890/337 883/891/337 885/892/337 887/893/337 889/894/337 891/895/337 893/896/337 895/897/337 897/898/337 899/899/337 901/900/337
f 872/901/338 874/902/338 903/903/338 904/904/338
f 874/902/338 876/905/338 905/906/338 903/903/338
f 876/905/338 878/907/338 906/908/338 905/906/338
f 878/907/338 880/909/338 907/910/338 906/908/338
f 880/909/338 882/880/338 908/911/338 907/910/338
f 882/880/338 884/879/338 909/912/338 908/911/338
f 884/879/338 886/913/338 910/914/338 909/912/338
f 886/913/338 888/915/338 911/916/338 910/914/338
f 888/915/338 890/917/338 912/918/338 911/916/338
f 890/917/338 892/919/338 913/920/338 912/918/338
f 892/919/338 894/921/338 914/922/338 913/920/338
f 894/921/338 896/923/338 915/924/338 914/922/338
f 896/923/338 898/925/338 916/926/338 915/924/338
f 898/925/338 900/927/338 917/928/338 916/926/338
f 900/927/338 902/929/338 918/930/338 917/928/338
f 902/929/338 872/901/338 904/904/338 918/930/338
f 919/931/338 920/932/338 934/933/338 933/934/338 932/935/338 931/936/338 930/937/338 929/938/338 928/939/338 927/940/338 926/941/338 925/882/338 924/881/338 923/942/338 922/943/338 921/944/338
f 900/927/339 898/925/339 932/935/339 933/934/339
f 886/913/340 884/879/340 925/882/340 926/941/340
f 902/929/341 900/927/341 933/934/341 934/933/341
f 888/945/342 886/946/342 926/947/342 927/948/342
f 874/949/343 872/950/343 920/951/343 919/952/343
f 872/901/344 902/929/344 934/933/344 920/932/344
f 890/917/345 888/915/345 927/940/345 928/939/345
f 876/905/346 874/902/346 919/931/346 921/944/346
f 892/919/347 890/917/347 928/939/347 929/938/347
f 878/907/348 876/905/348 921/944/348 922/943/348
f 894/921/349 892/919/349 929/938/349 930/937/349
f 880/953/350 878/954/350 922/955/350 923/956/350
f 896/957/351 894/958/351 930/959/351 931/960/351
f 882/880/352 880/909/352 923/942/352 924/881/352
f 898/925/353 896/923/353 931/936/353 932/935/353
f 935/841/320 937/844/320 967/843/320 968/842/320
f 937/844/321 939/846/321 969/845/321 967/843/321
f 939/847/322 941/850/322 970/849/322 969/848/322
f 941/850/323 943/852/323 971/851/323 970/849/323
f 943/852/324 945/854/324 972/853/324 971/851/324
f 945/854/325 947/856/325 973/855/325 972/853/325
f 947/857/326 949/860/326 974/859/326 973/858/326
f 949/860/327 951/862/327 975/861/327 974/859/327
f 951/862/328 953/864/328 976/863/328 975/861/328
f 953/864/329 955/866/329 977/865/329 976/863/329
f 955/867/330 957/870/330 978/869/330 977/868/330
f 957/870/331 959/872/331 979/871/331 978/869/331
f 959/872/332 961/874/332 980/873/332 979/871/332
f 961/875/333 963/878/333 981/877/333 980/876/333
f 948/879/354 989/882/354 988/881/354 946/880/354
f 963/878/335 965/884/335 982/883/335 981/877/335
f 965/884/336 935/841/336 968/842/336 982/883/336
f 935/885/338 965/900/338 963/899/338 961/898/338 959/897/338 957/896/338 955/895/338 953/894/338 951/893/338 949/892/338 947/891/338 945/890/338 943/889/338 941/888/338 939/887/338 937/886/338
f 936/901/337 968/904/337 967/903/337 938/902/337
f 938/902/337 967/903/337 969/906/337 940/905/337
f 940/905/337 969/906/337 970/908/337 942/907/337
f 942/907/337 970/908/337 971/910/337 944/909/337
f 944/909/337 971/910/337 972/911/337 946/880/337
f 946/880/337 972/911/337 973/912/337 948/879/337
f 948/879/337 973/912/337 974/914/337 950/913/337
f 950/913/337 974/914/337 975/916/337 952/915/337
f 952/915/337 975/916/337 976/918/337 954/917/337
f 954/917/337 976/918/337 977/920/337 956/919/337
f 956/919/337 977/920/337 978/922/337 958/921/337
f 958/921/337 978/922/337 979/924/337 960/923/337
f 960/923/337 979/924/337 980/926/337 962/925/337
f 962/925/337 980/926/337 981/928/337 964/927/337
f 964/927/337 981/928/337 982/930/337 966/929/337
f 966/929/337 982/930/337 968/904/337 936/901/337
f 983/931/337 985/944/337 986/943/337 987/942/337 988/881/337 989/882/337 990/941/337 991/940/337 992/939/337 993/938/337 994/937/337 995/936/337 996/935/337 997/934/337 998/933/337 984/932/337
f 964/927/355 997/934/355 996/935/355 962/925/355
f 950/913/356 990/941/356 989/882/356 948/879/356
f 966/929/357 998/933/357 997/934/357 964/927/357
f 952/945/358 991/948/358 990/947/358 950/946/358
f 938/949/359 983/952/359 984/951/359 936/950/359
f 936/901/360 984/932/360 998/933/360 966/929/360
f 954/917/361 992/939/361 991/940/361 952/915/361
f 940/905/362 985/944/362 983/931/362 938/902/362
f 956/919/363 993/938/363 992/939/363 954/917/363
f 942/907/364 986/943/364 985/944/364 940/905/364
f 958/921/365 994/937/365 993/938/365 956/919/365
f 944/953/366 987/956/366 986/955/366 942/954/366
f 960/957/367 995/960/367 994/959/367 958/958/367
f 946/880/368 988/881/368 987/942/368 944/909/368
f 962/925/369 996/935/369 995/936/369 960/923/369
o Sphere
v 0.610911 6.554013 -1.230497
v 1.163218 6.241938 -1.584560
v 1.350603 6.019456 -1.773174
v 1.547289 5.668072 -1.972724
v 1.637713 5.420044 -2.064771
v 1.724421 4.851974 -2.344005
v 1.142931 4.396352 -1.762519
v 0.820566 6.554013 -0.724335
v 1.461474 6.241938 -0.864518
v 1.727343 6.019456 -0.863645
v 2.007525 5.668073 -0.861617
v 2.136553 5.420044 -0.860475
v 2.395304 4.851974 -0.724334
v 1.572962 4.396354 -0.724334
v 0.610911 6.554013 -0.218171
v 1.022219 6.338197 0.193136
v 1.272463 6.047755 0.443384
v 1.477839 5.693851 0.648757
v 1.630442 5.290085 0.801364
v 1.724421 4.851974 0.895336
v 1.142931 4.396354 0.313851
v 0.104746 6.554013 -0.008512
v 0.104746 6.338197 0.573165
v 0.104746 6.047755 0.927068
v 0.104746 5.693851 1.217509
v 0.104746 5.290086 1.433326
v 0.104746 4.851974 1.566228
v 0.104746 4.396354 0.743882
v -0.401418 6.554013 -0.218171
v -0.812727 6.338197 0.193136
v -1.062971 6.047755 0.443384
v -1.268347 5.693851 0.648757
v -1.420950 5.290085 0.801364
v -1.514929 4.851974 0.895336
v -0.933439 4.396354 0.313851
v -0.611074 6.554013 -0.724335
v -1.192755 6.338196 -0.724335
v -1.546659 6.047754 -0.724334
v -1.837095 5.693851 -0.724334
v -2.052915 5.290085 -0.724334
v -2.185812 4.851974 -0.724334
v -1.363470 4.396354 -0.724334
v -0.401418 6.554013 -1.230497
v -0.812727 6.338196 -1.641805
v -1.062971 6.047754 -1.892051
v -1.268347 5.693851 -2.097425
v -1.420950 5.290085 -2.250030
v -1.514929 4.851974 -2.344005
v -0.933439 4.396352 -1.762519
v 0.104746 6.554013 -1.440154
v 0.104746 6.338196 -2.021833
v 0.104746 6.047753 -2.375736
v 0.104746 5.693851 -2.666178
v 0.104746 5.290084 -2.881996
v 0.104746 4.851974 -3.014894
v 0.104746 4.396352 -2.192550
v 1.998102 4.396354 -0.724334
v 1.443552 4.396352 -2.063140
v 1.443552 4.396354 0.614474
v 0.104746 4.396354 1.169026
v -1.234060 4.396354 0.614474
v -1.788610 4.396354 -0.724334
v -1.234060 4.396352 -2.063140
v 0.104746 4.396352 -2.617692
v 1.229670 3.979766 -0.724334
v 0.900187 3.979766 -1.519775
v 0.900187 3.979766 0.071107
v 0.104746 3.979766 0.400590
v -0.690695 3.979766 0.071107
v -1.020178 3.979766 -0.724334
v -0.690695 3.979766 -1.519775
v 0.104746 3.979766 -1.849258
v 1.572962 3.979766 -0.724334
v 1.142931 3.979766 -1.762519
v 1.142931 3.979766 0.313851
v 0.104746 3.979766 0.743882
v -0.933439 3.979766 0.313851
v -1.363470 3.979766 -0.724334
v -0.933439 3.979766 -1.762519
v 0.104746 3.979766 -2.192550
v 1.229670 3.806955 -0.724334
v 0.900187 3.806955 -1.519775
v 0.900187 3.806955 0.071107
v 0.104746 3.806955 0.400590
v -0.690695 3.806955 0.071107
v -1.020178 3.806955 -0.724334
v -0.690695 3.806955 -1.519775
v 0.104746 3.806955 -1.849258
v 2.411776 4.684753 -0.724334
v 2.126726 4.396354 -0.724334
v 1.534502 4.396352 -2.154092
v 1.736063 4.684753 -2.355651
v 1.736063 4.684753 0.906983
v 1.534502 4.396354 0.705424
v 0.104746 4.684753 1.582698
v 0.104746 4.396354 1.297650
v -1.526571 4.684753 0.906983
v -1.325010 4.396354 0.705424
v -2.202284 4.684753 -0.724334
v -1.917234 4.396354 -0.724334
v -1.526571 4.684753 -2.355651
v -1.325010 4.396352 -2.154092
v 0.104746 4.684753 -3.031364
v 0.104746 4.396352 -2.746318
v 0.998476 6.554013 -0.724335
v 0.736712 6.554013 -1.356299
v 0.736712 6.554013 -0.092368
v 0.104746 6.554014 0.169399
v -0.527220 6.554013 -0.092368
v -0.788984 6.554013 -0.724335
v -0.527220 6.554013 -1.356299
v 0.104746 6.554013 -1.618066
v 0.820566 6.676978 -0.724335
v 0.610911 6.676978 -1.230497
v 0.610911 6.676978 -0.218171
v 0.104746 6.676978 -0.008512
v -0.401418 6.676978 -0.218171
v -0.611074 6.676978 -0.724335
v -0.401418 6.676978 -1.230497
v 0.104746 6.676978 -1.440154
v 0.905466 6.676978 -0.724335
v 0.670939 6.676978 -1.290530
v 0.670939 6.676978 -0.158141
v 0.104746 6.676978 0.076386
v -0.461447 6.676978 -0.158141
v -0.695974 6.676978 -0.724335
v -0.461447 6.676978 -1.290530
v 0.104746 6.676978 -1.525055
v 0.711474 6.888743 -0.724335
v 0.533770 6.888743 -1.153356
v 0.533770 6.888743 -0.295312
v 0.104746 6.888743 -0.117606
v -0.324278 6.888743 -0.295312
v -0.501981 6.888743 -0.724335
v -0.324278 6.888743 -1.153356
v 0.104746 6.888743 -1.331062
v 0.905466 6.888743 -0.724335
v 0.670939 6.888743 -1.290530
v 0.670939 6.888743 -0.158141
v 0.104746 6.888743 0.076386
v -0.461447 6.888743 -0.158141
v -0.695974 6.888743 -0.724335
v -0.461447 6.888743 -1.290530
v 0.104746 6.888743 -1.525055
v 0.711474 6.749638 -0.724335
v 0.533770 6.749637 -1.153356
v 0.533770 6.749638 -0.295312
v 0.104746 6.749638 -0.117606
v -0.324278 6.749638 -0.295312
v -0.501981 6.749638 -0.724335
v -0.324278 6.749637 -1.153356
v 0.104746 6.749637 -1.331062
v 1.022219 6.338196 -1.641805
v 1.272463 6.047754 -1.892051
v 1.477839 5.693851 -2.097425
v 1.630442 5.290085 -2.250030
v 1.402247 6.338196 -0.724335
v 1.756151 6.047754 -0.724334
v 2.046587 5.693851 -0.724334
v 2.262408 5.290085 -0.724334
v 1.894434 5.577309 -0.814775
v 1.505770 5.550381 -1.796618
v 1.318079 5.899055 -1.603082
v 1.614252 5.928693 -0.816803
v 1.195177 6.050345 -1.478042
v 1.533671 5.464646 -1.826721
v 1.408755 6.050345 -0.962436
v 1.894648 5.464646 -0.955230
v 1.050135 6.151175 -1.537717
v 1.237513 5.928693 -1.726331
v 1.434199 5.577309 -1.925884
v 1.524630 5.329280 -2.017928
v 1.348383 6.151175 -0.817674
v 1.584070 5.899055 -0.960920
v 1.853640 5.550381 -0.956788
v 2.023463 5.329280 -0.813634
v 1.932299 5.610538 -0.989370
v 1.584429 5.610538 -1.829198
v 1.396738 5.959211 -1.635665
v 1.662730 5.959211 -0.993501
v 1.273844 6.110501 -1.510623
v 1.612330 5.524803 -1.859302
v 1.487414 6.110501 -0.995019
v 1.973315 5.524803 -0.987813
v 0.046923 6.376785 0.074939
v 0.046923 6.759135 1.877910
v 0.698542 6.112747 0.130933
v 0.698542 6.495096 1.933904
v 0.968455 5.475299 0.266115
v 0.968455 5.857648 2.069087
v 0.698542 4.837853 0.401296
v 0.698542 5.220202 2.204268
v 0.046923 4.573814 0.457289
v 0.046923 4.956163 2.260259
v -0.604696 4.837853 0.401296
v -0.604696 5.220203 2.204268
v -0.874609 5.475299 0.266115
v -0.874609 5.857649 2.069087
v -0.604696 6.112747 0.130933
v -0.604696 6.495096 1.933904
v 0.853052 6.646243 1.901851
v 0.046923 6.972888 1.832581
v 1.186960 5.857648 2.069087
v 0.853052 5.069057 2.236321
v 0.046923 4.742411 2.305589
v -0.759207 5.069057 2.236321
v -1.093115 5.857649 2.069087
v -0.759207 6.646243 1.901851
v 0.668497 6.584917 2.502301
v 0.046923 6.836781 2.448889
v 0.925959 5.976864 2.631247
v 0.668497 5.368813 2.760195
v 0.046923 5.116950 2.813607
v -0.574651 5.368813 2.760195
v -0.832113 5.976864 2.631247
v -0.574651 6.584917 2.502301
v 0.853052 6.765458 2.464015
v 0.046923 7.092104 2.394744
v 1.186960 5.976864 2.631247
v 0.853052 5.188272 2.798482
v 0.046923 4.861626 2.867753
v -0.759207 5.188272 2.798482
v -1.093115 5.976864 2.631247
v -0.759207 6.765458 2.464015
v 0.668497 6.529184 2.239496
v 0.046923 6.781048 2.186085
v 0.925959 5.921133 2.368443
v 0.668497 5.313081 2.497391
v 0.046923 5.061218 2.550802
v -0.574651 5.313081 2.497391
v -0.832113 5.921133 2.368443
v -0.574651 6.529184 2.239496
vn -0.0000 0.3745 -0.9272
vn -0.0000 0.5447 -0.8386
vn 0.5880 0.5478 -0.5951
vn 0.6551 0.3740 -0.6565
vn -0.0000 0.1907 -0.9817
vn 0.6941 0.1907 -0.6941
vn -0.0000 -1.0000 -0.0000
vn -0.0000 0.8203 -0.5719
vn -0.0000 0.9545 -0.2982
vn 0.2109 0.9545 -0.2109
vn 0.4059 0.8199 -0.4037
vn -0.0000 0.6952 -0.7188
vn 0.5047 0.6992 -0.5064
vn -0.2197 -0.2171 -0.9511
vn -0.2553 -0.1729 -0.9513
vn -0.2576 -0.1699 -0.9512
vn -0.2175 -0.2198 -0.9510
vn -0.5503 0.8033 0.2279
vn 0.9274 0.3740 0.0010
vn 0.9817 0.1907 -0.0000
vn 0.2982 0.9545 -0.0000
vn 0.5724 0.8199 -0.0016
vn 0.4921 -0.1729 0.8532
vn 0.5171 -0.2171 0.8279
vn 0.5186 -0.2198 0.8263
vn 0.4904 -0.1700 0.8547
vn 0.2109 0.9545 0.2109
vn 0.4044 0.8203 0.4044
vn 0.7150 0.6992 0.0012
vn 0.5083 0.6952 0.5083
vn 0.8366 0.5478 0.0051
vn 0.5930 0.5447 0.5930
vn 0.6557 0.3745 0.6557
vn 0.6941 0.1907 0.6941
vn 0.7037 0.0980 -0.7037
vn 0.9952 0.0980 -0.0000
vn -0.0000 0.5447 0.8386
vn -0.0000 0.3745 0.9272
vn -0.0000 0.1907 0.9817
vn -0.0000 0.9545 0.2982
vn -0.0000 0.8203 0.5719
vn -0.0000 0.6952 0.7188
vn 0.7071 -0.0000 -0.7071
vn -0.0000 -0.0000 -1.0000
vn -0.2109 0.9545 0.2109
vn -0.4044 0.8203 0.4044
vn -0.5083 0.6952 0.5083
vn -0.5930 0.5447 0.5930
vn -0.6557 0.3745 0.6557
vn -0.6941 0.1907 0.6941
vn -0.8386 0.5447 -0.0000
vn -0.9272 0.3745 -0.0000
vn -0.9817 0.1907 -0.0000
vn -0.2982 0.9545 -0.0000
vn -0.5719 0.8203 -0.0000
vn -0.7188 0.6952 -0.0000
vn -0.2109 0.9545 -0.2109
vn -0.4044 0.8203 -0.4044
vn -0.5083 0.6952 -0.5083
vn -0.5930 0.5447 -0.5930
vn -0.6557 0.3745 -0.6557
vn -0.6941 0.1907 -0.6941
vn -1.0000 -0.0000 -0.0000
vn -0.7071 -0.0000 -0.7071
vn -0.0000 0.0980 -0.9952
vn -0.0000 0.0980 0.9952
vn -0.7037 0.0980 0.7037
vn -0.9952 0.0980 -0.0000
vn -0.7037 0.0980 -0.7037
vn 0.7037 0.0980 0.7037
vn -0.0000 -0.0000 1.0000
vn -0.7071 -0.0000 0.7071
vn 1.0000 -0.0000 -0.0000
vn 0.7071 -0.0000 0.7071
vn 0.7112 -0.7030 -0.0000
vn 0.5029 -0.7030 -0.5029
vn 0.5029 -0.7030 0.5029
vn -0.0000 -0.7030 0.7112
vn -0.5029 -0.7030 0.5029
vn -0.7112 -0.7030 -0.0000
vn -0.5029 -0.7030 -0.5029
vn -0.0000 -0.7030 -0.7112
vn -0.0000 1.0000 -0.0000
vn 0.6177 0.7453 -0.2512
vn 0.6823 0.6746 -0.2820
vn 0.7846 0.5223 -0.3342
vn 0.8271 0.4415 -0.3478
vn 0.6818 0.6746 -0.2830
vn 0.6144 0.7453 -0.2591
vn 0.7911 0.5223 -0.3184
vn 0.8308 0.4415 -0.3390
vn -0.5331 0.8167 0.2208
vn -0.5141 0.2237 -0.8281
vn -0.5256 0.2462 -0.8144
vn -0.5125 0.2207 -0.8298
vn -0.4742 0.1503 -0.8675
vn -0.4869 0.1729 -0.8562
vn -0.4886 0.1760 -0.8546
vn 0.4772 -0.1475 0.8663
vn 0.5306 -0.2418 0.8124
vn 0.5503 -0.8033 -0.2279
vn -0.2751 -0.1475 -0.9500
vn -0.1993 -0.2418 -0.9496
vn 0.6252 0.7377 -0.2549
vn 0.6905 0.6643 -0.2863
vn 0.6907 0.6640 -0.2864
vn 0.7926 0.5083 -0.3368
vn 0.7927 0.5081 -0.3368
vn 0.8334 0.4284 -0.3493
vn 0.6907 0.6643 -0.2858
vn 0.6223 0.7377 -0.2619
vn 0.6909 0.6640 -0.2859
vn 0.7986 0.5083 -0.3223
vn 0.7987 0.5081 -0.3224
vn 0.8363 0.4284 -0.3423
vn 0.8110 0.4789 -0.3359
vn 0.7068 0.6440 -0.2928
vn 0.8472 0.3989 -0.3509
vn 0.6318 0.7296 -0.2617
vn 0.2612 0.1729 0.9497
vn 0.2781 0.1502 0.9487
vn 0.2588 0.1759 0.9498
vn 0.2042 0.2461 0.9475
vn 0.2220 0.2237 0.9490
vn 0.2244 0.2207 0.9492
vn 0.5331 -0.8167 -0.2208
vn -0.0000 0.9782 -0.2075
vn 0.7071 0.6917 -0.1467
vn 0.7071 -0.6917 0.1467
vn -0.0000 -0.9782 0.2075
vn -0.7071 -0.6917 0.1467
vn -0.0000 -0.2075 -0.9782
vn -0.7071 0.6917 -0.1467
vn -0.0000 0.2075 0.9782
vt 0.881000 0.697368
vt 0.881465 0.697510
vt 0.881295 0.699181
vt 0.880811 0.699226
vt 0.880501 0.697260
vt 0.880300 0.699232
vt 0.879315 0.711536
vt 0.879315 0.709898
vt 0.879450 0.709842
vt 0.879450 0.711592
vt 0.897084 0.689132
vt 0.897506 0.689307
vt 0.897506 0.690080
vt 0.897084 0.690255
vt 0.896714 0.688979
vt 0.896714 0.690408
vt 0.881879 0.697678
vt 0.881734 0.699100
vt 0.881698 0.700021
vt 0.881263 0.700272
vt 0.881181 0.700165
vt 0.881616 0.699914
vt 0.879912 0.700699
vt 0.879912 0.699225
vt 0.880050 0.699225
vt 0.880050 0.700699
vt 0.880811 0.700553
vt 0.880300 0.700641
vt 0.876518 0.712695
vt 0.878157 0.712695
vt 0.878212 0.712829
vt 0.876463 0.712829
vt 0.898052 0.690627
vt 0.897878 0.691049
vt 0.904322 0.686798
vt 0.904329 0.687284
vt 0.904157 0.687288
vt 0.904150 0.686801
vt 0.898826 0.690627
vt 0.899001 0.691049
vt 0.897725 0.691419
vt 0.899154 0.691419
vt 0.897599 0.691722
vt 0.899279 0.691722
vt 0.887572 0.684548
vt 0.888034 0.684773
vt 0.887963 0.685962
vt 0.887494 0.685869
vt 0.887075 0.684409
vt 0.886991 0.685812
vt 0.880111 0.699220
vt 0.880111 0.700639
vt 0.887963 0.687643
vt 0.887494 0.687736
vt 0.886991 0.687794
vt 0.875360 0.711536
vt 0.875225 0.711592
vt 0.899373 0.690080
vt 0.899794 0.690255
vt 0.900164 0.690408
vt 0.888380 0.686088
vt 0.888380 0.687517
vt 0.855396 0.687734
vt 0.855396 0.688353
vt 0.855258 0.688353
vt 0.855258 0.687734
vt 0.899373 0.689307
vt 0.899794 0.689132
vt 0.900164 0.688979
vt 0.900468 0.690534
vt 0.900468 0.688853
vt 0.888034 0.688830
vt 0.887572 0.689055
vt 0.887075 0.689194
vt 0.875360 0.709898
vt 0.875225 0.709842
vt 0.836478 0.724864
vt 0.836014 0.724639
vt 0.836135 0.723451
vt 0.836612 0.723544
vt 0.836976 0.725003
vt 0.837119 0.723602
vt 0.876518 0.708739
vt 0.876463 0.708605
vt 0.898826 0.688760
vt 0.899001 0.688338
vt 0.899154 0.687969
vt 0.835603 0.724335
vt 0.835706 0.723325
vt 0.898052 0.688760
vt 0.897878 0.688338
vt 0.897725 0.687969
vt 0.835706 0.721896
vt 0.836135 0.721770
vt 0.836612 0.721677
vt 0.837119 0.721619
vt 0.878157 0.708739
vt 0.878212 0.708605
vt 0.836478 0.720357
vt 0.836976 0.720218
vt 0.835603 0.720885
vt 0.836014 0.720582
vt 0.897054 0.662640
vt 0.897054 0.663911
vt 0.896585 0.663911
vt 0.896585 0.662640
vt 0.880313 0.697234
vt 0.886802 0.687801
vt 0.886885 0.689211
vt 0.837165 0.725020
vt 0.837309 0.723609
vt 0.837309 0.721612
vt 0.837165 0.720201
vt 0.886802 0.685805
vt 0.877973 0.712251
vt 0.878871 0.711352
vt 0.876702 0.712251
vt 0.875804 0.711352
vt 0.875804 0.710082
vt 0.876702 0.709183
vt 0.877973 0.709183
vt 0.878871 0.710082
vt 0.886555 0.705377
vt 0.886625 0.706065
vt 0.886430 0.706065
vt 0.886360 0.705377
vt 0.887728 0.678272
vt 0.887674 0.677375
vt 0.888145 0.677375
vt 0.888198 0.678273
vt 0.887674 0.680442
vt 0.887728 0.679543
vt 0.888198 0.679543
vt 0.888145 0.680442
vt 0.897146 0.664809
vt 0.896677 0.664809
vt 0.897146 0.661742
vt 0.896677 0.661742
vt 0.826272 0.661512
vt 0.826219 0.660610
vt 0.826687 0.660630
vt 0.826740 0.661532
vt 0.826219 0.662781
vt 0.826687 0.662801
vt 0.850505 0.707133
vt 0.849531 0.707133
vt 0.849383 0.706775
vt 0.850653 0.706775
vt 0.851193 0.707822
vt 0.851551 0.707673
vt 0.851193 0.708795
vt 0.851551 0.708944
vt 0.850505 0.709484
vt 0.850653 0.709842
vt 0.849531 0.709484
vt 0.849383 0.709842
vt 0.848843 0.708795
vt 0.848484 0.708944
vt 0.848843 0.707822
vt 0.848484 0.707673
vt 0.898848 0.669350
vt 0.899821 0.669350
vt 0.900510 0.670038
vt 0.900510 0.671011
vt 0.899821 0.671700
vt 0.898848 0.671700
vt 0.898159 0.671011
vt 0.898159 0.670038
vt 0.886625 0.703715
vt 0.886555 0.704403
vt 0.886360 0.704403
vt 0.886430 0.703715
vt 0.882433 0.702972
vt 0.882433 0.701998
vt 0.882628 0.701998
vt 0.882628 0.702972
vt 0.904177 0.696364
vt 0.904136 0.695674
vt 0.904330 0.695682
vt 0.904371 0.696372
vt 0.904136 0.697337
vt 0.904330 0.697345
vt 0.882392 0.701311
vt 0.882587 0.701311
vt 0.882392 0.703661
vt 0.882587 0.703661
vt 0.879747 0.711715
vt 0.878336 0.713127
vt 0.876339 0.713127
vt 0.886494 0.687677
vt 0.886494 0.685928
vt 0.874928 0.711715
vt 0.874928 0.709719
vt 0.876339 0.708307
vt 0.878336 0.708307
vt 0.879747 0.709719
vt 0.886885 0.684392
vt 0.897691 0.690003
vt 0.898129 0.690441
vt 0.898749 0.690441
vt 0.899187 0.690003
vt 0.899187 0.689384
vt 0.898749 0.688946
vt 0.898129 0.688946
vt 0.897691 0.689384
vt 0.859829 0.664689
vt 0.859391 0.665127
vt 0.859302 0.665090
vt 0.859792 0.664600
vt 0.855858 0.676661
vt 0.855884 0.677280
vt 0.855746 0.677285
vt 0.855720 0.676666
vt 0.855745 0.683323
vt 0.855719 0.682885
vt 0.855858 0.682885
vt 0.855884 0.683323
vt 0.855719 0.682266
vt 0.855745 0.681827
vt 0.855884 0.681827
vt 0.855858 0.682266
vt 0.855351 0.688791
vt 0.855213 0.688791
vt 0.855858 0.677719
vt 0.855720 0.677725
vt 0.855351 0.687296
vt 0.855213 0.687296
vt 0.863057 0.701005
vt 0.863007 0.700515
vt 0.863245 0.700515
vt 0.863295 0.701005
vt 0.859391 0.665746
vt 0.859829 0.666184
vt 0.859792 0.666273
vt 0.859302 0.665783
vt 0.860449 0.666184
vt 0.860887 0.665746
vt 0.860975 0.665783
vt 0.860485 0.666273
vt 0.860887 0.665127
vt 0.860975 0.665090
vt 0.860449 0.664689
vt 0.860485 0.664600
vt 0.833247 0.728976
vt 0.833225 0.729348
vt 0.833068 0.729355
vt 0.833090 0.728982
vt 0.863007 0.699822
vt 0.863057 0.699332
vt 0.863295 0.699332
vt 0.863245 0.699822
vt 0.863027 0.698742
vt 0.863027 0.698049
vt 0.863266 0.698049
vt 0.863266 0.698742
vt 0.904298 0.704263
vt 0.904327 0.704754
vt 0.904089 0.704744
vt 0.904060 0.704253
vt 0.904298 0.705447
vt 0.904060 0.705437
vt 0.863056 0.699232
vt 0.863295 0.699232
vt 0.863056 0.697559
vt 0.863295 0.697559
vt 0.838090 0.664787
vt 0.837565 0.664787
vt 0.837481 0.664585
vt 0.838174 0.664585
vt 0.837194 0.665158
vt 0.836992 0.665075
vt 0.837194 0.665684
vt 0.836992 0.665767
vt 0.837565 0.666055
vt 0.837481 0.666257
vt 0.838090 0.666055
vt 0.838174 0.666257
vt 0.838462 0.665684
vt 0.838664 0.665767
vt 0.838462 0.665158
vt 0.838664 0.665075
vt 0.725652 0.358856
vt 0.725652 0.359381
vt 0.725280 0.359752
vt 0.724755 0.359752
vt 0.724384 0.359381
vt 0.724384 0.358856
vt 0.724755 0.358484
vt 0.725280 0.358484
vt 0.838299 0.690354
vt 0.838322 0.690725
vt 0.838165 0.690725
vt 0.838142 0.690354
vt 0.838322 0.691250
vt 0.838299 0.691622
vt 0.838142 0.691622
vt 0.838165 0.691250
vt 0.863505 0.682411
vt 0.863505 0.682936
vt 0.863349 0.682936
vt 0.863349 0.682411
vt 0.833225 0.728451
vt 0.833068 0.728458
vt 0.863468 0.682040
vt 0.863311 0.682040
vt 0.863468 0.683307
vt 0.863311 0.683307
vt 0.897083 0.690427
vt 0.896805 0.690541
vt 0.881698 0.699230
vt 0.881263 0.699305
vt 0.880966 0.699330
vt 0.897592 0.691328
vt 0.897706 0.691050
vt 0.881734 0.700115
vt 0.881295 0.700376
vt 0.880966 0.700378
vt 0.846481 0.743003
vt 0.846481 0.742372
vt 0.846577 0.742372
vt 0.846577 0.743003
vt 0.847028 0.695170
vt 0.846986 0.694928
vt 0.847086 0.694912
vt 0.847128 0.695154
vt 0.846986 0.695746
vt 0.847012 0.695644
vt 0.847112 0.695629
vt 0.847086 0.695730
vt 0.904259 0.686497
vt 0.904087 0.686500
vt 0.904259 0.687647
vt 0.904087 0.687651
vt 0.847128 0.695797
vt 0.847128 0.696678
vt 0.846990 0.696678
vt 0.846990 0.695797
vt 0.880885 0.700271
vt 0.881987 0.699771
vt 0.881905 0.699664
vt 0.702976 0.345885
vt 0.703159 0.345963
vt 0.703128 0.346126
vt 0.702850 0.346010
vt 0.738074 0.302140
vt 0.737644 0.302209
vt 0.737677 0.302081
vt 0.738112 0.302005
vt 0.737542 0.302215
vt 0.737380 0.302105
vt 0.703159 0.345177
vt 0.702976 0.345254
vt 0.702850 0.345129
vt 0.703128 0.345013
vt 0.737644 0.302939
vt 0.738074 0.302698
vt 0.738112 0.302796
vt 0.737677 0.303047
vt 0.737542 0.302973
vt 0.737380 0.303153
vt 0.880094 0.688593
vt 0.880524 0.688524
vt 0.880524 0.689083
vt 0.880094 0.689324
vt 0.879992 0.688599
vt 0.879992 0.689357
vt 0.846759 0.743081
vt 0.846759 0.742295
vt 0.866863 0.675266
vt 0.866838 0.675162
vt 0.866956 0.675159
vt 0.866981 0.675263
vt 0.866838 0.676004
vt 0.866879 0.675754
vt 0.866997 0.675751
vt 0.866956 0.676001
vt 0.862227 0.732075
vt 0.862227 0.731009
vt 0.862323 0.731009
vt 0.862323 0.732075
vt 0.687536 0.290728
vt 0.687536 0.288142
vt 0.688526 0.288142
vt 0.688526 0.290728
vt 0.689226 0.288142
vt 0.689226 0.290728
vt 0.664445 0.336493
vt 0.664445 0.339080
vt 0.663745 0.339080
vt 0.663745 0.336493
vt 0.662755 0.339080
vt 0.662755 0.336493
vt 0.705511 0.290722
vt 0.705511 0.288135
vt 0.706211 0.288135
vt 0.706211 0.290722
vt 0.707200 0.288135
vt 0.707200 0.290722
vt 0.675804 0.335746
vt 0.676794 0.335746
vt 0.676911 0.336029
vt 0.675687 0.336029
vt 0.707900 0.288135
vt 0.707900 0.290722
vt 0.686837 0.290728
vt 0.686837 0.288142
vt 0.667880 0.368685
vt 0.668580 0.369385
vt 0.668580 0.370375
vt 0.667880 0.371075
vt 0.666890 0.371075
vt 0.666190 0.370375
vt 0.666190 0.369385
vt 0.666890 0.368685
vt 0.659139 0.365396
vt 0.659139 0.366262
vt 0.658333 0.366262
vt 0.658333 0.365396
vt 0.675804 0.333357
vt 0.675104 0.334056
vt 0.674821 0.333939
vt 0.675687 0.333073
vt 0.675104 0.335046
vt 0.674821 0.335163
vt 0.676794 0.333357
vt 0.676911 0.333073
vt 0.677494 0.335046
vt 0.677777 0.335163
vt 0.677494 0.334056
vt 0.677777 0.333939
vt 0.686951 0.292431
vt 0.686951 0.293376
vt 0.686574 0.293376
vt 0.686574 0.292431
vt 0.659139 0.367486
vt 0.659139 0.368352
vt 0.658333 0.368352
vt 0.658333 0.367486
vt 0.656340 0.315039
vt 0.656340 0.314173
vt 0.657146 0.314173
vt 0.657146 0.315039
vt 0.658353 0.341337
vt 0.658353 0.340112
vt 0.659159 0.340112
vt 0.659159 0.341337
vt 0.658353 0.339247
vt 0.659159 0.339247
vt 0.656340 0.316264
vt 0.657146 0.316264
vt 0.658353 0.342203
vt 0.659159 0.342203
vt 0.748117 0.298954
vt 0.748785 0.298287
vt 0.749123 0.298427
vt 0.748257 0.299293
vt 0.748785 0.297343
vt 0.749123 0.297203
vt 0.748117 0.296675
vt 0.748257 0.296337
vt 0.747173 0.296675
vt 0.747033 0.296337
vt 0.746505 0.297343
vt 0.746167 0.297203
vt 0.746505 0.298287
vt 0.746167 0.298427
vt 0.747173 0.298954
vt 0.747033 0.299293
vt 0.830275 0.315935
vt 0.829607 0.316602
vt 0.828663 0.316602
vt 0.827996 0.315935
vt 0.827996 0.314991
vt 0.828663 0.314323
vt 0.829607 0.314323
vt 0.830275 0.314991
vt 0.733948 0.330890
vt 0.733948 0.331558
vt 0.733570 0.331558
vt 0.733570 0.330890
vt 0.733948 0.332502
vt 0.733948 0.333169
vt 0.733570 0.333169
vt 0.733570 0.332502
vt 0.655389 0.350538
vt 0.655389 0.351482
vt 0.655012 0.351482
vt 0.655012 0.350538
vt 0.686951 0.294043
vt 0.686574 0.294043
vt 0.655389 0.349870
vt 0.655012 0.349870
vt 0.686951 0.291764
vt 0.686574 0.291764
s 1
usemtl Material.001
f 1052/961/370 1051/962/371 1153/963/372 1154/964/373
f 1053/965/374 1052/961/370 1154/964/373 1004/966/375
f 1056/967/376 1062/968/376 1102/969/376 1089/970/376
f 1049/971/377 1110/972/378 1104/973/379 1151/974/380
f 1050/975/381 1049/971/377 1151/974/380 1152/976/382
f 1051/962/371 1050/977/381 1152/978/382 1153/963/372
f 1008/979/383 1009/980/384 1159/981/385 1162/982/386
f 1010/983/387 1003/984/387 1170/985/387 1174/986/387
f 1004/966/375 1154/964/373 1158/987/388 1011/988/389
f 1057/989/376 1055/990/376 1088/991/376 1092/992/376
f 1151/974/380 1104/973/379 1103/993/390 1155/994/391
f 1002/995/392 1001/996/393 1168/997/394 1169/998/395
f 1155/994/391 1103/993/390 1105/999/396 1014/1000/397
f 1156/1001/398 1155/994/391 1014/1000/397 1015/1002/399
f 1157/1003/400 1156/1001/398 1015/1002/399 1016/1004/401
f 1158/1005/388 1157/1006/400 1016/1007/401 1017/1008/402
f 1011/1009/389 1158/1005/388 1017/1008/402 1018/1010/403
f 1090/1011/404 1004/966/375 1011/988/389 1087/1012/405
f 1017/1008/402 1016/1007/401 1023/1013/406 1024/1014/407
f 1018/1010/403 1017/1008/402 1024/1014/407 1025/1015/408
f 1058/1016/376 1057/989/376 1092/992/376 1094/1017/376
f 1014/1000/397 1105/999/396 1106/1018/409 1021/1019/410
f 1015/1002/399 1014/1000/397 1021/1019/410 1022/1020/411
f 1016/1007/401 1015/1021/399 1022/1022/411 1023/1013/406
f 999/1023/412 1048/1024/413 1118/1025/413 1112/1026/412
f 1021/1019/410 1106/1018/409 1107/1027/414 1028/1028/415
f 1022/1020/411 1021/1019/410 1028/1028/415 1029/1029/416
f 1023/1030/406 1022/1020/411 1029/1029/416 1030/1031/417
f 1024/1014/407 1023/1013/406 1030/1032/417 1031/1033/418
f 1025/1015/408 1024/1014/407 1031/1033/418 1032/1034/419
f 1059/1035/376 1058/1016/376 1094/1017/376 1096/1036/376
f 1031/1037/418 1030/1038/417 1037/1039/420 1038/1040/421
f 1032/1041/419 1031/1037/418 1038/1040/421 1039/1042/422
f 1060/1043/376 1059/1035/376 1096/1036/376 1098/1044/376
f 1028/1028/415 1107/1027/414 1108/1045/423 1035/1046/424
f 1029/1029/416 1028/1028/415 1035/1046/424 1036/1047/425
f 1030/1038/417 1029/1048/416 1036/1049/425 1037/1039/420
f 1035/1046/424 1108/1045/423 1109/1050/426 1042/1051/427
f 1036/1047/425 1035/1046/424 1042/1051/427 1043/1052/428
f 1037/1039/420 1036/1049/425 1043/1053/428 1044/1054/429
f 1038/1040/421 1037/1039/420 1044/1054/429 1045/1055/430
f 1039/1042/422 1038/1040/421 1045/1055/430 1046/1056/431
f 1061/1057/376 1060/1043/376 1098/1044/376 1100/1058/376
f 1046/1056/431 1045/1055/430 1052/1059/370 1053/1060/374
f 1062/968/376 1061/1057/376 1100/1058/376 1102/969/376
f 1042/1051/427 1109/1050/426 1110/972/378 1049/971/377
f 1043/1052/428 1042/1051/427 1049/971/377 1050/975/381
f 1044/1054/429 1043/1053/428 1050/1061/381 1051/1062/371
f 1040/1063/432 1047/1064/433 1077/1065/433 1076/1066/432
f 1045/1055/430 1044/1054/429 1051/1062/371 1052/1059/370
f 1101/1067/434 1053/965/374 1004/966/375 1090/1011/404
f 1055/990/376 1056/967/376 1089/970/376 1088/991/376
f 1093/1068/435 1025/1015/408 1032/1034/419 1095/1069/436
f 1095/1070/436 1032/1041/419 1039/1042/422 1097/1071/437
f 1097/1071/437 1039/1042/422 1046/1056/431 1099/1072/438
f 1099/1072/438 1046/1056/431 1053/1060/374 1101/1073/434
f 1091/1074/439 1018/1010/403 1025/1015/408 1093/1068/435
f 1012/1075/376 1005/1076/376 1056/967/376 1055/990/376
f 1019/1077/376 1012/1075/376 1055/990/376 1057/989/376
f 1026/1078/376 1019/1077/376 1057/989/376 1058/1016/376
f 1033/1079/376 1026/1078/376 1058/1016/376 1059/1035/376
f 1040/1080/376 1033/1079/376 1059/1035/376 1060/1043/376
f 1047/1081/376 1040/1080/376 1060/1043/376 1061/1057/376
f 1054/1082/376 1047/1081/376 1061/1057/376 1062/968/376
f 1005/1076/376 1054/1082/376 1062/968/376 1056/967/376
f 1069/1083/433 1070/1084/413 1086/1085/413 1085/1086/433
f 1026/1087/440 1033/1088/441 1075/1089/441 1074/1090/440
f 1012/1091/442 1019/1092/443 1073/1093/443 1071/1094/442
f 1047/1064/433 1054/1095/413 1078/1096/413 1077/1065/433
f 1033/1097/441 1040/1063/432 1076/1066/432 1075/1098/441
f 1019/1092/443 1026/1087/440 1074/1090/440 1073/1093/443
f 1005/1099/412 1012/1100/442 1071/1101/442 1072/1102/412
f 1054/1103/413 1005/1099/412 1072/1102/412 1078/1104/413
f 1063/1105/376 1064/1106/376 1072/1107/376 1071/1108/376
f 1065/1109/376 1063/1105/376 1071/1108/376 1073/1110/376
f 1066/1111/376 1065/1109/376 1073/1110/376 1074/1112/376
f 1067/1113/376 1066/1111/376 1074/1112/376 1075/1114/376
f 1068/1115/376 1067/1113/376 1075/1114/376 1076/1116/376
f 1069/1117/376 1068/1115/376 1076/1116/376 1077/1118/376
f 1070/1119/376 1069/1117/376 1077/1118/376 1078/1120/376
f 1064/1106/376 1070/1119/376 1078/1120/376 1072/1107/376
f 1079/1121/376 1081/1122/376 1082/1123/376 1083/1124/376 1084/1125/376 1085/1126/376 1086/1127/376 1080/1128/376
f 1067/1129/441 1068/1130/432 1084/1131/432 1083/1132/441
f 1065/1133/443 1066/1134/440 1082/1135/440 1081/1136/443
f 1064/1137/412 1063/1138/442 1079/1139/442 1080/1140/412
f 1070/1141/413 1064/1137/412 1080/1140/412 1086/1142/413
f 1068/1130/432 1069/1083/433 1085/1086/433 1084/1131/432
f 1066/1134/440 1067/1143/441 1083/1144/441 1082/1135/440
f 1063/1145/442 1065/1133/443 1081/1136/443 1079/1146/442
f 1088/991/444 1089/970/445 1090/1147/445 1087/1148/444
f 1087/1148/444 1091/1149/446 1092/992/446 1088/991/444
f 1094/1150/447 1092/1151/446 1091/1074/446 1093/1068/447
f 1096/1036/448 1094/1017/447 1093/1152/447 1095/1153/448
f 1098/1044/449 1096/1036/448 1095/1153/448 1097/1154/449
f 1100/1058/450 1098/1044/449 1097/1154/449 1099/1155/450
f 1102/969/451 1100/1058/450 1099/1155/450 1101/1156/451
f 1089/970/445 1102/969/451 1101/1156/451 1090/1147/445
f 1087/1157/405 1011/1009/389 1018/1010/403 1091/1074/439
f 999/1158/452 1006/1159/452 1103/993/390 1104/973/379
f 1006/1159/452 1013/1160/452 1105/999/396 1103/993/390
f 1013/1160/452 1020/1161/452 1106/1018/409 1105/999/396
f 1020/1161/452 1027/1162/452 1107/1027/414 1106/1018/409
f 1027/1162/452 1034/1163/452 1108/1045/423 1107/1027/414
f 1034/1163/452 1041/1164/452 1109/1050/426 1108/1045/423
f 1041/1164/452 1048/1165/452 1110/972/378 1109/1050/426
f 1048/1165/452 999/1158/452 1104/973/379 1110/972/378
f 1116/1166/376 1115/1167/376 1123/1168/376 1124/1169/376
f 1041/1170/433 1034/1171/432 1116/1172/432 1117/1173/433
f 1027/1174/441 1020/1175/440 1114/1176/440 1115/1177/441
f 1013/1178/443 1006/1179/442 1111/1180/442 1113/1181/443
f 1048/1024/413 1041/1182/433 1117/1183/433 1118/1025/413
f 1034/1171/432 1027/1184/441 1115/1185/441 1116/1172/432
f 1020/1175/440 1013/1178/443 1113/1181/443 1114/1176/440
f 1006/1186/442 999/1023/412 1112/1026/412 1111/1187/442
f 1126/1188/413 1125/1189/433 1141/1190/433 1142/1191/413
f 1114/1192/376 1113/1193/376 1121/1194/376 1122/1195/376
f 1111/1196/376 1112/1197/376 1120/1198/376 1119/1199/376
f 1112/1197/376 1118/1200/376 1126/1201/376 1120/1198/376
f 1117/1202/376 1116/1166/376 1124/1169/376 1125/1203/376
f 1115/1167/376 1114/1192/376 1122/1195/376 1123/1168/376
f 1113/1193/376 1111/1196/376 1119/1199/376 1121/1194/376
f 1118/1200/376 1117/1202/376 1125/1203/376 1126/1201/376
f 1127/1204/432 1128/1205/441 1144/1206/441 1143/1207/432
f 1124/1208/432 1123/1209/441 1139/1210/441 1140/1211/432
f 1122/1212/440 1121/1213/443 1137/1214/443 1138/1215/440
f 1119/1216/442 1120/1217/412 1136/1218/412 1135/1219/442
f 1120/1217/412 1126/1220/413 1142/1221/413 1136/1218/412
f 1125/1189/433 1124/1208/432 1140/1211/432 1141/1190/433
f 1123/1222/441 1122/1212/440 1138/1215/440 1139/1223/441
f 1121/1213/443 1119/1224/442 1135/1225/442 1137/1214/443
f 1128/1226/452 1127/1227/452 1135/1228/452 1136/1229/452
f 1127/1227/452 1129/1230/452 1137/1231/452 1135/1228/452
f 1129/1230/452 1130/1232/452 1138/1233/452 1137/1231/452
f 1130/1232/452 1131/1234/452 1139/1235/452 1138/1233/452
f 1131/1234/452 1132/1236/452 1140/1237/452 1139/1235/452
f 1132/1236/452 1133/1238/452 1141/1239/452 1140/1237/452
f 1133/1238/452 1134/1240/452 1142/1241/452 1141/1239/452
f 1134/1240/452 1128/1226/452 1136/1229/452 1142/1241/452
f 1148/1242/452 1147/1243/452 1146/1244/452 1145/1245/452 1143/1246/452 1144/1247/452 1150/1248/452 1149/1249/452
f 1128/1250/441 1134/1251/440 1150/1252/440 1144/1253/441
f 1133/1254/443 1132/1255/442 1148/1256/442 1149/1257/443
f 1131/1258/412 1130/1259/413 1146/1260/413 1147/1261/412
f 1129/1262/433 1127/1204/432 1143/1207/432 1145/1263/433
f 1134/1251/440 1133/1254/443 1149/1257/443 1150/1252/440
f 1132/1264/442 1131/1258/412 1147/1261/412 1148/1265/442
f 1130/1259/413 1129/1266/433 1145/1267/433 1146/1260/413
f 1000/1268/453 1001/1269/454 1152/976/382 1151/974/380
f 1001/1270/454 1002/1271/455 1153/963/372 1152/978/382
f 1002/1271/455 1003/1272/456 1154/964/373 1153/963/372
f 1008/1273/457 1007/1274/458 1155/994/391 1156/1001/398
f 1009/980/459 1008/979/457 1156/1275/398 1157/1276/400
f 1010/1277/460 1009/980/459 1157/1276/400 1158/987/388
f 1003/1272/456 1010/1277/460 1158/987/388 1154/964/373
f 1007/1274/458 1000/1268/453 1151/974/380 1155/994/391
f 1163/1278/461 1165/1279/461 1181/1280/461 1179/1281/461
f 1161/1282/462 1163/1283/463 1179/1284/463 1177/1285/464
f 1164/1286/465 1160/1287/466 1176/1288/467 1180/1289/465
f 1003/1290/468 1002/995/392 1169/998/395 1170/1291/468
f 1001/996/393 1000/1292/469 1167/1293/469 1168/997/394
f 1000/1294/470 1007/1295/470 1171/1296/470 1167/1297/470
f 1009/980/384 1010/1277/471 1174/1298/471 1159/981/385
f 1007/1299/472 1008/979/383 1162/982/386 1171/1300/472
f 1163/1301/473 1161/1302/474 1168/1303/475 1167/1304/473
f 1161/1305/474 1160/1306/476 1169/1307/477 1168/1308/475
f 1160/1306/476 1164/1309/478 1170/1310/478 1169/1307/477
f 1172/1311/479 1165/1312/480 1171/1313/480 1162/1314/481
f 1173/1315/482 1172/1316/479 1162/1317/481 1159/1318/483
f 1166/1319/484 1173/1315/482 1159/1318/483 1174/1320/484
f 1164/1309/478 1166/1319/484 1174/1320/484 1170/1310/478
f 1165/1312/480 1163/1301/473 1167/1304/473 1171/1313/480
f 1176/1321/485 1177/1322/486 1178/1323/486 1175/1324/485
f 1180/1325/487 1176/1321/485 1175/1324/485 1182/1326/487
f 1177/1327/486 1179/1281/488 1181/1280/488 1178/1328/486
f 1173/1329/489 1166/1330/490 1182/1331/490 1175/1332/491
f 1165/1333/492 1172/1334/493 1178/1335/494 1181/1336/492
f 1160/1287/466 1161/1282/462 1177/1285/464 1176/1288/467
f 1166/1337/495 1164/1338/495 1180/1339/495 1182/1340/495
f 1172/1334/493 1173/1329/489 1175/1332/491 1178/1335/494
f 1183/1341/496 1184/1342/496 1186/1343/497 1185/1344/497
f 1185/1344/497 1186/1343/497 1188/1345/442 1187/1346/442
f 1187/1347/442 1188/1348/442 1190/1349/498 1189/1350/498
f 1189/1350/498 1190/1349/498 1192/1351/499 1191/1352/499
f 1191/1353/499 1192/1354/499 1194/1355/500 1193/1356/500
f 1193/1356/500 1194/1355/500 1196/1357/432 1195/1358/432
f 1190/1359/501 1188/1360/501 1201/1361/501 1202/1362/501
f 1195/1358/432 1196/1357/432 1198/1363/502 1197/1364/502
f 1197/1365/502 1198/1366/502 1184/1342/496 1183/1341/496
f 1183/1367/501 1185/1368/501 1187/1369/501 1189/1370/501 1191/1371/501 1193/1372/501 1195/1373/501 1197/1374/501
f 1206/1375/502 1205/1376/432 1221/1377/432 1222/1378/502
f 1196/1379/501 1194/1380/501 1204/1381/501 1205/1382/501
f 1192/1383/501 1190/1359/501 1202/1362/501 1203/1384/501
f 1198/1385/501 1196/1379/501 1205/1382/501 1206/1386/501
f 1188/1360/501 1186/1387/501 1199/1388/501 1201/1361/501
f 1194/1380/501 1192/1383/501 1203/1384/501 1204/1381/501
f 1184/1389/501 1198/1385/501 1206/1386/501 1200/1390/501
f 1186/1387/501 1184/1389/501 1200/1390/501 1199/1388/501
f 1208/1391/499 1214/1392/498 1230/1393/498 1224/1394/499
f 1204/1395/500 1203/1396/499 1219/1397/499 1220/1398/500
f 1202/1399/498 1201/1400/442 1217/1401/442 1218/1402/498
f 1199/1403/497 1200/1404/496 1216/1405/496 1215/1406/497
f 1200/1404/496 1206/1407/502 1222/1408/502 1216/1405/496
f 1205/1376/432 1204/1395/500 1220/1398/500 1221/1377/432
f 1203/1409/499 1202/1399/498 1218/1402/498 1219/1410/499
f 1201/1411/442 1199/1403/497 1215/1406/497 1217/1412/442
f 1208/1413/503 1207/1414/503 1215/1415/503 1216/1416/503
f 1207/1414/503 1209/1417/503 1217/1418/503 1215/1415/503
f 1209/1417/503 1210/1419/503 1218/1420/503 1217/1418/503
f 1210/1419/503 1211/1421/503 1219/1422/503 1218/1420/503
f 1211/1421/503 1212/1423/503 1220/1424/503 1219/1422/503
f 1212/1423/503 1213/1425/503 1221/1426/503 1220/1424/503
f 1213/1425/503 1214/1427/503 1222/1428/503 1221/1426/503
f 1214/1427/503 1208/1413/503 1216/1416/503 1222/1428/503
f 1223/1429/503 1224/1430/503 1230/1431/503 1229/1432/503 1228/1433/503 1227/1434/503 1226/1435/503 1225/1436/503
f 1213/1437/442 1212/1438/497 1228/1439/497 1229/1440/442
f 1211/1441/496 1210/1442/502 1226/1443/502 1227/1444/496
f 1209/1445/432 1207/1446/500 1223/1447/500 1225/1448/432
f 1214/1392/498 1213/1449/442 1229/1450/442 1230/1393/498
f 1212/1438/497 1211/1441/496 1227/1444/496 1228/1439/497
f 1210/1451/502 1209/1445/432 1225/1448/432 1226/1452/502
f 1207/1453/500 1208/1391/499 1224/1394/499 1223/1454/500
o tank_track1.002
v 1.652262 1.517646 3.083607
v 2.024592 2.339733 3.118334
v 1.652262 2.339733 3.118334
v 2.059885 1.517646 3.083607
v 2.059885 1.386583 3.016341
v 2.024592 2.482008 3.049060
v 1.652262 2.482008 3.049060
v 1.581858 1.517646 3.083607
v 1.581858 2.339733 3.118334
v 3.338488 1.517646 3.083607
v 2.966158 2.339733 3.118334
v 3.338488 2.339733 3.118334
v 2.930872 1.517646 3.083607
v 2.495379 2.339733 3.118334
v 2.495379 1.517646 3.083607
v 2.930872 1.386583 3.016341
v 2.495379 1.386583 3.016341
v 2.966158 2.482008 3.049060
v 3.338488 2.482008 3.049060
v 3.408892 1.517646 3.083607
v 3.408892 2.339733 3.118334
v 1.652262 1.585744 2.895558
v 2.024592 2.272887 2.929837
v 1.652262 2.272887 2.929837
v 2.059885 1.585744 2.895558
v 2.059885 1.472115 2.835553
v 2.024592 2.381714 2.876025
v 1.652262 2.381714 2.876025
v 1.581858 1.585744 2.895558
v 1.581858 2.272887 2.929837
v 3.338488 1.585744 2.895558
v 2.966158 2.272887 2.929837
v 3.338488 2.272887 2.929837
v 2.930872 1.585744 2.895558
v 2.495379 2.272887 2.929837
v 2.495379 1.585744 2.895558
v 2.930872 1.472115 2.835553
v 2.495379 1.472115 2.835553
v 2.966158 2.381714 2.876025
v 3.338488 2.381714 2.876025
v 3.408892 1.585744 2.895558
v 3.408892 2.272887 2.929837
v 1.652262 0.723967 2.450112
v 2.024592 1.347688 2.996379
v 1.652262 1.347688 2.996379
v 2.059885 0.723967 2.450112
v 2.059885 0.634064 2.333407
v 2.024592 1.488473 3.068635
v 1.652262 1.488473 3.068635
v 1.581858 0.723967 2.450112
v 1.581858 1.347688 2.996379
v 3.338488 0.723967 2.450112
v 2.966158 1.347688 2.996379
v 3.338488 1.347688 2.996379
v 2.930872 0.723967 2.450112
v 2.495379 1.347688 2.996379
v 2.495379 0.723967 2.450112
v 2.930872 0.634064 2.333407
v 2.495379 0.634064 2.333407
v 2.966158 1.488473 3.068635
v 3.338488 1.488473 3.068635
v 3.408892 0.723967 2.450112
v 3.408892 1.347688 2.996379
v 1.652262 0.883653 2.329693
v 2.024592 1.438254 2.818059
v 1.652262 1.438254 2.818059
v 2.059885 0.883653 2.329693
v 2.059885 0.801155 2.223496
v 2.024592 1.560510 2.882058
v 1.652262 1.560510 2.882058
v 1.581858 0.883653 2.329693
v 1.581858 1.438254 2.818059
v 3.338488 0.883653 2.329693
v 2.966158 1.438254 2.818059
v 3.338488 1.438254 2.818059
v 2.930872 0.883653 2.329693
v 2.495379 1.438254 2.818059
v 2.495379 0.883653 2.329693
v 2.930872 0.801155 2.223496
v 2.495379 0.801155 2.223496
v 2.966158 1.560510 2.882058
v 3.338488 1.560510 2.882058
v 3.408892 0.883653 2.329693
v 3.408892 1.438254 2.818059
v 1.652262 0.258903 1.535639
v 2.024592 0.612064 2.295718
v 1.652262 0.612064 2.295718
v 2.059885 0.258903 1.535639
v 2.059885 0.217179 1.394351
v 2.024592 0.703956 2.424134
v 1.652262 0.703956 2.424134
v 1.581858 0.258903 1.535639
v 1.581858 0.612064 2.295718
v 3.338488 0.258902 1.535639
v 2.966158 0.612064 2.295718
v 3.338488 0.612064 2.295718
v 2.930872 0.258903 1.535639
v 2.495379 0.612064 2.295718
v 2.495379 0.258903 1.535639
v 2.930872 0.217179 1.394351
v 2.495379 0.217179 1.394351
v 2.966158 0.703956 2.424134
v 3.338488 0.703956 2.424134
v 3.408892 0.258902 1.535639
v 3.408892 0.612064 2.295718
v 1.652262 0.447980 1.470446
v 2.024592 0.780794 2.188338
v 1.652262 0.780793 2.188338
v 2.059885 0.447980 1.470446
v 2.059885 0.407958 1.334321
v 2.024592 0.865348 2.306014
v 1.652262 0.865348 2.306014
v 1.581858 0.447980 1.470446
v 1.581858 0.780793 2.188338
v 3.338488 0.447979 1.470446
v 2.966158 0.780793 2.188338
v 3.338488 0.780793 2.188338
v 2.930872 0.447979 1.470446
v 2.495379 0.780793 2.188338
v 2.495379 0.447980 1.470446
v 2.930872 0.407958 1.334321
v 2.495379 0.407958 1.334321
v 2.966158 0.865348 2.306014
v 3.338488 0.865348 2.306014
v 3.408892 0.447979 1.470446
v 3.408892 0.780793 2.188338
v 1.652262 0.016728 0.534911
v 2.024592 0.204798 1.352423
v 1.652262 0.204798 1.352423
v 2.059885 0.016728 0.534911
v 2.059885 -0.006001 0.389357
v 2.024592 0.249615 1.504187
v 1.652262 0.249615 1.504187
v 1.581858 0.016728 0.534911
v 1.581858 0.204798 1.352423
v 3.338488 0.016728 0.534911
v 2.966158 0.204798 1.352423
v 3.338488 0.204798 1.352423
v 2.930872 0.016728 0.534911
v 2.495379 0.204798 1.352423
v 2.495379 0.016728 0.534911
v 2.930872 -0.006001 0.389357
v 2.495379 -0.006001 0.389357
v 2.966158 0.249615 1.504187
v 3.338488 0.249615 1.504187
v 3.408892 0.016728 0.534911
v 3.408892 0.204798 1.352423
v 1.652262 0.213922 0.501527
v 2.024592 0.396055 1.293934
v 1.652262 0.396055 1.293934
v 2.059885 0.213922 0.501527
v 2.059885 0.191759 0.359509
v 2.024592 0.439083 1.440142
v 1.652262 0.439083 1.440142
v 1.581858 0.213922 0.501527
v 1.581858 0.396055 1.293934
v 3.338488 0.213922 0.501527
v 2.966158 0.396054 1.293934
v 3.338488 0.396054 1.293934
v 2.930872 0.213922 0.501527
v 2.495379 0.396055 1.293934
v 2.495379 0.213922 0.501527
v 2.930872 0.191759 0.359509
v 2.495379 0.191759 0.359509
v 2.966158 0.439083 1.440142
v 3.338488 0.439083 1.440142
v 3.408892 0.213922 0.501527
v 3.408892 0.396054 1.293934
v 1.652262 -0.094931 -0.489158
v 2.024592 -0.012746 0.346162
v 1.652262 -0.012746 0.346162
v 2.059885 -0.094931 -0.489158
v 2.059885 -0.102136 -0.636275
v 2.024592 0.011669 0.502513
v 1.652262 0.011669 0.502513
v 1.581858 -0.094931 -0.489158
v 1.581858 -0.012746 0.346162
v 3.338488 -0.094931 -0.489158
v 2.966158 -0.012746 0.346162
v 3.338488 -0.012746 0.346162
v 2.930872 -0.094931 -0.489158
v 2.495379 -0.012746 0.346162
v 2.495379 -0.094931 -0.489158
v 2.930872 -0.102136 -0.636277
v 2.495379 -0.102136 -0.636277
v 2.966158 0.011669 0.502513
v 3.338488 0.011668 0.502513
v 3.408892 -0.094931 -0.489158
v 3.408892 -0.012746 0.346162
v 1.652262 0.104761 -0.500249
v 2.024592 0.185170 0.317366
v 1.652262 0.185170 0.317366
v 2.059885 0.104761 -0.500249
v 2.059885 0.097720 -0.643876
v 2.024592 0.208994 0.469914
v 1.652262 0.208994 0.469914
v 1.581858 0.104761 -0.500249
v 1.581858 0.185170 0.317366
v 3.338488 0.104761 -0.500249
v 2.966158 0.185170 0.317366
v 3.338488 0.185170 0.317366
v 2.930872 0.104761 -0.500249
v 2.495379 0.185170 0.317366
v 2.495379 0.104761 -0.500249
v 2.930872 0.097720 -0.643876
v 2.495379 0.097720 -0.643876
v 2.966158 0.208994 0.469914
v 3.338488 0.208994 0.469914
v 3.408892 0.104761 -0.500249
v 3.408892 0.185170 0.317366
v 1.652262 -0.072852 -1.518085
v 2.024592 -0.103433 -0.679973
v 1.652262 -0.103433 -0.679973
v 2.059885 -0.072852 -1.518085
v 2.059885 -0.056334 -1.664428
v 2.024592 -0.097077 -0.521878
v 1.652262 -0.097077 -0.521878
v 1.581858 -0.072852 -1.518085
v 1.581858 -0.103433 -0.679973
v 3.338488 -0.072852 -1.518085
v 2.966158 -0.103433 -0.679973
v 3.338488 -0.103433 -0.679973
v 2.930872 -0.072852 -1.518085
v 2.495379 -0.103433 -0.679973
v 2.495379 -0.072852 -1.518085
v 2.930872 -0.056334 -1.664428
v 2.495379 -0.056334 -1.664428
v 2.966158 -0.097077 -0.521878
v 3.338488 -0.097077 -0.521878
v 3.408892 -0.072852 -1.518085
v 3.408892 -0.103433 -0.679973
v 1.652262 0.125920 -1.495952
v 2.024592 0.096465 -0.686343
v 1.652262 0.096465 -0.686343
v 2.059885 0.125920 -1.495952
v 2.059885 0.141845 -1.637496
v 2.024592 0.102650 -0.532317
v 1.652262 0.102650 -0.532317
v 1.581858 0.125920 -1.495952
v 1.581858 0.096465 -0.686343
v 3.338488 0.125919 -1.495952
v 2.966158 0.096465 -0.686343
v 3.338488 0.096465 -0.686343
v 2.930872 0.125919 -1.495952
v 2.495379 0.096465 -0.686343
v 2.495379 0.125920 -1.495952
v 2.930872 0.141845 -1.637496
v 2.495379 0.141845 -1.637496
v 2.966158 0.102650 -0.532317
v 3.338488 0.102650 -0.532317
v 3.408892 0.125919 -1.495952
v 3.408892 0.096465 -0.686343
v 1.652262 0.118094 -2.529889
v 2.024592 -0.049290 -1.707572
v 1.652262 -0.049290 -1.707572
v 2.059885 0.118094 -2.529889
v 2.059885 0.161028 -2.670814
v 2.024592 -0.069604 -1.550716
v 1.652262 -0.069604 -1.550716
v 1.581858 0.118094 -2.529889
v 1.581858 -0.049290 -1.707572
v 3.338488 0.118094 -2.529889
v 2.966158 -0.049290 -1.707572
v 3.338488 -0.049290 -1.707572
v 2.930872 0.118094 -2.529889
v 2.495379 -0.049290 -1.707572
v 2.495379 0.118094 -2.529889
v 2.930872 0.161028 -2.670814
v 2.495379 0.161028 -2.670814
v 2.966158 -0.069604 -1.550716
v 3.338488 -0.069604 -1.550716
v 3.408892 0.118094 -2.529889
v 3.408892 -0.049290 -1.707572
v 1.652262 0.311102 -2.477470
v 2.024592 0.148712 -1.679374
v 1.652262 0.148712 -1.679374
v 2.059885 0.311102 -2.477470
v 2.059885 0.352712 -2.613742
v 2.024592 0.129042 -1.527482
v 1.652262 0.129042 -1.527482
v 1.581858 0.311102 -2.477470
v 1.581858 0.148712 -1.679374
v 3.338488 0.311102 -2.477470
v 2.966158 0.148712 -1.679374
v 3.338488 0.148712 -1.679374
v 2.930872 0.311102 -2.477470
v 2.495379 0.148712 -1.679374
v 2.495379 0.311102 -2.477470
v 2.930872 0.352712 -2.613742
v 2.495379 0.352712 -2.613742
v 2.966158 0.129042 -1.527482
v 3.338488 0.129042 -1.527482
v 3.408892 0.311102 -2.477470
v 3.408892 0.148712 -1.679374
v 1.652262 0.476613 -3.494245
v 2.024592 0.173769 -2.712632
v 1.652262 0.173769 -2.712632
v 2.059885 0.476613 -3.494245
v 2.059885 0.544778 -3.624845
v 2.024592 0.127651 -2.561256
v 1.652262 0.127651 -2.561256
v 1.581858 0.476613 -3.494245
v 1.581858 0.173769 -2.712632
v 3.338488 0.476613 -3.494245
v 2.966158 0.173769 -2.712632
v 3.338488 0.173769 -2.712632
v 2.930872 0.476613 -3.494245
v 2.495379 0.173769 -2.712632
v 2.495379 0.476613 -3.494245
v 2.930872 0.544778 -3.624845
v 2.495379 0.544778 -3.624845
v 2.966158 0.127650 -2.561256
v 3.338488 0.127650 -2.561256
v 3.408892 0.476613 -3.494245
v 3.408892 0.173769 -2.712632
v 1.652262 0.655598 -3.405004
v 2.024592 0.365038 -2.654187
v 1.652262 0.365038 -2.654187
v 2.059885 0.655598 -3.405004
v 2.059885 0.720249 -3.528877
v 2.024592 0.320374 -2.507798
v 1.652262 0.320374 -2.507798
v 1.581858 0.655598 -3.405004
v 1.581858 0.365038 -2.654187
v 3.338488 0.655598 -3.405004
v 2.966158 0.365038 -2.654187
v 3.338488 0.365038 -2.654187
v 2.930872 0.655598 -3.405004
v 2.495379 0.365038 -2.654187
v 2.495379 0.655598 -3.405004
v 2.930872 0.720249 -3.528877
v 2.495379 0.720249 -3.528877
v 2.966158 0.320374 -2.507798
v 3.338488 0.320373 -2.507798
v 3.408892 0.655598 -3.405004
v 3.408892 0.365038 -2.654187
v 1.652262 1.067847 -4.330308
v 2.024592 0.565007 -3.663602
v 1.652262 0.565007 -3.663602
v 2.059885 1.067848 -4.330308
v 2.059885 1.172565 -4.433751
v 2.024592 0.491785 -3.523315
v 1.652262 0.491785 -3.523315
v 1.581858 1.067848 -4.330308
v 1.581858 0.565007 -3.663602
v 3.338488 1.067848 -4.330308
v 2.966158 0.565007 -3.663602
v 3.338488 0.565007 -3.663602
v 2.930872 1.067848 -4.330308
v 2.495379 0.565007 -3.663602
v 2.495379 1.067848 -4.330308
v 2.930872 1.172565 -4.433751
v 2.495379 1.172565 -4.433751
v 2.966158 0.491785 -3.523315
v 3.338488 0.491785 -3.523315
v 3.408892 1.067848 -4.330308
v 3.408892 0.565007 -3.663602
v 1.652262 1.203323 -4.183179
v 2.024592 0.739386 -3.565664
v 1.652262 0.739386 -3.565664
v 2.059885 1.203323 -4.183179
v 2.059885 1.297273 -4.277395
v 2.024592 0.670011 -3.432565
v 1.652262 0.670011 -3.432565
v 1.581858 1.203323 -4.183179
v 1.581858 0.739386 -3.565664
v 3.338488 1.203323 -4.183179
v 2.966158 0.739386 -3.565664
v 3.338488 0.739386 -3.565664
v 2.930872 1.203323 -4.183179
v 2.495379 0.739386 -3.565664
v 2.495379 1.203323 -4.183179
v 2.930872 1.297273 -4.277395
v 2.495379 1.297273 -4.277395
v 2.966158 0.670011 -3.432565
v 3.338488 0.670011 -3.432565
v 3.408892 1.203323 -4.183179
v 3.408892 0.739386 -3.565664
v 1.652262 1.977722 -4.760091
v 2.024592 1.209466 -4.457191
v 1.652262 1.209466 -4.457191
v 2.059885 1.977722 -4.760091
v 2.059885 2.125036 -4.761327
v 2.024592 1.090993 -4.353536
v 1.652262 1.090993 -4.353536
v 1.581858 1.977722 -4.760091
v 1.581858 1.209466 -4.457191
v 3.338488 1.977722 -4.760091
v 2.966158 1.209466 -4.457191
v 3.338488 1.209466 -4.457191
v 2.930872 1.977722 -4.760091
v 2.495379 1.209466 -4.457191
v 2.495379 1.977722 -4.760091
v 2.930872 2.125036 -4.761327
v 2.495379 2.125036 -4.761327
v 2.966158 1.090993 -4.353536
v 3.338488 1.090993 -4.353536
v 3.408892 1.977722 -4.760091
v 3.408892 1.209466 -4.457191
v 1.652262 1.995226 -4.560859
v 2.024592 1.329899 -4.297517
v 1.652262 1.329899 -4.297517
v 2.059885 1.995226 -4.560859
v 2.059885 2.122630 -4.561342
v 2.024592 1.224154 -4.204311
v 1.652262 1.224154 -4.204311
v 1.581858 1.995226 -4.560859
v 1.581858 1.329899 -4.297517
v 3.338488 1.995226 -4.560859
v 2.966158 1.329899 -4.297517
v 3.338488 1.329899 -4.297517
v 2.930872 1.995226 -4.560859
v 2.495379 1.329899 -4.297517
v 2.495379 1.995226 -4.560859
v 2.930872 2.122630 -4.561342
v 2.495379 2.122630 -4.561342
v 2.966158 1.224154 -4.204311
v 3.338488 1.224154 -4.204311
v 3.408892 1.995226 -4.560859
v 3.408892 1.329899 -4.297517
v 1.652262 2.902289 -4.428895
v 2.024592 2.168751 -4.761695
v 1.652262 2.168751 -4.761695
v 2.059885 2.902289 -4.428895
v 2.059885 2.990734 -4.311078
v 2.024592 2.010512 -4.760365
v 1.652262 2.010512 -4.760365
v 1.581858 2.902289 -4.428895
v 1.581858 2.168751 -4.761695
v 3.338488 2.902290 -4.428895
v 2.966158 2.168752 -4.761695
v 3.338488 2.168752 -4.761695
v 2.930872 2.902289 -4.428895
v 2.495379 2.168752 -4.761695
v 2.495379 2.902289 -4.428895
v 2.930872 2.990734 -4.311078
v 2.495379 2.990734 -4.311078
v 2.966158 2.010512 -4.760365
v 3.338488 2.010512 -4.760365
v 3.408892 2.902290 -4.428895
v 3.408892 2.168752 -4.761695
v 1.652262 2.749142 -4.300264
v 2.024592 2.160434 -4.561868
v 1.652262 2.160434 -4.561868
v 2.059885 2.749142 -4.300264
v 2.059885 2.820934 -4.205400
v 2.024592 2.023593 -4.560794
v 1.652262 2.023593 -4.560794
v 1.581858 2.749142 -4.300264
v 1.581858 2.160434 -4.561868
v 3.338488 2.749143 -4.300264
v 2.966158 2.160435 -4.561868
v 3.338488 2.160435 -4.561868
v 2.930872 2.749143 -4.300264
v 2.495379 2.160434 -4.561868
v 2.495379 2.749143 -4.300264
v 2.930872 2.820934 -4.205400
v 2.495379 2.820934 -4.205400
v 2.966158 2.023593 -4.560794
v 3.338488 2.023593 -4.560794
v 3.408892 2.749143 -4.300264
v 3.408892 2.160435 -4.561868
v 1.652262 3.234707 -3.469945
v 2.024592 3.015219 -4.275104
v 1.652262 3.015219 -4.275104
v 2.059885 3.234707 -3.469945
v 2.059885 3.251694 -3.323608
v 2.024592 2.921976 -4.402671
v 1.652262 2.921976 -4.402671
v 1.581858 3.234707 -3.469945
v 1.581858 3.015219 -4.275104
v 3.338488 3.234707 -3.469945
v 2.966158 3.015219 -4.275104
v 3.338488 3.015219 -4.275104
v 2.930872 3.234707 -3.469945
v 2.495379 3.015219 -4.275104
v 2.495379 3.234707 -3.469945
v 2.930872 3.251694 -3.323608
v 2.495379 3.251694 -3.323608
v 2.966158 2.921976 -4.402671
v 3.338488 2.921976 -4.402671
v 3.408892 3.234707 -3.469945
v 3.408892 3.015219 -4.275104
v 1.652262 3.036217 -3.445417
v 2.024592 2.841372 -4.176223
v 1.652262 2.841371 -4.176223
v 2.059885 3.036217 -3.445417
v 2.059885 3.052408 -3.306720
v 2.024592 2.764843 -4.278940
v 1.652262 2.764843 -4.278940
v 1.581858 3.036217 -3.445417
v 1.581858 2.841371 -4.176223
v 3.338488 3.036217 -3.445417
v 2.966158 2.841372 -4.176223
v 3.338488 2.841372 -4.176223
v 2.930872 3.036217 -3.445417
v 2.495379 2.841372 -4.176223
v 2.495379 3.036217 -3.445417
v 2.930872 3.052409 -3.306720
v 2.495379 3.052408 -3.306720
v 2.966158 2.764843 -4.278940
v 3.338488 2.764843 -4.278940
v 3.408892 3.036217 -3.445417
v 3.408892 2.841372 -4.176223
v 1.652262 3.262537 -2.440744
v 2.024592 3.255685 -3.280103
v 1.652262 3.255685 -3.280103
v 2.059885 3.262537 -2.440744
v 2.059885 3.256219 -2.293560
v 2.024592 3.238488 -3.437373
v 1.652262 3.238488 -3.437373
v 1.581858 3.262537 -2.440744
v 1.581858 3.255685 -3.280103
v 3.338488 3.262537 -2.440744
v 2.966158 3.255685 -3.280103
v 3.338488 3.255685 -3.280103
v 2.930872 3.262537 -2.440744
v 2.495379 3.255685 -3.280103
v 2.495379 3.262537 -2.440744
v 2.930872 3.256219 -2.293560
v 2.495379 3.256219 -2.293560
v 2.966158 3.238488 -3.437373
v 3.338488 3.238489 -3.437373
v 3.408892 3.262537 -2.440744
v 3.408892 3.255685 -3.280103
v 1.652262 3.062630 -2.446859
v 2.024592 3.056239 -3.265224
v 1.652262 3.056239 -3.265224
v 2.059885 3.062630 -2.446859
v 2.059885 3.056365 -2.301177
v 2.024592 3.039795 -3.414543
v 1.652262 3.039795 -3.414543
v 1.581858 3.062630 -2.446859
v 1.581858 3.056239 -3.265224
v 3.338488 3.062630 -2.446859
v 2.966158 3.056239 -3.265224
v 3.338488 3.056239 -3.265224
v 2.930872 3.062630 -2.446859
v 2.495379 3.056239 -3.265224
v 2.495379 3.062630 -2.446859
v 2.930872 3.056365 -2.301177
v 2.495379 3.056365 -2.301177
v 2.966158 3.039796 -3.414543
v 3.338488 3.039796 -3.414543
v 3.408892 3.062630 -2.446859
v 3.408892 3.056239 -3.265224
v 1.652262 3.211757 -1.411260
v 2.024592 3.254345 -2.249883
v 1.652262 3.254345 -2.249883
v 2.059885 3.211757 -1.411260
v 2.059885 3.205240 -1.264093
v 2.024592 3.261130 -2.407983
v 1.652262 3.261130 -2.407983
v 1.581858 3.211757 -1.411260
v 1.581858 3.254345 -2.249883
v 3.338488 3.211757 -1.411260
v 2.966158 3.254345 -2.249883
v 3.338488 3.254345 -2.249883
v 2.930872 3.211757 -1.411260
v 2.495379 3.254345 -2.249883
v 2.495379 3.211757 -1.411260
v 2.930872 3.205240 -1.264093
v 2.495379 3.205240 -1.264093
v 2.966158 3.261130 -2.407983
v 3.338488 3.261130 -2.407983
v 3.408892 3.211757 -1.411260
v 3.408892 3.254345 -2.249883
v 1.652262 3.011924 -1.419442
v 2.024592 3.054507 -2.257949
v 1.652262 3.054507 -2.257949
v 2.059885 3.011924 -1.419442
v 2.059885 3.005352 -1.270795
v 2.024592 3.061234 -2.414432
v 1.652262 3.061234 -2.414432
v 1.581858 3.011924 -1.419442
v 1.581858 3.054507 -2.257949
v 3.338488 3.011924 -1.419442
v 2.966158 3.054508 -2.257949
v 3.338488 3.054508 -2.257949
v 2.930872 3.011924 -1.419442
v 2.495379 3.054507 -2.257949
v 2.495379 3.011924 -1.419442
v 2.930872 3.005352 -1.270795
v 2.495379 3.005352 -1.270795
v 2.966158 3.061234 -2.414432
v 3.338488 3.061234 -2.414432
v 3.408892 3.011924 -1.419442
v 3.408892 3.054508 -2.257949
v 1.652262 3.206606 -0.380823
v 2.024592 3.204254 -1.220386
v 1.652262 3.204254 -1.220386
v 2.059885 3.206606 -0.380823
v 2.059885 3.209882 -0.233539
v 2.024592 3.210142 -1.378509
v 1.652262 3.210142 -1.378509
v 1.581858 3.206606 -0.380823
v 1.581858 3.204254 -1.220386
v 3.338488 3.206606 -0.380823
v 2.966158 3.204254 -1.220386
v 3.338488 3.204254 -1.220386
v 2.930872 3.206606 -0.380823
v 2.495379 3.204254 -1.220386
v 2.495379 3.206606 -0.380823
v 2.930872 3.209882 -0.233539
v 2.495379 3.209882 -0.233539
v 2.966158 3.210142 -1.378509
v 3.338488 3.210142 -1.378509
v 3.408892 3.206606 -0.380823
v 3.408892 3.204254 -1.220386
v 1.652262 3.006639 -0.377252
v 2.024592 3.004342 -1.226331
v 1.652262 3.004342 -1.226331
v 2.059885 3.006639 -0.377252
v 2.059885 3.009914 -0.229915
v 2.024592 3.010298 -1.386419
v 1.652262 3.010298 -1.386419
v 1.581858 3.006639 -0.377252
v 1.581858 3.004342 -1.226331
v 3.338488 3.006639 -0.377252
v 2.966158 3.004342 -1.226331
v 3.338488 3.004342 -1.226331
v 2.930872 3.006639 -0.377252
v 2.495379 3.004342 -1.226331
v 2.495379 3.006639 -0.377252
v 2.930872 3.009914 -0.229915
v 2.495379 3.009914 -0.229915
v 2.966158 3.010298 -1.386417
v 3.338488 3.010298 -1.386417
v 3.408892 3.006639 -0.377252
v 3.408892 3.004342 -1.226331
v 1.652262 3.215343 0.649811
v 2.024592 3.210854 -0.189834
v 1.652262 3.210854 -0.189834
v 2.059885 3.215343 0.649811
v 2.059885 3.212907 0.797093
v 2.024592 3.207335 -0.348039
v 1.652262 3.207335 -0.348039
v 1.581858 3.215343 0.649811
v 1.581858 3.210854 -0.189834
v 3.338488 3.215343 0.649811
v 2.966158 3.210854 -0.189834
v 3.338488 3.210854 -0.189834
v 2.930872 3.215343 0.649811
v 2.495379 3.210854 -0.189834
v 2.495379 3.215343 0.649811
v 2.930872 3.212907 0.797093
v 2.495379 3.212907 0.797093
v 2.966158 3.207336 -0.348039
v 3.338488 3.207336 -0.348039
v 3.408892 3.215343 0.649811
v 3.408892 3.210854 -0.189834
v 1.652262 3.015381 0.645884
v 2.024592 3.010887 -0.186193
v 1.652262 3.010887 -0.186193
v 2.059885 3.015381 0.645884
v 2.059885 3.012999 0.791014
v 2.024592 3.007368 -0.344457
v 1.652262 3.007368 -0.344457
v 1.581858 3.015381 0.645884
v 1.581858 3.010887 -0.186193
v 3.338488 3.015382 0.645884
v 2.966158 3.010887 -0.186193
v 3.338488 3.010887 -0.186193
v 2.930872 3.015382 0.645884
v 2.495379 3.010887 -0.186193
v 2.495379 3.015382 0.645884
v 2.930872 3.012999 0.791014
v 2.495379 3.012999 0.791014
v 2.966158 3.007368 -0.344457
v 3.338488 3.007368 -0.344457
v 3.408892 3.015382 0.645884
v 3.408892 3.010887 -0.186193
v 1.652262 3.146760 1.677685
v 2.024592 3.210896 0.840764
v 1.652262 3.210896 0.840764
v 2.059885 3.146760 1.677685
v 2.059885 3.119611 1.822478
v 2.024592 3.215075 0.682601
v 1.652262 3.215075 0.682601
v 1.581858 3.146760 1.677685
v 1.581858 3.210896 0.840764
v 3.338488 3.146760 1.677685
v 2.966158 3.210896 0.840764
v 3.338488 3.210896 0.840764
v 2.930872 3.146760 1.677685
v 2.495379 3.210896 0.840764
v 2.495379 3.146760 1.677685
v 2.930872 3.119612 1.822478
v 2.495379 3.119611 1.822478
v 2.966158 3.215075 0.682601
v 3.338488 3.215075 0.682601
v 3.408892 3.146760 1.677685
v 3.408892 3.210896 0.840764
v 1.652262 2.948835 1.648944
v 2.024592 3.011018 0.833796
v 1.652262 3.011018 0.833796
v 2.059885 2.948835 1.648944
v 2.059885 2.922832 1.786730
v 2.024592 3.015122 0.678248
v 1.652262 3.015122 0.678248
v 1.581858 2.948835 1.648944
v 1.581858 3.011018 0.833796
v 3.338488 2.948836 1.648944
v 2.966158 3.011018 0.833796
v 3.338488 3.011019 0.833796
v 2.930872 2.948836 1.648944
v 2.495379 3.011018 0.833796
v 2.495379 2.948835 1.648944
v 2.930872 2.922832 1.786730
v 2.495379 2.922832 1.786730
v 2.966158 3.015123 0.678248
v 3.338488 3.015123 0.678250
v 3.408892 2.948836 1.648944
v 3.408892 3.011019 0.833796
v 1.652262 2.848571 2.657359
v 2.024592 3.111529 1.865443
v 1.652262 3.111529 1.865443
v 2.059885 2.848571 2.657361
v 2.059885 2.776780 2.785605
v 2.024592 3.140786 1.709925
v 1.652262 3.140786 1.709925
v 1.581858 2.848571 2.657359
v 1.581858 3.111529 1.865443
v 3.338488 2.848571 2.657361
v 2.966158 3.111529 1.865443
v 3.338488 3.111529 1.865443
v 2.930872 2.848571 2.657361
v 2.495379 3.111529 1.865443
v 2.495379 2.848571 2.657361
v 2.930872 2.776780 2.785605
v 2.495379 2.776780 2.785605
v 2.966158 3.140786 1.709925
v 3.338488 3.140786 1.709927
v 3.408892 2.848571 2.657361
v 3.408892 3.111529 1.865443
v 1.652262 2.676813 2.554894
v 2.024592 2.915138 1.827618
v 1.652262 2.915138 1.827618
v 2.059885 2.676813 2.554894
v 2.059885 2.615931 2.666747
v 2.024592 2.943093 1.679637
v 1.652262 2.943093 1.679637
v 1.581858 2.676813 2.554894
v 1.581858 2.915138 1.827618
v 3.338488 2.676813 2.554894
v 2.966158 2.915138 1.827620
v 3.338488 2.915138 1.827620
v 2.930872 2.676813 2.554894
v 2.495379 2.915138 1.827620
v 2.495379 2.676813 2.554894
v 2.930872 2.615931 2.666747
v 2.495379 2.615931 2.666747
v 2.966158 2.943093 1.679637
v 3.338488 2.943093 1.679637
v 3.408892 2.676813 2.554894
v 3.408892 2.915138 1.827620
v 1.652262 2.021636 3.166987
v 2.024592 2.746634 2.817267
v 1.652262 2.746634 2.817267
v 2.059885 2.021636 3.166987
v 2.059885 1.875848 3.162352
v 2.024592 2.833094 2.686270
v 1.652262 2.833094 2.686270
v 1.581858 2.021636 3.166987
v 1.581858 2.746634 2.817267
v 3.338488 2.021636 3.166987
v 2.966158 2.746634 2.817267
v 3.338488 2.746634 2.817267
v 2.930872 2.021636 3.166987
v 2.495379 2.746634 2.817267
v 2.495379 2.021636 3.166987
v 2.930872 1.875848 3.162352
v 2.495379 1.875848 3.162352
v 2.966158 2.833094 2.686270
v 3.338488 2.833094 2.686270
v 3.408892 2.021636 3.166987
v 3.408892 2.746634 2.817267
v 1.652262 2.017703 2.967024
v 2.024592 2.591030 2.691621
v 1.652262 2.591030 2.691621
v 2.059885 2.017703 2.967024
v 2.059885 1.896528 2.963423
v 2.024592 2.663541 2.580195
v 1.652262 2.663541 2.580195
v 1.581858 2.017703 2.967024
v 1.581858 2.591030 2.691619
v 3.338488 2.017703 2.967024
v 2.966158 2.591030 2.691621
v 3.338488 2.591030 2.691621
v 2.930872 2.017703 2.967024
v 2.495379 2.591030 2.691621
v 2.495379 2.017703 2.967024
v 2.930872 1.896528 2.963423
v 2.495379 1.896528 2.963423
v 2.966158 2.663541 2.580197
v 3.338488 2.663541 2.580197
v 3.408892 2.017703 2.967024
v 3.408892 2.591030 2.691621
v -1.432562 1.517646 3.083607
v -1.804891 2.339734 3.118334
v -1.432562 2.339734 3.118334
v -1.840185 1.517647 3.083607
v -1.840185 1.386583 3.016341
v -1.804891 2.482009 3.049060
v -1.432562 2.482009 3.049060
v -1.362158 1.517647 3.083607
v -1.362158 2.339734 3.118334
v -3.118788 1.517647 3.083607
v -2.746458 2.339734 3.118334
v -3.118788 2.339734 3.118334
v -2.711172 1.517647 3.083607
v -2.275678 2.339734 3.118334
v -2.275678 1.517647 3.083607
v -2.711172 1.386583 3.016341
v -2.275678 1.386583 3.016341
v -2.746458 2.482009 3.049060
v -3.118788 2.482009 3.049060
v -3.189192 1.517646 3.083607
v -3.189192 2.339734 3.118334
v -1.432562 1.585744 2.895558
v -1.804891 2.272888 2.929837
v -1.432562 2.272888 2.929837
v -1.840185 1.585744 2.895558
v -1.840185 1.472115 2.835553
v -1.804891 2.381714 2.876025
v -1.432562 2.381714 2.876025
v -1.362158 1.585744 2.895558
v -1.362158 2.272888 2.929837
v -3.118788 1.585744 2.895558
v -2.746458 2.272888 2.929837
v -3.118788 2.272888 2.929837
v -2.711172 1.585744 2.895558
v -2.275678 2.272888 2.929837
v -2.275678 1.585744 2.895558
v -2.711172 1.472115 2.835553
v -2.275678 1.472115 2.835553
v -2.746458 2.381714 2.876025
v -3.118788 2.381714 2.876025
v -3.189192 1.585744 2.895558
v -3.189192 2.272888 2.929837
v -1.432562 0.723968 2.450112
v -1.804891 1.347689 2.996379
v -1.432562 1.347689 2.996379
v -1.840185 0.723968 2.450112
v -1.840185 0.634064 2.333407
v -1.804891 1.488474 3.068635
v -1.432562 1.488474 3.068635
v -1.362158 0.723968 2.450112
v -1.362158 1.347689 2.996379
v -3.118788 0.723968 2.450112
v -2.746458 1.347688 2.996379
v -3.118788 1.347688 2.996379
v -2.711172 0.723968 2.450112
v -2.275678 1.347689 2.996379
v -2.275678 0.723968 2.450112
v -2.711172 0.634064 2.333407
v -2.275678 0.634064 2.333407
v -2.746458 1.488474 3.068635
v -3.118788 1.488474 3.068635
v -3.189192 0.723968 2.450112
v -3.189192 1.347688 2.996379
v -1.432562 0.883654 2.329693
v -1.804891 1.438255 2.818059
v -1.432562 1.438255 2.818059
v -1.840185 0.883654 2.329693
v -1.840185 0.801156 2.223496
v -1.804891 1.560510 2.882058
v -1.432562 1.560510 2.882058
v -1.362158 0.883654 2.329693
v -1.362158 1.438255 2.818059
v -3.118788 0.883654 2.329693
v -2.746458 1.438255 2.818059
v -3.118788 1.438255 2.818059
v -2.711172 0.883653 2.329693
v -2.275678 1.438255 2.818059
v -2.275678 0.883654 2.329693
v -2.711172 0.801156 2.223496
v -2.275678 0.801156 2.223496
v -2.746458 1.560510 2.882058
v -3.118788 1.560510 2.882058
v -3.189192 0.883653 2.329693
v -3.189192 1.438255 2.818059
v -1.432562 0.258903 1.535639
v -1.804891 0.612065 2.295718
v -1.432562 0.612065 2.295718
v -1.840185 0.258903 1.535639
v -1.840185 0.217180 1.394351
v -1.804891 0.703956 2.424134
v -1.432562 0.703956 2.424134
v -1.362158 0.258903 1.535639
v -1.362158 0.612065 2.295718
v -3.118788 0.258903 1.535639
v -2.746458 0.612065 2.295718
v -3.118788 0.612065 2.295718
v -2.711172 0.258903 1.535639
v -2.275678 0.612065 2.295718
v -2.275678 0.258903 1.535639
v -2.711172 0.217180 1.394351
v -2.275678 0.217180 1.394351
v -2.746458 0.703956 2.424134
v -3.118788 0.703956 2.424134
v -3.189192 0.258903 1.535639
v -3.189192 0.612065 2.295718
v -1.432562 0.447980 1.470446
v -1.804891 0.780794 2.188338
v -1.432562 0.780794 2.188338
v -1.840185 0.447980 1.470446
v -1.840185 0.407958 1.334321
v -1.804891 0.865349 2.306014
v -1.432562 0.865349 2.306014
v -1.362158 0.447980 1.470446
v -1.362158 0.780794 2.188338
v -3.118788 0.447980 1.470446
v -2.746458 0.780794 2.188338
v -3.118788 0.780794 2.188338
v -2.711172 0.447980 1.470446
v -2.275678 0.780794 2.188338
v -2.275678 0.447980 1.470446
v -2.711172 0.407958 1.334321
v -2.275678 0.407958 1.334321
v -2.746458 0.865349 2.306014
v -3.118788 0.865349 2.306014
v -3.189192 0.447980 1.470446
v -3.189192 0.780794 2.188338
v -1.432562 0.016728 0.534911
v -1.804891 0.204798 1.352423
v -1.432562 0.204799 1.352423
v -1.840185 0.016728 0.534911
v -1.840185 -0.006001 0.389357
v -1.804891 0.249616 1.504187
v -1.432562 0.249616 1.504187
v -1.362158 0.016728 0.534911
v -1.362158 0.204799 1.352423
v -3.118788 0.016728 0.534911
v -2.746458 0.204798 1.352423
v -3.118788 0.204798 1.352423
v -2.711172 0.016728 0.534911
v -2.275678 0.204798 1.352423
v -2.275678 0.016728 0.534911
v -2.711172 -0.006001 0.389357
v -2.275678 -0.006001 0.389357
v -2.746458 0.249616 1.504187
v -3.118788 0.249616 1.504187
v -3.189192 0.016728 0.534911
v -3.189192 0.204798 1.352423
v -1.432562 0.213922 0.501527
v -1.804891 0.396055 1.293934
v -1.432562 0.396055 1.293934
v -1.840185 0.213922 0.501527
v -1.840185 0.191759 0.359509
v -1.804891 0.439083 1.440142
v -1.432562 0.439083 1.440142
v -1.362158 0.213922 0.501527
v -1.362158 0.396055 1.293934
v -3.118788 0.213922 0.501527
v -2.746458 0.396055 1.293934
v -3.118788 0.396055 1.293934
v -2.711172 0.213922 0.501527
v -2.275678 0.396055 1.293934
v -2.275678 0.213922 0.501527
v -2.711172 0.191759 0.359509
v -2.275678 0.191759 0.359509
v -2.746458 0.439083 1.440142
v -3.118788 0.439083 1.440142
v -3.189192 0.213922 0.501527
v -3.189192 0.396055 1.293934
v -1.432562 -0.094931 -0.489158
v -1.804891 -0.012746 0.346162
v -1.432562 -0.012746 0.346162
v -1.840185 -0.094931 -0.489158
v -1.840185 -0.102136 -0.636275
v -1.804891 0.011669 0.502513
v -1.432562 0.011669 0.502513
v -1.362158 -0.094931 -0.489158
v -1.362158 -0.012746 0.346162
v -3.118788 -0.094931 -0.489158
v -2.746458 -0.012746 0.346162
v -3.118788 -0.012746 0.346162
v -2.711172 -0.094931 -0.489158
v -2.275678 -0.012746 0.346162
v -2.275678 -0.094931 -0.489158
v -2.711172 -0.102136 -0.636277
v -2.275678 -0.102136 -0.636277
v -2.746458 0.011669 0.502513
v -3.118788 0.011669 0.502513
v -3.189192 -0.094931 -0.489158
v -3.189192 -0.012746 0.346162
v -1.432562 0.104761 -0.500249
v -1.804891 0.185170 0.317366
v -1.432562 0.185170 0.317366
v -1.840185 0.104761 -0.500249
v -1.840185 0.097720 -0.643876
v -1.804891 0.208995 0.469914
v -1.432562 0.208995 0.469914
v -1.362158 0.104761 -0.500249
v -1.362158 0.185170 0.317366
v -3.118788 0.104761 -0.500249
v -2.746458 0.185170 0.317366
v -3.118788 0.185170 0.317366
v -2.711172 0.104761 -0.500249
v -2.275678 0.185170 0.317366
v -2.275678 0.104761 -0.500249
v -2.711172 0.097720 -0.643876
v -2.275678 0.097720 -0.643876
v -2.746458 0.208995 0.469914
v -3.118788 0.208995 0.469914
v -3.189192 0.104761 -0.500249
v -3.189192 0.185170 0.317366
v -1.432562 -0.072851 -1.518085
v -1.804891 -0.103433 -0.679973
v -1.432562 -0.103433 -0.679973
v -1.840185 -0.072852 -1.518085
v -1.840185 -0.056333 -1.664428
v -1.804891 -0.097077 -0.521878
v -1.432562 -0.097077 -0.521878
v -1.362158 -0.072851 -1.518085
v -1.362158 -0.103433 -0.679973
v -3.118788 -0.072852 -1.518085
v -2.746458 -0.103433 -0.679973
v -3.118788 -0.103433 -0.679973
v -2.711172 -0.072852 -1.518085
v -2.275678 -0.103433 -0.679973
v -2.275678 -0.072852 -1.518085
v -2.711172 -0.056333 -1.664428
v -2.275678 -0.056333 -1.664428
v -2.746458 -0.097077 -0.521878
v -3.118788 -0.097077 -0.521878
v -3.189192 -0.072852 -1.518085
v -3.189192 -0.103433 -0.679973
v -1.432562 0.125920 -1.495952
v -1.804891 0.096465 -0.686343
v -1.432562 0.096465 -0.686343
v -1.840185 0.125920 -1.495952
v -1.840185 0.141845 -1.637496
v -1.804891 0.102651 -0.532317
v -1.432562 0.102651 -0.532317
v -1.362158 0.125920 -1.495952
v -1.362158 0.096465 -0.686343
v -3.118788 0.125920 -1.495952
v -2.746458 0.096465 -0.686343
v -3.118788 0.096465 -0.686343
v -2.711172 0.125920 -1.495952
v -2.275678 0.096465 -0.686343
v -2.275678 0.125920 -1.495952
v -2.711172 0.141845 -1.637496
v -2.275678 0.141845 -1.637496
v -2.746458 0.102650 -0.532317
v -3.118788 0.102650 -0.532317
v -3.189192 0.125920 -1.495952
v -3.189192 0.096465 -0.686343
v -1.432562 0.118095 -2.529889
v -1.804891 -0.049290 -1.707572
v -1.432562 -0.049289 -1.707572
v -1.840185 0.118095 -2.529889
v -1.840185 0.161028 -2.670814
v -1.804891 -0.069604 -1.550716
v -1.432562 -0.069604 -1.550716
v -1.362158 0.118095 -2.529889
v -1.362158 -0.049289 -1.707572
v -3.118788 0.118094 -2.529889
v -2.746458 -0.049290 -1.707572
v -3.118788 -0.049290 -1.707572
v -2.711172 0.118095 -2.529889
v -2.275678 -0.049290 -1.707572
v -2.275678 0.118095 -2.529889
v -2.711172 0.161028 -2.670814
v -2.275678 0.161028 -2.670814
v -2.746458 -0.069604 -1.550716
v -3.118788 -0.069604 -1.550716
v -3.189192 0.118094 -2.529889
v -3.189192 -0.049290 -1.707572
v -1.432562 0.311103 -2.477470
v -1.804891 0.148712 -1.679374
v -1.432562 0.148712 -1.679374
v -1.840185 0.311103 -2.477470
v -1.840185 0.352713 -2.613742
v -1.804891 0.129042 -1.527482
v -1.432562 0.129042 -1.527482
v -1.362158 0.311103 -2.477470
v -1.362158 0.148712 -1.679374
v -3.118788 0.311103 -2.477470
v -2.746458 0.148712 -1.679374
v -3.118788 0.148712 -1.679374
v -2.711172 0.311103 -2.477470
v -2.275678 0.148712 -1.679374
v -2.275678 0.311103 -2.477470
v -2.711172 0.352713 -2.613742
v -2.275678 0.352713 -2.613742
v -2.746458 0.129042 -1.527482
v -3.118788 0.129042 -1.527482
v -3.189192 0.311103 -2.477470
v -3.189192 0.148712 -1.679374
v -1.432562 0.476613 -3.494245
v -1.804891 0.173769 -2.712632
v -1.432562 0.173769 -2.712632
v -1.840185 0.476613 -3.494245
v -1.840185 0.544779 -3.624845
v -1.804891 0.127651 -2.561256
v -1.432562 0.127651 -2.561256
v -1.362158 0.476613 -3.494245
v -1.362158 0.173769 -2.712632
v -3.118788 0.476613 -3.494245
v -2.746458 0.173769 -2.712632
v -3.118788 0.173769 -2.712632
v -2.711172 0.476613 -3.494245
v -2.275678 0.173769 -2.712632
v -2.275678 0.476613 -3.494245
v -2.711172 0.544779 -3.624845
v -2.275678 0.544779 -3.624845
v -2.746458 0.127651 -2.561256
v -3.118788 0.127651 -2.561256
v -3.189192 0.476613 -3.494245
v -3.189192 0.173769 -2.712632
v -1.432562 0.655598 -3.405004
v -1.804891 0.365039 -2.654187
v -1.432562 0.365039 -2.654187
v -1.840185 0.655598 -3.405004
v -1.840185 0.720249 -3.528877
v -1.804891 0.320374 -2.507798
v -1.432562 0.320374 -2.507798
v -1.362158 0.655598 -3.405004
v -1.362158 0.365039 -2.654187
v -3.118788 0.655598 -3.405004
v -2.746458 0.365039 -2.654187
v -3.118788 0.365038 -2.654187
v -2.711172 0.655598 -3.405004
v -2.275678 0.365039 -2.654187
v -2.275678 0.655598 -3.405004
v -2.711172 0.720249 -3.528877
v -2.275678 0.720249 -3.528877
v -2.746458 0.320374 -2.507798
v -3.118788 0.320374 -2.507798
v -3.189192 0.655598 -3.405004
v -3.189192 0.365038 -2.654187
v -1.432562 1.067848 -4.330308
v -1.804891 0.565008 -3.663602
v -1.432562 0.565008 -3.663602
v -1.840185 1.067848 -4.330308
v -1.840185 1.172565 -4.433751
v -1.804891 0.491786 -3.523315
v -1.432562 0.491786 -3.523315
v -1.362158 1.067848 -4.330308
v -1.362158 0.565008 -3.663602
v -3.118788 1.067848 -4.330308
v -2.746458 0.565008 -3.663602
v -3.118788 0.565008 -3.663602
v -2.711172 1.067848 -4.330308
v -2.275678 0.565008 -3.663602
v -2.275678 1.067848 -4.330308
v -2.711172 1.172565 -4.433751
v -2.275678 1.172565 -4.433751
v -2.746458 0.491786 -3.523315
v -3.118788 0.491786 -3.523315
v -3.189192 1.067848 -4.330308
v -3.189192 0.565008 -3.663602
v -1.432562 1.203323 -4.183179
v -1.804891 0.739386 -3.565664
v -1.432562 0.739386 -3.565664
v -1.840185 1.203324 -4.183179
v -1.840185 1.297273 -4.277395
v -1.804891 0.670012 -3.432565
v -1.432562 0.670011 -3.432565
v -1.362158 1.203323 -4.183179
v -1.362158 0.739386 -3.565664
v -3.118788 1.203324 -4.183179
v -2.746458 0.739386 -3.565664
v -3.118788 0.739386 -3.565664
v -2.711172 1.203323 -4.183179
v -2.275678 0.739386 -3.565664
v -2.275678 1.203323 -4.183179
v -2.711172 1.297273 -4.277395
v -2.275678 1.297273 -4.277395
v -2.746458 0.670011 -3.432565
v -3.118788 0.670012 -3.432565
v -3.189192 1.203324 -4.183179
v -3.189192 0.739386 -3.565664
v -1.432562 1.977722 -4.760091
v -1.804891 1.209466 -4.457191
v -1.432562 1.209466 -4.457191
v -1.840185 1.977722 -4.760091
v -1.840185 2.125036 -4.761327
v -1.804891 1.090993 -4.353536
v -1.432562 1.090993 -4.353536
v -1.362158 1.977722 -4.760091
v -1.362158 1.209466 -4.457191
v -3.118788 1.977722 -4.760091
v -2.746458 1.209466 -4.457191
v -3.118788 1.209466 -4.457191
v -2.711172 1.977722 -4.760091
v -2.275678 1.209466 -4.457191
v -2.275678 1.977722 -4.760091
v -2.711172 2.125036 -4.761327
v -2.275678 2.125036 -4.761327
v -2.746458 1.090993 -4.353536
v -3.118788 1.090993 -4.353536
v -3.189192 1.977722 -4.760091
v -3.189192 1.209466 -4.457191
v -1.432562 1.995227 -4.560859
v -1.804891 1.329899 -4.297517
v -1.432562 1.329899 -4.297517
v -1.840185 1.995227 -4.560859
v -1.840185 2.122630 -4.561342
v -1.804891 1.224155 -4.204311
v -1.432562 1.224154 -4.204311
v -1.362158 1.995227 -4.560859
v -1.362158 1.329899 -4.297517
v -3.118788 1.995227 -4.560859
v -2.746458 1.329899 -4.297517
v -3.118788 1.329899 -4.297517
v -2.711172 1.995227 -4.560859
v -2.275678 1.329899 -4.297517
v -2.275678 1.995227 -4.560859
v -2.711172 2.122630 -4.561342
v -2.275678 2.122630 -4.561342
v -2.746458 1.224154 -4.204311
v -3.118788 1.224154 -4.204311
v -3.189192 1.995227 -4.560859
v -3.189192 1.329899 -4.297517
v -1.432562 2.902290 -4.428895
v -1.804891 2.168752 -4.761695
v -1.432562 2.168752 -4.761695
v -1.840185 2.902290 -4.428895
v -1.840185 2.990734 -4.311078
v -1.804891 2.010512 -4.760365
v -1.432562 2.010512 -4.760365
v -1.362158 2.902290 -4.428895
v -1.362158 2.168752 -4.761695
v -3.118788 2.902290 -4.428895
v -2.746458 2.168752 -4.761695
v -3.118788 2.168752 -4.761695
v -2.711172 2.902290 -4.428895
v -2.275678 2.168752 -4.761695
v -2.275678 2.902290 -4.428895
v -2.711172 2.990734 -4.311078
v -2.275678 2.990734 -4.311078
v -2.746458 2.010512 -4.760365
v -3.118788 2.010512 -4.760365
v -3.189192 2.902290 -4.428895
v -3.189192 2.168752 -4.761695
v -1.432562 2.749143 -4.300264
v -1.804891 2.160435 -4.561868
v -1.432562 2.160435 -4.561868
v -1.840185 2.749143 -4.300264
v -1.840185 2.820935 -4.205400
v -1.804891 2.023593 -4.560794
v -1.432562 2.023593 -4.560794
v -1.362158 2.749143 -4.300264
v -1.362158 2.160435 -4.561868
v -3.118788 2.749143 -4.300264
v -2.746458 2.160435 -4.561868
v -3.118788 2.160435 -4.561868
v -2.711172 2.749143 -4.300264
v -2.275678 2.160435 -4.561868
v -2.275678 2.749143 -4.300264
v -2.711172 2.820935 -4.205400
v -2.275678 2.820935 -4.205400
v -2.746458 2.023593 -4.560794
v -3.118788 2.023593 -4.560794
v -3.189192 2.749143 -4.300264
v -3.189192 2.160435 -4.561868
v -1.432562 3.234707 -3.469945
v -1.804891 3.015219 -4.275104
v -1.432562 3.015219 -4.275104
v -1.840185 3.234707 -3.469945
v -1.840185 3.251695 -3.323608
v -1.804891 2.921976 -4.402671
v -1.432562 2.921976 -4.402671
v -1.362158 3.234707 -3.469945
v -1.362158 3.015219 -4.275104
v -3.118788 3.234708 -3.469945
v -2.746458 3.015219 -4.275104
v -3.118788 3.015219 -4.275104
v -2.711172 3.234708 -3.469945
v -2.275678 3.015219 -4.275104
v -2.275678 3.234708 -3.469945
v -2.711172 3.251695 -3.323608
v -2.275678 3.251695 -3.323608
v -2.746458 2.921976 -4.402671
v -3.118788 2.921976 -4.402671
v -3.189192 3.234708 -3.469945
v -3.189192 3.015219 -4.275104
v -1.432562 3.036217 -3.445417
v -1.804891 2.841372 -4.176223
v -1.432562 2.841372 -4.176223
v -1.840185 3.036217 -3.445417
v -1.840185 3.052409 -3.306720
v -1.804891 2.764844 -4.278940
v -1.432562 2.764844 -4.278940
v -1.362158 3.036217 -3.445417
v -1.362158 2.841372 -4.176223
v -3.118788 3.036218 -3.445417
v -2.746458 2.841372 -4.176223
v -3.118788 2.841372 -4.176223
v -2.711172 3.036218 -3.445417
v -2.275678 2.841372 -4.176223
v -2.275678 3.036217 -3.445417
v -2.711172 3.052409 -3.306720
v -2.275678 3.052409 -3.306720
v -2.746458 2.764844 -4.278940
v -3.118788 2.764844 -4.278940
v -3.189192 3.036218 -3.445417
v -3.189192 2.841372 -4.176223
v -1.432562 3.262537 -2.440744
v -1.804891 3.255685 -3.280103
v -1.432562 3.255685 -3.280103
v -1.840185 3.262537 -2.440744
v -1.840185 3.256219 -2.293560
v -1.804891 3.238489 -3.437373
v -1.432562 3.238489 -3.437373
v -1.362158 3.262537 -2.440744
v -1.362158 3.255685 -3.280103
v -3.118788 3.262537 -2.440744
v -2.746458 3.255686 -3.280103
v -3.118788 3.255686 -3.280103
v -2.711172 3.262537 -2.440744
v -2.275678 3.255685 -3.280103
v -2.275678 3.262537 -2.440744
v -2.711172 3.256220 -2.293560
v -2.275678 3.256220 -2.293560
v -2.746458 3.238489 -3.437373
v -3.118788 3.238489 -3.437373
v -3.189192 3.262537 -2.440744
v -3.189192 3.255686 -3.280103
v -1.432562 3.062630 -2.446859
v -1.804891 3.056240 -3.265224
v -1.432562 3.056240 -3.265224
v -1.840185 3.062630 -2.446859
v -1.840185 3.056365 -2.301177
v -1.804891 3.039796 -3.414543
v -1.432562 3.039796 -3.414543
v -1.362158 3.062630 -2.446859
v -1.362158 3.056240 -3.265224
v -3.118788 3.062630 -2.446859
v -2.746458 3.056240 -3.265224
v -3.118788 3.056240 -3.265224
v -2.711172 3.062630 -2.446859
v -2.275678 3.056240 -3.265224
v -2.275678 3.062630 -2.446859
v -2.711172 3.056365 -2.301177
v -2.275678 3.056365 -2.301177
v -2.746458 3.039796 -3.414543
v -3.118788 3.039796 -3.414543
v -3.189192 3.062630 -2.446859
v -3.189192 3.056240 -3.265224
v -1.432562 3.211757 -1.411260
v -1.804891 3.254345 -2.249883
v -1.432562 3.254345 -2.249883
v -1.840185 3.211757 -1.411260
v -1.840185 3.205240 -1.264093
v -1.804891 3.261130 -2.407983
v -1.432562 3.261130 -2.407983
v -1.362158 3.211757 -1.411260
v -1.362158 3.254345 -2.249883
v -3.118788 3.211757 -1.411260
v -2.746458 3.254345 -2.249883
v -3.118788 3.254345 -2.249883
v -2.711172 3.211757 -1.411260
v -2.275678 3.254345 -2.249883
v -2.275678 3.211757 -1.411260
v -2.711172 3.205240 -1.264093
v -2.275678 3.205240 -1.264093
v -2.746458 3.261131 -2.407983
v -3.118788 3.261131 -2.407983
v -3.189192 3.211757 -1.411260
v -3.189192 3.254345 -2.249883
v -1.432562 3.011925 -1.419442
v -1.804891 3.054508 -2.257949
v -1.432562 3.054508 -2.257949
v -1.840185 3.011925 -1.419442
v -1.840185 3.005352 -1.270795
v -1.804891 3.061235 -2.414432
v -1.432562 3.061235 -2.414432
v -1.362158 3.011925 -1.419442
v -1.362158 3.054508 -2.257949
v -3.118788 3.011925 -1.419442
v -2.746458 3.054508 -2.257949
v -3.118788 3.054508 -2.257949
v -2.711172 3.011925 -1.419442
v -2.275678 3.054508 -2.257949
v -2.275678 3.011925 -1.419442
v -2.711172 3.005352 -1.270795
v -2.275678 3.005352 -1.270795
v -2.746458 3.061235 -2.414432
v -3.118788 3.061235 -2.414432
v -3.189192 3.011925 -1.419442
v -3.189192 3.054508 -2.257949
v -1.432562 3.206607 -0.380823
v -1.804891 3.204255 -1.220386
v -1.432562 3.204254 -1.220386
v -1.840185 3.206607 -0.380823
v -1.840185 3.209882 -0.233539
v -1.804891 3.210142 -1.378509
v -1.432562 3.210142 -1.378509
v -1.362158 3.206607 -0.380823
v -1.362158 3.204255 -1.220386
v -3.118788 3.206607 -0.380823
v -2.746458 3.204255 -1.220386
v -3.118788 3.204255 -1.220386
v -2.711172 3.206607 -0.380823
v -2.275678 3.204255 -1.220386
v -2.275678 3.206607 -0.380823
v -2.711172 3.209882 -0.233539
v -2.275678 3.209882 -0.233539
v -2.746458 3.210143 -1.378509
v -3.118788 3.210143 -1.378509
v -3.189192 3.206607 -0.380823
v -3.189192 3.204255 -1.220386
v -1.432562 3.006639 -0.377252
v -1.804891 3.004343 -1.226331
v -1.432562 3.004343 -1.226331
v -1.840185 3.006639 -0.377252
v -1.840185 3.009914 -0.229915
v -1.804891 3.010298 -1.386419
v -1.432562 3.010298 -1.386419
v -1.362158 3.006639 -0.377252
v -1.362158 3.004343 -1.226331
v -3.118788 3.006639 -0.377252
v -2.746458 3.004343 -1.226331
v -3.118788 3.004343 -1.226331
v -2.711172 3.006639 -0.377252
v -2.275678 3.004343 -1.226331
v -2.275678 3.006639 -0.377252
v -2.711172 3.009915 -0.229915
v -2.275678 3.009915 -0.229915
v -2.746458 3.010298 -1.386417
v -3.118788 3.010298 -1.386417
v -3.189192 3.006639 -0.377252
v -3.189192 3.004343 -1.226331
v -1.432562 3.215343 0.649811
v -1.804891 3.210855 -0.189834
v -1.432562 3.210855 -0.189834
v -1.840185 3.215343 0.649811
v -1.840185 3.212907 0.797093
v -1.804891 3.207336 -0.348039
v -1.432562 3.207336 -0.348039
v -1.362158 3.215343 0.649811
v -1.362158 3.210855 -0.189834
v -3.118788 3.215344 0.649811
v -2.746458 3.210855 -0.189834
v -3.118788 3.210855 -0.189834
v -2.711172 3.215344 0.649811
v -2.275678 3.210855 -0.189834
v -2.275678 3.215344 0.649811
v -2.711172 3.212907 0.797093
v -2.275678 3.212907 0.797093
v -2.746458 3.207336 -0.348039
v -3.118788 3.207336 -0.348039
v -3.189192 3.215344 0.649811
v -3.189192 3.210855 -0.189834
v -1.432562 3.015382 0.645884
v -1.804891 3.010888 -0.186193
v -1.432562 3.010888 -0.186193
v -1.840185 3.015382 0.645884
v -1.840185 3.013000 0.791014
v -1.804891 3.007369 -0.344457
v -1.432562 3.007369 -0.344457
v -1.362158 3.015382 0.645884
v -1.362158 3.010888 -0.186193
v -3.118788 3.015382 0.645884
v -2.746458 3.010888 -0.186193
v -3.118788 3.010888 -0.186193
v -2.711172 3.015382 0.645884
v -2.275678 3.010888 -0.186193
v -2.275678 3.015382 0.645884
v -2.711172 3.013000 0.791014
v -2.275678 3.013000 0.791014
v -2.746458 3.007369 -0.344457
v -3.118788 3.007369 -0.344457
v -3.189192 3.015382 0.645884
v -3.189192 3.010888 -0.186193
v -1.432562 3.146760 1.677685
v -1.804891 3.210896 0.840764
v -1.432562 3.210896 0.840764
v -1.840185 3.146760 1.677685
v -1.840185 3.119612 1.822478
v -1.804891 3.215075 0.682601
v -1.432562 3.215075 0.682601
v -1.362158 3.146760 1.677685
v -1.362158 3.210896 0.840764
v -3.118788 3.146760 1.677685
v -2.746458 3.210898 0.840764
v -3.118788 3.210898 0.840764
v -2.711172 3.146760 1.677685
v -2.275678 3.210898 0.840764
v -2.275678 3.146760 1.677685
v -2.711172 3.119612 1.822478
v -2.275678 3.119612 1.822478
v -2.746458 3.215075 0.682601
v -3.118788 3.215075 0.682601
v -3.189192 3.146760 1.677685
v -3.189192 3.210898 0.840764
v -1.432562 2.948836 1.648944
v -1.804891 3.011019 0.833796
v -1.432562 3.011019 0.833796
v -1.840185 2.948836 1.648944
v -1.840185 2.922832 1.786730
v -1.804891 3.015123 0.678248
v -1.432562 3.015123 0.678248
v -1.362158 2.948836 1.648944
v -1.362158 3.011019 0.833796
v -3.118788 2.948836 1.648944
v -2.746458 3.011019 0.833796
v -3.118788 3.011019 0.833796
v -2.711172 2.948836 1.648944
v -2.275678 3.011019 0.833796
v -2.275678 2.948836 1.648944
v -2.711172 2.922833 1.786730
v -2.275678 2.922833 1.786730
v -2.746458 3.015123 0.678248
v -3.118788 3.015123 0.678250
v -3.189192 2.948836 1.648944
v -3.189192 3.011019 0.833796
v -1.432562 2.848571 2.657359
v -1.804891 3.111529 1.865443
v -1.432562 3.111529 1.865443
v -1.840185 2.848572 2.657361
v -1.840185 2.776780 2.785605
v -1.804891 3.140786 1.709925
v -1.432562 3.140786 1.709925
v -1.362158 2.848571 2.657359
v -1.362158 3.111529 1.865443
v -3.118788 2.848572 2.657361
v -2.746458 3.111529 1.865443
v -3.118788 3.111529 1.865443
v -2.711172 2.848572 2.657361
v -2.275678 3.111529 1.865443
v -2.275678 2.848572 2.657361
v -2.711172 2.776780 2.785605
v -2.275678 2.776780 2.785605
v -2.746458 3.140786 1.709925
v -3.118788 3.140786 1.709927
v -3.189192 2.848572 2.657361
v -3.189192 3.111529 1.865443
v -1.432562 2.676814 2.554894
v -1.804891 2.915138 1.827618
v -1.432562 2.915138 1.827618
v -1.840185 2.676814 2.554894
v -1.840185 2.615931 2.666747
v -1.804891 2.943093 1.679637
v -1.432562 2.943093 1.679637
v -1.362158 2.676814 2.554894
v -1.362158 2.915138 1.827618
v -3.118788 2.676814 2.554894
v -2.746458 2.915138 1.827620
v -3.118788 2.915138 1.827620
v -2.711172 2.676814 2.554894
v -2.275678 2.915138 1.827620
v -2.275678 2.676814 2.554894
v -2.711172 2.615931 2.666747
v -2.275678 2.615931 2.666747
v -2.746458 2.943093 1.679637
v -3.118788 2.943093 1.679637
v -3.189192 2.676814 2.554894
v -3.189192 2.915138 1.827620
v -1.432562 2.021637 3.166987
v -1.804891 2.746635 2.817267
v -1.432562 2.746635 2.817267
v -1.840185 2.021636 3.166987
v -1.840185 1.875848 3.162352
v -1.804891 2.833094 2.686270
v -1.432562 2.833094 2.686270
v -1.362158 2.021637 3.166987
v -1.362158 2.746635 2.817267
v -3.118788 2.021636 3.166987
v -2.746458 2.746635 2.817267
v -3.118788 2.746635 2.817267
v -2.711172 2.021636 3.166987
v -2.275678 2.746635 2.817267
v -2.275678 2.021636 3.166987
v -2.711172 1.875848 3.162352
v -2.275678 1.875848 3.162352
v -2.746458 2.833094 2.686270
v -3.118788 2.833094 2.686270
v -3.189192 2.021636 3.166987
v -3.189192 2.746635 2.817267
v -1.432562 2.017704 2.967024
v -1.804891 2.591030 2.691621
v -1.432562 2.591030 2.691621
v -1.840185 2.017703 2.967024
v -1.840185 1.896529 2.963423
v -1.804891 2.663541 2.580195
v -1.432562 2.663541 2.580195
v -1.362158 2.017703 2.967024
v -1.362158 2.591030 2.691619
v -3.118788 2.017703 2.967024
v -2.746458 2.591030 2.691621
v -3.118788 2.591030 2.691621
v -2.711172 2.017703 2.967024
v -2.275678 2.591030 2.691621
v -2.275678 2.017703 2.967024
v -2.711172 1.896529 2.963423
v -2.275678 1.896529 2.963423
v -2.746458 2.663542 2.580197
v -3.118788 2.663542 2.580197
v -3.189192 2.017703 2.967024
v -3.189192 2.591030 2.691621
vn -0.0000 -0.0422 0.9991
vn -0.0000 -0.4566 0.8897
vn -0.0000 0.4378 0.8991
vn -0.0000 0.0498 -0.9988
vn -0.0000 0.4670 -0.8843
vn -0.0000 -0.4432 -0.8964
vn -0.0000 0.9425 -0.3342
vn -0.0000 -0.9402 -0.3405
vn -0.0000 -0.9039 -0.4277
vn -1.0000 -0.0000 -0.0000
vn -0.0000 0.8652 -0.5015
vn 1.0000 -0.0000 -0.0000
vn -0.0000 -0.6589 0.7523
vn -0.0000 -0.7922 0.6103
vn -0.0000 0.6609 -0.7505
vn -0.0000 0.7897 -0.6135
vn -0.0000 0.4638 -0.8860
vn -0.0000 0.8916 0.4528
vn -0.0000 -0.6021 -0.7984
vn -0.0000 -0.5496 -0.8355
vn -0.0000 0.9329 0.3602
vn -0.0000 -0.9069 0.4214
vn -0.0000 -0.9591 0.2832
vn -0.0000 -0.8132 0.5819
vn -0.0000 0.9072 -0.4206
vn -0.0000 0.9594 -0.2821
vn -0.0000 0.8121 -0.5835
vn -0.0000 0.5369 0.8436
vn -0.0000 -0.3260 -0.9454
vn -0.0000 -0.3001 -0.9539
vn -0.0000 0.5906 0.8070
vn -0.0000 -0.9745 0.2242
vn -0.0000 -0.9880 0.1543
vn -0.0000 0.9746 -0.2240
vn -0.0000 0.9880 -0.1542
vn -0.0000 0.9593 -0.2823
vn -0.0000 0.2924 0.9563
vn -0.0000 -0.1669 -0.9860
vn -0.0000 -0.1492 -0.9888
vn -0.0000 0.3202 0.9473
vn -0.0000 -0.9952 0.0979
vn -0.0000 -0.9988 0.0489
vn -0.0000 0.9952 -0.0979
vn -0.0000 0.9988 -0.0490
vn -0.0000 0.9880 -0.1543
vn -0.0000 0.1440 0.9896
vn -0.0000 -0.0555 -0.9985
vn -0.0000 -0.0380 -0.9993
vn -0.0000 0.1630 0.9866
vn -0.0000 -0.9993 -0.0365
vn -0.0000 -0.9937 -0.1122
vn -0.0000 -0.9992 0.0402
vn -0.0000 0.9993 0.0364
vn -0.0000 0.9937 0.1118
vn -0.0000 0.9992 -0.0401
vn -0.0000 0.0319 0.9995
vn -0.0000 0.1107 -0.9939
vn -0.0000 0.1347 -0.9909
vn -0.0000 0.0522 0.9986
vn -0.0000 -0.9799 -0.1995
vn -0.0000 -0.9566 -0.2914
vn -0.0000 -0.9917 -0.1284
vn -0.0000 0.9799 0.1994
vn -0.0000 0.9564 0.2920
vn -0.0000 0.9917 0.1284
vn -0.0000 -0.1410 0.9900
vn -0.0000 0.2621 -0.9650
vn -0.0000 0.2854 -0.9584
vn -0.0000 -0.1162 0.9932
vn -0.0000 -0.9325 -0.3613
vn -0.0000 -0.8865 -0.4627
vn -0.0000 0.9326 0.3609
vn -0.0000 0.8865 0.4627
vn -0.0000 0.9565 0.2918
vn -0.0000 -0.2922 0.9563
vn -0.0000 0.4462 -0.8949
vn -0.0000 0.4798 -0.8774
vn -0.0000 -0.2673 0.9636
vn -0.0000 -0.7984 -0.6022
vn -0.0000 -0.7028 -0.7114
vn -0.0000 0.7995 0.6007
vn -0.0000 0.7081 0.7061
vn -0.0000 0.8868 0.4622
vn -0.0000 -0.4897 0.8719
vn -0.0000 0.7356 -0.6774
vn -0.0000 0.7818 -0.6235
vn -0.0000 -0.4537 0.8911
vn -0.0000 -0.3668 -0.9303
vn -0.0000 -0.0084 -1.0000
vn -0.0000 -0.6585 -0.7526
vn -0.0000 0.3680 0.9298
vn -0.0000 0.0038 1.0000
vn -0.0000 0.6612 0.7502
vn -0.0000 -0.7984 0.6022
vn -0.0000 0.9962 -0.0875
vn -0.0000 0.9999 0.0120
vn -0.0000 -0.7461 0.6658
vn -0.0000 0.4132 -0.9107
vn -0.0000 0.7997 -0.6004
vn -0.0000 -0.4061 0.9138
vn -0.0000 -0.7974 0.6035
vn -0.0000 0.0078 1.0000
vn -0.0000 -0.9991 -0.0416
vn -0.0000 0.6432 0.7657
vn -0.0000 0.5284 0.8490
vn -0.0000 -0.9979 0.0654
vn -0.0000 0.9648 -0.2630
vn -0.0000 0.9933 -0.1153
vn -0.0000 0.8073 -0.5901
vn -0.0000 -0.9662 0.2576
vn -0.0000 -0.9933 0.1159
vn -0.0000 -0.8019 0.5975
vn -0.0000 -0.9933 0.1160
vn -0.0000 -0.4944 -0.8692
vn -0.0000 0.1226 0.9925
vn -0.0000 0.0844 0.9964
vn -0.0000 -0.6187 -0.7857
vn -0.0000 1.0000 -0.0082
vn -0.0000 0.9991 0.0429
vn -0.0000 0.9941 -0.1087
vn -0.0000 -1.0000 0.0078
vn -0.0000 -0.9991 -0.0430
vn -0.0000 -0.9940 0.1095
vn -0.0000 -0.0744 -0.9972
vn -0.0000 -0.0306 0.9995
vn -0.0000 -0.0381 0.9993
vn -0.0000 -0.1141 -0.9935
vn -0.0000 -0.1142 -0.9935
vn -0.0000 0.9987 0.0507
vn -0.0000 0.9990 0.0442
vn -0.0000 -0.9987 -0.0507
vn -0.0000 -0.9990 -0.0442
vn -0.0000 -0.9991 -0.0429
vn -0.0000 0.0403 -0.9992
vn -0.0000 -0.0409 0.9992
vn -0.0000 -0.0335 0.9994
vn -0.0000 0.0322 -0.9995
vn -0.0000 1.0000 -0.0028
vn -0.0000 0.9998 -0.0222
vn -0.0000 0.9993 0.0372
vn -0.0000 -1.0000 0.0027
vn -0.0000 -0.9998 0.0222
vn -0.0000 -0.9993 -0.0372
vn -0.0000 0.0297 -0.9996
vn -0.0000 0.0179 0.9998
vn -0.0000 0.0181 0.9998
vn -0.0000 0.0395 -0.9992
vn -0.0000 1.0000 -0.0053
vn -0.0000 0.9999 0.0165
vn -0.0000 -1.0000 0.0054
vn -0.0000 -0.9999 -0.0164
vn -0.0000 -0.0182 -0.9998
vn -0.0000 -0.0196 0.9998
vn -0.0000 -0.0304 0.9995
vn -0.0000 -0.0179 -0.9998
vn -0.0000 0.9971 0.0764
vn -0.0000 0.9829 0.1843
vn -0.0000 0.9997 0.0264
vn -0.0000 -0.9971 -0.0761
vn -0.0000 -0.9827 -0.1854
vn -0.0000 -0.9997 -0.0264
vn -0.0000 -0.9827 -0.1855
vn -0.0000 0.0348 -0.9994
vn -0.0000 -0.1437 0.9896
vn -0.0000 -0.1787 0.9839
vn -0.0000 0.0218 -0.9998
vn -0.0000 0.9490 0.3151
vn -0.0000 0.8726 0.4885
vn -0.0000 0.9828 0.1849
vn -0.0000 -0.9503 -0.3114
vn -0.0000 -0.8783 -0.4781
vn -0.0000 -0.9826 -0.1856
vn -0.0000 0.1891 -0.9820
vn -0.0000 -0.5123 0.8588
vn -0.0000 -0.5943 0.8042
vn -0.0000 0.1514 -0.9885
vn -0.0000 0.4345 0.9007
vn -0.0000 -0.0318 0.9995
vn -0.0000 0.8346 0.5509
vn -0.0000 -0.4330 -0.9014
vn -0.0000 -0.8382 -0.5454
vn -0.0000 -0.8381 -0.5454
vn -0.0000 0.6282 -0.7780
vn -0.0000 -0.9998 0.0197
vn -0.0000 -0.9946 -0.1034
vn -0.0000 0.5304 -0.8478
vn -0.0000 0.4638 -0.8859
vn -0.0000 -0.3002 -0.9539
vn -0.0000 -0.4538 0.8911
vn -1.0000 0.0003 -0.0000
vn -0.0000 -0.8019 0.5974
vn -0.0000 0.0396 -0.9992
vn -0.0000 0.8346 0.5508
vt 0.851452 0.705523
vt 0.850843 0.705523
vt 0.850889 0.704437
vt 0.851452 0.704437
vt 0.850361 0.705523
vt 0.850361 0.704437
vt 0.850889 0.704247
vt 0.851452 0.704247
vt 0.850843 0.705728
vt 0.850361 0.705728
vt 0.850270 0.705523
vt 0.850270 0.704437
s 0
usemtl Material.001
f 1244/1455/504 1232/1456/504 1234/1457/504 1245/1458/504
f 1234/1457/504 1232/1456/504 1233/1459/504 1231/1460/504
f 1245/1458/505 1234/1457/505 1235/1461/505 1247/1462/505
f 1233/1459/506 1232/1456/506 1236/1463/506 1237/1464/506
f 1231/1460/504 1233/1459/504 1239/1465/504 1238/1466/504
f 1244/1455/504 1245/1458/504 1243/1457/504 1241/1456/504
f 1243/1457/504 1240/1460/504 1242/1459/504 1241/1456/504
f 1245/1458/505 1247/1462/505 1246/1461/505 1243/1457/505
f 1242/1459/506 1249/1464/506 1248/1463/506 1241/1456/506
f 1240/1460/504 1250/1466/504 1251/1465/504 1242/1459/504
f 1265/1455/507 1266/1458/507 1255/1457/507 1253/1456/507
f 1255/1457/507 1252/1460/507 1254/1459/507 1253/1456/507
f 1266/1458/508 1268/1462/508 1256/1461/508 1255/1457/508
f 1254/1459/509 1258/1464/509 1257/1463/509 1253/1456/509
f 1252/1460/507 1259/1466/507 1260/1465/507 1254/1459/507
f 1265/1455/507 1262/1456/507 1264/1457/507 1266/1458/507
f 1264/1457/507 1262/1456/507 1263/1459/507 1261/1460/507
f 1266/1458/508 1264/1457/508 1267/1461/508 1268/1462/508
f 1263/1459/509 1262/1456/509 1269/1463/509 1270/1464/509
f 1261/1460/507 1263/1459/507 1272/1465/507 1271/1466/507
f 1232/1456/510 1244/1455/510 1265/1455/510 1253/1456/510
f 1234/1457/511 1231/1460/511 1252/1460/511 1255/1457/511
f 1247/1462/512 1235/1461/512 1256/1461/512 1268/1462/512
f 1235/1461/513 1234/1457/513 1255/1457/513 1256/1461/513
f 1237/1464/514 1236/1463/514 1257/1463/514 1258/1464/514
f 1233/1459/513 1237/1464/513 1258/1464/513 1254/1459/513
f 1236/1463/515 1232/1456/515 1253/1456/515 1257/1463/515
f 1238/1466/513 1239/1465/513 1260/1465/513 1259/1466/513
f 1231/1460/511 1238/1466/511 1259/1466/511 1252/1460/511
f 1239/1465/510 1233/1459/510 1254/1459/510 1260/1465/510
f 1244/1455/510 1241/1456/510 1262/1456/510 1265/1455/510
f 1240/1460/511 1243/1457/511 1264/1457/511 1261/1460/511
f 1246/1461/512 1247/1462/512 1268/1462/512 1267/1461/512
f 1243/1457/515 1246/1461/515 1267/1461/515 1264/1457/515
f 1248/1463/514 1249/1464/514 1270/1464/514 1269/1463/514
f 1249/1464/515 1242/1459/515 1263/1459/515 1270/1464/515
f 1241/1456/513 1248/1463/513 1269/1463/513 1262/1456/513
f 1251/1465/515 1250/1466/515 1271/1466/515 1272/1465/515
f 1250/1466/511 1240/1460/511 1261/1460/511 1271/1466/511
f 1242/1459/510 1251/1465/510 1272/1465/510 1263/1459/510
f 1286/1455/516 1274/1456/516 1276/1457/516 1287/1458/516
f 1276/1457/516 1274/1456/516 1275/1459/516 1273/1460/516
f 1287/1458/517 1276/1457/517 1277/1461/517 1289/1462/517
f 1275/1459/505 1274/1456/505 1278/1463/505 1279/1464/505
f 1273/1460/516 1275/1459/516 1281/1465/516 1280/1466/516
f 1286/1455/516 1287/1458/516 1285/1457/516 1283/1456/516
f 1285/1457/516 1282/1460/516 1284/1459/516 1283/1456/516
f 1287/1458/517 1289/1462/517 1288/1461/517 1285/1457/517
f 1284/1459/505 1291/1464/505 1290/1463/505 1283/1456/505
f 1282/1460/516 1292/1466/516 1293/1465/516 1284/1459/516
f 1307/1455/518 1308/1458/518 1297/1457/518 1295/1456/518
f 1297/1457/518 1294/1460/518 1296/1459/518 1295/1456/518
f 1308/1458/519 1310/1462/519 1298/1461/519 1297/1457/519
f 1296/1459/520 1300/1464/520 1299/1463/520 1295/1456/520
f 1294/1460/518 1301/1466/518 1302/1465/518 1296/1459/518
f 1307/1455/518 1304/1456/518 1306/1457/518 1308/1458/518
f 1306/1457/518 1304/1456/518 1305/1459/518 1303/1460/518
f 1308/1458/519 1306/1457/519 1309/1461/519 1310/1462/519
f 1305/1459/520 1304/1456/520 1311/1463/520 1312/1464/520
f 1303/1460/518 1305/1459/518 1314/1465/518 1313/1466/518
f 1274/1456/521 1286/1455/521 1307/1455/521 1295/1456/521
f 1276/1457/522 1273/1460/522 1294/1460/522 1297/1457/522
f 1289/1462/523 1277/1461/523 1298/1461/523 1310/1462/523
f 1277/1461/513 1276/1457/513 1297/1457/513 1298/1461/513
f 1279/1464/524 1278/1463/524 1299/1463/524 1300/1464/524
f 1275/1459/513 1279/1464/513 1300/1464/513 1296/1459/513
f 1278/1463/515 1274/1456/515 1295/1456/515 1299/1463/515
f 1280/1466/513 1281/1465/513 1302/1465/513 1301/1466/513
f 1273/1460/522 1280/1466/522 1301/1466/522 1294/1460/522
f 1281/1465/521 1275/1459/521 1296/1459/521 1302/1465/521
f 1286/1455/521 1283/1456/521 1304/1456/521 1307/1455/521
f 1282/1460/522 1285/1457/522 1306/1457/522 1303/1460/522
f 1288/1461/523 1289/1462/523 1310/1462/523 1309/1461/523
f 1285/1457/515 1288/1461/515 1309/1461/515 1306/1457/515
f 1290/1463/524 1291/1464/524 1312/1464/524 1311/1463/524
f 1291/1464/515 1284/1459/515 1305/1459/515 1312/1464/515
f 1283/1456/513 1290/1463/513 1311/1463/513 1304/1456/513
f 1293/1465/515 1292/1466/515 1313/1466/515 1314/1465/515
f 1292/1466/522 1282/1460/522 1303/1460/522 1313/1466/522
f 1284/1459/521 1293/1465/521 1314/1465/521 1305/1459/521
f 1328/1455/525 1316/1456/525 1318/1457/525 1329/1458/525
f 1318/1457/525 1316/1456/525 1317/1459/525 1315/1460/525
f 1329/1458/526 1318/1457/526 1319/1461/526 1331/1462/526
f 1317/1459/527 1316/1456/527 1320/1463/527 1321/1464/527
f 1315/1460/525 1317/1459/525 1323/1465/525 1322/1466/525
f 1328/1455/525 1329/1458/525 1327/1457/525 1325/1456/525
f 1327/1457/525 1324/1460/525 1326/1459/525 1325/1456/525
f 1329/1458/526 1331/1462/526 1330/1461/526 1327/1457/526
f 1326/1459/527 1333/1464/527 1332/1463/527 1325/1456/527
f 1324/1460/525 1334/1466/525 1335/1465/525 1326/1459/525
f 1349/1455/528 1350/1458/528 1339/1457/528 1337/1456/528
f 1339/1457/528 1336/1460/528 1338/1459/528 1337/1456/528
f 1350/1458/529 1352/1462/529 1340/1461/529 1339/1457/529
f 1338/1459/530 1342/1464/530 1341/1463/530 1337/1456/530
f 1336/1460/528 1343/1466/528 1344/1465/528 1338/1459/528
f 1349/1455/528 1346/1456/528 1348/1457/528 1350/1458/528
f 1348/1457/528 1346/1456/528 1347/1459/528 1345/1460/528
f 1350/1458/529 1348/1457/529 1351/1461/529 1352/1462/529
f 1347/1459/530 1346/1456/530 1353/1463/530 1354/1464/530
f 1345/1460/528 1347/1459/528 1356/1465/528 1355/1466/528
f 1316/1456/531 1328/1455/531 1349/1455/531 1337/1456/531
f 1318/1457/532 1315/1460/532 1336/1460/532 1339/1457/532
f 1331/1462/533 1319/1461/533 1340/1461/533 1352/1462/533
f 1319/1461/513 1318/1457/513 1339/1457/513 1340/1461/513
f 1321/1464/534 1320/1463/534 1341/1463/534 1342/1464/534
f 1317/1459/513 1321/1464/513 1342/1464/513 1338/1459/513
f 1320/1463/515 1316/1456/515 1337/1456/515 1341/1463/515
f 1322/1466/513 1323/1465/513 1344/1465/513 1343/1466/513
f 1315/1460/532 1322/1466/532 1343/1466/532 1336/1460/532
f 1323/1465/531 1317/1459/531 1338/1459/531 1344/1465/531
f 1328/1455/531 1325/1456/531 1346/1456/531 1349/1455/531
f 1324/1460/532 1327/1457/532 1348/1457/532 1345/1460/532
f 1330/1461/533 1331/1462/533 1352/1462/533 1351/1461/533
f 1327/1457/515 1330/1461/515 1351/1461/515 1348/1457/515
f 1332/1463/534 1333/1464/534 1354/1464/534 1353/1463/534
f 1333/1464/515 1326/1459/515 1347/1459/515 1354/1464/515
f 1325/1456/513 1332/1463/513 1353/1463/513 1346/1456/513
f 1335/1465/515 1334/1466/515 1355/1466/515 1356/1465/515
f 1334/1466/532 1324/1460/532 1345/1460/532 1355/1466/532
f 1326/1459/531 1335/1465/531 1356/1465/531 1347/1459/531
f 1370/1455/535 1358/1456/535 1360/1457/535 1371/1458/535
f 1360/1457/535 1358/1456/535 1359/1459/535 1357/1460/535
f 1371/1458/536 1360/1457/536 1361/1461/536 1373/1462/536
f 1359/1459/526 1358/1456/526 1362/1463/526 1363/1464/526
f 1357/1460/535 1359/1459/535 1365/1465/535 1364/1466/535
f 1370/1455/535 1371/1458/535 1369/1457/535 1367/1456/535
f 1369/1457/535 1366/1460/535 1368/1459/535 1367/1456/535
f 1371/1458/536 1373/1462/536 1372/1461/536 1369/1457/536
f 1368/1459/526 1375/1464/526 1374/1463/526 1367/1456/526
f 1366/1460/535 1376/1466/535 1377/1465/535 1368/1459/535
f 1391/1455/537 1392/1458/537 1381/1457/537 1379/1456/537
f 1381/1457/537 1378/1460/537 1380/1459/537 1379/1456/537
f 1392/1458/538 1394/1462/538 1382/1461/538 1381/1457/538
f 1380/1459/539 1384/1464/539 1383/1463/539 1379/1456/539
f 1378/1460/537 1385/1466/537 1386/1465/537 1380/1459/537
f 1391/1455/537 1388/1456/537 1390/1457/537 1392/1458/537
f 1390/1457/537 1388/1456/537 1389/1459/537 1387/1460/537
f 1392/1458/538 1390/1457/538 1393/1461/538 1394/1462/538
f 1389/1459/539 1388/1456/539 1395/1463/539 1396/1464/539
f 1387/1460/537 1389/1459/537 1398/1465/537 1397/1466/537
f 1358/1456/540 1370/1455/540 1391/1455/540 1379/1456/540
f 1360/1457/541 1357/1460/541 1378/1460/541 1381/1457/541
f 1373/1462/542 1361/1461/542 1382/1461/542 1394/1462/542
f 1361/1461/513 1360/1457/513 1381/1457/513 1382/1461/513
f 1363/1464/543 1362/1463/543 1383/1463/543 1384/1464/543
f 1359/1459/513 1363/1464/513 1384/1464/513 1380/1459/513
f 1362/1463/515 1358/1456/515 1379/1456/515 1383/1463/515
f 1364/1466/513 1365/1465/513 1386/1465/513 1385/1466/513
f 1357/1460/541 1364/1466/541 1385/1466/541 1378/1460/541
f 1365/1465/540 1359/1459/540 1380/1459/540 1386/1465/540
f 1370/1455/540 1367/1456/540 1388/1456/540 1391/1455/540
f 1366/1460/541 1369/1457/541 1390/1457/541 1387/1460/541
f 1372/1461/542 1373/1462/542 1394/1462/542 1393/1461/542
f 1369/1457/515 1372/1461/515 1393/1461/515 1390/1457/515
f 1374/1463/543 1375/1464/543 1396/1464/543 1395/1463/543
f 1375/1464/515 1368/1459/515 1389/1459/515 1396/1464/515
f 1367/1456/513 1374/1463/513 1395/1463/513 1388/1456/513
f 1377/1465/515 1376/1466/515 1397/1466/515 1398/1465/515
f 1376/1466/541 1366/1460/541 1387/1460/541 1397/1466/541
f 1368/1459/540 1377/1465/540 1398/1465/540 1389/1459/540
f 1412/1455/544 1400/1456/544 1402/1457/544 1413/1458/544
f 1402/1457/544 1400/1456/544 1401/1459/544 1399/1460/544
f 1413/1458/545 1402/1457/545 1403/1461/545 1415/1462/545
f 1401/1459/536 1400/1456/536 1404/1463/536 1405/1464/536
f 1399/1460/544 1401/1459/544 1407/1465/544 1406/1466/544
f 1412/1455/544 1413/1458/544 1411/1457/544 1409/1456/544
f 1411/1457/544 1408/1460/544 1410/1459/544 1409/1456/544
f 1413/1458/545 1415/1462/545 1414/1461/545 1411/1457/545
f 1410/1459/536 1417/1464/536 1416/1463/536 1409/1456/536
f 1408/1460/544 1418/1466/544 1419/1465/544 1410/1459/544
f 1433/1455/546 1434/1458/546 1423/1457/546 1421/1456/546
f 1423/1457/546 1420/1460/546 1422/1459/546 1421/1456/546
f 1434/1458/547 1436/1462/547 1424/1461/547 1423/1457/547
f 1422/1459/548 1426/1464/548 1425/1463/548 1421/1456/548
f 1420/1460/546 1427/1466/546 1428/1465/546 1422/1459/546
f 1433/1455/546 1430/1456/546 1432/1457/546 1434/1458/546
f 1432/1457/546 1430/1456/546 1431/1459/546 1429/1460/546
f 1434/1458/547 1432/1457/547 1435/1461/547 1436/1462/547
f 1431/1459/548 1430/1456/548 1437/1463/548 1438/1464/548
f 1429/1460/546 1431/1459/546 1440/1465/546 1439/1466/546
f 1400/1456/549 1412/1455/549 1433/1455/549 1421/1456/549
f 1402/1457/550 1399/1460/550 1420/1460/550 1423/1457/550
f 1415/1462/551 1403/1461/551 1424/1461/551 1436/1462/551
f 1403/1461/513 1402/1457/513 1423/1457/513 1424/1461/513
f 1405/1464/552 1404/1463/552 1425/1463/552 1426/1464/552
f 1401/1459/513 1405/1464/513 1426/1464/513 1422/1459/513
f 1404/1463/515 1400/1456/515 1421/1456/515 1425/1463/515
f 1406/1466/513 1407/1465/513 1428/1465/513 1427/1466/513
f 1399/1460/550 1406/1466/550 1427/1466/550 1420/1460/550
f 1407/1465/549 1401/1459/549 1422/1459/549 1428/1465/549
f 1412/1455/549 1409/1456/549 1430/1456/549 1433/1455/549
f 1408/1460/550 1411/1457/550 1432/1457/550 1429/1460/550
f 1414/1461/551 1415/1462/551 1436/1462/551 1435/1461/551
f 1411/1457/515 1414/1461/515 1435/1461/515 1432/1457/515
f 1416/1463/552 1417/1464/552 1438/1464/552 1437/1463/552
f 1417/1464/515 1410/1459/515 1431/1459/515 1438/1464/515
f 1409/1456/513 1416/1463/513 1437/1463/513 1430/1456/513
f 1419/1465/515 1418/1466/515 1439/1466/515 1440/1465/515
f 1418/1466/550 1408/1460/550 1429/1460/550 1439/1466/550
f 1410/1459/549 1419/1465/549 1440/1465/549 1431/1459/549
f 1454/1455/553 1442/1456/553 1444/1457/553 1455/1458/553
f 1444/1457/553 1442/1456/553 1443/1459/553 1441/1460/553
f 1455/1458/554 1444/1457/554 1445/1461/554 1457/1462/554
f 1443/1459/555 1442/1456/555 1446/1463/555 1447/1464/555
f 1441/1460/553 1443/1459/553 1449/1465/553 1448/1466/553
f 1454/1455/553 1455/1458/553 1453/1457/553 1451/1456/553
f 1453/1457/553 1450/1460/553 1452/1459/553 1451/1456/553
f 1455/1458/554 1457/1462/554 1456/1461/554 1453/1457/554
f 1452/1459/555 1459/1464/555 1458/1463/555 1451/1456/555
f 1450/1460/553 1460/1466/553 1461/1465/553 1452/1459/553
f 1475/1455/556 1476/1458/556 1465/1457/556 1463/1456/556
f 1465/1457/556 1462/1460/556 1464/1459/556 1463/1456/556
f 1476/1458/557 1478/1462/557 1466/1461/557 1465/1457/557
f 1464/1459/558 1468/1464/558 1467/1463/558 1463/1456/558
f 1462/1460/556 1469/1466/556 1470/1465/556 1464/1459/556
f 1475/1455/556 1472/1456/556 1474/1457/556 1476/1458/556
f 1474/1457/556 1472/1456/556 1473/1459/556 1471/1460/556
f 1476/1458/557 1474/1457/557 1477/1461/557 1478/1462/557
f 1473/1459/558 1472/1456/558 1479/1463/558 1480/1464/558
f 1471/1460/556 1473/1459/556 1482/1465/556 1481/1466/556
f 1442/1456/559 1454/1455/559 1475/1455/559 1463/1456/559
f 1444/1457/560 1441/1460/560 1462/1460/560 1465/1457/560
f 1457/1462/561 1445/1461/561 1466/1461/561 1478/1462/561
f 1445/1461/513 1444/1457/513 1465/1457/513 1466/1461/513
f 1447/1464/562 1446/1463/562 1467/1463/562 1468/1464/562
f 1443/1459/513 1447/1464/513 1468/1464/513 1464/1459/513
f 1446/1463/515 1442/1456/515 1463/1456/515 1467/1463/515
f 1448/1466/513 1449/1465/513 1470/1465/513 1469/1466/513
f 1441/1460/560 1448/1466/560 1469/1466/560 1462/1460/560
f 1449/1465/559 1443/1459/559 1464/1459/559 1470/1465/559
f 1454/1455/559 1451/1456/559 1472/1456/559 1475/1455/559
f 1450/1460/560 1453/1457/560 1474/1457/560 1471/1460/560
f 1456/1461/561 1457/1462/561 1478/1462/561 1477/1461/561
f 1453/1457/515 1456/1461/515 1477/1461/515 1474/1457/515
f 1458/1463/562 1459/1464/562 1480/1464/562 1479/1463/562
f 1459/1464/515 1452/1459/515 1473/1459/515 1480/1464/515
f 1451/1456/513 1458/1463/513 1479/1463/513 1472/1456/513
f 1461/1465/515 1460/1466/515 1481/1466/515 1482/1465/515
f 1460/1466/560 1450/1460/560 1471/1460/560 1481/1466/560
f 1452/1459/559 1461/1465/559 1482/1465/559 1473/1459/559
f 1496/1455/563 1484/1456/563 1486/1457/563 1497/1458/563
f 1486/1457/563 1484/1456/563 1485/1459/563 1483/1460/563
f 1497/1458/564 1486/1457/564 1487/1461/564 1499/1462/564
f 1485/1459/565 1484/1456/565 1488/1463/565 1489/1464/565
f 1483/1460/563 1485/1459/563 1491/1465/563 1490/1466/563
f 1496/1455/563 1497/1458/563 1495/1457/563 1493/1456/563
f 1495/1457/563 1492/1460/563 1494/1459/563 1493/1456/563
f 1497/1458/564 1499/1462/564 1498/1461/564 1495/1457/564
f 1494/1459/565 1501/1464/565 1500/1463/565 1493/1456/565
f 1492/1460/563 1502/1466/563 1503/1465/563 1494/1459/563
f 1517/1455/566 1518/1458/566 1507/1457/566 1505/1456/566
f 1507/1457/566 1504/1460/566 1506/1459/566 1505/1456/566
f 1518/1458/567 1520/1462/567 1508/1461/567 1507/1457/567
f 1506/1459/568 1510/1464/568 1509/1463/568 1505/1456/568
f 1504/1460/566 1511/1466/566 1512/1465/566 1506/1459/566
f 1517/1455/566 1514/1456/566 1516/1457/566 1518/1458/566
f 1516/1457/566 1514/1456/566 1515/1459/566 1513/1460/566
f 1518/1458/567 1516/1457/567 1519/1461/567 1520/1462/567
f 1515/1459/568 1514/1456/568 1521/1463/568 1522/1464/568
f 1513/1460/566 1515/1459/566 1524/1465/566 1523/1466/566
f 1484/1456/569 1496/1455/569 1517/1455/569 1505/1456/569
f 1486/1457/570 1483/1460/570 1504/1460/570 1507/1457/570
f 1499/1462/571 1487/1461/571 1508/1461/571 1520/1462/571
f 1487/1461/513 1486/1457/513 1507/1457/513 1508/1461/513
f 1489/1464/572 1488/1463/572 1509/1463/572 1510/1464/572
f 1485/1459/513 1489/1464/513 1510/1464/513 1506/1459/513
f 1488/1463/515 1484/1456/515 1505/1456/515 1509/1463/515
f 1490/1466/513 1491/1465/513 1512/1465/513 1511/1466/513
f 1483/1460/570 1490/1466/570 1511/1466/570 1504/1460/570
f 1491/1465/569 1485/1459/569 1506/1459/569 1512/1465/569
f 1496/1455/569 1493/1456/569 1514/1456/569 1517/1455/569
f 1492/1460/570 1495/1457/570 1516/1457/570 1513/1460/570
f 1498/1461/571 1499/1462/571 1520/1462/571 1519/1461/571
f 1495/1457/515 1498/1461/515 1519/1461/515 1516/1457/515
f 1500/1463/572 1501/1464/572 1522/1464/572 1521/1463/572
f 1501/1464/515 1494/1459/515 1515/1459/515 1522/1464/515
f 1493/1456/513 1500/1463/513 1521/1463/513 1514/1456/513
f 1503/1465/515 1502/1466/515 1523/1466/515 1524/1465/515
f 1502/1466/570 1492/1460/570 1513/1460/570 1523/1466/570
f 1494/1459/569 1503/1465/569 1524/1465/569 1515/1459/569
f 1538/1455/573 1526/1456/573 1528/1457/573 1539/1458/573
f 1528/1457/573 1526/1456/573 1527/1459/573 1525/1460/573
f 1539/1458/574 1528/1457/574 1529/1461/574 1541/1462/574
f 1527/1459/564 1526/1456/564 1530/1463/564 1531/1464/564
f 1525/1460/573 1527/1459/573 1533/1465/573 1532/1466/573
f 1538/1455/573 1539/1458/573 1537/1457/573 1535/1456/573
f 1537/1457/573 1534/1460/573 1536/1459/573 1535/1456/573
f 1539/1458/574 1541/1462/574 1540/1461/574 1537/1457/574
f 1536/1459/564 1543/1464/564 1542/1463/564 1535/1456/564
f 1534/1460/573 1544/1466/573 1545/1465/573 1536/1459/573
f 1559/1455/575 1560/1458/575 1549/1457/575 1547/1456/575
f 1549/1457/575 1546/1460/575 1548/1459/575 1547/1456/575
f 1560/1458/576 1562/1462/576 1550/1461/576 1549/1457/576
f 1548/1459/577 1552/1464/577 1551/1463/577 1547/1456/577
f 1546/1460/575 1553/1466/575 1554/1465/575 1548/1459/575
f 1559/1455/575 1556/1456/575 1558/1457/575 1560/1458/575
f 1558/1457/575 1556/1456/575 1557/1459/575 1555/1460/575
f 1560/1458/576 1558/1457/576 1561/1461/576 1562/1462/576
f 1557/1459/577 1556/1456/577 1563/1463/577 1564/1464/577
f 1555/1460/575 1557/1459/575 1566/1465/575 1565/1466/575
f 1526/1456/578 1538/1455/578 1559/1455/578 1547/1456/578
f 1528/1457/579 1525/1460/579 1546/1460/579 1549/1457/579
f 1541/1462/580 1529/1461/580 1550/1461/580 1562/1462/580
f 1529/1461/513 1528/1457/513 1549/1457/513 1550/1461/513
f 1531/1464/581 1530/1463/581 1551/1463/581 1552/1464/581
f 1527/1459/513 1531/1464/513 1552/1464/513 1548/1459/513
f 1530/1463/515 1526/1456/515 1547/1456/515 1551/1463/515
f 1532/1466/513 1533/1465/513 1554/1465/513 1553/1466/513
f 1525/1460/579 1532/1466/579 1553/1466/579 1546/1460/579
f 1533/1465/578 1527/1459/578 1548/1459/578 1554/1465/578
f 1538/1455/578 1535/1456/578 1556/1456/578 1559/1455/578
f 1534/1460/579 1537/1457/579 1558/1457/579 1555/1460/579
f 1540/1461/580 1541/1462/580 1562/1462/580 1561/1461/580
f 1537/1457/515 1540/1461/515 1561/1461/515 1558/1457/515
f 1542/1463/581 1543/1464/581 1564/1464/581 1563/1463/581
f 1543/1464/515 1536/1459/515 1557/1459/515 1564/1464/515
f 1535/1456/513 1542/1463/513 1563/1463/513 1556/1456/513
f 1545/1465/515 1544/1466/515 1565/1466/515 1566/1465/515
f 1544/1466/579 1534/1460/579 1555/1460/579 1565/1466/579
f 1536/1459/578 1545/1465/578 1566/1465/578 1557/1459/578
f 1580/1455/582 1568/1456/582 1570/1457/582 1581/1458/582
f 1570/1457/582 1568/1456/582 1569/1459/582 1567/1460/582
f 1581/1458/583 1570/1457/583 1571/1461/583 1583/1462/583
f 1569/1459/574 1568/1456/574 1572/1463/574 1573/1464/574
f 1567/1460/582 1569/1459/582 1575/1465/582 1574/1466/582
f 1580/1455/582 1581/1458/582 1579/1457/582 1577/1456/582
f 1579/1457/582 1576/1460/582 1578/1459/582 1577/1456/582
f 1581/1458/583 1583/1462/583 1582/1461/583 1579/1457/583
f 1578/1459/574 1585/1464/574 1584/1463/574 1577/1456/574
f 1576/1460/582 1586/1466/582 1587/1465/582 1578/1459/582
f 1601/1455/584 1602/1458/584 1591/1457/584 1589/1456/584
f 1591/1457/584 1588/1460/584 1590/1459/584 1589/1456/584
f 1602/1458/585 1604/1462/585 1592/1461/585 1591/1457/585
f 1590/1459/586 1594/1464/586 1593/1463/586 1589/1456/586
f 1588/1460/584 1595/1466/584 1596/1465/584 1590/1459/584
f 1601/1455/584 1598/1456/584 1600/1457/584 1602/1458/584
f 1600/1457/584 1598/1456/584 1599/1459/584 1597/1460/584
f 1602/1458/585 1600/1457/585 1603/1461/585 1604/1462/585
f 1599/1459/586 1598/1456/586 1605/1463/586 1606/1464/586
f 1597/1460/584 1599/1459/584 1608/1465/584 1607/1466/584
f 1568/1456/587 1580/1455/587 1601/1455/587 1589/1456/587
f 1570/1457/588 1567/1460/588 1588/1460/588 1591/1457/588
f 1583/1462/589 1571/1461/589 1592/1461/589 1604/1462/589
f 1571/1461/513 1570/1457/513 1591/1457/513 1592/1461/513
f 1573/1464/590 1572/1463/590 1593/1463/590 1594/1464/590
f 1569/1459/513 1573/1464/513 1594/1464/513 1590/1459/513
f 1572/1463/515 1568/1456/515 1589/1456/515 1593/1463/515
f 1574/1466/513 1575/1465/513 1596/1465/513 1595/1466/513
f 1567/1460/588 1574/1466/588 1595/1466/588 1588/1460/588
f 1575/1465/587 1569/1459/587 1590/1459/587 1596/1465/587
f 1580/1455/587 1577/1456/587 1598/1456/587 1601/1455/587
f 1576/1460/588 1579/1457/588 1600/1457/588 1597/1460/588
f 1582/1461/589 1583/1462/589 1604/1462/589 1603/1461/589
f 1579/1457/515 1582/1461/515 1603/1461/515 1600/1457/515
f 1584/1463/590 1585/1464/590 1606/1464/590 1605/1463/590
f 1585/1464/515 1578/1459/515 1599/1459/515 1606/1464/515
f 1577/1456/513 1584/1463/513 1605/1463/513 1598/1456/513
f 1587/1465/515 1586/1466/515 1607/1466/515 1608/1465/515
f 1586/1466/588 1576/1460/588 1597/1460/588 1607/1466/588
f 1578/1459/587 1587/1465/587 1608/1465/587 1599/1459/587
f 1622/1455/591 1610/1456/591 1612/1457/591 1623/1458/591
f 1612/1457/591 1610/1456/591 1611/1459/591 1609/1460/591
f 1623/1458/592 1612/1457/592 1613/1461/592 1625/1462/592
f 1611/1459/593 1610/1456/593 1614/1463/593 1615/1464/593
f 1609/1460/591 1611/1459/591 1617/1465/591 1616/1466/591
f 1622/1455/591 1623/1458/591 1621/1457/591 1619/1456/591
f 1621/1457/591 1618/1460/591 1620/1459/591 1619/1456/591
f 1623/1458/592 1625/1462/592 1624/1461/592 1621/1457/592
f 1620/1459/593 1627/1464/593 1626/1463/593 1619/1456/593
f 1618/1460/591 1628/1466/591 1629/1465/591 1620/1459/591
f 1643/1455/594 1644/1458/594 1633/1457/594 1631/1456/594
f 1633/1457/594 1630/1460/594 1632/1459/594 1631/1456/594
f 1644/1458/595 1646/1462/595 1634/1461/595 1633/1457/595
f 1632/1459/596 1636/1464/596 1635/1463/596 1631/1456/596
f 1630/1460/594 1637/1466/594 1638/1465/594 1632/1459/594
f 1643/1455/594 1640/1456/594 1642/1457/594 1644/1458/594
f 1642/1457/594 1640/1456/594 1641/1459/594 1639/1460/594
f 1644/1458/595 1642/1457/595 1645/1461/595 1646/1462/595
f 1641/1459/596 1640/1456/596 1647/1463/596 1648/1464/596
f 1639/1460/594 1641/1459/594 1650/1465/594 1649/1466/594
f 1610/1456/597 1622/1455/597 1643/1455/597 1631/1456/597
f 1612/1457/598 1609/1460/598 1630/1460/598 1633/1457/598
f 1625/1462/599 1613/1461/599 1634/1461/599 1646/1462/599
f 1613/1461/513 1612/1457/513 1633/1457/513 1634/1461/513
f 1615/1464/600 1614/1463/600 1635/1463/600 1636/1464/600
f 1611/1459/513 1615/1464/513 1636/1464/513 1632/1459/513
f 1614/1463/515 1610/1456/515 1631/1456/515 1635/1463/515
f 1616/1466/513 1617/1465/513 1638/1465/513 1637/1466/513
f 1609/1460/598 1616/1466/598 1637/1466/598 1630/1460/598
f 1617/1465/597 1611/1459/597 1632/1459/597 1638/1465/597
f 1622/1455/597 1619/1456/597 1640/1456/597 1643/1455/597
f 1618/1460/598 1621/1457/598 1642/1457/598 1639/1460/598
f 1624/1461/599 1625/1462/599 1646/1462/599 1645/1461/599
f 1621/1457/515 1624/1461/515 1645/1461/515 1642/1457/515
f 1626/1463/600 1627/1464/600 1648/1464/600 1647/1463/600
f 1627/1464/515 1620/1459/515 1641/1459/515 1648/1464/515
f 1619/1456/513 1626/1463/513 1647/1463/513 1640/1456/513
f 1629/1465/515 1628/1466/515 1649/1466/515 1650/1465/515
f 1628/1466/598 1618/1460/598 1639/1460/598 1649/1466/598
f 1620/1459/597 1629/1465/597 1650/1465/597 1641/1459/597
f 1664/1455/601 1652/1456/601 1654/1457/601 1665/1458/601
f 1654/1457/601 1652/1456/601 1653/1459/601 1651/1460/601
f 1665/1458/602 1654/1457/602 1655/1461/602 1667/1462/602
f 1653/1459/592 1652/1456/592 1656/1463/592 1657/1464/592
f 1651/1460/601 1653/1459/601 1659/1465/601 1658/1466/601
f 1664/1455/601 1665/1458/601 1663/1457/601 1661/1456/601
f 1663/1457/601 1660/1460/601 1662/1459/601 1661/1456/601
f 1665/1458/602 1667/1462/602 1666/1461/602 1663/1457/602
f 1662/1459/592 1669/1464/592 1668/1463/592 1661/1456/592
f 1660/1460/601 1670/1466/601 1671/1465/601 1662/1459/601
f 1685/1455/603 1686/1458/603 1675/1457/603 1673/1456/603
f 1675/1457/603 1672/1460/603 1674/1459/603 1673/1456/603
f 1686/1458/604 1688/1462/604 1676/1461/604 1675/1457/604
f 1674/1459/605 1678/1464/605 1677/1463/605 1673/1456/605
f 1672/1460/603 1679/1466/603 1680/1465/603 1674/1459/603
f 1685/1455/603 1682/1456/603 1684/1457/603 1686/1458/603
f 1684/1457/603 1682/1456/603 1683/1459/603 1681/1460/603
f 1686/1458/604 1684/1457/604 1687/1461/604 1688/1462/604
f 1683/1459/605 1682/1456/605 1689/1463/605 1690/1464/605
f 1681/1460/603 1683/1459/603 1692/1465/603 1691/1466/603
f 1652/1456/606 1664/1455/606 1685/1455/606 1673/1456/606
f 1654/1457/607 1651/1460/607 1672/1460/607 1675/1457/607
f 1667/1462/608 1655/1461/608 1676/1461/608 1688/1462/608
f 1655/1461/513 1654/1457/513 1675/1457/513 1676/1461/513
f 1657/1464/609 1656/1463/609 1677/1463/609 1678/1464/609
f 1653/1459/513 1657/1464/513 1678/1464/513 1674/1459/513
f 1656/1463/515 1652/1456/515 1673/1456/515 1677/1463/515
f 1658/1466/513 1659/1465/513 1680/1465/513 1679/1466/513
f 1651/1460/607 1658/1466/607 1679/1466/607 1672/1460/607
f 1659/1465/606 1653/1459/606 1674/1459/606 1680/1465/606
f 1664/1455/606 1661/1456/606 1682/1456/606 1685/1455/606
f 1660/1460/607 1663/1457/607 1684/1457/607 1681/1460/607
f 1666/1461/608 1667/1462/608 1688/1462/608 1687/1461/608
f 1663/1457/515 1666/1461/515 1687/1461/515 1684/1457/515
f 1668/1463/609 1669/1464/609 1690/1464/609 1689/1463/609
f 1669/1464/515 1662/1459/515 1683/1459/515 1690/1464/515
f 1661/1456/513 1668/1463/513 1689/1463/513 1682/1456/513
f 1671/1465/515 1670/1466/515 1691/1466/515 1692/1465/515
f 1670/1466/607 1660/1460/607 1681/1460/607 1691/1466/607
f 1662/1459/606 1671/1465/606 1692/1465/606 1683/1459/606
f 1706/1455/610 1694/1456/610 1696/1457/610 1707/1458/610
f 1696/1457/610 1694/1456/610 1695/1459/610 1693/1460/610
f 1707/1458/611 1696/1457/611 1697/1461/611 1709/1462/611
f 1695/1459/612 1694/1456/612 1698/1463/612 1699/1464/612
f 1693/1460/610 1695/1459/610 1701/1465/610 1700/1466/610
f 1706/1455/610 1707/1458/610 1705/1457/610 1703/1456/610
f 1705/1457/610 1702/1460/610 1704/1459/610 1703/1456/610
f 1707/1458/611 1709/1462/611 1708/1461/611 1705/1457/611
f 1704/1459/612 1711/1464/612 1710/1463/612 1703/1456/612
f 1702/1460/610 1712/1466/610 1713/1465/610 1704/1459/610
f 1727/1455/613 1728/1458/613 1717/1457/613 1715/1456/613
f 1717/1457/613 1714/1460/613 1716/1459/613 1715/1456/613
f 1728/1458/614 1730/1462/614 1718/1461/614 1717/1457/614
f 1716/1459/615 1720/1464/615 1719/1463/615 1715/1456/615
f 1714/1460/613 1721/1466/613 1722/1465/613 1716/1459/613
f 1727/1455/613 1724/1456/613 1726/1457/613 1728/1458/613
f 1726/1457/613 1724/1456/613 1725/1459/613 1723/1460/613
f 1728/1458/616 1726/1457/616 1729/1461/616 1730/1462/616
f 1725/1459/615 1724/1456/615 1731/1463/615 1732/1464/615
f 1723/1460/613 1725/1459/613 1734/1465/613 1733/1466/613
f 1694/1456/617 1706/1455/617 1727/1455/617 1715/1456/617
f 1696/1457/618 1693/1460/618 1714/1460/618 1717/1457/618
f 1709/1462/619 1697/1461/619 1718/1461/619 1730/1462/619
f 1697/1461/513 1696/1457/513 1717/1457/513 1718/1461/513
f 1699/1464/620 1698/1463/620 1719/1463/620 1720/1464/620
f 1695/1459/513 1699/1464/513 1720/1464/513 1716/1459/513
f 1698/1463/515 1694/1456/515 1715/1456/515 1719/1463/515
f 1700/1466/513 1701/1465/513 1722/1465/513 1721/1466/513
f 1693/1460/618 1700/1466/618 1721/1466/618 1714/1460/618
f 1701/1465/617 1695/1459/617 1716/1459/617 1722/1465/617
f 1706/1455/617 1703/1456/617 1724/1456/617 1727/1455/617
f 1702/1460/618 1705/1457/618 1726/1457/618 1723/1460/618
f 1708/1461/619 1709/1462/619 1730/1462/619 1729/1461/619
f 1705/1457/515 1708/1461/515 1729/1461/515 1726/1457/515
f 1710/1463/620 1711/1464/620 1732/1464/620 1731/1463/620
f 1711/1464/515 1704/1459/515 1725/1459/515 1732/1464/515
f 1703/1456/513 1710/1463/513 1731/1463/513 1724/1456/513
f 1713/1465/515 1712/1466/515 1733/1466/515 1734/1465/515
f 1712/1466/618 1702/1460/618 1723/1460/618 1733/1466/618
f 1704/1459/617 1713/1465/617 1734/1465/617 1725/1459/617
f 1748/1455/621 1736/1456/621 1738/1457/621 1749/1458/621
f 1738/1457/621 1736/1456/621 1737/1459/621 1735/1460/621
f 1749/1458/622 1738/1457/622 1739/1461/622 1751/1462/622
f 1737/1459/623 1736/1456/623 1740/1463/623 1741/1464/623
f 1735/1460/621 1737/1459/621 1743/1465/621 1742/1466/621
f 1748/1455/621 1749/1458/621 1747/1457/621 1745/1456/621
f 1747/1457/621 1744/1460/621 1746/1459/621 1745/1456/621
f 1749/1458/622 1751/1462/622 1750/1461/622 1747/1457/622
f 1746/1459/623 1753/1464/623 1752/1463/623 1745/1456/623
f 1744/1460/621 1754/1466/621 1755/1465/621 1746/1459/621
f 1769/1455/624 1770/1458/624 1759/1457/624 1757/1456/624
f 1759/1457/624 1756/1460/624 1758/1459/624 1757/1456/624
f 1770/1458/625 1772/1462/625 1760/1461/625 1759/1457/625
f 1758/1459/626 1762/1464/626 1761/1463/626 1757/1456/626
f 1756/1460/624 1763/1466/624 1764/1465/624 1758/1459/624
f 1769/1455/624 1766/1456/624 1768/1457/624 1770/1458/624
f 1768/1457/624 1766/1456/624 1767/1459/624 1765/1460/624
f 1770/1458/625 1768/1457/625 1771/1461/625 1772/1462/625
f 1767/1459/626 1766/1456/626 1773/1463/626 1774/1464/626
f 1765/1460/624 1767/1459/624 1776/1465/624 1775/1466/624
f 1736/1456/627 1748/1455/627 1769/1455/627 1757/1456/627
f 1738/1457/628 1735/1460/628 1756/1460/628 1759/1457/628
f 1751/1462/629 1739/1461/629 1760/1461/629 1772/1462/629
f 1739/1461/513 1738/1457/513 1759/1457/513 1760/1461/513
f 1741/1464/630 1740/1463/630 1761/1463/630 1762/1464/630
f 1737/1459/513 1741/1464/513 1762/1464/513 1758/1459/513
f 1740/1463/515 1736/1456/515 1757/1456/515 1761/1463/515
f 1742/1466/513 1743/1465/513 1764/1465/513 1763/1466/513
f 1735/1460/628 1742/1466/628 1763/1466/628 1756/1460/628
f 1743/1465/627 1737/1459/627 1758/1459/627 1764/1465/627
f 1748/1455/627 1745/1456/627 1766/1456/627 1769/1455/627
f 1744/1460/628 1747/1457/628 1768/1457/628 1765/1460/628
f 1750/1461/629 1751/1462/629 1772/1462/629 1771/1461/629
f 1747/1457/515 1750/1461/515 1771/1461/515 1768/1457/515
f 1752/1463/631 1753/1464/631 1774/1464/631 1773/1463/631
f 1753/1464/515 1746/1459/515 1767/1459/515 1774/1464/515
f 1745/1456/513 1752/1463/513 1773/1463/513 1766/1456/513
f 1755/1465/515 1754/1466/515 1775/1466/515 1776/1465/515
f 1754/1466/628 1744/1460/628 1765/1460/628 1775/1466/628
f 1746/1459/627 1755/1465/627 1776/1465/627 1767/1459/627
f 1790/1455/632 1778/1456/632 1780/1457/632 1791/1458/632
f 1780/1457/632 1778/1456/632 1779/1459/632 1777/1460/632
f 1791/1458/633 1780/1457/633 1781/1461/633 1793/1462/633
f 1779/1459/622 1778/1456/622 1782/1463/622 1783/1464/622
f 1777/1460/632 1779/1459/632 1785/1465/632 1784/1466/632
f 1790/1455/632 1791/1458/632 1789/1457/632 1787/1456/632
f 1789/1457/632 1786/1460/632 1788/1459/632 1787/1456/632
f 1791/1458/633 1793/1462/633 1792/1461/633 1789/1457/633
f 1788/1459/622 1795/1464/622 1794/1463/622 1787/1456/622
f 1786/1460/632 1796/1466/632 1797/1465/632 1788/1459/632
f 1811/1455/634 1812/1458/634 1801/1457/634 1799/1456/634
f 1801/1457/634 1798/1460/634 1800/1459/634 1799/1456/634
f 1812/1458/635 1814/1462/635 1802/1461/635 1801/1457/635
f 1800/1459/636 1804/1464/636 1803/1463/636 1799/1456/636
f 1798/1460/634 1805/1466/634 1806/1465/634 1800/1459/634
f 1811/1455/634 1808/1456/634 1810/1457/634 1812/1458/634
f 1810/1457/634 1808/1456/634 1809/1459/634 1807/1460/634
f 1812/1458/635 1810/1457/635 1813/1461/635 1814/1462/635
f 1809/1459/636 1808/1456/636 1815/1463/636 1816/1464/636
f 1807/1460/634 1809/1459/634 1818/1465/634 1817/1466/634
f 1778/1456/637 1790/1455/637 1811/1455/637 1799/1456/637
f 1780/1457/638 1777/1460/638 1798/1460/638 1801/1457/638
f 1793/1462/639 1781/1461/639 1802/1461/639 1814/1462/639
f 1781/1461/513 1780/1457/513 1801/1457/513 1802/1461/513
f 1783/1464/640 1782/1463/640 1803/1463/640 1804/1464/640
f 1779/1459/513 1783/1464/513 1804/1464/513 1800/1459/513
f 1782/1463/515 1778/1456/515 1799/1456/515 1803/1463/515
f 1784/1466/513 1785/1465/513 1806/1465/513 1805/1466/513
f 1777/1460/638 1784/1466/638 1805/1466/638 1798/1460/638
f 1785/1465/637 1779/1459/637 1800/1459/637 1806/1465/637
f 1790/1455/637 1787/1456/637 1808/1456/637 1811/1455/637
f 1786/1460/638 1789/1457/638 1810/1457/638 1807/1460/638
f 1792/1461/639 1793/1462/639 1814/1462/639 1813/1461/639
f 1789/1457/515 1792/1461/515 1813/1461/515 1810/1457/515
f 1794/1463/640 1795/1464/640 1816/1464/640 1815/1463/640
f 1795/1464/515 1788/1459/515 1809/1459/515 1816/1464/515
f 1787/1456/513 1794/1463/513 1815/1463/513 1808/1456/513
f 1797/1465/515 1796/1466/515 1817/1466/515 1818/1465/515
f 1796/1466/638 1786/1460/638 1807/1460/638 1817/1466/638
f 1788/1459/637 1797/1465/637 1818/1465/637 1809/1459/637
f 1832/1455/641 1820/1456/641 1822/1457/641 1833/1458/641
f 1822/1457/641 1820/1456/641 1821/1459/641 1819/1460/641
f 1833/1458/642 1822/1457/642 1823/1461/642 1835/1462/642
f 1821/1459/643 1820/1456/643 1824/1463/643 1825/1464/643
f 1819/1460/641 1821/1459/641 1827/1465/641 1826/1466/641
f 1832/1455/641 1833/1458/641 1831/1457/641 1829/1456/641
f 1831/1457/641 1828/1460/641 1830/1459/641 1829/1456/641
f 1833/1458/642 1835/1462/642 1834/1461/642 1831/1457/642
f 1830/1459/643 1837/1464/643 1836/1463/643 1829/1456/643
f 1828/1460/641 1838/1466/641 1839/1465/641 1830/1459/641
f 1853/1455/644 1854/1458/644 1843/1457/644 1841/1456/644
f 1843/1457/644 1840/1460/644 1842/1459/644 1841/1456/644
f 1854/1458/645 1856/1462/645 1844/1461/645 1843/1457/645
f 1842/1459/646 1846/1464/646 1845/1463/646 1841/1456/646
f 1840/1460/644 1847/1466/644 1848/1465/644 1842/1459/644
f 1853/1455/644 1850/1456/644 1852/1457/644 1854/1458/644
f 1852/1457/644 1850/1456/644 1851/1459/644 1849/1460/644
f 1854/1458/645 1852/1457/645 1855/1461/645 1856/1462/645
f 1851/1459/646 1850/1456/646 1857/1463/646 1858/1464/646
f 1849/1460/644 1851/1459/644 1860/1465/644 1859/1466/644
f 1820/1456/647 1832/1455/647 1853/1455/647 1841/1456/647
f 1822/1457/648 1819/1460/648 1840/1460/648 1843/1457/648
f 1835/1462/649 1823/1461/649 1844/1461/649 1856/1462/649
f 1823/1461/513 1822/1457/513 1843/1457/513 1844/1461/513
f 1825/1464/650 1824/1463/650 1845/1463/650 1846/1464/650
f 1821/1459/513 1825/1464/513 1846/1464/513 1842/1459/513
f 1824/1463/515 1820/1456/515 1841/1456/515 1845/1463/515
f 1826/1466/513 1827/1465/513 1848/1465/513 1847/1466/513
f 1819/1460/648 1826/1466/648 1847/1466/648 1840/1460/648
f 1827/1465/647 1821/1459/647 1842/1459/647 1848/1465/647
f 1832/1455/647 1829/1456/647 1850/1456/647 1853/1455/647
f 1828/1460/648 1831/1457/648 1852/1457/648 1849/1460/648
f 1834/1461/649 1835/1462/649 1856/1462/649 1855/1461/649
f 1831/1457/515 1834/1461/515 1855/1461/515 1852/1457/515
f 1836/1463/650 1837/1464/650 1858/1464/650 1857/1463/650
f 1837/1464/515 1830/1459/515 1851/1459/515 1858/1464/515
f 1829/1456/513 1836/1463/513 1857/1463/513 1850/1456/513
f 1839/1465/515 1838/1466/515 1859/1466/515 1860/1465/515
f 1838/1466/648 1828/1460/648 1849/1460/648 1859/1466/648
f 1830/1459/647 1839/1465/647 1860/1465/647 1851/1459/647
f 1874/1455/651 1862/1456/651 1864/1457/651 1875/1458/651
f 1864/1457/651 1862/1456/651 1863/1459/651 1861/1460/651
f 1875/1458/652 1864/1457/652 1865/1461/652 1877/1462/652
f 1863/1459/642 1862/1456/642 1866/1463/642 1867/1464/642
f 1861/1460/651 1863/1459/651 1869/1465/651 1868/1466/651
f 1874/1455/651 1875/1458/651 1873/1457/651 1871/1456/651
f 1873/1457/651 1870/1460/651 1872/1459/651 1871/1456/651
f 1875/1458/652 1877/1462/652 1876/1461/652 1873/1457/652
f 1872/1459/642 1879/1464/642 1878/1463/642 1871/1456/642
f 1870/1460/651 1880/1466/651 1881/1465/651 1872/1459/651
f 1895/1455/653 1896/1458/653 1885/1457/653 1883/1456/653
f 1885/1457/653 1882/1460/653 1884/1459/653 1883/1456/653
f 1896/1458/654 1898/1462/654 1886/1461/654 1885/1457/654
f 1884/1459/645 1888/1464/645 1887/1463/645 1883/1456/645
f 1882/1460/653 1889/1466/653 1890/1465/653 1884/1459/653
f 1895/1455/653 1892/1456/653 1894/1457/653 1896/1458/653
f 1894/1457/653 1892/1456/653 1893/1459/653 1891/1460/653
f 1896/1458/654 1894/1457/654 1897/1461/654 1898/1462/654
f 1893/1459/645 1892/1456/645 1899/1463/645 1900/1464/645
f 1891/1460/653 1893/1459/653 1902/1465/653 1901/1466/653
f 1862/1456/655 1874/1455/655 1895/1455/655 1883/1456/655
f 1864/1457/656 1861/1460/656 1882/1460/656 1885/1457/656
f 1877/1462/657 1865/1461/657 1886/1461/657 1898/1462/657
f 1865/1461/513 1864/1457/513 1885/1457/513 1886/1461/513
f 1867/1464/658 1866/1463/658 1887/1463/658 1888/1464/658
f 1863/1459/513 1867/1464/513 1888/1464/513 1884/1459/513
f 1866/1463/515 1862/1456/515 1883/1456/515 1887/1463/515
f 1868/1466/513 1869/1465/513 1890/1465/513 1889/1466/513
f 1861/1460/656 1868/1466/656 1889/1466/656 1882/1460/656
f 1869/1465/655 1863/1459/655 1884/1459/655 1890/1465/655
f 1874/1455/655 1871/1456/655 1892/1456/655 1895/1455/655
f 1870/1460/656 1873/1457/656 1894/1457/656 1891/1460/656
f 1876/1461/657 1877/1462/657 1898/1462/657 1897/1461/657
f 1873/1457/515 1876/1461/515 1897/1461/515 1894/1457/515
f 1878/1463/658 1879/1464/658 1900/1464/658 1899/1463/658
f 1879/1464/515 1872/1459/515 1893/1459/515 1900/1464/515
f 1871/1456/513 1878/1463/513 1899/1463/513 1892/1456/513
f 1881/1465/515 1880/1466/515 1901/1466/515 1902/1465/515
f 1880/1466/656 1870/1460/656 1891/1460/656 1901/1466/656
f 1872/1459/655 1881/1465/655 1902/1465/655 1893/1459/655
f 1916/1455/659 1904/1456/659 1906/1457/659 1917/1458/659
f 1906/1457/659 1904/1456/659 1905/1459/659 1903/1460/659
f 1917/1458/660 1906/1457/660 1907/1461/660 1919/1462/660
f 1905/1459/661 1904/1456/661 1908/1463/661 1909/1464/661
f 1903/1460/659 1905/1459/659 1911/1465/659 1910/1466/659
f 1916/1455/659 1917/1458/659 1915/1457/659 1913/1456/659
f 1915/1457/659 1912/1460/659 1914/1459/659 1913/1456/659
f 1917/1458/660 1919/1462/660 1918/1461/660 1915/1457/660
f 1914/1459/661 1921/1464/661 1920/1463/661 1913/1456/661
f 1912/1460/659 1922/1466/659 1923/1465/659 1914/1459/659
f 1937/1455/662 1938/1458/662 1927/1457/662 1925/1456/662
f 1927/1457/662 1924/1460/662 1926/1459/662 1925/1456/662
f 1938/1458/663 1940/1462/663 1928/1461/663 1927/1457/663
f 1926/1459/664 1930/1464/664 1929/1463/664 1925/1456/664
f 1924/1460/662 1931/1466/662 1932/1465/662 1926/1459/662
f 1937/1455/662 1934/1456/662 1936/1457/662 1938/1458/662
f 1936/1457/662 1934/1456/662 1935/1459/662 1933/1460/662
f 1938/1458/665 1936/1457/665 1939/1461/665 1940/1462/665
f 1935/1459/664 1934/1456/664 1941/1463/664 1942/1464/664
f 1933/1460/662 1935/1459/662 1944/1465/662 1943/1466/662
f 1904/1456/666 1916/1455/666 1937/1455/666 1925/1456/666
f 1906/1457/667 1903/1460/667 1924/1460/667 1927/1457/667
f 1919/1462/668 1907/1461/668 1928/1461/668 1940/1462/668
f 1907/1461/513 1906/1457/513 1927/1457/513 1928/1461/513
f 1909/1464/669 1908/1463/669 1929/1463/669 1930/1464/669
f 1905/1459/513 1909/1464/513 1930/1464/513 1926/1459/513
f 1908/1463/515 1904/1456/515 1925/1456/515 1929/1463/515
f 1910/1466/513 1911/1465/513 1932/1465/513 1931/1466/513
f 1903/1460/667 1910/1466/667 1931/1466/667 1924/1460/667
f 1911/1465/666 1905/1459/666 1926/1459/666 1932/1465/666
f 1916/1455/666 1913/1456/666 1934/1456/666 1937/1455/666
f 1912/1460/667 1915/1457/667 1936/1457/667 1933/1460/667
f 1918/1461/668 1919/1462/668 1940/1462/668 1939/1461/668
f 1915/1457/515 1918/1461/515 1939/1461/515 1936/1457/515
f 1920/1463/669 1921/1464/669 1942/1464/669 1941/1463/669
f 1921/1464/515 1914/1459/515 1935/1459/515 1942/1464/515
f 1913/1456/513 1920/1463/513 1941/1463/513 1934/1456/513
f 1923/1465/515 1922/1466/515 1943/1466/515 1944/1465/515
f 1922/1466/667 1912/1460/667 1933/1460/667 1943/1466/667
f 1914/1459/666 1923/1465/666 1944/1465/666 1935/1459/666
f 1958/1455/670 1946/1456/670 1948/1457/670 1959/1458/670
f 1948/1457/670 1946/1456/670 1947/1459/670 1945/1460/670
f 1959/1458/671 1948/1457/671 1949/1461/671 1961/1462/671
f 1947/1459/672 1946/1456/672 1950/1463/672 1951/1464/672
f 1945/1460/670 1947/1459/670 1953/1465/670 1952/1466/670
f 1958/1455/670 1959/1458/670 1957/1457/670 1955/1456/670
f 1957/1457/670 1954/1460/670 1956/1459/670 1955/1456/670
f 1959/1458/671 1961/1462/671 1960/1461/671 1957/1457/671
f 1956/1459/672 1963/1464/672 1962/1463/672 1955/1456/672
f 1954/1460/670 1964/1466/670 1965/1465/670 1956/1459/670
f 1979/1455/673 1980/1458/673 1969/1457/673 1967/1456/673
f 1969/1457/673 1966/1460/673 1968/1459/673 1967/1456/673
f 1980/1458/674 1982/1462/674 1970/1461/674 1969/1457/674
f 1968/1459/675 1972/1464/675 1971/1463/675 1967/1456/675
f 1966/1460/673 1973/1466/673 1974/1465/673 1968/1459/673
f 1979/1455/673 1976/1456/673 1978/1457/673 1980/1458/673
f 1978/1457/673 1976/1456/673 1977/1459/673 1975/1460/673
f 1980/1458/674 1978/1457/674 1981/1461/674 1982/1462/674
f 1977/1459/675 1976/1456/675 1983/1463/675 1984/1464/675
f 1975/1460/673 1977/1459/673 1986/1465/673 1985/1466/673
f 1946/1456/676 1958/1455/676 1979/1455/676 1967/1456/676
f 1948/1457/677 1945/1460/677 1966/1460/677 1969/1457/677
f 1961/1462/678 1949/1461/678 1970/1461/678 1982/1462/678
f 1949/1461/513 1948/1457/513 1969/1457/513 1970/1461/513
f 1951/1464/679 1950/1463/679 1971/1463/679 1972/1464/679
f 1947/1459/513 1951/1464/513 1972/1464/513 1968/1459/513
f 1950/1463/515 1946/1456/515 1967/1456/515 1971/1463/515
f 1952/1466/513 1953/1465/513 1974/1465/513 1973/1466/513
f 1945/1460/677 1952/1466/677 1973/1466/677 1966/1460/677
f 1953/1465/676 1947/1459/676 1968/1459/676 1974/1465/676
f 1958/1455/676 1955/1456/676 1976/1456/676 1979/1455/676
f 1954/1460/677 1957/1457/677 1978/1457/677 1975/1460/677
f 1960/1461/678 1961/1462/678 1982/1462/678 1981/1461/678
f 1957/1457/515 1960/1461/515 1981/1461/515 1978/1457/515
f 1962/1463/679 1963/1464/679 1984/1464/679 1983/1463/679
f 1963/1464/515 1956/1459/515 1977/1459/515 1984/1464/515
f 1955/1456/513 1962/1463/513 1983/1463/513 1976/1456/513
f 1965/1465/515 1964/1466/515 1985/1466/515 1986/1465/515
f 1964/1466/677 1954/1460/677 1975/1460/677 1985/1466/677
f 1956/1459/676 1965/1465/676 1986/1465/676 1977/1459/676
f 2000/1455/680 1988/1456/680 1990/1457/680 2001/1458/680
f 1990/1457/680 1988/1456/680 1989/1459/680 1987/1460/680
f 2001/1458/681 1990/1457/681 1991/1461/681 2003/1462/681
f 1989/1459/682 1988/1456/682 1992/1463/682 1993/1464/682
f 1987/1460/680 1989/1459/680 1995/1465/680 1994/1466/680
f 2000/1455/680 2001/1458/680 1999/1457/680 1997/1456/680
f 1999/1457/680 1996/1460/680 1998/1459/680 1997/1456/680
f 2001/1458/681 2003/1462/681 2002/1461/681 1999/1457/681
f 1998/1459/682 2005/1464/682 2004/1463/682 1997/1456/682
f 1996/1460/680 2006/1466/680 2007/1465/680 1998/1459/680
f 2021/1455/683 2022/1458/683 2011/1457/683 2009/1456/683
f 2011/1457/683 2008/1460/683 2010/1459/683 2009/1456/683
f 2022/1458/647 2024/1462/647 2012/1461/647 2011/1457/647
f 2010/1459/684 2014/1464/684 2013/1463/684 2009/1456/684
f 2008/1460/683 2015/1466/683 2016/1465/683 2010/1459/683
f 2021/1455/683 2018/1456/683 2020/1457/683 2022/1458/683
f 2020/1457/683 2018/1456/683 2019/1459/683 2017/1460/683
f 2022/1458/647 2020/1457/647 2023/1461/647 2024/1462/647
f 2019/1459/685 2018/1456/685 2025/1463/685 2026/1464/685
f 2017/1460/683 2019/1459/683 2028/1465/683 2027/1466/683
f 1988/1456/686 2000/1455/686 2021/1455/686 2009/1456/686
f 1990/1457/687 1987/1460/687 2008/1460/687 2011/1457/687
f 2003/1462/688 1991/1461/688 2012/1461/688 2024/1462/688
f 1991/1461/513 1990/1457/513 2011/1457/513 2012/1461/513
f 1993/1464/689 1992/1463/689 2013/1463/689 2014/1464/689
f 1989/1459/513 1993/1464/513 2014/1464/513 2010/1459/513
f 1992/1463/515 1988/1456/515 2009/1456/515 2013/1463/515
f 1994/1466/513 1995/1465/513 2016/1465/513 2015/1466/513
f 1987/1460/687 1994/1466/687 2015/1466/687 2008/1460/687
f 1995/1465/686 1989/1459/686 2010/1459/686 2016/1465/686
f 2000/1455/686 1997/1456/686 2018/1456/686 2021/1455/686
f 1996/1460/687 1999/1457/687 2020/1457/687 2017/1460/687
f 2002/1461/688 2003/1462/688 2024/1462/688 2023/1461/688
f 1999/1457/515 2002/1461/515 2023/1461/515 2020/1457/515
f 2004/1463/689 2005/1464/689 2026/1464/689 2025/1463/689
f 2005/1464/515 1998/1459/515 2019/1459/515 2026/1464/515
f 1997/1456/513 2004/1463/513 2025/1463/513 2018/1456/513
f 2007/1465/515 2006/1466/515 2027/1466/515 2028/1465/515
f 2006/1466/687 1996/1460/687 2017/1460/687 2027/1466/687
f 1998/1459/686 2007/1465/686 2028/1465/686 2019/1459/686
f 2042/1455/504 2043/1458/504 2032/1457/504 2030/1456/504
f 2032/1457/504 2029/1460/504 2031/1459/504 2030/1456/504
f 2043/1458/505 2045/1462/505 2033/1461/505 2032/1457/505
f 2031/1459/506 2035/1464/506 2034/1463/506 2030/1456/506
f 2029/1460/504 2036/1466/504 2037/1465/504 2031/1459/504
f 2042/1455/504 2039/1456/504 2041/1457/504 2043/1458/504
f 2041/1457/504 2039/1456/504 2040/1459/504 2038/1460/504
f 2043/1458/505 2041/1457/505 2044/1461/505 2045/1462/505
f 2040/1459/506 2039/1456/506 2046/1463/506 2047/1464/506
f 2038/1460/504 2040/1459/504 2049/1465/504 2048/1466/504
f 2063/1455/507 2051/1456/507 2053/1457/507 2064/1458/507
f 2053/1457/507 2051/1456/507 2052/1459/507 2050/1460/507
f 2064/1458/508 2053/1457/508 2054/1461/508 2066/1462/508
f 2052/1459/509 2051/1456/509 2055/1463/509 2056/1464/509
f 2050/1460/507 2052/1459/507 2058/1465/507 2057/1466/507
f 2063/1455/507 2064/1458/507 2062/1457/507 2060/1456/507
f 2062/1457/507 2059/1460/507 2061/1459/507 2060/1456/507
f 2064/1458/508 2066/1462/508 2065/1461/508 2062/1457/508
f 2061/1459/509 2068/1464/509 2067/1463/509 2060/1456/509
f 2059/1460/507 2069/1466/507 2070/1465/507 2061/1459/507
f 2030/1456/510 2051/1456/510 2063/1455/510 2042/1455/510
f 2032/1457/511 2053/1457/511 2050/1460/511 2029/1460/511
f 2045/1462/512 2066/1462/512 2054/1461/512 2033/1461/512
f 2033/1461/515 2054/1461/515 2053/1457/515 2032/1457/515
f 2035/1464/514 2056/1464/514 2055/1463/514 2034/1463/514
f 2031/1459/515 2052/1459/515 2056/1464/515 2035/1464/515
f 2034/1463/513 2055/1463/513 2051/1456/513 2030/1456/513
f 2036/1466/515 2057/1466/515 2058/1465/515 2037/1465/515
f 2029/1460/511 2050/1460/511 2057/1466/511 2036/1466/511
f 2037/1465/510 2058/1465/510 2052/1459/510 2031/1459/510
f 2042/1455/510 2063/1455/510 2060/1456/510 2039/1456/510
f 2038/1460/511 2059/1460/511 2062/1457/511 2041/1457/511
f 2044/1461/512 2065/1461/512 2066/1462/512 2045/1462/512
f 2041/1457/513 2062/1457/513 2065/1461/513 2044/1461/513
f 2046/1463/514 2067/1463/514 2068/1464/514 2047/1464/514
f 2047/1464/513 2068/1464/513 2061/1459/513 2040/1459/513
f 2039/1456/515 2060/1456/515 2067/1463/515 2046/1463/515
f 2049/1465/513 2070/1465/513 2069/1466/513 2048/1466/513
f 2048/1466/511 2069/1466/511 2059/1460/511 2038/1460/511
f 2040/1459/510 2061/1459/510 2070/1465/510 2049/1465/510
f 2084/1455/516 2085/1458/516 2074/1457/516 2072/1456/516
f 2074/1457/516 2071/1460/516 2073/1459/516 2072/1456/516
f 2085/1458/517 2087/1462/517 2075/1461/517 2074/1457/517
f 2073/1459/505 2077/1464/505 2076/1463/505 2072/1456/505
f 2071/1460/516 2078/1466/516 2079/1465/516 2073/1459/516
f 2084/1455/516 2081/1456/516 2083/1457/516 2085/1458/516
f 2083/1457/516 2081/1456/516 2082/1459/516 2080/1460/516
f 2085/1458/517 2083/1457/517 2086/1461/517 2087/1462/517
f 2082/1459/505 2081/1456/505 2088/1463/505 2089/1464/505
f 2080/1460/516 2082/1459/516 2091/1465/516 2090/1466/516
f 2105/1455/518 2093/1456/518 2095/1457/518 2106/1458/518
f 2095/1457/518 2093/1456/518 2094/1459/518 2092/1460/518
f 2106/1458/519 2095/1457/519 2096/1461/519 2108/1462/519
f 2094/1459/690 2093/1456/690 2097/1463/690 2098/1464/690
f 2092/1460/518 2094/1459/518 2100/1465/518 2099/1466/518
f 2105/1455/518 2106/1458/518 2104/1457/518 2102/1456/518
f 2104/1457/518 2101/1460/518 2103/1459/518 2102/1456/518
f 2106/1458/519 2108/1462/519 2107/1461/519 2104/1457/519
f 2103/1459/690 2110/1464/690 2109/1463/690 2102/1456/690
f 2101/1460/518 2111/1466/518 2112/1465/518 2103/1459/518
f 2072/1456/521 2093/1456/521 2105/1455/521 2084/1455/521
f 2074/1457/522 2095/1457/522 2092/1460/522 2071/1460/522
f 2087/1462/523 2108/1462/523 2096/1461/523 2075/1461/523
f 2075/1461/515 2096/1461/515 2095/1457/515 2074/1457/515
f 2077/1464/524 2098/1464/524 2097/1463/524 2076/1463/524
f 2073/1459/515 2094/1459/515 2098/1464/515 2077/1464/515
f 2076/1463/513 2097/1463/513 2093/1456/513 2072/1456/513
f 2078/1466/515 2099/1466/515 2100/1465/515 2079/1465/515
f 2071/1460/522 2092/1460/522 2099/1466/522 2078/1466/522
f 2079/1465/521 2100/1465/521 2094/1459/521 2073/1459/521
f 2084/1455/521 2105/1455/521 2102/1456/521 2081/1456/521
f 2080/1460/522 2101/1460/522 2104/1457/522 2083/1457/522
f 2086/1461/523 2107/1461/523 2108/1462/523 2087/1462/523
f 2083/1457/513 2104/1457/513 2107/1461/513 2086/1461/513
f 2088/1463/524 2109/1463/524 2110/1464/524 2089/1464/524
f 2089/1464/513 2110/1464/513 2103/1459/513 2082/1459/513
f 2081/1456/515 2102/1456/515 2109/1463/515 2088/1463/515
f 2091/1465/513 2112/1465/513 2111/1466/513 2090/1466/513
f 2090/1466/522 2111/1466/522 2101/1460/522 2080/1460/522
f 2082/1459/521 2103/1459/521 2112/1465/521 2091/1465/521
f 2126/1455/525 2127/1458/525 2116/1457/525 2114/1456/525
f 2116/1457/525 2113/1460/525 2115/1459/525 2114/1456/525
f 2127/1458/526 2129/1462/526 2117/1461/526 2116/1457/526
f 2115/1459/527 2119/1464/527 2118/1463/527 2114/1456/527
f 2113/1460/525 2120/1466/525 2121/1465/525 2115/1459/525
f 2126/1455/525 2123/1456/525 2125/1457/525 2127/1458/525
f 2125/1457/525 2123/1456/525 2124/1459/525 2122/1460/525
f 2127/1458/526 2125/1457/526 2128/1461/526 2129/1462/526
f 2124/1459/527 2123/1456/527 2130/1463/527 2131/1464/527
f 2122/1460/525 2124/1459/525 2133/1465/525 2132/1466/525
f 2147/1455/528 2135/1456/528 2137/1457/528 2148/1458/528
f 2137/1457/528 2135/1456/528 2136/1459/528 2134/1460/528
f 2148/1458/529 2137/1457/529 2138/1461/529 2150/1462/529
f 2136/1459/530 2135/1456/530 2139/1463/530 2140/1464/530
f 2134/1460/528 2136/1459/528 2142/1465/528 2141/1466/528
f 2147/1455/528 2148/1458/528 2146/1457/528 2144/1456/528
f 2146/1457/528 2143/1460/528 2145/1459/528 2144/1456/528
f 2148/1458/529 2150/1462/529 2149/1461/529 2146/1457/529
f 2145/1459/530 2152/1464/530 2151/1463/530 2144/1456/530
f 2143/1460/528 2153/1466/528 2154/1465/528 2145/1459/528
f 2114/1456/531 2135/1456/531 2147/1455/531 2126/1455/531
f 2116/1457/532 2137/1457/532 2134/1460/532 2113/1460/532
f 2129/1462/691 2150/1462/691 2138/1461/691 2117/1461/691
f 2117/1461/515 2138/1461/515 2137/1457/515 2116/1457/515
f 2119/1464/534 2140/1464/534 2139/1463/534 2118/1463/534
f 2115/1459/515 2136/1459/515 2140/1464/515 2119/1464/515
f 2118/1463/513 2139/1463/513 2135/1456/513 2114/1456/513
f 2120/1466/515 2141/1466/515 2142/1465/515 2121/1465/515
f 2113/1460/532 2134/1460/532 2141/1466/532 2120/1466/532
f 2121/1465/531 2142/1465/531 2136/1459/531 2115/1459/531
f 2126/1455/531 2147/1455/531 2144/1456/531 2123/1456/531
f 2122/1460/532 2143/1460/532 2146/1457/532 2125/1457/532
f 2128/1461/691 2149/1461/691 2150/1462/691 2129/1462/691
f 2125/1457/513 2146/1457/513 2149/1461/513 2128/1461/513
f 2130/1463/534 2151/1463/534 2152/1464/534 2131/1464/534
f 2131/1464/513 2152/1464/513 2145/1459/513 2124/1459/513
f 2123/1456/515 2144/1456/515 2151/1463/515 2130/1463/515
f 2133/1465/513 2154/1465/513 2153/1466/513 2132/1466/513
f 2132/1466/532 2153/1466/532 2143/1460/532 2122/1460/532
f 2124/1459/531 2145/1459/531 2154/1465/531 2133/1465/531
f 2168/1455/535 2169/1458/535 2158/1457/535 2156/1456/535
f 2158/1457/535 2155/1460/535 2157/1459/535 2156/1456/535
f 2169/1458/536 2171/1462/536 2159/1461/536 2158/1457/536
f 2157/1459/526 2161/1464/526 2160/1463/526 2156/1456/526
f 2155/1460/535 2162/1466/535 2163/1465/535 2157/1459/535
f 2168/1455/535 2165/1456/535 2167/1457/535 2169/1458/535
f 2167/1457/535 2165/1456/535 2166/1459/535 2164/1460/535
f 2169/1458/536 2167/1457/536 2170/1461/536 2171/1462/536
f 2166/1459/526 2165/1456/526 2172/1463/526 2173/1464/526
f 2164/1460/535 2166/1459/535 2175/1465/535 2174/1466/535
f 2189/1455/537 2177/1456/537 2179/1457/537 2190/1458/537
f 2179/1457/537 2177/1456/537 2178/1459/537 2176/1460/537
f 2190/1458/538 2179/1457/538 2180/1461/538 2192/1462/538
f 2178/1459/539 2177/1456/539 2181/1463/539 2182/1464/539
f 2176/1460/537 2178/1459/537 2184/1465/537 2183/1466/537
f 2189/1455/537 2190/1458/537 2188/1457/537 2186/1456/537
f 2188/1457/537 2185/1460/537 2187/1459/537 2186/1456/537
f 2190/1458/538 2192/1462/538 2191/1461/538 2188/1457/538
f 2187/1459/539 2194/1464/539 2193/1463/539 2186/1456/539
f 2185/1460/537 2195/1466/537 2196/1465/537 2187/1459/537
f 2156/1456/540 2177/1456/540 2189/1455/540 2168/1455/540
f 2158/1457/541 2179/1457/541 2176/1460/541 2155/1460/541
f 2171/1462/542 2192/1462/542 2180/1461/542 2159/1461/542
f 2159/1461/515 2180/1461/515 2179/1457/515 2158/1457/515
f 2161/1464/543 2182/1464/543 2181/1463/543 2160/1463/543
f 2157/1459/515 2178/1459/515 2182/1464/515 2161/1464/515
f 2160/1463/513 2181/1463/513 2177/1456/513 2156/1456/513
f 2162/1466/515 2183/1466/515 2184/1465/515 2163/1465/515
f 2155/1460/541 2176/1460/541 2183/1466/541 2162/1466/541
f 2163/1465/540 2184/1465/540 2178/1459/540 2157/1459/540
f 2168/1455/540 2189/1455/540 2186/1456/540 2165/1456/540
f 2164/1460/541 2185/1460/541 2188/1457/541 2167/1457/541
f 2170/1461/542 2191/1461/542 2192/1462/542 2171/1462/542
f 2167/1457/513 2188/1457/513 2191/1461/513 2170/1461/513
f 2172/1463/543 2193/1463/543 2194/1464/543 2173/1464/543
f 2173/1464/513 2194/1464/513 2187/1459/513 2166/1459/513
f 2165/1456/515 2186/1456/515 2193/1463/515 2172/1463/515
f 2175/1465/513 2196/1465/513 2195/1466/513 2174/1466/513
f 2174/1466/541 2195/1466/541 2185/1460/541 2164/1460/541
f 2166/1459/540 2187/1459/540 2196/1465/540 2175/1465/540
f 2210/1455/544 2211/1458/544 2200/1457/544 2198/1456/544
f 2200/1457/544 2197/1460/544 2199/1459/544 2198/1456/544
f 2211/1458/545 2213/1462/545 2201/1461/545 2200/1457/545
f 2199/1459/536 2203/1464/536 2202/1463/536 2198/1456/536
f 2197/1460/544 2204/1466/544 2205/1465/544 2199/1459/544
f 2210/1455/544 2207/1456/544 2209/1457/544 2211/1458/544
f 2209/1457/544 2207/1456/544 2208/1459/544 2206/1460/544
f 2211/1458/545 2209/1457/545 2212/1461/545 2213/1462/545
f 2208/1459/536 2207/1456/536 2214/1463/536 2215/1464/536
f 2206/1460/544 2208/1459/544 2217/1465/544 2216/1466/544
f 2231/1455/546 2219/1456/546 2221/1457/546 2232/1458/546
f 2221/1457/546 2219/1456/546 2220/1459/546 2218/1460/546
f 2232/1458/547 2221/1457/547 2222/1461/547 2234/1462/547
f 2220/1459/548 2219/1456/548 2223/1463/548 2224/1464/548
f 2218/1460/546 2220/1459/546 2226/1465/546 2225/1466/546
f 2231/1455/546 2232/1458/546 2230/1457/546 2228/1456/546
f 2230/1457/546 2227/1460/546 2229/1459/546 2228/1456/546
f 2232/1458/547 2234/1462/547 2233/1461/547 2230/1457/547
f 2229/1459/548 2236/1464/548 2235/1463/548 2228/1456/548
f 2227/1460/546 2237/1466/546 2238/1465/546 2229/1459/546
f 2198/1456/549 2219/1456/549 2231/1455/549 2210/1455/549
f 2200/1457/550 2221/1457/550 2218/1460/550 2197/1460/550
f 2213/1462/551 2234/1462/551 2222/1461/551 2201/1461/551
f 2201/1461/515 2222/1461/515 2221/1457/515 2200/1457/515
f 2203/1464/552 2224/1464/552 2223/1463/552 2202/1463/552
f 2199/1459/515 2220/1459/515 2224/1464/515 2203/1464/515
f 2202/1463/513 2223/1463/513 2219/1456/513 2198/1456/513
f 2204/1466/515 2225/1466/515 2226/1465/515 2205/1465/515
f 2197/1460/550 2218/1460/550 2225/1466/550 2204/1466/550
f 2205/1465/549 2226/1465/549 2220/1459/549 2199/1459/549
f 2210/1455/549 2231/1455/549 2228/1456/549 2207/1456/549
f 2206/1460/550 2227/1460/550 2230/1457/550 2209/1457/550
f 2212/1461/551 2233/1461/551 2234/1462/551 2213/1462/551
f 2209/1457/513 2230/1457/513 2233/1461/513 2212/1461/513
f 2214/1463/552 2235/1463/552 2236/1464/552 2215/1464/552
f 2215/1464/513 2236/1464/513 2229/1459/513 2208/1459/513
f 2207/1456/515 2228/1456/515 2235/1463/515 2214/1463/515
f 2217/1465/513 2238/1465/513 2237/1466/513 2216/1466/513
f 2216/1466/550 2237/1466/550 2227/1460/550 2206/1460/550
f 2208/1459/549 2229/1459/549 2238/1465/549 2217/1465/549
f 2252/1455/553 2253/1458/553 2242/1457/553 2240/1456/553
f 2242/1457/553 2239/1460/553 2241/1459/553 2240/1456/553
f 2253/1458/554 2255/1462/554 2243/1461/554 2242/1457/554
f 2241/1459/555 2245/1464/555 2244/1463/555 2240/1456/555
f 2239/1460/553 2246/1466/553 2247/1465/553 2241/1459/553
f 2252/1455/553 2249/1456/553 2251/1457/553 2253/1458/553
f 2251/1457/553 2249/1456/553 2250/1459/553 2248/1460/553
f 2253/1458/554 2251/1457/554 2254/1461/554 2255/1462/554
f 2250/1459/555 2249/1456/555 2256/1463/555 2257/1464/555
f 2248/1460/553 2250/1459/553 2259/1465/553 2258/1466/553
f 2273/1455/556 2261/1456/556 2263/1457/556 2274/1458/556
f 2263/1457/556 2261/1456/556 2262/1459/556 2260/1460/556
f 2274/1458/557 2263/1457/557 2264/1461/557 2276/1462/557
f 2262/1459/558 2261/1456/558 2265/1463/558 2266/1464/558
f 2260/1460/556 2262/1459/556 2268/1465/556 2267/1466/556
f 2273/1455/556 2274/1458/556 2272/1457/556 2270/1456/556
f 2272/1457/556 2269/1460/556 2271/1459/556 2270/1456/556
f 2274/1458/557 2276/1462/557 2275/1461/557 2272/1457/557
f 2271/1459/558 2278/1464/558 2277/1463/558 2270/1456/558
f 2269/1460/556 2279/1466/556 2280/1465/556 2271/1459/556
f 2240/1456/559 2261/1456/559 2273/1455/559 2252/1455/559
f 2242/1457/560 2263/1457/560 2260/1460/560 2239/1460/560
f 2255/1462/561 2276/1462/561 2264/1461/561 2243/1461/561
f 2243/1461/515 2264/1461/515 2263/1457/515 2242/1457/515
f 2245/1464/562 2266/1464/562 2265/1463/562 2244/1463/562
f 2241/1459/515 2262/1459/515 2266/1464/515 2245/1464/515
f 2244/1463/513 2265/1463/513 2261/1456/513 2240/1456/513
f 2246/1466/515 2267/1466/515 2268/1465/515 2247/1465/515
f 2239/1460/560 2260/1460/560 2267/1466/560 2246/1466/560
f 2247/1465/559 2268/1465/559 2262/1459/559 2241/1459/559
f 2252/1455/559 2273/1455/559 2270/1456/559 2249/1456/559
f 2248/1460/560 2269/1460/560 2272/1457/560 2251/1457/560
f 2254/1461/561 2275/1461/561 2276/1462/561 2255/1462/561
f 2251/1457/513 2272/1457/513 2275/1461/513 2254/1461/513
f 2256/1463/562 2277/1463/562 2278/1464/562 2257/1464/562
f 2257/1464/513 2278/1464/513 2271/1459/513 2250/1459/513
f 2249/1456/515 2270/1456/515 2277/1463/515 2256/1463/515
f 2259/1465/513 2280/1465/513 2279/1466/513 2258/1466/513
f 2258/1466/560 2279/1466/560 2269/1460/560 2248/1460/560
f 2250/1459/559 2271/1459/559 2280/1465/559 2259/1465/559
f 2294/1455/563 2295/1458/563 2284/1457/563 2282/1456/563
f 2284/1457/563 2281/1460/563 2283/1459/563 2282/1456/563
f 2295/1458/564 2297/1462/564 2285/1461/564 2284/1457/564
f 2283/1459/565 2287/1464/565 2286/1463/565 2282/1456/565
f 2281/1460/563 2288/1466/563 2289/1465/563 2283/1459/563
f 2294/1455/563 2291/1456/563 2293/1457/563 2295/1458/563
f 2293/1457/563 2291/1456/563 2292/1459/563 2290/1460/563
f 2295/1458/564 2293/1457/564 2296/1461/564 2297/1462/564
f 2292/1459/565 2291/1456/565 2298/1463/565 2299/1464/565
f 2290/1460/563 2292/1459/563 2301/1465/563 2300/1466/563
f 2315/1455/566 2303/1456/566 2305/1457/566 2316/1458/566
f 2305/1457/566 2303/1456/566 2304/1459/566 2302/1460/566
f 2316/1458/567 2305/1457/567 2306/1461/567 2318/1462/567
f 2304/1459/568 2303/1456/568 2307/1463/568 2308/1464/568
f 2302/1460/566 2304/1459/566 2310/1465/566 2309/1466/566
f 2315/1455/566 2316/1458/566 2314/1457/566 2312/1456/566
f 2314/1457/566 2311/1460/566 2313/1459/566 2312/1456/566
f 2316/1458/567 2318/1462/567 2317/1461/567 2314/1457/567
f 2313/1459/568 2320/1464/568 2319/1463/568 2312/1456/568
f 2311/1460/566 2321/1466/566 2322/1465/566 2313/1459/566
f 2282/1456/569 2303/1456/569 2315/1455/569 2294/1455/569
f 2284/1457/570 2305/1457/570 2302/1460/570 2281/1460/570
f 2297/1462/571 2318/1462/571 2306/1461/571 2285/1461/571
f 2285/1461/515 2306/1461/515 2305/1457/515 2284/1457/515
f 2287/1464/572 2308/1464/572 2307/1463/572 2286/1463/572
f 2283/1459/515 2304/1459/515 2308/1464/515 2287/1464/515
f 2286/1463/513 2307/1463/513 2303/1456/513 2282/1456/513
f 2288/1466/515 2309/1466/515 2310/1465/515 2289/1465/515
f 2281/1460/570 2302/1460/570 2309/1466/570 2288/1466/570
f 2289/1465/569 2310/1465/569 2304/1459/569 2283/1459/569
f 2294/1455/569 2315/1455/569 2312/1456/569 2291/1456/569
f 2290/1460/570 2311/1460/570 2314/1457/570 2293/1457/570
f 2296/1461/571 2317/1461/571 2318/1462/571 2297/1462/571
f 2293/1457/513 2314/1457/513 2317/1461/513 2296/1461/513
f 2298/1463/572 2319/1463/572 2320/1464/572 2299/1464/572
f 2299/1464/513 2320/1464/513 2313/1459/513 2292/1459/513
f 2291/1456/515 2312/1456/515 2319/1463/515 2298/1463/515
f 2301/1465/513 2322/1465/513 2321/1466/513 2300/1466/513
f 2300/1466/570 2321/1466/570 2311/1460/570 2290/1460/570
f 2292/1459/569 2313/1459/569 2322/1465/569 2301/1465/569
f 2336/1455/573 2337/1458/573 2326/1457/573 2324/1456/573
f 2326/1457/573 2323/1460/573 2325/1459/573 2324/1456/573
f 2337/1458/574 2339/1462/574 2327/1461/574 2326/1457/574
f 2325/1459/564 2329/1464/564 2328/1463/564 2324/1456/564
f 2323/1460/573 2330/1466/573 2331/1465/573 2325/1459/573
f 2336/1455/573 2333/1456/573 2335/1457/573 2337/1458/573
f 2335/1457/573 2333/1456/573 2334/1459/573 2332/1460/573
f 2337/1458/574 2335/1457/574 2338/1461/574 2339/1462/574
f 2334/1459/564 2333/1456/564 2340/1463/564 2341/1464/564
f 2332/1460/573 2334/1459/573 2343/1465/573 2342/1466/573
f 2357/1455/575 2345/1456/575 2347/1457/575 2358/1458/575
f 2347/1457/575 2345/1456/575 2346/1459/575 2344/1460/575
f 2358/1458/576 2347/1457/576 2348/1461/576 2360/1462/576
f 2346/1459/577 2345/1456/577 2349/1463/577 2350/1464/577
f 2344/1460/575 2346/1459/575 2352/1465/575 2351/1466/575
f 2357/1455/575 2358/1458/575 2356/1457/575 2354/1456/575
f 2356/1457/575 2353/1460/575 2355/1459/575 2354/1456/575
f 2358/1458/576 2360/1462/576 2359/1461/576 2356/1457/576
f 2355/1459/577 2362/1464/577 2361/1463/577 2354/1456/577
f 2353/1460/575 2363/1466/575 2364/1465/575 2355/1459/575
f 2324/1456/578 2345/1456/578 2357/1455/578 2336/1455/578
f 2326/1457/579 2347/1457/579 2344/1460/579 2323/1460/579
f 2339/1462/580 2360/1462/580 2348/1461/580 2327/1461/580
f 2327/1461/515 2348/1461/515 2347/1457/515 2326/1457/515
f 2329/1464/581 2350/1464/581 2349/1463/581 2328/1463/581
f 2325/1459/515 2346/1459/515 2350/1464/515 2329/1464/515
f 2328/1463/513 2349/1463/513 2345/1456/513 2324/1456/513
f 2330/1466/515 2351/1466/515 2352/1465/515 2331/1465/515
f 2323/1460/579 2344/1460/579 2351/1466/579 2330/1466/579
f 2331/1465/578 2352/1465/578 2346/1459/578 2325/1459/578
f 2336/1455/578 2357/1455/578 2354/1456/578 2333/1456/578
f 2332/1460/579 2353/1460/579 2356/1457/579 2335/1457/579
f 2338/1461/580 2359/1461/580 2360/1462/580 2339/1462/580
f 2335/1457/513 2356/1457/513 2359/1461/513 2338/1461/513
f 2340/1463/581 2361/1463/581 2362/1464/581 2341/1464/581
f 2341/1464/513 2362/1464/513 2355/1459/513 2334/1459/513
f 2333/1456/515 2354/1456/515 2361/1463/515 2340/1463/515
f 2343/1465/513 2364/1465/513 2363/1466/513 2342/1466/513
f 2342/1466/579 2363/1466/579 2353/1460/579 2332/1460/579
f 2334/1459/578 2355/1459/578 2364/1465/578 2343/1465/578
f 2378/1455/582 2379/1458/582 2368/1457/582 2366/1456/582
f 2368/1457/582 2365/1460/582 2367/1459/582 2366/1456/582
f 2379/1458/583 2381/1462/583 2369/1461/583 2368/1457/583
f 2367/1459/574 2371/1464/574 2370/1463/574 2366/1456/574
f 2365/1460/582 2372/1466/582 2373/1465/582 2367/1459/582
f 2378/1455/582 2375/1456/582 2377/1457/582 2379/1458/582
f 2377/1457/582 2375/1456/582 2376/1459/582 2374/1460/582
f 2379/1458/583 2377/1457/583 2380/1461/583 2381/1462/583
f 2376/1459/574 2375/1456/574 2382/1463/574 2383/1464/574
f 2374/1460/582 2376/1459/582 2385/1465/582 2384/1466/582
f 2399/1455/584 2387/1456/584 2389/1457/584 2400/1458/584
f 2389/1457/584 2387/1456/584 2388/1459/584 2386/1460/584
f 2400/1458/585 2389/1457/585 2390/1461/585 2402/1462/585
f 2388/1459/586 2387/1456/586 2391/1463/586 2392/1464/586
f 2386/1460/584 2388/1459/584 2394/1465/584 2393/1466/584
f 2399/1455/584 2400/1458/584 2398/1457/584 2396/1456/584
f 2398/1457/584 2395/1460/584 2397/1459/584 2396/1456/584
f 2400/1458/585 2402/1462/585 2401/1461/585 2398/1457/585
f 2397/1459/586 2404/1464/586 2403/1463/586 2396/1456/586
f 2395/1460/584 2405/1466/584 2406/1465/584 2397/1459/584
f 2366/1456/587 2387/1456/587 2399/1455/587 2378/1455/587
f 2368/1457/588 2389/1457/588 2386/1460/588 2365/1460/588
f 2381/1462/589 2402/1462/589 2390/1461/589 2369/1461/589
f 2369/1461/515 2390/1461/515 2389/1457/515 2368/1457/515
f 2371/1464/692 2392/1464/692 2391/1463/692 2370/1463/692
f 2367/1459/515 2388/1459/515 2392/1464/515 2371/1464/515
f 2370/1463/513 2391/1463/513 2387/1456/513 2366/1456/513
f 2372/1466/515 2393/1466/515 2394/1465/515 2373/1465/515
f 2365/1460/588 2386/1460/588 2393/1466/588 2372/1466/588
f 2373/1465/587 2394/1465/587 2388/1459/587 2367/1459/587
f 2378/1455/587 2399/1455/587 2396/1456/587 2375/1456/587
f 2374/1460/588 2395/1460/588 2398/1457/588 2377/1457/588
f 2380/1461/589 2401/1461/589 2402/1462/589 2381/1462/589
f 2377/1457/513 2398/1457/513 2401/1461/513 2380/1461/513
f 2382/1463/692 2403/1463/692 2404/1464/692 2383/1464/692
f 2383/1464/513 2404/1464/513 2397/1459/513 2376/1459/513
f 2375/1456/515 2396/1456/515 2403/1463/515 2382/1463/515
f 2385/1465/513 2406/1465/513 2405/1466/513 2384/1466/513
f 2384/1466/588 2405/1466/588 2395/1460/588 2374/1460/588
f 2376/1459/587 2397/1459/587 2406/1465/587 2385/1465/587
f 2420/1455/591 2421/1458/591 2410/1457/591 2408/1456/591
f 2410/1457/591 2407/1460/591 2409/1459/591 2408/1456/591
f 2421/1458/592 2423/1462/592 2411/1461/592 2410/1457/592
f 2409/1459/593 2413/1464/593 2412/1463/593 2408/1456/593
f 2407/1460/591 2414/1466/591 2415/1465/591 2409/1459/591
f 2420/1455/591 2417/1456/591 2419/1457/591 2421/1458/591
f 2419/1457/591 2417/1456/591 2418/1459/591 2416/1460/591
f 2421/1458/592 2419/1457/592 2422/1461/592 2423/1462/592
f 2418/1459/593 2417/1456/593 2424/1463/593 2425/1464/593
f 2416/1460/591 2418/1459/591 2427/1465/591 2426/1466/591
f 2441/1455/594 2429/1456/594 2431/1457/594 2442/1458/594
f 2431/1457/594 2429/1456/594 2430/1459/594 2428/1460/594
f 2442/1458/595 2431/1457/595 2432/1461/595 2444/1462/595
f 2430/1459/596 2429/1456/596 2433/1463/596 2434/1464/596
f 2428/1460/594 2430/1459/594 2436/1465/594 2435/1466/594
f 2441/1455/594 2442/1458/594 2440/1457/594 2438/1456/594
f 2440/1457/594 2437/1460/594 2439/1459/594 2438/1456/594
f 2442/1458/595 2444/1462/595 2443/1461/595 2440/1457/595
f 2439/1459/596 2446/1464/596 2445/1463/596 2438/1456/596
f 2437/1460/594 2447/1466/594 2448/1465/594 2439/1459/594
f 2408/1456/597 2429/1456/597 2441/1455/597 2420/1455/597
f 2410/1457/598 2431/1457/598 2428/1460/598 2407/1460/598
f 2423/1462/599 2444/1462/599 2432/1461/599 2411/1461/599
f 2411/1461/515 2432/1461/515 2431/1457/515 2410/1457/515
f 2413/1464/600 2434/1464/600 2433/1463/600 2412/1463/600
f 2409/1459/515 2430/1459/515 2434/1464/515 2413/1464/515
f 2412/1463/693 2433/1463/693 2429/1456/693 2408/1456/693
f 2414/1466/515 2435/1466/515 2436/1465/515 2415/1465/515
f 2407/1460/598 2428/1460/598 2435/1466/598 2414/1466/598
f 2415/1465/597 2436/1465/597 2430/1459/597 2409/1459/597
f 2420/1455/597 2441/1455/597 2438/1456/597 2417/1456/597
f 2416/1460/598 2437/1460/598 2440/1457/598 2419/1457/598
f 2422/1461/599 2443/1461/599 2444/1462/599 2423/1462/599
f 2419/1457/513 2440/1457/513 2443/1461/513 2422/1461/513
f 2424/1463/600 2445/1463/600 2446/1464/600 2425/1464/600
f 2425/1464/513 2446/1464/513 2439/1459/513 2418/1459/513
f 2417/1456/515 2438/1456/515 2445/1463/515 2424/1463/515
f 2427/1465/513 2448/1465/513 2447/1466/513 2426/1466/513
f 2426/1466/598 2447/1466/598 2437/1460/598 2416/1460/598
f 2418/1459/597 2439/1459/597 2448/1465/597 2427/1465/597
f 2462/1455/601 2463/1458/601 2452/1457/601 2450/1456/601
f 2452/1457/601 2449/1460/601 2451/1459/601 2450/1456/601
f 2463/1458/602 2465/1462/602 2453/1461/602 2452/1457/602
f 2451/1459/592 2455/1464/592 2454/1463/592 2450/1456/592
f 2449/1460/601 2456/1466/601 2457/1465/601 2451/1459/601
f 2462/1455/601 2459/1456/601 2461/1457/601 2463/1458/601
f 2461/1457/601 2459/1456/601 2460/1459/601 2458/1460/601
f 2463/1458/602 2461/1457/602 2464/1461/602 2465/1462/602
f 2460/1459/592 2459/1456/592 2466/1463/592 2467/1464/592
f 2458/1460/601 2460/1459/601 2469/1465/601 2468/1466/601
f 2483/1455/603 2471/1456/603 2473/1457/603 2484/1458/603
f 2473/1457/603 2471/1456/603 2472/1459/603 2470/1460/603
f 2484/1458/604 2473/1457/604 2474/1461/604 2486/1462/604
f 2472/1459/605 2471/1456/605 2475/1463/605 2476/1464/605
f 2470/1460/603 2472/1459/603 2478/1465/603 2477/1466/603
f 2483/1455/603 2484/1458/603 2482/1457/603 2480/1456/603
f 2482/1457/603 2479/1460/603 2481/1459/603 2480/1456/603
f 2484/1458/604 2486/1462/604 2485/1461/604 2482/1457/604
f 2481/1459/605 2488/1464/605 2487/1463/605 2480/1456/605
f 2479/1460/603 2489/1466/603 2490/1465/603 2481/1459/603
f 2450/1456/606 2471/1456/606 2483/1455/606 2462/1455/606
f 2452/1457/607 2473/1457/607 2470/1460/607 2449/1460/607
f 2465/1462/608 2486/1462/608 2474/1461/608 2453/1461/608
f 2453/1461/515 2474/1461/515 2473/1457/515 2452/1457/515
f 2455/1464/609 2476/1464/609 2475/1463/609 2454/1463/609
f 2451/1459/515 2472/1459/515 2476/1464/515 2455/1464/515
f 2454/1463/513 2475/1463/513 2471/1456/513 2450/1456/513
f 2456/1466/515 2477/1466/515 2478/1465/515 2457/1465/515
f 2449/1460/607 2470/1460/607 2477/1466/607 2456/1466/607
f 2457/1465/606 2478/1465/606 2472/1459/606 2451/1459/606
f 2462/1455/606 2483/1455/606 2480/1456/606 2459/1456/606
f 2458/1460/607 2479/1460/607 2482/1457/607 2461/1457/607
f 2464/1461/608 2485/1461/608 2486/1462/608 2465/1462/608
f 2461/1457/513 2482/1457/513 2485/1461/513 2464/1461/513
f 2466/1463/609 2487/1463/609 2488/1464/609 2467/1464/609
f 2467/1464/513 2488/1464/513 2481/1459/513 2460/1459/513
f 2459/1456/515 2480/1456/515 2487/1463/515 2466/1463/515
f 2469/1465/513 2490/1465/513 2489/1466/513 2468/1466/513
f 2468/1466/607 2489/1466/607 2479/1460/607 2458/1460/607
f 2460/1459/606 2481/1459/606 2490/1465/606 2469/1465/606
f 2504/1455/610 2505/1458/610 2494/1457/610 2492/1456/610
f 2494/1457/610 2491/1460/610 2493/1459/610 2492/1456/610
f 2505/1458/611 2507/1462/611 2495/1461/611 2494/1457/611
f 2493/1459/612 2497/1464/612 2496/1463/612 2492/1456/612
f 2491/1460/610 2498/1466/610 2499/1465/610 2493/1459/610
f 2504/1455/610 2501/1456/610 2503/1457/610 2505/1458/610
f 2503/1457/610 2501/1456/610 2502/1459/610 2500/1460/610
f 2505/1458/611 2503/1457/611 2506/1461/611 2507/1462/611
f 2502/1459/612 2501/1456/612 2508/1463/612 2509/1464/612
f 2500/1460/610 2502/1459/610 2511/1465/610 2510/1466/610
f 2525/1455/613 2513/1456/613 2515/1457/613 2526/1458/613
f 2515/1457/613 2513/1456/613 2514/1459/613 2512/1460/613
f 2526/1458/616 2515/1457/616 2516/1461/616 2528/1462/616
f 2514/1459/694 2513/1456/694 2517/1463/694 2518/1464/694
f 2512/1460/613 2514/1459/613 2520/1465/613 2519/1466/613
f 2525/1455/613 2526/1458/613 2524/1457/613 2522/1456/613
f 2524/1457/613 2521/1460/613 2523/1459/613 2522/1456/613
f 2526/1458/616 2528/1462/616 2527/1461/616 2524/1457/616
f 2523/1459/694 2530/1464/694 2529/1463/694 2522/1456/694
f 2521/1460/613 2531/1466/613 2532/1465/613 2523/1459/613
f 2492/1456/617 2513/1456/617 2525/1455/617 2504/1455/617
f 2494/1457/618 2515/1457/618 2512/1460/618 2491/1460/618
f 2507/1462/619 2528/1462/619 2516/1461/619 2495/1461/619
f 2495/1461/515 2516/1461/515 2515/1457/515 2494/1457/515
f 2497/1464/620 2518/1464/620 2517/1463/620 2496/1463/620
f 2493/1459/515 2514/1459/515 2518/1464/515 2497/1464/515
f 2496/1463/513 2517/1463/513 2513/1456/513 2492/1456/513
f 2498/1466/515 2519/1466/515 2520/1465/515 2499/1465/515
f 2491/1460/618 2512/1460/618 2519/1466/618 2498/1466/618
f 2499/1465/617 2520/1465/617 2514/1459/617 2493/1459/617
f 2504/1455/617 2525/1455/617 2522/1456/617 2501/1456/617
f 2500/1460/618 2521/1460/618 2524/1457/618 2503/1457/618
f 2506/1461/619 2527/1461/619 2528/1462/619 2507/1462/619
f 2503/1457/513 2524/1457/513 2527/1461/513 2506/1461/513
f 2508/1463/620 2529/1463/620 2530/1464/620 2509/1464/620
f 2509/1464/513 2530/1464/513 2523/1459/513 2502/1459/513
f 2501/1456/515 2522/1456/515 2529/1463/515 2508/1463/515
f 2511/1465/513 2532/1465/513 2531/1466/513 2510/1466/513
f 2510/1466/618 2531/1466/618 2521/1460/618 2500/1460/618
f 2502/1459/617 2523/1459/617 2532/1465/617 2511/1465/617
f 2546/1455/621 2547/1458/621 2536/1457/621 2534/1456/621
f 2536/1457/621 2533/1460/621 2535/1459/621 2534/1456/621
f 2547/1458/622 2549/1462/622 2537/1461/622 2536/1457/622
f 2535/1459/623 2539/1464/623 2538/1463/623 2534/1456/623
f 2533/1460/621 2540/1466/621 2541/1465/621 2535/1459/621
f 2546/1455/621 2543/1456/621 2545/1457/621 2547/1458/621
f 2545/1457/621 2543/1456/621 2544/1459/621 2542/1460/621
f 2547/1458/622 2545/1457/622 2548/1461/622 2549/1462/622
f 2544/1459/623 2543/1456/623 2550/1463/623 2551/1464/623
f 2542/1460/621 2544/1459/621 2553/1465/621 2552/1466/621
f 2567/1455/624 2555/1456/624 2557/1457/624 2568/1458/624
f 2557/1457/624 2555/1456/624 2556/1459/624 2554/1460/624
f 2568/1458/625 2557/1457/625 2558/1461/625 2570/1462/625
f 2556/1459/626 2555/1456/626 2559/1463/626 2560/1464/626
f 2554/1460/624 2556/1459/624 2562/1465/624 2561/1466/624
f 2567/1455/624 2568/1458/624 2566/1457/624 2564/1456/624
f 2566/1457/624 2563/1460/624 2565/1459/624 2564/1456/624
f 2568/1458/625 2570/1462/625 2569/1461/625 2566/1457/625
f 2565/1459/626 2572/1464/626 2571/1463/626 2564/1456/626
f 2563/1460/624 2573/1466/624 2574/1465/624 2565/1459/624
f 2534/1456/627 2555/1456/627 2567/1455/627 2546/1455/627
f 2536/1457/628 2557/1457/628 2554/1460/628 2533/1460/628
f 2549/1462/629 2570/1462/629 2558/1461/629 2537/1461/629
f 2537/1461/515 2558/1461/515 2557/1457/515 2536/1457/515
f 2539/1464/630 2560/1464/630 2559/1463/630 2538/1463/630
f 2535/1459/515 2556/1459/515 2560/1464/515 2539/1464/515
f 2538/1463/513 2559/1463/513 2555/1456/513 2534/1456/513
f 2540/1466/515 2561/1466/515 2562/1465/515 2541/1465/515
f 2533/1460/628 2554/1460/628 2561/1466/628 2540/1466/628
f 2541/1465/627 2562/1465/627 2556/1459/627 2535/1459/627
f 2546/1455/627 2567/1455/627 2564/1456/627 2543/1456/627
f 2542/1460/628 2563/1460/628 2566/1457/628 2545/1457/628
f 2548/1461/629 2569/1461/629 2570/1462/629 2549/1462/629
f 2545/1457/513 2566/1457/513 2569/1461/513 2548/1461/513
f 2550/1463/631 2571/1463/631 2572/1464/631 2551/1464/631
f 2551/1464/513 2572/1464/513 2565/1459/513 2544/1459/513
f 2543/1456/515 2564/1456/515 2571/1463/515 2550/1463/515
f 2553/1465/513 2574/1465/513 2573/1466/513 2552/1466/513
f 2552/1466/628 2573/1466/628 2563/1460/628 2542/1460/628
f 2544/1459/627 2565/1459/627 2574/1465/627 2553/1465/627
f 2588/1455/632 2589/1458/632 2578/1457/632 2576/1456/632
f 2578/1457/632 2575/1460/632 2577/1459/632 2576/1456/632
f 2589/1458/633 2591/1462/633 2579/1461/633 2578/1457/633
f 2577/1459/622 2581/1464/622 2580/1463/622 2576/1456/622
f 2575/1460/632 2582/1466/632 2583/1465/632 2577/1459/632
f 2588/1455/632 2585/1456/632 2587/1457/632 2589/1458/632
f 2587/1457/632 2585/1456/632 2586/1459/632 2584/1460/632
f 2589/1458/633 2587/1457/633 2590/1461/633 2591/1462/633
f 2586/1459/622 2585/1456/622 2592/1463/622 2593/1464/622
f 2584/1460/632 2586/1459/632 2595/1465/632 2594/1466/632
f 2609/1455/634 2597/1456/634 2599/1457/634 2610/1458/634
f 2599/1457/634 2597/1456/634 2598/1459/634 2596/1460/634
f 2610/1458/635 2599/1457/635 2600/1461/635 2612/1462/635
f 2598/1459/636 2597/1456/636 2601/1463/636 2602/1464/636
f 2596/1460/634 2598/1459/634 2604/1465/634 2603/1466/634
f 2609/1455/634 2610/1458/634 2608/1457/634 2606/1456/634
f 2608/1457/634 2605/1460/634 2607/1459/634 2606/1456/634
f 2610/1458/635 2612/1462/635 2611/1461/635 2608/1457/635
f 2607/1459/636 2614/1464/636 2613/1463/636 2606/1456/636
f 2605/1460/634 2615/1466/634 2616/1465/634 2607/1459/634
f 2576/1456/637 2597/1456/637 2609/1455/637 2588/1455/637
f 2578/1457/638 2599/1457/638 2596/1460/638 2575/1460/638
f 2591/1462/639 2612/1462/639 2600/1461/639 2579/1461/639
f 2579/1461/515 2600/1461/515 2599/1457/515 2578/1457/515
f 2581/1464/640 2602/1464/640 2601/1463/640 2580/1463/640
f 2577/1459/515 2598/1459/515 2602/1464/515 2581/1464/515
f 2580/1463/513 2601/1463/513 2597/1456/513 2576/1456/513
f 2582/1466/515 2603/1466/515 2604/1465/515 2583/1465/515
f 2575/1460/638 2596/1460/638 2603/1466/638 2582/1466/638
f 2583/1465/637 2604/1465/637 2598/1459/637 2577/1459/637
f 2588/1455/637 2609/1455/637 2606/1456/637 2585/1456/637
f 2584/1460/638 2605/1460/638 2608/1457/638 2587/1457/638
f 2590/1461/639 2611/1461/639 2612/1462/639 2591/1462/639
f 2587/1457/513 2608/1457/513 2611/1461/513 2590/1461/513
f 2592/1463/640 2613/1463/640 2614/1464/640 2593/1464/640
f 2593/1464/513 2614/1464/513 2607/1459/513 2586/1459/513
f 2585/1456/515 2606/1456/515 2613/1463/515 2592/1463/515
f 2595/1465/513 2616/1465/513 2615/1466/513 2594/1466/513
f 2594/1466/638 2615/1466/638 2605/1460/638 2584/1460/638
f 2586/1459/637 2607/1459/637 2616/1465/637 2595/1465/637
f 2630/1455/641 2631/1458/641 2620/1457/641 2618/1456/641
f 2620/1457/641 2617/1460/641 2619/1459/641 2618/1456/641
f 2631/1458/642 2633/1462/642 2621/1461/642 2620/1457/642
f 2619/1459/643 2623/1464/643 2622/1463/643 2618/1456/643
f 2617/1460/641 2624/1466/641 2625/1465/641 2619/1459/641
f 2630/1455/641 2627/1456/641 2629/1457/641 2631/1458/641
f 2629/1457/641 2627/1456/641 2628/1459/641 2626/1460/641
f 2631/1458/642 2629/1457/642 2632/1461/642 2633/1462/642
f 2628/1459/643 2627/1456/643 2634/1463/643 2635/1464/643
f 2626/1460/641 2628/1459/641 2637/1465/641 2636/1466/641
f 2651/1455/644 2639/1456/644 2641/1457/644 2652/1458/644
f 2641/1457/644 2639/1456/644 2640/1459/644 2638/1460/644
f 2652/1458/645 2641/1457/645 2642/1461/645 2654/1462/645
f 2640/1459/646 2639/1456/646 2643/1463/646 2644/1464/646
f 2638/1460/644 2640/1459/644 2646/1465/644 2645/1466/644
f 2651/1455/644 2652/1458/644 2650/1457/644 2648/1456/644
f 2650/1457/644 2647/1460/644 2649/1459/644 2648/1456/644
f 2652/1458/645 2654/1462/645 2653/1461/645 2650/1457/645
f 2649/1459/646 2656/1464/646 2655/1463/646 2648/1456/646
f 2647/1460/644 2657/1466/644 2658/1465/644 2649/1459/644
f 2618/1456/647 2639/1456/647 2651/1455/647 2630/1455/647
f 2620/1457/648 2641/1457/648 2638/1460/648 2617/1460/648
f 2633/1462/649 2654/1462/649 2642/1461/649 2621/1461/649
f 2621/1461/515 2642/1461/515 2641/1457/515 2620/1457/515
f 2623/1464/695 2644/1464/695 2643/1463/695 2622/1463/695
f 2619/1459/515 2640/1459/515 2644/1464/515 2623/1464/515
f 2622/1463/513 2643/1463/513 2639/1456/513 2618/1456/513
f 2624/1466/515 2645/1466/515 2646/1465/515 2625/1465/515
f 2617/1460/648 2638/1460/648 2645/1466/648 2624/1466/648
f 2625/1465/647 2646/1465/647 2640/1459/647 2619/1459/647
f 2630/1455/647 2651/1455/647 2648/1456/647 2627/1456/647
f 2626/1460/648 2647/1460/648 2650/1457/648 2629/1457/648
f 2632/1461/649 2653/1461/649 2654/1462/649 2633/1462/649
f 2629/1457/513 2650/1457/513 2653/1461/513 2632/1461/513
f 2634/1463/650 2655/1463/650 2656/1464/650 2635/1464/650
f 2635/1464/513 2656/1464/513 2649/1459/513 2628/1459/513
f 2627/1456/515 2648/1456/515 2655/1463/515 2634/1463/515
f 2637/1465/513 2658/1465/513 2657/1466/513 2636/1466/513
f 2636/1466/648 2657/1466/648 2647/1460/648 2626/1460/648
f 2628/1459/647 2649/1459/647 2658/1465/647 2637/1465/647
f 2672/1455/651 2673/1458/651 2662/1457/651 2660/1456/651
f 2662/1457/651 2659/1460/651 2661/1459/651 2660/1456/651
f 2673/1458/652 2675/1462/652 2663/1461/652 2662/1457/652
f 2661/1459/642 2665/1464/642 2664/1463/642 2660/1456/642
f 2659/1460/651 2666/1466/651 2667/1465/651 2661/1459/651
f 2672/1455/651 2669/1456/651 2671/1457/651 2673/1458/651
f 2671/1457/651 2669/1456/651 2670/1459/651 2668/1460/651
f 2673/1458/652 2671/1457/652 2674/1461/652 2675/1462/652
f 2670/1459/642 2669/1456/642 2676/1463/642 2677/1464/642
f 2668/1460/651 2670/1459/651 2679/1465/651 2678/1466/651
f 2693/1455/653 2681/1456/653 2683/1457/653 2694/1458/653
f 2683/1457/653 2681/1456/653 2682/1459/653 2680/1460/653
f 2694/1458/654 2683/1457/654 2684/1461/654 2696/1462/654
f 2682/1459/645 2681/1456/645 2685/1463/645 2686/1464/645
f 2680/1460/653 2682/1459/653 2688/1465/653 2687/1466/653
f 2693/1455/653 2694/1458/653 2692/1457/653 2690/1456/653
f 2692/1457/653 2689/1460/653 2691/1459/653 2690/1456/653
f 2694/1458/654 2696/1462/654 2695/1461/654 2692/1457/654
f 2691/1459/645 2698/1464/645 2697/1463/645 2690/1456/645
f 2689/1460/653 2699/1466/653 2700/1465/653 2691/1459/653
f 2660/1456/655 2681/1456/655 2693/1455/655 2672/1455/655
f 2662/1457/656 2683/1457/656 2680/1460/656 2659/1460/656
f 2675/1462/657 2696/1462/657 2684/1461/657 2663/1461/657
f 2663/1461/515 2684/1461/515 2683/1457/515 2662/1457/515
f 2665/1464/658 2686/1464/658 2685/1463/658 2664/1463/658
f 2661/1459/515 2682/1459/515 2686/1464/515 2665/1464/515
f 2664/1463/513 2685/1463/513 2681/1456/513 2660/1456/513
f 2666/1466/515 2687/1466/515 2688/1465/515 2667/1465/515
f 2659/1460/656 2680/1460/656 2687/1466/656 2666/1466/656
f 2667/1465/655 2688/1465/655 2682/1459/655 2661/1459/655
f 2672/1455/655 2693/1455/655 2690/1456/655 2669/1456/655
f 2668/1460/656 2689/1460/656 2692/1457/656 2671/1457/656
f 2674/1461/657 2695/1461/657 2696/1462/657 2675/1462/657
f 2671/1457/513 2692/1457/513 2695/1461/513 2674/1461/513
f 2676/1463/658 2697/1463/658 2698/1464/658 2677/1464/658
f 2677/1464/513 2698/1464/513 2691/1459/513 2670/1459/513
f 2669/1456/515 2690/1456/515 2697/1463/515 2676/1463/515
f 2679/1465/513 2700/1465/513 2699/1466/513 2678/1466/513
f 2678/1466/656 2699/1466/656 2689/1460/656 2668/1460/656
f 2670/1459/655 2691/1459/655 2700/1465/655 2679/1465/655
f 2714/1455/659 2715/1458/659 2704/1457/659 2702/1456/659
f 2704/1457/659 2701/1460/659 2703/1459/659 2702/1456/659
f 2715/1458/660 2717/1462/660 2705/1461/660 2704/1457/660
f 2703/1459/661 2707/1464/661 2706/1463/661 2702/1456/661
f 2701/1460/659 2708/1466/659 2709/1465/659 2703/1459/659
f 2714/1455/659 2711/1456/659 2713/1457/659 2715/1458/659
f 2713/1457/659 2711/1456/659 2712/1459/659 2710/1460/659
f 2715/1458/660 2713/1457/660 2716/1461/660 2717/1462/660
f 2712/1459/661 2711/1456/661 2718/1463/661 2719/1464/661
f 2710/1460/659 2712/1459/659 2721/1465/659 2720/1466/659
f 2735/1455/662 2723/1456/662 2725/1457/662 2736/1458/662
f 2725/1457/662 2723/1456/662 2724/1459/662 2722/1460/662
f 2736/1458/663 2725/1457/663 2726/1461/663 2738/1462/663
f 2724/1459/664 2723/1456/664 2727/1463/664 2728/1464/664
f 2722/1460/662 2724/1459/662 2730/1465/662 2729/1466/662
f 2735/1455/662 2736/1458/662 2734/1457/662 2732/1456/662
f 2734/1457/662 2731/1460/662 2733/1459/662 2732/1456/662
f 2736/1458/663 2738/1462/663 2737/1461/663 2734/1457/663
f 2733/1459/664 2740/1464/664 2739/1463/664 2732/1456/664
f 2731/1460/662 2741/1466/662 2742/1465/662 2733/1459/662
f 2702/1456/666 2723/1456/666 2735/1455/666 2714/1455/666
f 2704/1457/667 2725/1457/667 2722/1460/667 2701/1460/667
f 2717/1462/668 2738/1462/668 2726/1461/668 2705/1461/668
f 2705/1461/515 2726/1461/515 2725/1457/515 2704/1457/515
f 2707/1464/669 2728/1464/669 2727/1463/669 2706/1463/669
f 2703/1459/515 2724/1459/515 2728/1464/515 2707/1464/515
f 2706/1463/513 2727/1463/513 2723/1456/513 2702/1456/513
f 2708/1466/515 2729/1466/515 2730/1465/515 2709/1465/515
f 2701/1460/667 2722/1460/667 2729/1466/667 2708/1466/667
f 2709/1465/666 2730/1465/666 2724/1459/666 2703/1459/666
f 2714/1455/666 2735/1455/666 2732/1456/666 2711/1456/666
f 2710/1460/667 2731/1460/667 2734/1457/667 2713/1457/667
f 2716/1461/668 2737/1461/668 2738/1462/668 2717/1462/668
f 2713/1457/513 2734/1457/513 2737/1461/513 2716/1461/513
f 2718/1463/669 2739/1463/669 2740/1464/669 2719/1464/669
f 2719/1464/513 2740/1464/513 2733/1459/513 2712/1459/513
f 2711/1456/515 2732/1456/515 2739/1463/515 2718/1463/515
f 2721/1465/513 2742/1465/513 2741/1466/513 2720/1466/513
f 2720/1466/667 2741/1466/667 2731/1460/667 2710/1460/667
f 2712/1459/666 2733/1459/666 2742/1465/666 2721/1465/666
f 2756/1455/670 2757/1458/670 2746/1457/670 2744/1456/670
f 2746/1457/670 2743/1460/670 2745/1459/670 2744/1456/670
f 2757/1458/671 2759/1462/671 2747/1461/671 2746/1457/671
f 2745/1459/672 2749/1464/672 2748/1463/672 2744/1456/672
f 2743/1460/670 2750/1466/670 2751/1465/670 2745/1459/670
f 2756/1455/670 2753/1456/670 2755/1457/670 2757/1458/670
f 2755/1457/670 2753/1456/670 2754/1459/670 2752/1460/670
f 2757/1458/671 2755/1457/671 2758/1461/671 2759/1462/671
f 2754/1459/672 2753/1456/672 2760/1463/672 2761/1464/672
f 2752/1460/670 2754/1459/670 2763/1465/670 2762/1466/670
f 2777/1455/673 2765/1456/673 2767/1457/673 2778/1458/673
f 2767/1457/673 2765/1456/673 2766/1459/673 2764/1460/673
f 2778/1458/674 2767/1457/674 2768/1461/674 2780/1462/674
f 2766/1459/675 2765/1456/675 2769/1463/675 2770/1464/675
f 2764/1460/673 2766/1459/673 2772/1465/673 2771/1466/673
f 2777/1455/673 2778/1458/673 2776/1457/673 2774/1456/673
f 2776/1457/673 2773/1460/673 2775/1459/673 2774/1456/673
f 2778/1458/674 2780/1462/674 2779/1461/674 2776/1457/674
f 2775/1459/675 2782/1464/675 2781/1463/675 2774/1456/675
f 2773/1460/673 2783/1466/673 2784/1465/673 2775/1459/673
f 2744/1456/676 2765/1456/676 2777/1455/676 2756/1455/676
f 2746/1457/677 2767/1457/677 2764/1460/677 2743/1460/677
f 2759/1462/678 2780/1462/678 2768/1461/678 2747/1461/678
f 2747/1461/515 2768/1461/515 2767/1457/515 2746/1457/515
f 2749/1464/679 2770/1464/679 2769/1463/679 2748/1463/679
f 2745/1459/515 2766/1459/515 2770/1464/515 2749/1464/515
f 2748/1463/513 2769/1463/513 2765/1456/513 2744/1456/513
f 2750/1466/515 2771/1466/515 2772/1465/515 2751/1465/515
f 2743/1460/677 2764/1460/677 2771/1466/677 2750/1466/677
f 2751/1465/676 2772/1465/676 2766/1459/676 2745/1459/676
f 2756/1455/676 2777/1455/676 2774/1456/676 2753/1456/676
f 2752/1460/677 2773/1460/677 2776/1457/677 2755/1457/677
f 2758/1461/678 2779/1461/678 2780/1462/678 2759/1462/678
f 2755/1457/513 2776/1457/513 2779/1461/513 2758/1461/513
f 2760/1463/679 2781/1463/679 2782/1464/679 2761/1464/679
f 2761/1464/513 2782/1464/513 2775/1459/513 2754/1459/513
f 2753/1456/515 2774/1456/515 2781/1463/515 2760/1463/515
f 2763/1465/513 2784/1465/513 2783/1466/513 2762/1466/513
f 2762/1466/677 2783/1466/677 2773/1460/677 2752/1460/677
f 2754/1459/676 2775/1459/676 2784/1465/676 2763/1465/676
f 2798/1455/680 2799/1458/680 2788/1457/680 2786/1456/680
f 2788/1457/680 2785/1460/680 2787/1459/680 2786/1456/680
f 2799/1458/681 2801/1462/681 2789/1461/681 2788/1457/681
f 2787/1459/696 2791/1464/696 2790/1463/696 2786/1456/696
f 2785/1460/680 2792/1466/680 2793/1465/680 2787/1459/680
f 2798/1455/680 2795/1456/680 2797/1457/680 2799/1458/680
f 2797/1457/680 2795/1456/680 2796/1459/680 2794/1460/680
f 2799/1458/681 2797/1457/681 2800/1461/681 2801/1462/681
f 2796/1459/696 2795/1456/696 2802/1463/696 2803/1464/696
f 2794/1460/680 2796/1459/680 2805/1465/680 2804/1466/680
f 2819/1455/683 2807/1456/683 2809/1457/683 2820/1458/683
f 2809/1457/683 2807/1456/683 2808/1459/683 2806/1460/683
f 2820/1458/647 2809/1457/647 2810/1461/647 2822/1462/647
f 2808/1459/684 2807/1456/684 2811/1463/684 2812/1464/684
f 2806/1460/683 2808/1459/683 2814/1465/683 2813/1466/683
f 2819/1455/683 2820/1458/683 2818/1457/683 2816/1456/683
f 2818/1457/683 2815/1460/683 2817/1459/683 2816/1456/683
f 2820/1458/647 2822/1462/647 2821/1461/647 2818/1457/647
f 2817/1459/685 2824/1464/685 2823/1463/685 2816/1456/685
f 2815/1460/683 2825/1466/683 2826/1465/683 2817/1459/683
f 2786/1456/686 2807/1456/686 2819/1455/686 2798/1455/686
f 2788/1457/687 2809/1457/687 2806/1460/687 2785/1460/687
f 2801/1462/688 2822/1462/688 2810/1461/688 2789/1461/688
f 2789/1461/515 2810/1461/515 2809/1457/515 2788/1457/515
f 2791/1464/689 2812/1464/689 2811/1463/689 2790/1463/689
f 2787/1459/515 2808/1459/515 2812/1464/515 2791/1464/515
f 2790/1463/513 2811/1463/513 2807/1456/513 2786/1456/513
f 2792/1466/515 2813/1466/515 2814/1465/515 2793/1465/515
f 2785/1460/687 2806/1460/687 2813/1466/687 2792/1466/687
f 2793/1465/686 2814/1465/686 2808/1459/686 2787/1459/686
f 2798/1455/686 2819/1455/686 2816/1456/686 2795/1456/686
f 2794/1460/687 2815/1460/687 2818/1457/687 2797/1457/687
f 2800/1461/688 2821/1461/688 2822/1462/688 2801/1462/688
f 2797/1457/513 2818/1457/513 2821/1461/513 2800/1461/513
f 2802/1463/689 2823/1463/689 2824/1464/689 2803/1464/689
f 2803/1464/513 2824/1464/513 2817/1459/513 2796/1459/513
f 2795/1456/515 2816/1456/515 2823/1463/515 2802/1463/515
f 2805/1465/513 2826/1465/513 2825/1466/513 2804/1466/513
f 2804/1466/687 2825/1466/687 2815/1460/687 2794/1460/687
f 2796/1459/686 2817/1459/686 2826/1465/686 2805/1465/686
