# Blender 5.0.0
# www.blender.org
mtllib enemigo2.mtl
o Cube.001
v -2.337869 5.947093 1.680048
v -1.219661 5.248701 -1.417629
v 2.636006 5.947093 1.680048
v 1.517798 5.248701 -1.417629
v -2.179154 6.207746 0.098694
v 2.477292 6.207746 0.098694
v 1.757663 4.814142 1.092122
v 1.751247 4.814142 0.682405
v -0.778546 5.703218 -1.276147
v 1.076682 5.703218 -1.276147
v 2.030199 6.312127 1.680048
v -1.732062 6.312127 1.680048
v -1.443300 6.483295 -0.042788
v 1.741438 6.483295 -0.042788
v 2.001648 4.764843 0.098694
v -1.703511 4.764843 0.098694
v -1.454596 6.628597 0.676129
v -1.460617 6.561878 1.096118
v -2.190653 6.226078 1.087982
v -2.149218 6.290042 0.683965
v -2.105738 4.764843 1.451827
v -2.337869 4.970340 1.680048
v -1.120542 4.764843 -1.189408
v -1.219661 4.970340 -1.417629
v 2.403874 4.764843 1.451827
v 2.636006 4.970340 1.680048
v 1.418679 4.764843 -1.189408
v 1.517798 4.970340 -1.417629
v -1.936684 4.764843 0.098694
v -2.179154 4.970340 0.098694
v 2.477292 4.970340 0.098694
v 2.234821 4.764843 0.098694
v 2.447355 6.290042 0.683965
v 2.488790 6.226078 1.087983
v 1.758754 6.561878 1.096118
v 1.752733 6.628597 0.676129
v 1.307388 4.764843 -1.189408
v 1.184382 4.970340 -1.417629
v -0.886245 4.970340 -1.417629
v -1.009251 4.764843 -1.189408
v -1.669746 4.764843 1.451827
v -1.732062 4.970340 1.680048
v 2.030199 4.970340 1.680048
v 1.967884 4.764843 1.451827
v -0.886245 5.613734 -1.417629
v 1.184382 5.613734 -1.417629
v -1.703511 6.572779 0.098694
v 2.001648 6.572779 0.098694
v -0.439703 6.166159 -1.125397
v 0.737840 6.166159 -1.125397
v -0.762945 6.545476 -0.525667
v 1.061082 6.545476 -0.525667
v -0.580796 6.048928 -1.310748
v 0.878933 6.048928 -1.310748
v -1.103838 6.662707 -0.340317
v 1.401975 6.662707 -0.340317
v -0.439703 6.026124 -1.036828
v 0.737840 6.026124 -1.036828
v -0.762945 6.405442 -0.437098
v 1.061082 6.405442 -0.437098
v 2.657588 6.278643 1.102509
v 2.613164 6.347221 0.669344
v -2.315027 6.347221 0.669344
v -2.359451 6.278643 1.102508
v -1.576747 6.638669 1.111231
v -1.570292 6.710201 0.660942
v 1.868429 6.710201 0.660942
v 1.874884 6.638669 1.111231
v 1.866835 4.764843 0.667670
v 1.873715 4.764843 1.106947
v -1.575577 4.764843 1.106947
v -1.568698 4.764843 0.667670
v -2.359365 4.970340 1.104807
v -2.314859 4.970340 0.668638
v -2.073195 4.764843 0.668036
v -2.118349 4.764843 1.106252
v 2.612996 4.970340 0.668638
v 2.657502 4.970340 1.104807
v 2.416486 4.764843 1.106252
v 2.371332 4.764843 0.668036
v -1.459526 4.814142 1.092122
v -1.453109 4.814142 0.682405
v -2.190572 5.005811 1.090126
v -2.149061 5.005811 0.683307
v -1.923658 4.814142 0.682745
v -1.965774 4.814142 1.091474
v 2.447198 5.005811 0.683307
v 2.488709 5.005811 1.090126
v 2.263912 4.814142 1.091474
v 2.221796 4.814142 0.682745
vn -0.0000 -0.0000 1.0000
vn -0.0000 -1.0000 -0.0000
vn 0.8450 -0.0000 -0.5347
vn -0.0000 -0.0000 -1.0000
vn 0.5023 0.8397 -0.2064
vn -0.5023 0.8397 -0.2064
vn -0.5074 0.5623 -0.6529
vn 0.9993 -0.0000 0.0373
vn -0.9993 -0.0000 0.0373
vn -0.4235 0.8061 0.4133
vn -0.9728 -0.0000 -0.2316
vn -0.8450 -0.0000 -0.5347
vn 0.5074 0.5623 -0.6529
vn -0.7152 0.3485 -0.6059
vn 0.9728 -0.0000 -0.2316
vn -0.0000 0.9714 -0.2374
vn -0.0000 0.8673 0.4979
vn 0.6490 -0.7604 0.0240
vn -0.0000 -0.7431 -0.6691
vn 0.5976 -0.7068 -0.3784
vn -0.0000 -0.7431 0.6691
vn -0.5976 -0.7068 -0.3784
vn 0.4249 0.8975 0.1179
vn -0.6490 -0.7604 0.0240
vn 0.6397 -0.7533 -0.1528
vn -0.6397 -0.7533 -0.1528
vn -0.0000 0.8451 -0.5345
vn -0.9100 0.2216 0.3503
vn -0.0000 0.8564 0.5164
vn 0.7152 0.3485 -0.6059
vn -0.0000 -0.0996 -0.9950
vn -0.0000 0.5345 0.8451
vn 0.9100 0.2216 0.3503
vn -0.0000 -0.5345 -0.8451
vn -0.0466 0.1185 0.9919
vn 0.0863 -0.0018 -0.9963
vn 0.0698 -0.0850 0.9939
vn 0.0880 -0.0005 0.9961
vn -0.0000 -0.2864 0.9581
vn -0.0464 0.1249 -0.9911
vn -0.0012 -0.2906 -0.9568
vn 0.0682 -0.0869 -0.9939
vn -0.0007 -0.2879 0.9577
vn -0.0000 -0.2880 -0.9576
vn 0.4235 0.8061 0.4133
vn -0.4249 0.8975 0.1179
vn -0.0000 0.9876 0.1569
vn -0.6468 -0.7598 -0.0663
vn 0.6468 -0.7598 -0.0663
vn -0.9948 -0.0002 -0.1018
vn 0.9948 -0.0002 -0.1018
vn 0.0007 -0.2879 0.9577
vn -0.0698 -0.0850 0.9939
vn -0.0000 0.1931 -0.9812
vn 0.0012 -0.2906 -0.9568
vn 0.0464 0.1249 -0.9911
vn -0.0000 0.1830 0.9831
vn -0.0880 -0.0005 0.9961
vn -0.0682 -0.0869 -0.9939
vn -0.0863 -0.0018 -0.9963
vn 0.0466 0.1185 0.9919
vt 0.844663 0.741957
vt 0.845875 0.741957
vt 0.846328 0.742709
vt 0.844663 0.742709
vt 0.862835 0.661875
vt 0.862834 0.662549
vt 0.862406 0.662432
vt 0.862406 0.661891
vt 0.906969 0.661904
vt 0.906624 0.661905
vt 0.905504 0.660040
vt 0.907037 0.660040
vt 0.879688 0.737156
vt 0.880032 0.737156
vt 0.880483 0.737570
vt 0.879688 0.737570
vt 0.903372 0.677297
vt 0.903495 0.677888
vt 0.902869 0.678053
vt 0.902737 0.677129
vt 0.903495 0.682486
vt 0.903372 0.683076
vt 0.902737 0.683244
vt 0.902869 0.682320
vt 0.881060 0.735966
vt 0.881511 0.736556
vt 0.879688 0.740140
vt 0.880483 0.740140
vt 0.880032 0.740553
vt 0.879688 0.740553
vt 0.859500 0.699517
vt 0.859500 0.699656
vt 0.857902 0.700668
vt 0.857902 0.700379
vt 0.829764 0.699159
vt 0.829764 0.697538
vt 0.830481 0.697949
vt 0.830478 0.699160
vt 0.844663 0.747377
vt 0.846328 0.747377
vt 0.845875 0.748129
vt 0.844663 0.748129
vt 0.915715 0.652232
vt 0.915717 0.653442
vt 0.915001 0.653853
vt 0.915001 0.652232
vt 0.857902 0.695492
vt 0.857902 0.695781
vt 0.857196 0.695948
vt 0.857195 0.695322
vt 0.918202 0.678645
vt 0.918091 0.679617
vt 0.917290 0.679590
vt 0.917413 0.678838
vt 0.857195 0.700838
vt 0.857196 0.700212
vt 0.829975 0.748516
vt 0.831680 0.748516
vt 0.831517 0.749222
vt 0.829984 0.749221
vt 0.862834 0.666829
vt 0.862406 0.666946
vt 0.830398 0.751086
vt 0.830053 0.751086
vt 0.881511 0.741154
vt 0.881060 0.741744
vt 0.834521 0.652167
vt 0.834521 0.653942
vt 0.834122 0.653758
vt 0.834122 0.652362
vt 0.905341 0.659335
vt 0.907047 0.659335
vt 0.918202 0.674362
vt 0.917413 0.674169
vt 0.862835 0.667503
vt 0.862406 0.667487
vt 0.859500 0.696505
vt 0.859500 0.696643
vt 0.862837 0.667802
vt 0.862123 0.667775
vt 0.859783 0.696382
vt 0.859783 0.696795
vt 0.859783 0.699779
vt 0.857902 0.700969
vt 0.862123 0.667023
vt 0.857902 0.695191
vt 0.724614 0.672026
vt 0.724511 0.671120
vt 0.725015 0.671171
vt 0.725138 0.672033
vt 0.862123 0.661603
vt 0.862837 0.661576
vt 0.857194 0.701138
vt 0.859783 0.699365
vt 0.862123 0.662355
vt 0.857194 0.695023
vt 0.904844 0.681338
vt 0.904844 0.679035
vt 0.904983 0.678902
vt 0.904983 0.681471
vt 0.903634 0.678211
vt 0.903634 0.682163
vt 0.887803 0.683205
vt 0.887803 0.684102
vt 0.887597 0.684105
vt 0.887597 0.683208
vt 0.904049 0.678632
vt 0.904049 0.681741
vt 0.898803 0.717746
vt 0.898803 0.715971
vt 0.899202 0.716166
vt 0.899202 0.717563
vt 0.873822 0.661060
vt 0.873822 0.658758
vt 0.874253 0.659003
vt 0.874253 0.660815
vt 0.904820 0.680917
vt 0.904820 0.679456
vt 0.905002 0.679281
vt 0.905002 0.681092
vt 0.904231 0.679055
vt 0.904231 0.681318
vt 0.709179 0.694951
vt 0.709179 0.696412
vt 0.708590 0.696813
vt 0.708590 0.694549
vt 0.862109 0.675103
vt 0.862109 0.673642
vt 0.862282 0.673642
vt 0.862282 0.675103
vt 0.858586 0.680844
vt 0.858586 0.681741
vt 0.858381 0.681738
vt 0.858381 0.680841
vt 0.900962 0.690134
vt 0.900962 0.687871
vt 0.901144 0.687871
vt 0.901144 0.690134
vt 0.859072 0.682555
vt 0.859523 0.681631
vt 0.859593 0.681837
vt 0.859173 0.682699
vt 0.851670 0.748127
vt 0.850052 0.748127
vt 0.850098 0.747918
vt 0.851607 0.747918
vt 0.861486 0.687447
vt 0.861231 0.687746
vt 0.861187 0.687541
vt 0.861425 0.687261
vt 0.859523 0.687747
vt 0.859593 0.687541
vt 0.861486 0.682557
vt 0.861486 0.686821
vt 0.861425 0.686677
vt 0.861425 0.682701
vt 0.851670 0.741902
vt 0.852114 0.742873
vt 0.852021 0.743017
vt 0.851607 0.742111
vt 0.849798 0.747828
vt 0.849798 0.747155
vt 0.849860 0.747011
vt 0.849860 0.747639
vt 0.849798 0.742874
vt 0.849860 0.743018
vt 0.918091 0.673391
vt 0.917290 0.673418
vt 0.724511 0.676927
vt 0.724614 0.676021
vt 0.725138 0.676013
vt 0.725015 0.676875
vt 0.728257 0.743616
vt 0.728257 0.739623
vt 0.728765 0.739631
vt 0.728765 0.743608
vt 0.728764 0.738768
vt 0.728765 0.739047
vt 0.728258 0.738995
vt 0.728259 0.738716
vt 0.728259 0.744523
vt 0.728258 0.744244
vt 0.728765 0.744192
vt 0.728764 0.744471
vt 0.691230 0.656612
vt 0.691230 0.655020
vt 0.691734 0.655017
vt 0.691730 0.656529
vt 0.715767 0.656900
vt 0.715767 0.655309
vt 0.716268 0.655391
vt 0.716271 0.656903
vt 0.861486 0.681931
vt 0.861425 0.682117
vt 0.861231 0.681631
vt 0.861187 0.681837
vt 0.852114 0.747156
vt 0.852021 0.747012
vt 0.849798 0.742201
vt 0.849860 0.742390
vt 0.859072 0.686823
vt 0.859173 0.686679
vt 0.850052 0.741902
vt 0.850098 0.742111
s 0
usemtl Material.001
f 26/1/1 3/2/1 11/3/1 43/4/1
f 76/5/2 71/6/2 41/7/2 21/8/2
f 28/9/3 4/10/3 6/11/3 31/12/3
f 24/13/4 2/14/4 45/15/4 39/16/4
f 6/17/5 48/18/5 67/19/5 62/20/5
f 47/21/6 5/22/6 63/23/6 66/24/6
f 45/15/7 2/14/7 5/25/7 47/26/7
f 38/27/4 46/28/4 4/29/4 28/30/4
f 37/31/2 27/32/2 32/33/2 15/34/2
f 78/35/8 61/36/8 3/37/8 26/38/8
f 42/39/1 12/40/1 1/41/1 22/42/1
f 22/43/9 1/44/9 64/45/9 73/46/9
f 39/16/4 45/15/4 46/28/4 38/27/4
f 29/47/2 16/48/2 72/49/2 75/50/2
f 65/51/10 64/52/10 1/53/10 12/54/10
f 15/34/2 32/33/2 80/55/2 69/56/2
f 74/57/11 63/58/11 5/59/11 30/60/11
f 71/6/2 70/61/2 44/62/2 41/7/2
f 30/60/12 5/59/12 2/63/12 24/64/12
f 43/4/1 11/3/1 12/40/1 42/39/1
f 4/29/13 46/28/13 48/65/13 6/66/13
f 9/67/14 13/68/14 55/69/14 53/70/14
f 31/12/15 6/11/15 62/71/15 77/72/15
f 48/18/16 47/21/16 66/24/16 67/19/16
f 68/73/17 65/51/17 12/54/17 11/74/17
f 16/48/2 15/34/2 69/56/2 72/49/2
f 70/61/2 79/75/2 25/76/2 44/62/2
f 23/77/2 40/78/2 16/48/2 29/47/2
f 40/78/2 37/31/2 15/34/2 16/48/2
f 25/76/18 79/75/18 78/79/18 26/80/18
f 40/78/19 23/77/19 24/81/19 39/82/19
f 32/33/20 27/32/20 28/83/20 31/84/20
f 44/62/21 25/76/21 26/80/21 43/85/21
f 23/77/22 29/47/22 30/86/22 24/81/22
f 35/87/23 34/88/23 33/89/23 36/90/23
f 76/5/24 21/8/24 22/91/24 73/92/24
f 80/55/25 32/33/25 31/84/25 77/93/25
f 27/32/19 37/31/19 38/94/19 28/83/19
f 37/31/19 40/78/19 39/82/19 38/94/19
f 21/8/21 41/7/21 42/95/21 22/91/21
f 41/7/21 44/62/21 43/85/21 42/95/21
f 29/47/26 75/50/26 74/96/26 30/86/26
f 9/97/27 10/98/27 46/99/27 45/100/27
f 14/101/27 13/102/27 47/21/27 48/18/27
f 10/98/27 14/101/27 48/18/27 46/99/27
f 13/102/27 9/97/27 45/100/27 47/21/27
f 52/103/28 50/104/28 58/105/28 60/106/28
f 13/102/29 14/101/29 56/107/29 55/108/29
f 14/109/30 10/110/30 54/111/30 56/112/30
f 10/113/31 9/114/31 53/115/31 54/116/31
f 49/117/27 50/118/27 54/119/27 53/120/27
f 52/121/27 51/122/27 55/108/27 56/107/27
f 50/118/27 52/121/27 56/107/27 54/119/27
f 51/122/27 49/117/27 53/120/27 55/108/27
f 58/123/27 57/124/27 59/125/27 60/126/27
f 50/127/32 49/128/32 57/129/32 58/130/32
f 49/131/33 51/132/33 59/133/33 57/134/33
f 51/135/34 52/136/34 60/137/34 59/138/34
f 66/139/35 63/140/35 20/141/35 17/142/35
f 61/143/36 78/144/36 88/145/36 34/146/36
f 80/147/37 77/148/37 87/149/37 90/150/37
f 77/148/38 62/151/38 33/152/38 87/149/38
f 72/153/39 69/154/39 8/155/39 82/156/39
f 64/157/40 65/158/40 18/159/40 19/160/40
f 79/161/41 70/162/41 7/163/41 89/164/41
f 78/144/42 79/161/42 89/164/42 88/145/42
f 69/154/43 80/147/43 90/150/43 8/155/43
f 70/162/44 71/165/44 81/166/44 7/163/44
f 61/167/45 68/73/45 11/74/45 3/168/45
f 19/169/46 18/170/46 17/171/46 20/172/46
f 18/170/47 35/87/47 36/90/47 17/171/47
f 7/173/2 81/174/2 82/175/2 8/176/2
f 84/177/48 85/178/48 86/179/48 83/180/48
f 88/181/49 89/182/49 90/183/49 87/184/49
f 85/178/2 82/175/2 81/174/2 86/179/2
f 20/185/50 84/186/50 83/187/50 19/188/50
f 8/176/2 90/183/2 89/182/2 7/173/2
f 87/189/51 33/190/51 34/191/51 88/192/51
f 75/193/52 72/153/52 82/156/52 85/194/52
f 74/195/53 75/193/53 85/194/53 84/196/53
f 65/158/54 68/197/54 35/198/54 18/159/54
f 71/165/55 76/199/55 86/200/55 81/166/55
f 68/197/56 61/143/56 34/146/56 35/198/56
f 67/201/57 66/139/57 17/142/57 36/202/57
f 63/140/58 74/195/58 84/196/58 20/141/58
f 76/199/59 73/203/59 83/204/59 86/200/59
f 73/203/60 64/157/60 19/160/60 83/204/60
f 62/151/61 67/201/61 36/202/61 33/152/61
o Cylinder.007
v 0.149068 3.138685 -0.620809
v 0.149068 4.587172 -0.620809
v 0.511190 3.138685 -0.523779
v 0.511190 4.587172 -0.523779
v 0.776281 3.138685 -0.258687
v 0.776281 4.587172 -0.258687
v 0.873312 3.138685 0.103434
v 0.873312 4.587172 0.103434
v 0.776281 3.138685 0.465556
v 0.776281 4.587172 0.465556
v 0.511190 3.138685 0.730647
v 0.511190 4.587172 0.730647
v 0.149069 3.138685 0.827677
v 0.149069 4.587172 0.827677
v -0.213053 3.138685 0.730647
v -0.213053 4.587172 0.730647
v -0.478144 3.138685 0.465556
v -0.478144 4.587172 0.465556
v -0.575175 3.138685 0.103434
v -0.575175 4.587172 0.103434
v -0.478145 3.138685 -0.258687
v -0.478145 4.587172 -0.258687
v -0.213053 3.138685 -0.523779
v -0.213053 4.587172 -0.523779
v 0.643006 4.587172 -0.752092
v 0.149068 4.587172 -0.884442
v 1.004594 4.587172 -0.390504
v 1.136944 4.587172 0.103434
v 1.004594 4.587172 0.597372
v 0.643007 4.587172 0.958960
v 0.149069 4.587172 1.091310
v -0.344869 4.587172 0.958960
v -0.706457 4.587172 0.597372
v -0.838807 4.587172 0.103435
v -0.706457 4.587172 -0.390503
v -0.344870 4.587172 -0.752091
v 0.643006 4.975550 -0.752092
v 0.149068 4.975550 -0.884442
v 1.004594 4.975550 -0.390504
v 1.136944 4.975550 0.103434
v 1.004594 4.975550 0.597372
v 0.643007 4.975550 0.958960
v 0.149069 4.975550 1.091310
v -0.344869 4.975550 0.958960
v -0.706457 4.975550 0.597372
v -0.838807 4.975550 0.103435
v -0.706457 4.975550 -0.390503
v -0.344870 4.975550 -0.752091
vn 0.2588 -0.0000 -0.9659
vn 0.7071 -0.0000 -0.7071
vn 0.9659 -0.0000 -0.2588
vn 0.9659 -0.0000 0.2588
vn 0.7071 -0.0000 0.7071
vn 0.2588 -0.0000 0.9659
vn -0.2588 -0.0000 0.9659
vn -0.7071 -0.0000 0.7071
vn -0.9659 -0.0000 0.2588
vn -0.9659 -0.0000 -0.2588
vn -0.0000 -1.0000 -0.0000
vn -0.7071 -0.0000 -0.7071
vn -0.2588 -0.0000 -0.9659
vn -0.0000 1.0000 -0.0000
vt 0.519650 0.842637
vt 0.519650 0.845360
vt 0.518946 0.845360
vt 0.518946 0.842637
vt 0.518335 0.845360
vt 0.518335 0.842637
vt 0.517983 0.845360
vt 0.517983 0.842637
vt 0.469914 0.864007
vt 0.469914 0.866730
vt 0.469562 0.866730
vt 0.469562 0.864007
vt 0.468951 0.866730
vt 0.468951 0.864007
vt 0.468247 0.866730
vt 0.468247 0.864007
vt 0.467636 0.866730
vt 0.467636 0.864007
vt 0.467488 0.894189
vt 0.467488 0.891465
vt 0.467840 0.891465
vt 0.467840 0.894189
vt 0.468450 0.891465
vt 0.468450 0.894189
vt 0.469155 0.891465
vt 0.469155 0.894189
vt 0.519854 0.859951
vt 0.520464 0.860303
vt 0.520336 0.860782
vt 0.519504 0.860301
vt 0.469766 0.891465
vt 0.469766 0.894189
vt 0.520261 0.842637
vt 0.520261 0.845360
vt 0.482472 0.929405
vt 0.482825 0.928795
vt 0.483435 0.928442
vt 0.484140 0.928442
vt 0.484750 0.928795
vt 0.485103 0.929405
vt 0.485103 0.930110
vt 0.484750 0.930720
vt 0.484140 0.931073
vt 0.483435 0.931073
vt 0.482825 0.930720
vt 0.482472 0.930110
vt 0.542395 0.836701
vt 0.542395 0.835740
vt 0.543125 0.835740
vt 0.543125 0.836701
vt 0.522132 0.859340
vt 0.522132 0.858636
vt 0.522611 0.858507
vt 0.522611 0.859469
vt 0.521780 0.859951
vt 0.522130 0.860301
vt 0.521169 0.860303
vt 0.521297 0.860782
vt 0.521780 0.858025
vt 0.522130 0.857675
vt 0.521169 0.857673
vt 0.521297 0.857194
vt 0.520464 0.857673
vt 0.520336 0.857194
vt 0.519854 0.858025
vt 0.519504 0.857675
vt 0.519502 0.858636
vt 0.519023 0.858507
vt 0.519502 0.859340
vt 0.519023 0.859469
vt 0.540806 0.860109
vt 0.540806 0.859148
vt 0.541286 0.858315
vt 0.542119 0.857835
vt 0.543080 0.857835
vt 0.543913 0.858315
vt 0.544393 0.859148
vt 0.544393 0.860109
vt 0.543913 0.860942
vt 0.543080 0.861422
vt 0.542119 0.861422
vt 0.541286 0.860942
vt 0.459808 0.918990
vt 0.459808 0.918158
vt 0.460538 0.918158
vt 0.460538 0.918990
vt 0.459808 0.916364
vt 0.459808 0.915883
vt 0.460538 0.915883
vt 0.460538 0.916364
vt 0.542395 0.837534
vt 0.543125 0.837534
vt 0.546039 0.836180
vt 0.546039 0.835218
vt 0.546769 0.835218
vt 0.546769 0.836180
vt 0.542395 0.834907
vt 0.542395 0.834427
vt 0.543125 0.834427
vt 0.543125 0.834907
vt 0.459808 0.917196
vt 0.460538 0.917196
vt 0.546039 0.834386
vt 0.546769 0.834386
vt 0.546039 0.837012
vt 0.546769 0.837012
vt 0.546039 0.837493
vt 0.546769 0.837493
s 0
usemtl Material.001
f 91/205/62 92/206/62 94/207/62 93/208/62
f 93/208/63 94/207/63 96/209/63 95/210/63
f 95/210/64 96/209/64 98/211/64 97/212/64
f 97/213/65 98/214/65 100/215/65 99/216/65
f 99/216/66 100/215/66 102/217/66 101/218/66
f 101/218/67 102/217/67 104/219/67 103/220/67
f 103/220/68 104/219/68 106/221/68 105/222/68
f 105/223/69 106/224/69 108/225/69 107/226/69
f 107/226/70 108/225/70 110/227/70 109/228/70
f 109/228/71 110/227/71 112/229/71 111/230/71
f 100/231/72 98/232/72 118/233/72 119/234/72
f 111/230/73 112/229/73 114/235/73 113/236/73
f 113/237/74 114/238/74 92/206/74 91/205/74
f 91/239/72 93/240/72 95/241/72 97/242/72 99/243/72 101/244/72 103/245/72 105/246/72 107/247/72 109/248/72 111/249/72 113/250/72
f 125/251/71 124/252/71 136/253/71 137/254/71
f 92/255/72 114/256/72 126/257/72 116/258/72
f 94/259/72 92/255/72 116/258/72 115/260/72
f 98/232/72 96/261/72 117/262/72 118/233/72
f 114/256/72 112/263/72 125/264/72 126/257/72
f 96/261/72 94/259/72 115/260/72 117/262/72
f 112/263/72 110/265/72 124/266/72 125/264/72
f 110/265/72 108/267/72 123/268/72 124/266/72
f 108/267/72 106/269/72 122/270/72 123/268/72
f 106/269/72 104/271/72 121/272/72 122/270/72
f 104/271/72 102/273/72 120/274/72 121/272/72
f 102/273/72 100/231/72 119/234/72 120/274/72
f 127/275/75 128/276/75 138/277/75 137/278/75 136/279/75 135/280/75 134/281/75 133/282/75 132/283/75 131/284/75 130/285/75 129/286/75
f 122/287/68 121/288/68 133/289/68 134/290/68
f 119/291/65 118/292/65 130/293/65 131/294/65
f 126/295/73 125/251/73 137/254/73 138/296/73
f 115/297/62 116/298/62 128/299/62 127/300/62
f 123/301/69 122/302/69 134/303/69 135/304/69
f 120/305/66 119/291/66 131/294/66 132/306/66
f 116/298/74 126/307/74 138/308/74 128/299/74
f 117/309/63 115/297/63 127/300/63 129/310/63
f 124/252/70 123/301/70 135/304/70 136/253/70
f 121/288/67 120/305/67 132/306/67 133/289/67
f 118/311/64 117/309/64 129/310/64 130/312/64
o Cylinder.008
v 0.149068 6.193255 0.928456
v 0.149068 5.991386 2.548348
v 0.593348 6.009228 0.928456
v 0.450605 5.866486 2.548348
v 0.777374 5.564949 0.928456
v 0.575505 5.564949 2.548348
v 0.593348 5.120670 0.928456
v 0.450605 5.263412 2.548348
v 0.149068 4.936643 0.928456
v 0.149068 5.138512 2.548348
v -0.295211 5.120670 0.928456
v -0.152468 5.263412 2.548348
v -0.479237 5.564949 0.928456
v -0.277369 5.564949 2.548348
v -0.295211 6.009228 0.928456
v -0.152468 5.866486 2.548348
v 0.593348 6.009228 2.548348
v 0.149068 6.193255 2.548348
v 0.777374 5.564949 2.548348
v 0.593348 5.120670 2.548348
v 0.149068 4.936643 2.548348
v -0.295211 5.120670 2.548348
v -0.479237 5.564949 2.548348
v -0.295211 6.009228 2.548348
v 0.325712 5.741592 3.031337
v 0.149068 5.814761 3.031337
v 0.398880 5.564949 3.031337
v 0.325712 5.388306 3.031337
v 0.149068 5.315138 3.031337
v -0.027575 5.388306 3.031337
v -0.100743 5.564949 3.031337
v -0.027575 5.741592 3.031337
v 0.450605 5.866486 3.031337
v 0.149068 5.991386 3.031337
v 0.575505 5.564949 3.031337
v 0.450605 5.263412 3.031337
v 0.149068 5.138512 3.031337
v -0.152468 5.263412 3.031337
v -0.277368 5.564949 3.031337
v -0.152468 5.866486 3.031337
v 0.264865 5.680745 3.845118
v 0.149069 5.728710 3.845118
v 0.312829 5.564949 3.845118
v 0.264865 5.449153 3.845118
v 0.149069 5.401188 3.845118
v 0.033272 5.449153 3.845118
v -0.014692 5.564949 3.845118
v 0.033272 5.680745 3.845118
v 1.642680 6.193255 0.928456
v 1.642680 5.991386 2.548348
v 2.086959 6.009228 0.928456
v 1.944216 5.866486 2.548348
v 2.270986 5.564949 0.928456
v 2.069117 5.564949 2.548348
v 2.086959 5.120670 0.928456
v 1.944216 5.263412 2.548348
v 1.642680 4.936643 0.928456
v 1.642680 5.138512 2.548348
v 1.198400 5.120670 0.928456
v 1.341143 5.263412 2.548348
v 1.014374 5.564949 0.928456
v 1.216243 5.564949 2.548348
v 1.198400 6.009228 0.928456
v 1.341143 5.866486 2.548348
v 2.086959 6.009228 2.548348
v 1.642680 6.193255 2.548348
v 2.270986 5.564949 2.548348
v 2.086959 5.120670 2.548348
v 1.642680 4.936643 2.548348
v 1.198400 5.120670 2.548348
v 1.014374 5.564949 2.548348
v 1.198400 6.009228 2.548348
v 1.819323 5.741592 3.031337
v 1.642680 5.814761 3.031337
v 1.892491 5.564949 3.031337
v 1.819323 5.388306 3.031337
v 1.642680 5.315138 3.031337
v 1.466036 5.388306 3.031337
v 1.392868 5.564949 3.031337
v 1.466036 5.741592 3.031337
v 1.944216 5.866486 3.031337
v 1.642680 5.991386 3.031337
v 2.069117 5.564949 3.031337
v 1.944216 5.263412 3.031337
v 1.642680 5.138512 3.031337
v 1.341143 5.263412 3.031337
v 1.216243 5.564949 3.031337
v 1.341143 5.866486 3.031337
v 1.758476 5.680745 3.845118
v 1.642680 5.728710 3.845118
v 1.806441 5.564949 3.845118
v 1.758476 5.449153 3.845118
v 1.642680 5.401188 3.845118
v 1.526883 5.449153 3.845118
v 1.478919 5.564949 3.845118
v 1.526884 5.680745 3.845118
v -1.276635 6.193255 0.928456
v -1.276635 5.991386 2.548348
v -0.832355 6.009228 0.928456
v -0.975098 5.866486 2.548348
v -0.648329 5.564949 0.928456
v -0.850198 5.564949 2.548348
v -0.832355 5.120670 0.928456
v -0.975098 5.263412 2.548348
v -1.276635 4.936643 0.928456
v -1.276635 5.138512 2.548348
v -1.720914 5.120670 0.928456
v -1.578171 5.263412 2.548348
v -1.904940 5.564949 0.928456
v -1.703072 5.564949 2.548348
v -1.720914 6.009228 0.928456
v -1.578171 5.866486 2.548348
v -0.832355 6.009228 2.548348
v -1.276635 6.193255 2.548348
v -0.648329 5.564949 2.548348
v -0.832355 5.120670 2.548348
v -1.276635 4.936643 2.548348
v -1.720914 5.120670 2.548348
v -1.904940 5.564949 2.548348
v -1.720914 6.009228 2.548348
v -1.099991 5.741592 3.031337
v -1.276635 5.814761 3.031337
v -1.026823 5.564949 3.031337
v -1.099991 5.388306 3.031337
v -1.276635 5.315138 3.031337
v -1.453278 5.388306 3.031337
v -1.526446 5.564949 3.031337
v -1.453278 5.741592 3.031337
v -0.975098 5.866486 3.031337
v -1.276635 5.991386 3.031337
v -0.850198 5.564949 3.031337
v -0.975098 5.263412 3.031337
v -1.276635 5.138512 3.031337
v -1.578171 5.263412 3.031337
v -1.703072 5.564949 3.031337
v -1.578171 5.866486 3.031337
v -1.160838 5.680745 3.845118
v -1.276634 5.728710 3.845118
v -1.112874 5.564949 3.845118
v -1.160838 5.449153 3.845118
v -1.276634 5.401188 3.845118
v -1.392431 5.449153 3.845118
v -1.440395 5.564949 3.845118
v -1.392431 5.680745 3.845118
v 0.325712 5.741592 3.845118
v 0.149069 5.814761 3.845118
v 0.398880 5.564949 3.845118
v 0.325712 5.388306 3.845118
v 0.149069 5.315138 3.845118
v -0.027575 5.388306 3.845118
v -0.100743 5.564949 3.845118
v -0.027575 5.741592 3.845118
v 1.819323 5.741592 3.845118
v 1.642680 5.814761 3.845118
v 1.892491 5.564949 3.845118
v 1.819323 5.388306 3.845118
v 1.642680 5.315138 3.845118
v 1.466036 5.388306 3.845118
v 1.392868 5.564949 3.845118
v 1.466037 5.741592 3.845118
v -1.099991 5.741592 3.845118
v -1.276634 5.814761 3.845118
v -1.026823 5.564949 3.845118
v -1.099991 5.388306 3.845118
v -1.276634 5.315138 3.845118
v -1.453278 5.388306 3.845118
v -1.526446 5.564949 3.845118
v -1.453278 5.741592 3.845118
v 0.264865 5.680745 3.617284
v 0.149069 5.728710 3.617284
v 0.312829 5.564949 3.617284
v 0.264865 5.449153 3.617284
v 0.149069 5.401188 3.617284
v 0.033272 5.449153 3.617284
v -0.014692 5.564949 3.617284
v 0.033272 5.680745 3.617284
v 1.758476 5.680746 3.617284
v 1.642680 5.728710 3.617284
v 1.806441 5.564949 3.617284
v 1.758476 5.449153 3.617284
v 1.642680 5.401188 3.617284
v 1.526883 5.449153 3.617284
v 1.478919 5.564949 3.617284
v 1.526884 5.680745 3.617284
v -1.160838 5.680746 3.617284
v -1.276634 5.728710 3.617284
v -1.112874 5.564949 3.617284
v -1.160838 5.449153 3.617284
v -1.276634 5.401188 3.617284
v -1.392431 5.449153 3.617284
v -1.440395 5.564949 3.617284
v -1.392431 5.680745 3.617284
vn -0.0000 1.0000 -0.0000
vn 0.7071 0.7071 -0.0000
vn 1.0000 -0.0000 -0.0000
vn 0.7071 -0.7071 -0.0000
vn -0.0000 -1.0000 -0.0000
vn -0.7071 -0.7071 -0.0000
vn -1.0000 -0.0000 -0.0000
vn -0.7071 0.7071 -0.0000
vn -0.0000 -0.0000 -1.0000
vn -0.0000 -0.0000 1.0000
vt 0.825753 0.374698
vt 0.825753 0.376709
vt 0.825157 0.376709
vt 0.825157 0.374698
vt 0.886554 0.289857
vt 0.886554 0.287847
vt 0.886976 0.287847
vt 0.886976 0.289857
vt 0.887573 0.287847
vt 0.887573 0.289857
vt 0.912178 0.289994
vt 0.912178 0.287983
vt 0.912600 0.287983
vt 0.912600 0.289994
vt 0.913197 0.287983
vt 0.913197 0.289994
vt 0.879078 0.292574
vt 0.879078 0.290564
vt 0.879500 0.290564
vt 0.879500 0.292574
vt 0.832808 0.287815
vt 0.832808 0.287528
vt 0.833407 0.287528
vt 0.833407 0.287815
vt 0.880096 0.290564
vt 0.880096 0.292574
vt 0.880518 0.290564
vt 0.880518 0.292574
vt 0.904523 0.289465
vt 0.904101 0.289887
vt 0.903504 0.289887
vt 0.903083 0.289465
vt 0.903083 0.288868
vt 0.903504 0.288446
vt 0.904101 0.288446
vt 0.904523 0.288868
vt 0.899022 0.290202
vt 0.899308 0.289915
vt 0.899539 0.290011
vt 0.899118 0.290433
vt 0.899308 0.289510
vt 0.899539 0.289414
vt 0.899022 0.289224
vt 0.899118 0.288992
vt 0.898617 0.289224
vt 0.898521 0.288992
vt 0.898330 0.289510
vt 0.898099 0.289414
vt 0.898330 0.289915
vt 0.898099 0.290011
vt 0.898617 0.290202
vt 0.898521 0.290433
vt 0.854085 0.287779
vt 0.853848 0.287779
vt 0.853848 0.286769
vt 0.854085 0.286769
vt 0.832808 0.287123
vt 0.832808 0.286837
vt 0.833407 0.286837
vt 0.833407 0.287123
vt 0.835837 0.314505
vt 0.835837 0.314218
vt 0.836437 0.314218
vt 0.836437 0.314505
vt 0.832890 0.318047
vt 0.832890 0.317761
vt 0.833489 0.317761
vt 0.833489 0.318047
vt 0.835837 0.314910
vt 0.836437 0.314910
vt 0.832890 0.318452
vt 0.833489 0.318452
vt 0.893912 0.305440
vt 0.893507 0.305440
vt 0.893507 0.304841
vt 0.893912 0.304841
vt 0.850463 0.355937
vt 0.850700 0.355937
vt 0.850784 0.356140
vt 0.850379 0.356140
vt 0.850868 0.355770
vt 0.851070 0.355853
vt 0.850868 0.355532
vt 0.851070 0.355449
vt 0.850700 0.355365
vt 0.850784 0.355162
vt 0.850463 0.355365
vt 0.850379 0.355162
vt 0.850295 0.355532
vt 0.850092 0.355449
vt 0.850295 0.355770
vt 0.850092 0.355853
vt 0.853633 0.349905
vt 0.853633 0.350015
vt 0.853350 0.350015
vt 0.853350 0.349905
vt 0.888950 0.286477
vt 0.889187 0.286477
vt 0.889187 0.287487
vt 0.888950 0.287487
vt 0.824881 0.373598
vt 0.825118 0.373598
vt 0.825118 0.374608
vt 0.824881 0.374608
vt 0.912508 0.303128
vt 0.912745 0.303128
vt 0.912745 0.304138
vt 0.912508 0.304138
vt 0.854253 0.287779
vt 0.854253 0.286769
vt 0.853680 0.287779
vt 0.853680 0.286769
vt 0.889355 0.286477
vt 0.889355 0.287487
vt 0.825286 0.373598
vt 0.825286 0.374608
vt 0.825128 0.346794
vt 0.825128 0.344784
vt 0.825725 0.344784
vt 0.825725 0.346794
vt 0.827705 0.309863
vt 0.827705 0.311874
vt 0.827283 0.311874
vt 0.827283 0.309863
vt 0.826686 0.311874
vt 0.826686 0.309863
vt 0.836011 0.330704
vt 0.836011 0.332715
vt 0.835589 0.332715
vt 0.835589 0.330704
vt 0.834993 0.332715
vt 0.834993 0.330704
vt 0.920685 0.292484
vt 0.920685 0.290473
vt 0.921107 0.290473
vt 0.921107 0.292484
vt 0.847103 0.340282
vt 0.847103 0.339996
vt 0.847703 0.339996
vt 0.847703 0.340282
vt 0.921704 0.290473
vt 0.921704 0.292484
vt 0.922126 0.290473
vt 0.922126 0.292484
vt 0.831079 0.295401
vt 0.831676 0.295401
vt 0.832098 0.295823
vt 0.832098 0.296420
vt 0.831676 0.296842
vt 0.831079 0.296842
vt 0.830657 0.296420
vt 0.830657 0.295823
vt 0.867812 0.288510
vt 0.867407 0.288510
vt 0.867311 0.288278
vt 0.867908 0.288278
vt 0.867121 0.288796
vt 0.866889 0.288700
vt 0.867121 0.289201
vt 0.866889 0.289297
vt 0.867407 0.289488
vt 0.867311 0.289719
vt 0.867812 0.289488
vt 0.867908 0.289719
vt 0.868099 0.289201
vt 0.868330 0.289297
vt 0.868099 0.288796
vt 0.868330 0.288700
vt 0.836088 0.286779
vt 0.836325 0.286779
vt 0.836325 0.287789
vt 0.836088 0.287789
vt 0.847103 0.339590
vt 0.847103 0.339304
vt 0.847703 0.339304
vt 0.847703 0.339590
vt 0.832282 0.348898
vt 0.832282 0.348612
vt 0.832881 0.348612
vt 0.832881 0.348898
vt 0.833296 0.314910
vt 0.833296 0.314623
vt 0.833895 0.314623
vt 0.833895 0.314910
vt 0.832282 0.349303
vt 0.832881 0.349303
vt 0.904434 0.311907
vt 0.904029 0.311907
vt 0.904029 0.311308
vt 0.904434 0.311308
vt 0.833296 0.314218
vt 0.833895 0.314218
vt 0.851331 0.355532
vt 0.851331 0.355770
vt 0.851129 0.355853
vt 0.851129 0.355449
vt 0.851499 0.355937
vt 0.851415 0.356140
vt 0.851736 0.355937
vt 0.851820 0.356140
vt 0.851904 0.355770
vt 0.852107 0.355853
vt 0.851904 0.355532
vt 0.852107 0.355449
vt 0.851736 0.355365
vt 0.851820 0.355162
vt 0.851499 0.355365
vt 0.851415 0.355162
vt 0.854049 0.356178
vt 0.854204 0.356178
vt 0.854204 0.356461
vt 0.854049 0.356461
vt 0.825449 0.377871
vt 0.825212 0.377871
vt 0.825212 0.376862
vt 0.825449 0.376862
vt 0.829189 0.287477
vt 0.828952 0.287477
vt 0.828952 0.286467
vt 0.829189 0.286467
vt 0.904568 0.305777
vt 0.904331 0.305777
vt 0.904331 0.304767
vt 0.904568 0.304767
vt 0.835920 0.286779
vt 0.835920 0.287789
vt 0.836493 0.286779
vt 0.836493 0.287789
vt 0.825044 0.377871
vt 0.825044 0.376862
vt 0.828784 0.287477
vt 0.828784 0.286467
vt 0.825735 0.338424
vt 0.825735 0.340434
vt 0.825138 0.340434
vt 0.825138 0.338424
vt 0.826429 0.355211
vt 0.826429 0.353201
vt 0.826851 0.353201
vt 0.826851 0.355211
vt 0.827448 0.353201
vt 0.827448 0.355211
vt 0.898099 0.292547
vt 0.898099 0.290537
vt 0.898521 0.290537
vt 0.898521 0.292547
vt 0.899118 0.290537
vt 0.899118 0.292547
vt 0.899539 0.290537
vt 0.899539 0.292547
vt 0.827947 0.373519
vt 0.827947 0.373806
vt 0.827347 0.373806
vt 0.827347 0.373519
vt 0.826393 0.349599
vt 0.826393 0.347589
vt 0.826990 0.347589
vt 0.826990 0.349599
vt 0.827412 0.347589
vt 0.827412 0.349599
vt 0.891198 0.288277
vt 0.891620 0.288699
vt 0.891620 0.289296
vt 0.891198 0.289718
vt 0.890601 0.289718
vt 0.890179 0.289296
vt 0.890179 0.288699
vt 0.890601 0.288277
vt 0.865500 0.289186
vt 0.865095 0.289186
vt 0.864999 0.288955
vt 0.865596 0.288955
vt 0.864809 0.289472
vt 0.864577 0.289377
vt 0.864809 0.289877
vt 0.864577 0.289973
vt 0.865095 0.290164
vt 0.864999 0.290395
vt 0.865500 0.290164
vt 0.865596 0.290395
vt 0.865786 0.289877
vt 0.866018 0.289973
vt 0.865786 0.289472
vt 0.866018 0.289377
vt 0.832605 0.287814
vt 0.832368 0.287814
vt 0.832368 0.286804
vt 0.832605 0.286804
vt 0.827947 0.374211
vt 0.827947 0.374497
vt 0.827347 0.374497
vt 0.827347 0.374211
vt 0.834531 0.314623
vt 0.834531 0.314910
vt 0.833931 0.314910
vt 0.833931 0.314623
vt 0.832246 0.348612
vt 0.832246 0.348898
vt 0.831647 0.348898
vt 0.831647 0.348612
vt 0.834531 0.314218
vt 0.833931 0.314218
vt 0.879882 0.337422
vt 0.880286 0.337422
vt 0.880286 0.338021
vt 0.879882 0.338021
vt 0.832246 0.349303
vt 0.831647 0.349303
vt 0.853404 0.355532
vt 0.853404 0.355770
vt 0.853202 0.355853
vt 0.853202 0.355449
vt 0.853572 0.355937
vt 0.853488 0.356140
vt 0.853809 0.355937
vt 0.853893 0.356140
vt 0.853977 0.355770
vt 0.854180 0.355853
vt 0.853977 0.355532
vt 0.854180 0.355449
vt 0.853809 0.355365
vt 0.853893 0.355162
vt 0.853572 0.355365
vt 0.853488 0.355162
vt 0.853050 0.350171
vt 0.853050 0.350015
vt 0.853333 0.350015
vt 0.853333 0.350171
vt 0.861662 0.286627
vt 0.861899 0.286627
vt 0.861899 0.287636
vt 0.861662 0.287636
vt 0.825254 0.330946
vt 0.825016 0.330946
vt 0.825016 0.329936
vt 0.825254 0.329936
vt 0.909101 0.303081
vt 0.908864 0.303081
vt 0.908864 0.302071
vt 0.909101 0.302071
vt 0.832773 0.287814
vt 0.832773 0.286804
vt 0.832200 0.287814
vt 0.832200 0.286804
vt 0.862067 0.286627
vt 0.862067 0.287636
vt 0.824848 0.330946
vt 0.824848 0.329936
vt 0.866011 0.355651
vt 0.866121 0.355541
vt 0.866219 0.355582
vt 0.866052 0.355750
vt 0.866121 0.355385
vt 0.866219 0.355344
vt 0.866011 0.355275
vt 0.866052 0.355177
vt 0.865855 0.355275
vt 0.865814 0.355177
vt 0.865745 0.355385
vt 0.865647 0.355344
vt 0.865745 0.355541
vt 0.865647 0.355582
vt 0.865855 0.355651
vt 0.865814 0.355750
vt 0.867335 0.355385
vt 0.867225 0.355275
vt 0.867266 0.355177
vt 0.867434 0.355344
vt 0.867070 0.355275
vt 0.867029 0.355177
vt 0.866960 0.355385
vt 0.866861 0.355344
vt 0.866960 0.355541
vt 0.866861 0.355582
vt 0.867070 0.355651
vt 0.867029 0.355750
vt 0.867225 0.355651
vt 0.867266 0.355750
vt 0.867335 0.355541
vt 0.867434 0.355582
vt 0.839751 0.314320
vt 0.839595 0.314320
vt 0.839554 0.314221
vt 0.839791 0.314221
vt 0.839485 0.314429
vt 0.839386 0.314389
vt 0.839485 0.314585
vt 0.839386 0.314626
vt 0.839595 0.314695
vt 0.839554 0.314794
vt 0.839751 0.314695
vt 0.839791 0.314794
vt 0.839860 0.314585
vt 0.839959 0.314626
vt 0.839860 0.314429
vt 0.839959 0.314389
vt 0.908327 0.351744
vt 0.908327 0.351589
vt 0.908437 0.351479
vt 0.908592 0.351479
vt 0.908702 0.351589
vt 0.908702 0.351744
vt 0.908592 0.351854
vt 0.908437 0.351854
vt 0.908725 0.351744
vt 0.908725 0.351589
vt 0.908835 0.351479
vt 0.908990 0.351479
vt 0.909100 0.351589
vt 0.909100 0.351744
vt 0.908990 0.351854
vt 0.908835 0.351854
vt 0.879487 0.370068
vt 0.879643 0.370068
vt 0.879753 0.370178
vt 0.879753 0.370333
vt 0.879643 0.370443
vt 0.879487 0.370443
vt 0.879377 0.370333
vt 0.879377 0.370178
vt 0.911791 0.324924
vt 0.911635 0.324924
vt 0.911635 0.324641
vt 0.911791 0.324641
vt 0.853050 0.350281
vt 0.853333 0.350281
vt 0.897618 0.321804
vt 0.897728 0.321804
vt 0.897728 0.322087
vt 0.897618 0.322087
vt 0.911635 0.324341
vt 0.911791 0.324341
vt 0.911791 0.324624
vt 0.911635 0.324624
vt 0.903159 0.326614
vt 0.903049 0.326614
vt 0.903049 0.326331
vt 0.903159 0.326331
vt 0.897463 0.321804
vt 0.897463 0.322087
vt 0.901045 0.330898
vt 0.901155 0.330898
vt 0.901155 0.331180
vt 0.901045 0.331180
vt 0.903314 0.326614
vt 0.903314 0.326331
vt 0.916587 0.348295
vt 0.916477 0.348295
vt 0.916477 0.348013
vt 0.916587 0.348013
vt 0.900890 0.330898
vt 0.900890 0.331180
vt 0.901608 0.330898
vt 0.901718 0.330898
vt 0.901718 0.331180
vt 0.901608 0.331180
vt 0.916742 0.348295
vt 0.916742 0.348013
vt 0.916024 0.348295
vt 0.915914 0.348295
vt 0.915914 0.348013
vt 0.916024 0.348013
vt 0.901452 0.330898
vt 0.901452 0.331180
vt 0.853932 0.350171
vt 0.853932 0.350281
vt 0.853650 0.350281
vt 0.853650 0.350171
vt 0.916179 0.348295
vt 0.916179 0.348013
vt 0.853633 0.350171
vt 0.853633 0.350281
vt 0.853350 0.350281
vt 0.853350 0.350171
vt 0.853932 0.350015
vt 0.853650 0.350015
vt 0.853050 0.349905
vt 0.853333 0.349905
vt 0.853932 0.349905
vt 0.853650 0.349905
s 1
usemtl Material.001
f 139/313/76 156/314/76 155/315/77 141/316/77
f 141/317/77 155/318/77 157/319/78 143/320/78
f 143/320/78 157/319/78 158/321/79 145/322/79
f 145/323/79 158/324/79 159/325/80 147/326/80
f 147/326/80 159/325/80 160/327/81 149/328/81
f 149/329/81 160/330/81 161/331/82 151/332/82
f 140/333/76 154/334/83 178/335/83 172/336/76
f 151/332/82 161/331/82 162/337/83 153/338/83
f 153/338/83 162/337/83 156/339/76 139/340/76
f 139/341/84 141/342/84 143/343/84 145/344/84 147/345/84 149/346/84 151/347/84 153/348/84
f 140/349/85 142/350/85 155/351/85 156/352/85
f 142/350/85 144/353/85 157/354/85 155/351/85
f 144/353/85 146/355/85 158/356/85 157/354/85
f 146/355/85 148/357/85 159/358/85 158/356/85
f 148/357/85 150/359/85 160/360/85 159/358/85
f 150/359/85 152/361/85 161/362/85 160/360/85
f 152/361/85 154/363/85 162/364/85 161/362/85
f 154/363/85 140/349/85 156/352/85 162/364/85
f 170/365/83 169/366/82 289/367/82 290/368/83
f 152/369/82 150/370/81 176/371/81 177/372/82
f 148/373/80 146/374/79 174/375/79 175/376/80
f 144/377/78 142/378/77 171/379/77 173/380/78
f 154/334/83 152/369/82 177/372/82 178/335/83
f 150/381/81 148/373/80 175/376/80 176/382/81
f 146/383/79 144/377/78 173/380/78 174/384/79
f 142/385/77 140/386/76 172/387/76 171/388/77
f 164/389/85 163/390/85 171/391/85 172/392/85
f 163/390/85 165/393/85 173/394/85 171/391/85
f 165/393/85 166/395/85 174/396/85 173/394/85
f 166/395/85 167/397/85 175/398/85 174/396/85
f 167/397/85 168/399/85 176/400/85 175/398/85
f 168/399/85 169/401/85 177/402/85 176/400/85
f 169/401/85 170/403/85 178/404/85 177/402/85
f 170/403/85 164/389/85 172/392/85 178/404/85
f 228/405/80 234/406/79 322/407/79 316/408/80
f 168/409/81 167/410/80 287/411/80 288/412/81
f 166/413/79 165/414/78 285/415/78 286/416/79
f 163/417/77 164/418/76 284/419/76 283/420/77
f 164/421/76 170/365/83 290/368/83 284/422/76
f 169/366/82 168/423/81 288/424/81 289/367/82
f 167/410/80 166/425/79 286/426/79 287/411/80
f 165/414/78 163/427/77 283/428/77 285/415/78
f 187/429/76 204/430/76 203/431/77 189/432/77
f 189/433/77 203/434/77 205/435/78 191/436/78
f 191/436/78 205/435/78 206/437/79 193/438/79
f 193/439/79 206/440/79 207/441/80 195/442/80
f 195/442/80 207/441/80 208/443/81 197/444/81
f 197/445/81 208/446/81 209/447/82 199/448/82
f 188/449/76 202/450/83 226/451/83 220/452/76
f 199/448/82 209/447/82 210/453/83 201/454/83
f 201/454/83 210/453/83 204/455/76 187/456/76
f 187/457/84 189/458/84 191/459/84 193/460/84 195/461/84 197/462/84 199/463/84 201/464/84
f 188/465/85 190/466/85 203/467/85 204/468/85
f 190/466/85 192/469/85 205/470/85 203/467/85
f 192/469/85 194/471/85 206/472/85 205/470/85
f 194/471/85 196/473/85 207/474/85 206/472/85
f 196/473/85 198/475/85 208/476/85 207/474/85
f 198/475/85 200/477/85 209/478/85 208/476/85
f 200/477/85 202/479/85 210/480/85 209/478/85
f 202/479/85 188/465/85 204/468/85 210/480/85
f 218/481/83 217/482/82 297/483/82 298/484/83
f 200/485/82 198/486/81 224/487/81 225/488/82
f 196/489/80 194/490/79 222/491/79 223/492/80
f 192/493/78 190/494/77 219/495/77 221/496/78
f 202/450/83 200/485/82 225/488/82 226/451/83
f 198/497/81 196/489/80 223/492/80 224/498/81
f 194/499/79 192/500/78 221/501/78 222/502/79
f 190/494/77 188/503/76 220/504/76 219/495/77
f 212/505/85 211/506/85 219/507/85 220/508/85
f 211/506/85 213/509/85 221/510/85 219/507/85
f 213/509/85 214/511/85 222/512/85 221/510/85
f 214/511/85 215/513/85 223/514/85 222/512/85
f 215/513/85 216/515/85 224/516/85 223/514/85
f 216/515/85 217/517/85 225/518/85 224/516/85
f 217/517/85 218/519/85 226/520/85 225/518/85
f 218/519/85 212/505/85 220/508/85 226/520/85
f 179/521/81 180/522/80 308/523/80 307/524/81
f 216/525/81 215/526/80 295/527/80 296/528/81
f 214/529/79 213/530/78 293/531/78 294/532/79
f 211/533/77 212/534/76 292/535/76 291/536/77
f 212/537/76 218/481/83 298/484/83 292/538/76
f 217/482/82 216/539/81 296/540/81 297/483/82
f 215/526/80 214/541/79 294/542/79 295/527/80
f 213/530/78 211/543/77 291/544/77 293/531/78
f 235/545/76 252/546/76 251/547/77 237/548/77
f 237/549/77 251/550/77 253/551/78 239/552/78
f 239/552/78 253/551/78 254/553/79 241/554/79
f 241/555/79 254/556/79 255/557/80 243/558/80
f 243/558/80 255/557/80 256/559/81 245/560/81
f 245/560/81 256/559/81 257/561/82 247/562/82
f 236/563/76 250/564/83 274/565/83 268/566/76
f 247/567/82 257/568/82 258/569/83 249/570/83
f 249/570/83 258/569/83 252/571/76 235/572/76
f 235/573/84 237/574/84 239/575/84 241/576/84 243/577/84 245/578/84 247/579/84 249/580/84
f 236/581/85 238/582/85 251/583/85 252/584/85
f 238/582/85 240/585/85 253/586/85 251/583/85
f 240/585/85 242/587/85 254/588/85 253/586/85
f 242/587/85 244/589/85 255/590/85 254/588/85
f 244/589/85 246/591/85 256/592/85 255/590/85
f 246/591/85 248/593/85 257/594/85 256/592/85
f 248/593/85 250/595/85 258/596/85 257/594/85
f 250/595/85 236/581/85 252/584/85 258/596/85
f 266/597/83 265/598/82 305/599/82 306/600/83
f 248/601/82 246/602/81 272/603/81 273/604/82
f 244/605/80 242/606/79 270/607/79 271/608/80
f 240/609/78 238/610/77 267/611/77 269/612/78
f 250/564/83 248/601/82 273/604/82 274/565/83
f 246/613/81 244/605/80 271/608/80 272/614/81
f 242/615/79 240/616/78 269/617/78 270/618/79
f 238/610/77 236/619/76 268/620/76 267/611/77
f 260/621/85 259/622/85 267/623/85 268/624/85
f 259/622/85 261/625/85 269/626/85 267/623/85
f 261/625/85 262/627/85 270/628/85 269/626/85
f 262/627/85 263/629/85 271/630/85 270/628/85
f 263/629/85 264/631/85 272/632/85 271/630/85
f 264/631/85 265/633/85 273/634/85 272/632/85
f 265/633/85 266/635/85 274/636/85 273/634/85
f 266/635/85 260/621/85 268/624/85 274/636/85
f 282/637/79 281/638/78 329/639/78 330/640/79
f 264/641/81 263/642/80 303/643/80 304/644/81
f 262/645/79 261/646/78 301/647/78 302/648/79
f 259/649/77 260/650/76 300/651/76 299/652/77
f 260/653/76 266/597/83 306/600/83 300/654/76
f 265/598/82 264/655/81 304/656/81 305/599/82
f 263/642/80 262/657/79 302/658/79 303/643/80
f 261/646/78 259/659/77 299/660/77 301/647/78
f 180/661/85 179/662/85 283/663/85 284/664/85
f 179/662/85 181/665/85 285/666/85 283/663/85
f 181/665/85 182/667/85 286/668/85 285/666/85
f 182/667/85 183/669/85 287/670/85 286/668/85
f 183/669/85 184/671/85 288/672/85 287/670/85
f 184/671/85 185/673/85 289/674/85 288/672/85
f 185/673/85 186/675/85 290/676/85 289/674/85
f 186/675/85 180/661/85 284/664/85 290/676/85
f 228/677/85 227/678/85 291/679/85 292/680/85
f 227/678/85 229/681/85 293/682/85 291/679/85
f 229/681/85 230/683/85 294/684/85 293/682/85
f 230/683/85 231/685/85 295/686/85 294/684/85
f 231/685/85 232/687/85 296/688/85 295/686/85
f 232/687/85 233/689/85 297/690/85 296/688/85
f 233/689/85 234/691/85 298/692/85 297/690/85
f 234/691/85 228/677/85 292/680/85 298/692/85
f 276/693/85 275/694/85 299/695/85 300/696/85
f 275/694/85 277/697/85 301/698/85 299/695/85
f 277/697/85 278/699/85 302/700/85 301/698/85
f 278/699/85 279/701/85 303/702/85 302/700/85
f 279/701/85 280/703/85 304/704/85 303/702/85
f 280/703/85 281/705/85 305/706/85 304/704/85
f 281/705/85 282/707/85 306/708/85 305/706/85
f 282/707/85 276/693/85 300/696/85 306/708/85
f 307/709/85 308/710/85 314/711/85 313/712/85 312/713/85 311/714/85 310/715/85 309/716/85
f 315/717/85 316/718/85 322/719/85 321/720/85 320/721/85 319/722/85 318/723/85 317/724/85
f 323/725/85 324/726/85 330/727/85 329/728/85 328/729/85 327/730/85 326/731/85 325/732/85
f 227/733/81 228/734/80 316/735/80 315/736/81
f 276/737/80 282/637/79 330/640/79 324/738/80
f 181/739/82 179/740/81 307/741/81 309/742/82
f 275/743/81 276/744/80 324/745/80 323/746/81
f 229/747/82 227/748/81 315/749/81 317/750/82
f 182/751/83 181/739/82 309/742/82 310/752/83
f 277/753/82 275/754/81 323/755/81 325/756/82
f 230/757/83 229/747/82 317/750/82 318/758/83
f 183/759/76 182/760/83 310/761/83 311/762/76
f 278/763/83 277/753/82 325/756/82 326/764/83
f 231/765/76 230/766/83 318/767/83 319/768/76
f 184/769/77 183/759/76 311/762/76 312/770/77
f 279/771/76 278/772/83 326/773/83 327/774/76
f 232/775/77 231/765/76 319/768/76 320/776/77
f 185/777/78 184/778/77 312/779/77 313/780/78
f 280/781/77 279/771/76 327/774/76 328/782/77
f 233/783/78 232/784/77 320/785/77 321/786/78
f 186/787/79 185/777/78 313/780/78 314/788/79
f 281/638/78 280/789/77 328/790/77 329/639/78
f 234/406/79 233/783/78 321/786/78 322/407/79
f 180/791/80 186/787/79 314/788/79 308/792/80
o Cube.002
v -2.465077 1.742764 3.545161
v -2.465077 3.472525 4.013438
v -2.465077 1.823030 3.248670
v -2.465077 3.552791 3.716946
v 2.712464 1.742764 3.545161
v 2.712464 3.472525 4.013438
v 2.712464 1.823030 3.248670
v 2.712464 3.552791 3.716946
v 0.986617 1.860695 3.109538
v -0.739231 1.860695 3.109538
v -0.739230 3.590456 3.577814
v 0.986617 3.590456 3.577814
v -0.739230 1.780430 3.406029
v 0.986617 1.780430 3.406029
v 0.986617 3.510191 3.874306
v -0.739231 3.510191 3.874306
v -1.663725 2.337258 4.741114
v -2.106802 3.092419 3.647226
v 0.149788 3.269571 3.695184
v -2.290331 2.664737 3.531445
v 0.592866 3.092419 3.647226
v -2.106802 2.237054 3.415663
v 0.776394 2.664737 3.531445
v -1.663725 2.059902 3.367705
v 0.592866 2.237054 3.415663
v -1.220648 2.237054 3.415663
v 0.149788 2.059902 3.367705
v -1.037119 2.664737 3.531445
v -0.293289 2.237054 3.415663
v -1.220648 3.092419 3.647226
v -0.476818 2.664737 3.531445
v -1.663725 3.269571 3.695184
v -0.293289 3.092419 3.647226
v 0.149788 2.337258 4.741114
v 2.018250 2.337258 4.741114
v 1.575172 3.092419 3.647226
v 1.391644 2.664737 3.531445
v 1.575172 2.237054 3.415663
v 2.018250 2.059902 3.367705
v 2.461327 2.237054 3.415663
v 2.644856 2.664737 3.531445
v 2.461327 3.092419 3.647226
v 2.018250 3.269571 3.695184
vn -1.0000 -0.0000 -0.0000
vn 0.0417 0.2611 -0.9644
vn 0.0832 0.2604 -0.9619
vn 1.0000 -0.0000 -0.0000
vn 0.0417 -0.2611 0.9644
vn 0.0832 -0.2604 0.9619
vn -0.0000 -0.9653 -0.2613
vn -0.0000 0.9653 0.2613
vn -0.0832 -0.2604 0.9619
vn -0.0417 -0.2611 0.9644
vn -0.0832 0.2604 -0.9619
vn -0.0417 0.2611 -0.9644
vn 0.8944 -0.1169 0.4317
vn -0.0000 -0.2613 0.9653
vn 0.6325 -0.7273 0.2664
vn -0.6325 0.4936 0.5969
vn -0.0000 0.7465 0.6654
vn 0.6325 0.4936 0.5969
vn -0.8944 -0.1169 0.4317
vn -0.0000 -0.9802 0.1980
vn -0.6325 -0.7273 0.2664
vn -0.0000 0.2613 -0.9653
vt 0.714907 0.364337
vt 0.714907 0.367060
vt 0.714476 0.367060
vt 0.714476 0.364337
vt 0.714787 0.326036
vt 0.712064 0.326036
vt 0.712064 0.323413
vt 0.714787 0.323413
vt 0.671526 0.285317
vt 0.671526 0.282594
vt 0.671957 0.282594
vt 0.671957 0.285317
vt 0.696168 0.358756
vt 0.693445 0.358756
vt 0.693445 0.356133
vt 0.696168 0.356133
vt 0.721649 0.314574
vt 0.721858 0.311951
vt 0.722304 0.311951
vt 0.722095 0.314574
vt 0.680889 0.335946
vt 0.680680 0.338568
vt 0.680235 0.338568
vt 0.680444 0.335946
vt 0.680680 0.330701
vt 0.680889 0.333323
vt 0.680444 0.333323
vt 0.680235 0.330701
vt 0.721858 0.319819
vt 0.721649 0.317197
vt 0.722095 0.317197
vt 0.722304 0.319819
vt 0.696168 0.364001
vt 0.693445 0.364001
vt 0.693445 0.361378
vt 0.696168 0.361378
vt 0.714787 0.331281
vt 0.712064 0.331281
vt 0.712064 0.328658
vt 0.714787 0.328658
vt 0.653520 0.301963
vt 0.652847 0.303978
vt 0.652847 0.301852
vt 0.711163 0.286395
vt 0.711163 0.284267
vt 0.711829 0.286261
vt 0.654185 0.365942
vt 0.653520 0.363948
vt 0.654797 0.365650
vt 0.654125 0.302278
vt 0.686937 0.285993
vt 0.686265 0.283978
vt 0.687542 0.285678
vt 0.740927 0.285919
vt 0.740927 0.283793
vt 0.741599 0.285808
vt 0.739645 0.285994
vt 0.738979 0.284000
vt 0.740257 0.285702
vt 0.686265 0.286104
vt 0.742204 0.285493
vt 0.654256 0.344313
vt 0.652979 0.346013
vt 0.653652 0.343998
vt 0.736001 0.286035
vt 0.735336 0.284041
vt 0.736613 0.285743
vt 0.736788 0.286532
vt 0.736788 0.284404
vt 0.737453 0.286398
vt 0.652979 0.343886
vt 0.735336 0.286169
vt 0.738065 0.286106
vt 0.653199 0.324336
vt 0.653199 0.322208
vt 0.653864 0.324202
vt 0.653567 0.339812
vt 0.652895 0.337797
vt 0.654172 0.339497
vt 0.720461 0.285953
vt 0.720461 0.283826
vt 0.721134 0.285841
vt 0.652895 0.339923
vt 0.712441 0.285969
vt 0.721739 0.285526
vt 0.738979 0.286128
vt 0.701541 0.285878
vt 0.702056 0.285363
vt 0.702785 0.285363
vt 0.703300 0.285878
vt 0.703300 0.286607
vt 0.702785 0.287122
vt 0.702056 0.287122
vt 0.701541 0.286607
vt 0.653520 0.366076
vt 0.744518 0.285951
vt 0.744518 0.286680
vt 0.744003 0.287195
vt 0.743274 0.287195
vt 0.742759 0.286680
vt 0.742759 0.285951
vt 0.743274 0.285436
vt 0.744003 0.285436
vt 0.654476 0.323910
vt 0.655921 0.371964
vt 0.656436 0.372480
vt 0.656436 0.373208
vt 0.655921 0.373724
vt 0.655192 0.373724
vt 0.654677 0.373208
vt 0.654677 0.372480
vt 0.655192 0.371964
s 1
usemtl Material.001
f 331/793/86 332/794/86 334/795/86 333/796/86
f 339/797/87 342/798/87 338/799/88 337/800/88
f 337/801/89 338/802/89 336/803/89 335/804/89
f 343/805/90 346/806/90 332/807/91 331/808/91
f 339/809/92 337/810/92 335/811/92 344/812/92
f 341/813/93 334/814/93 332/815/93 346/816/93
f 338/817/93 342/818/93 345/819/93 336/820/93
f 342/818/93 341/813/93 346/816/93 345/819/93
f 333/821/92 340/822/92 343/823/92 331/824/92
f 340/822/92 339/809/92 344/812/92 343/823/92
f 335/825/94 336/826/94 345/827/95 344/828/95
f 344/828/95 345/827/95 346/806/90 343/805/90
f 333/829/96 334/830/96 341/831/97 340/832/97
f 340/832/97 341/831/97 342/798/87 339/797/87
f 371/833/98 365/834/99 370/835/100
f 348/836/101 347/837/99 362/838/102
f 349/839/102 364/840/99 351/841/103
f 372/842/103 365/834/99 371/833/98
f 350/843/104 347/844/99 348/845/101
f 351/846/103 364/847/99 353/848/98
f 369/849/105 365/850/99 368/851/106
f 352/852/106 347/844/99 350/843/104
f 353/848/98 364/847/99 355/853/100
f 368/854/106 365/855/99 367/856/104
f 354/857/105 347/858/99 352/859/106
f 355/860/100 364/861/99 357/862/105
f 367/856/104 365/855/99 366/863/101
f 356/864/100 347/858/99 354/857/105
f 357/862/105 364/861/99 359/865/106
f 366/866/101 365/867/99 373/868/102
f 358/869/98 347/870/99 356/871/100
f 359/872/106 364/873/99 361/874/104
f 360/875/103 347/870/99 358/869/98
f 362/838/102 347/837/99 360/876/103
f 361/874/104 364/873/99 363/877/101
f 370/878/100 365/850/99 369/849/105
f 362/879/107 360/880/107 358/881/107 356/882/107 354/883/107 352/884/107 350/885/107 348/886/107
f 363/887/101 364/840/99 349/839/102
f 349/888/107 351/889/107 353/890/107 355/891/107 357/892/107 359/893/107 361/894/107 363/895/107
f 373/868/102 365/867/99 372/896/103
f 373/897/107 372/898/107 371/899/107 370/900/107 369/901/107 368/902/107 367/903/107 366/904/107
o Cylinder.009
v 0.152815 3.191960 2.136947
v 0.152815 3.191960 3.608243
v 0.465060 3.062624 2.136947
v 0.465060 3.062624 3.608243
v 0.594397 2.750378 2.136947
v 0.594397 2.750378 3.608243
v 0.465060 2.438133 2.136947
v 0.465060 2.438133 3.608243
v 0.152814 2.308796 2.136947
v 0.152814 2.308796 3.608243
v -0.159431 2.438133 2.136947
v -0.159431 2.438133 3.608243
v -0.288768 2.750378 2.136947
v -0.288768 2.750378 3.608243
v -0.159431 3.062624 2.136947
v -0.159431 3.062624 3.608243
vn -0.0000 1.0000 -0.0000
vn 0.7071 0.7071 -0.0000
vn 1.0000 -0.0000 -0.0000
vn 0.7071 -0.7071 -0.0000
vn -0.0000 -1.0000 -0.0000
vn -0.7071 -0.7071 -0.0000
vn -1.0000 -0.0000 -0.0000
vn -0.0000 -0.0000 1.0000
vn -0.7071 0.7071 -0.0000
vn -0.0000 -0.0000 -1.0000
vt 0.717812 0.284849
vt 0.717812 0.286700
vt 0.717187 0.286700
vt 0.717187 0.284849
vt 0.716745 0.286700
vt 0.716745 0.284849
vt 0.686481 0.283859
vt 0.686481 0.282008
vt 0.687106 0.282008
vt 0.687106 0.283859
vt 0.687548 0.282008
vt 0.687548 0.283859
vt 0.687844 0.286689
vt 0.687844 0.284839
vt 0.688286 0.284839
vt 0.688286 0.286689
vt 0.688911 0.284839
vt 0.688911 0.286689
vt 0.682460 0.290952
vt 0.682018 0.290510
vt 0.682018 0.289884
vt 0.682460 0.289442
vt 0.683085 0.289442
vt 0.683527 0.289884
vt 0.683527 0.290510
vt 0.683085 0.290952
vt 0.689353 0.284839
vt 0.689353 0.286689
vt 0.718254 0.284849
vt 0.718254 0.286700
vt 0.732333 0.284537
vt 0.731891 0.284979
vt 0.731266 0.284979
vt 0.730824 0.284537
vt 0.730824 0.283911
vt 0.731266 0.283469
vt 0.731891 0.283469
vt 0.732333 0.283911
s 1
usemtl Material.001
f 374/905/108 375/906/108 377/907/109 376/908/109
f 376/908/109 377/907/109 379/909/110 378/910/110
f 378/911/110 379/912/110 381/913/111 380/914/111
f 380/914/111 381/913/111 383/915/112 382/916/112
f 382/917/112 383/918/112 385/919/113 384/920/113
f 384/920/113 385/919/113 387/921/114 386/922/114
f 377/923/115 375/924/115 389/925/115 387/926/115 385/927/115 383/928/115 381/929/115 379/930/115
f 386/922/114 387/921/114 389/931/116 388/932/116
f 388/933/116 389/934/116 375/906/108 374/905/108
f 374/935/117 376/936/117 378/937/117 380/938/117 382/939/117 384/940/117 386/941/117 388/942/117
o tank_track1.001
v -1.402049 0.712608 -4.270247
v -1.774380 1.488240 -4.223967
v -1.402049 1.488240 -4.223967
v -1.809669 0.712608 -4.270247
v -1.809670 0.617312 -4.161143
v -1.774380 1.614351 -4.128377
v -1.402049 1.614351 -4.128377
v -1.331644 0.712608 -4.270247
v -1.331644 1.488240 -4.223967
v -3.088277 0.712608 -4.270246
v -2.715947 1.488240 -4.223967
v -3.088277 1.488240 -4.223967
v -2.680657 0.712608 -4.270247
v -2.245163 1.488240 -4.223967
v -2.245163 0.712608 -4.270247
v -2.680657 0.617312 -4.161142
v -2.245163 0.617312 -4.161142
v -2.715947 1.614351 -4.128376
v -3.088277 1.614351 -4.128376
v -3.158682 0.712608 -4.270246
v -3.158683 1.488240 -4.223967
v -1.402049 0.839593 -4.115732
v -1.774380 1.387819 -4.051006
v -1.402049 1.387819 -4.051006
v -1.809669 0.839592 -4.115732
v -1.809669 0.773140 -4.035772
v -1.774380 1.499558 -3.964601
v -1.402049 1.499558 -3.964601
v -1.331644 0.839593 -4.115732
v -1.331644 1.387819 -4.051006
v -3.088277 0.839592 -4.115731
v -2.715947 1.387819 -4.051005
v -3.088277 1.387819 -4.051005
v -2.680657 0.839592 -4.115731
v -2.245163 1.387819 -4.051005
v -2.245163 0.839592 -4.115731
v -2.680656 0.773140 -4.035772
v -2.245163 0.773140 -4.035772
v -2.715947 1.499558 -3.964600
v -3.088277 1.499558 -3.964600
v -3.158682 0.839592 -4.115731
v -3.158683 1.387819 -4.051005
v -1.402049 0.309985 -3.341038
v -1.774380 0.592947 -4.124846
v -1.402049 0.592947 -4.124846
v -1.809669 0.309985 -3.341038
v -1.809669 0.285080 -3.195926
v -1.774380 0.685349 -4.252020
v -1.402049 0.685349 -4.252021
v -1.331644 0.309985 -3.341038
v -1.331644 0.592947 -4.124846
v -3.088277 0.309985 -3.341038
v -2.715946 0.592947 -4.124845
v -3.088277 0.592947 -4.124845
v -2.680656 0.309985 -3.341038
v -2.245163 0.592947 -4.124845
v -2.245163 0.309985 -3.341038
v -2.680656 0.285080 -3.195926
v -2.245163 0.285080 -3.195926
v -2.715946 0.685349 -4.252020
v -3.088277 0.685349 -4.252020
v -3.158682 0.309985 -3.341038
v -3.158682 0.592947 -4.124845
v -1.402049 0.505902 -3.300834
v -1.774380 0.754606 -4.007089
v -1.402049 0.754606 -4.007090
v -1.809669 0.505902 -3.300834
v -1.809669 0.482008 -3.161006
v -1.774380 0.822216 -4.106187
v -1.402049 0.822216 -4.106187
v -1.331644 0.505902 -3.300834
v -1.331644 0.754606 -4.007090
v -3.088277 0.505902 -3.300834
v -2.715946 0.754606 -4.007089
v -3.088277 0.754606 -4.007089
v -2.680656 0.505903 -3.300834
v -2.245163 0.754606 -4.007089
v -2.245163 0.505902 -3.300834
v -2.680656 0.482008 -3.161005
v -2.245163 0.482008 -3.161005
v -2.715946 0.822216 -4.106187
v -3.088277 0.822216 -4.106187
v -3.158682 0.505902 -3.300834
v -3.158682 0.754606 -4.007089
v -1.402049 0.185654 -2.318566
v -1.774379 0.278444 -3.152716
v -1.402049 0.278444 -3.152716
v -1.809669 0.185654 -2.318566
v -1.809669 0.177016 -2.171500
v -1.774379 0.302464 -3.309126
v -1.402049 0.302464 -3.309126
v -1.331643 0.185654 -2.318566
v -1.331643 0.278444 -3.152716
v -3.088276 0.185654 -2.318565
v -2.715946 0.278444 -3.152715
v -3.088277 0.278444 -3.152715
v -2.680656 0.185654 -2.318565
v -2.245163 0.278444 -3.152716
v -2.245162 0.185654 -2.318565
v -2.680656 0.177016 -2.171500
v -2.245162 0.177016 -2.171500
v -2.715946 0.302464 -3.309125
v -3.088277 0.302464 -3.309125
v -3.158682 0.185654 -2.318565
v -3.158682 0.278444 -3.152715
v -1.402049 0.385148 -2.304349
v -1.774379 0.475608 -3.119160
v -1.402049 0.475609 -3.119160
v -1.809669 0.385148 -2.304349
v -1.809669 0.376642 -2.159286
v -1.774379 0.498726 -3.270638
v -1.402049 0.498726 -3.270638
v -1.331643 0.385148 -2.304349
v -1.331643 0.475609 -3.119160
v -3.088276 0.385148 -2.304348
v -2.715946 0.475609 -3.119159
v -3.088277 0.475608 -3.119159
v -2.680656 0.385148 -2.304348
v -2.245163 0.475608 -3.119160
v -2.245162 0.385148 -2.304349
v -2.680656 0.376642 -2.159286
v -2.245162 0.376642 -2.159286
v -2.715946 0.498726 -3.270638
v -3.088277 0.498726 -3.270638
v -3.158682 0.385148 -2.304348
v -3.158682 0.475608 -3.119159
v -1.402048 0.145694 -1.288729
v -1.774379 0.174452 -2.127858
v -1.402048 0.174452 -2.127858
v -1.809669 0.145694 -1.288729
v -1.809669 0.143521 -1.141426
v -1.774379 0.183731 -2.285830
v -1.402048 0.183731 -2.285830
v -1.331643 0.145694 -1.288729
v -1.331643 0.174452 -2.127858
v -3.088276 0.145694 -1.288728
v -2.715946 0.174452 -2.127858
v -3.088276 0.174452 -2.127858
v -2.680656 0.145694 -1.288729
v -2.245162 0.174452 -2.127858
v -2.245162 0.145694 -1.288729
v -2.680655 0.143521 -1.141426
v -2.245162 0.143521 -1.141426
v -2.715946 0.183731 -2.285830
v -3.088276 0.183731 -2.285830
v -3.158681 0.145694 -1.288728
v -3.158682 0.174452 -2.127858
v -1.402048 0.345662 -1.285121
v -1.774379 0.374114 -2.116238
v -1.402049 0.374114 -2.116238
v -1.809669 0.345662 -1.285121
v -1.809669 0.343502 -1.138689
v -1.774379 0.383256 -2.272059
v -1.402048 0.383257 -2.272059
v -1.331643 0.345662 -1.285121
v -1.331643 0.374114 -2.116238
v -3.088276 0.345661 -1.285120
v -2.715946 0.374114 -2.116238
v -3.088276 0.374114 -2.116238
v -2.680656 0.345662 -1.285120
v -2.245162 0.374114 -2.116238
v -2.245162 0.345662 -1.285121
v -2.680655 0.343502 -1.138688
v -2.245162 0.343502 -1.138689
v -2.715946 0.383256 -2.272058
v -3.088276 0.383256 -2.272058
v -3.158681 0.345661 -1.285120
v -3.158682 0.374114 -2.116238
v -1.402048 0.136643 -0.258031
v -1.774379 0.142876 -1.097715
v -1.402048 0.142876 -1.097715
v -1.809668 0.136643 -0.258030
v -1.809668 0.132783 -0.110762
v -1.774379 0.145211 -1.255942
v -1.402048 0.145211 -1.255942
v -1.331642 0.136643 -0.258031
v -1.331643 0.142876 -1.097715
v -3.088276 0.136643 -0.258030
v -2.715945 0.142876 -1.097714
v -3.088276 0.142876 -1.097714
v -2.680655 0.136643 -0.258030
v -2.245162 0.142876 -1.097714
v -2.245162 0.136643 -0.258030
v -2.680655 0.132783 -0.110762
v -2.245162 0.132783 -0.110762
v -2.715945 0.145211 -1.255942
v -3.088276 0.145211 -1.255942
v -3.158681 0.136643 -0.258030
v -3.158681 0.142876 -1.097714
v -1.402048 0.336613 -0.254543
v -1.774379 0.342861 -1.095235
v -1.402048 0.342861 -1.095235
v -1.809668 0.336613 -0.254543
v -1.809668 0.332720 -0.105751
v -1.774379 0.345181 -1.252528
v -1.402048 0.345181 -1.252528
v -1.331642 0.336613 -0.254543
v -1.331643 0.342861 -1.095235
v -3.088276 0.336613 -0.254542
v -2.715945 0.342861 -1.095235
v -3.088276 0.342861 -1.095235
v -2.680655 0.336613 -0.254542
v -2.245162 0.342861 -1.095235
v -2.245162 0.336613 -0.254543
v -2.680655 0.332720 -0.105750
v -2.245162 0.332720 -0.105751
v -2.715945 0.345181 -1.252528
v -3.088276 0.345181 -1.252527
v -3.158681 0.336613 -0.254542
v -3.158681 0.342861 -1.095235
v -1.402048 0.105127 0.772195
v -1.774378 0.131637 -0.067060
v -1.402048 0.131637 -0.067060
v -1.809668 0.105127 0.772195
v -1.809668 0.104279 0.919512
v -1.774379 0.135784 -0.225250
v -1.402048 0.135784 -0.225251
v -1.331642 0.105127 0.772195
v -1.331642 0.131637 -0.067060
v -3.088275 0.105127 0.772195
v -2.715945 0.131637 -0.067059
v -3.088276 0.131637 -0.067059
v -2.680655 0.105127 0.772195
v -2.245162 0.131637 -0.067059
v -2.245162 0.105127 0.772195
v -2.680655 0.104279 0.919513
v -2.245161 0.104279 0.919513
v -2.715945 0.135784 -0.225250
v -3.088275 0.135784 -0.225250
v -3.158681 0.105127 0.772195
v -3.158681 0.131637 -0.067059
v -1.402048 0.305119 0.773999
v -1.774378 0.331563 -0.061596
v -1.402048 0.331563 -0.061596
v -1.809668 0.305119 0.773999
v -1.809668 0.304272 0.917861
v -1.774378 0.335747 -0.221424
v -1.402048 0.335748 -0.221424
v -1.331642 0.305119 0.773999
v -1.331642 0.331563 -0.061596
v -3.088275 0.305119 0.774000
v -2.715945 0.331563 -0.061596
v -3.088276 0.331562 -0.061596
v -2.680655 0.305119 0.774000
v -2.245162 0.331563 -0.061596
v -2.245161 0.305119 0.774000
v -2.680655 0.304272 0.917862
v -2.245161 0.304272 0.917861
v -2.715945 0.335748 -0.221423
v -3.088275 0.335747 -0.221423
v -3.158681 0.305119 0.774000
v -3.158681 0.331563 -0.061596
v -1.402047 0.194456 1.795724
v -1.774378 0.104027 0.963230
v -1.402048 0.104027 0.963230
v -1.809668 0.194456 1.795724
v -1.809668 0.235430 1.936816
v -1.774378 0.104938 0.804987
v -1.402048 0.104938 0.804987
v -1.331642 0.194456 1.795724
v -1.331642 0.104027 0.963230
v -3.088275 0.194456 1.795724
v -2.715945 0.104027 0.963230
v -3.088275 0.104027 0.963231
v -2.680655 0.194456 1.795724
v -2.245161 0.104027 0.963230
v -2.245161 0.194456 1.795724
v -2.680655 0.235430 1.936816
v -2.245161 0.235430 1.936816
v -2.715945 0.104938 0.804988
v -3.088275 0.104938 0.804988
v -3.158680 0.194456 1.795724
v -3.158680 0.104027 0.963231
v -1.402047 0.387673 1.744079
v -1.774378 0.304009 0.960554
v -1.402048 0.304009 0.960554
v -1.809668 0.387673 1.744080
v -1.809668 0.423873 1.869814
v -1.774378 0.304936 0.806023
v -1.402048 0.304936 0.806023
v -1.331642 0.387673 1.744079
v -1.331642 0.304009 0.960554
v -3.088275 0.387673 1.744080
v -2.715945 0.304009 0.960554
v -3.088275 0.304009 0.960554
v -2.680655 0.387673 1.744080
v -2.245161 0.304009 0.960554
v -2.245161 0.387673 1.744080
v -2.680655 0.423873 1.869815
v -2.245161 0.423873 1.869814
v -2.715945 0.304936 0.806023
v -3.088275 0.304936 0.806023
v -3.158680 0.387673 1.744080
v -3.158681 0.304009 0.960554
v -1.402047 0.793164 2.584740
v -1.774378 0.251822 1.977343
v -1.402047 0.251822 1.977342
v -1.809667 0.793164 2.584740
v -1.809667 0.928624 2.640359
v -1.774378 0.201911 1.827656
v -1.402047 0.201911 1.827656
v -1.331642 0.793164 2.584740
v -1.331642 0.251822 1.977342
v -3.088275 0.793164 2.584741
v -2.715944 0.251822 1.977343
v -3.088275 0.251821 1.977343
v -2.680655 0.793164 2.584741
v -2.245161 0.251822 1.977343
v -2.245161 0.793164 2.584741
v -2.680655 0.928624 2.640360
v -2.245161 0.928624 2.640359
v -2.715945 0.201911 1.827657
v -3.088275 0.201911 1.827657
v -3.158680 0.793164 2.584741
v -3.158680 0.251822 1.977343
v -1.402047 0.877546 2.403413
v -1.774378 0.438171 1.904722
v -1.402047 0.438171 1.904722
v -1.809667 0.877546 2.403413
v -1.809667 0.989245 2.449768
v -1.774378 0.394305 1.773024
v -1.402047 0.394305 1.773024
v -1.331642 0.877546 2.403413
v -1.331642 0.438171 1.904722
v -3.088275 0.877546 2.403413
v -2.715944 0.438171 1.904722
v -3.088275 0.438171 1.904722
v -2.680655 0.877546 2.403413
v -2.245161 0.438171 1.904722
v -2.245161 0.877546 2.403413
v -2.680655 0.989245 2.449768
v -2.245161 0.989245 2.449768
v -2.715945 0.394305 1.773024
v -3.088275 0.394305 1.773024
v -3.158680 0.877546 2.403413
v -3.158680 0.438171 1.904722
v -1.402047 1.803925 2.678939
v -1.774378 0.971361 2.649565
v -1.402047 0.971361 2.649565
v -1.809668 1.803925 2.678939
v -1.809667 1.948959 2.653086
v -1.774378 0.822586 2.599221
v -1.402047 0.822586 2.599221
v -1.331642 1.803925 2.678939
v -1.331642 0.971361 2.649565
v -3.088275 1.803925 2.678939
v -2.715944 0.971361 2.649566
v -3.088275 0.971361 2.649566
v -2.680655 1.803925 2.678939
v -2.245161 0.971361 2.649565
v -2.245161 1.803925 2.678939
v -2.680655 1.948959 2.653087
v -2.245161 1.948959 2.653087
v -2.715944 0.822586 2.599222
v -3.088275 0.822585 2.599222
v -3.158680 1.803925 2.678939
v -3.158680 0.971361 2.649566
v -1.402047 1.773982 2.481193
v -1.774378 1.026487 2.457312
v -1.402047 1.026487 2.457312
v -1.809668 1.773982 2.481193
v -1.809668 1.907656 2.457398
v -1.774378 0.901300 2.415363
v -1.402047 0.901300 2.415363
v -1.331642 1.773982 2.481193
v -1.331642 1.026487 2.457312
v -3.088275 1.773982 2.481193
v -2.715944 1.026487 2.457313
v -3.088275 1.026487 2.457313
v -2.680655 1.773982 2.481194
v -2.245161 1.026487 2.457313
v -2.245161 1.773982 2.481193
v -2.680655 1.907656 2.457398
v -2.245161 1.907656 2.457398
v -2.715944 0.901300 2.415363
v -3.088275 0.901300 2.415363
v -3.158680 1.773982 2.481193
v -3.158680 1.026487 2.457313
v -1.402047 2.763485 2.324355
v -1.774378 1.991998 2.645415
v -1.402047 1.991998 2.645415
v -1.809668 2.763485 2.324355
v -1.809668 2.882418 2.237744
v -1.774378 1.836208 2.673184
v -1.402047 1.836208 2.673184
v -1.331642 2.763485 2.324355
v -1.331642 1.991998 2.645415
v -3.088275 2.763485 2.324356
v -2.715945 1.991998 2.645416
v -3.088275 1.991998 2.645416
v -2.680655 2.763485 2.324356
v -2.245161 1.991998 2.645415
v -2.245161 2.763485 2.324355
v -2.680655 2.882418 2.237745
v -2.245161 2.882418 2.237744
v -2.715945 1.836208 2.673185
v -3.088275 1.836208 2.673185
v -3.158681 2.763485 2.324356
v -3.158680 1.991998 2.645416
v -1.402047 2.654680 2.156541
v -1.774378 1.947349 2.450463
v -1.402047 1.947349 2.450463
v -1.809668 2.654680 2.156541
v -1.809668 2.761941 2.078103
v -1.774378 1.803727 2.475840
v -1.402047 1.803726 2.475840
v -1.331642 2.654680 2.156541
v -1.331642 1.947349 2.450463
v -3.088275 2.654680 2.156542
v -2.715945 1.947349 2.450463
v -3.088275 1.947349 2.450463
v -2.680655 2.654680 2.156542
v -2.245161 1.947349 2.450463
v -2.245161 2.654680 2.156541
v -2.680655 2.761941 2.078103
v -2.245161 2.761941 2.078103
v -2.715945 1.803727 2.475840
v -3.088275 1.803727 2.475840
v -3.158681 2.654680 2.156542
v -3.158680 1.947349 2.450463
v -1.402048 3.437422 1.564303
v -1.774378 2.917132 2.211171
v -1.402048 2.917132 2.211171
v -1.809668 3.437422 1.564304
v -1.809668 3.498607 1.430445
v -1.774378 2.791477 2.307360
v -1.402047 2.791477 2.307360
v -1.331642 3.437422 1.564303
v -1.331642 2.917132 2.211171
v -3.088275 3.437421 1.564304
v -2.715945 2.917132 2.211171
v -3.088275 2.917132 2.211171
v -2.680655 3.437422 1.564304
v -2.245161 2.917132 2.211171
v -2.245162 3.437422 1.564304
v -2.680655 3.498607 1.430445
v -2.245162 3.498607 1.430445
v -2.715945 2.791477 2.307360
v -3.088275 2.791477 2.307360
v -3.158681 3.437421 1.564304
v -3.158681 2.917132 2.211171
v -1.402048 3.255942 1.480250
v -1.774378 2.793251 2.054156
v -1.402048 2.793251 2.054156
v -1.809668 3.255942 1.480250
v -1.809668 3.310425 1.362713
v -1.774378 2.680178 2.141190
v -1.402048 2.680178 2.141190
v -1.331643 3.255942 1.480250
v -1.331642 2.793251 2.054156
v -3.088275 3.255941 1.480250
v -2.715945 2.793251 2.054157
v -3.088275 2.793251 2.054157
v -2.680655 3.255942 1.480250
v -2.245162 2.793251 2.054156
v -2.245162 3.255942 1.480250
v -2.680655 3.310425 1.362713
v -2.245162 3.310425 1.362713
v -2.715945 2.680178 2.141190
v -3.088275 2.680178 2.141190
v -3.158681 3.255941 1.480250
v -3.158681 2.793251 2.054157
v -1.402048 3.588672 0.558629
v -1.774378 3.509925 1.388219
v -1.402048 3.509925 1.388219
v -1.809668 3.588672 0.558629
v -1.809669 3.578699 0.411716
v -1.774378 3.451393 1.534638
v -1.402048 3.451393 1.534638
v -1.331643 3.588672 0.558629
v -1.331643 3.509925 1.388219
v -3.088276 3.588672 0.558630
v -2.715945 3.509925 1.388219
v -3.088275 3.509925 1.388219
v -2.680655 3.588672 0.558630
v -2.245162 3.509925 1.388219
v -2.245162 3.588672 0.558629
v -2.680655 3.578699 0.411716
v -2.245162 3.578699 0.411716
v -2.715945 3.451393 1.534638
v -3.088275 3.451393 1.534638
v -3.158681 3.588672 0.558630
v -3.158681 3.509925 1.388219
v -1.402048 3.389015 0.570340
v -1.774378 3.320078 1.325305
v -1.402048 3.320079 1.325304
v -1.809668 3.389015 0.570340
v -1.809669 3.379635 0.431041
v -1.774378 3.268294 1.454172
v -1.402048 3.268294 1.454172
v -1.331643 3.389015 0.570340
v -1.331643 3.320079 1.325304
v -3.088276 3.389015 0.570341
v -2.715945 3.320078 1.325305
v -3.088276 3.320078 1.325305
v -2.680655 3.389015 0.570340
v -2.245162 3.320078 1.325305
v -2.245162 3.389015 0.570340
v -2.680655 3.379635 0.431041
v -2.245162 3.379635 0.431041
v -2.715945 3.268294 1.454172
v -3.088275 3.268294 1.454172
v -3.158681 3.389015 0.570341
v -3.158681 3.320078 1.325305
v -1.402049 3.435711 -0.459666
v -1.774379 3.572946 0.368379
v -1.402048 3.572947 0.368379
v -1.809669 3.435710 -0.459666
v -1.809669 3.403270 -0.603319
v -1.774379 3.586921 0.525885
v -1.402048 3.586921 0.525884
v -1.331643 3.435710 -0.459666
v -1.331643 3.572947 0.368379
v -3.088276 3.435710 -0.459666
v -2.715945 3.572946 0.368380
v -3.088276 3.572946 0.368380
v -2.680656 3.435710 -0.459666
v -2.245162 3.572946 0.368379
v -2.245162 3.435710 -0.459666
v -2.680656 3.403270 -0.603319
v -2.245162 3.403270 -0.603319
v -2.715945 3.586921 0.525885
v -3.088276 3.586921 0.525885
v -3.158682 3.435710 -0.459666
v -3.158681 3.572946 0.368380
v -1.402048 3.240156 -0.417733
v -1.774379 3.374014 0.389021
v -1.402048 3.374014 0.389021
v -1.809669 3.240156 -0.417733
v -1.809669 3.208354 -0.558510
v -1.774379 3.387382 0.539450
v -1.402048 3.387382 0.539450
v -1.331643 3.240156 -0.417733
v -1.331643 3.374014 0.389021
v -3.088276 3.240156 -0.417732
v -2.715945 3.374014 0.389021
v -3.088276 3.374014 0.389021
v -2.680656 3.240156 -0.417733
v -2.245162 3.374014 0.389021
v -2.245162 3.240156 -0.417733
v -2.680656 3.208354 -0.558510
v -2.245162 3.208354 -0.558510
v -2.715945 3.387382 0.539450
v -3.088276 3.387382 0.539451
v -3.158682 3.240156 -0.417732
v -3.158681 3.374014 0.389021
v -1.402049 3.169179 -1.454868
v -1.774379 3.392698 -0.645738
v -1.402049 3.392698 -0.645738
v -1.809669 3.169179 -1.454868
v -1.809669 3.126241 -1.595790
v -1.774379 3.429461 -0.491857
v -1.402049 3.429461 -0.491857
v -1.331643 3.169179 -1.454868
v -1.331643 3.392698 -0.645738
v -3.088276 3.169179 -1.454867
v -2.715946 3.392698 -0.645738
v -3.088276 3.392698 -0.645738
v -2.680656 3.169179 -1.454867
v -2.245162 3.392698 -0.645738
v -2.245163 3.169179 -1.454867
v -2.680656 3.126241 -1.595790
v -2.245163 3.126241 -1.595790
v -2.715946 3.429461 -0.491857
v -3.088276 3.429461 -0.491856
v -3.158682 3.169179 -1.454867
v -3.158682 3.392698 -0.645738
v -1.402049 2.978581 -1.394268
v -1.774379 3.197967 -0.600133
v -1.402048 3.197967 -0.600134
v -1.809669 2.978581 -1.394268
v -1.809669 2.936480 -1.532618
v -1.774379 3.234057 -0.449225
v -1.402048 3.234057 -0.449225
v -1.331643 2.978581 -1.394268
v -1.331643 3.197967 -0.600134
v -3.088276 2.978580 -1.394267
v -2.715946 3.197967 -0.600133
v -3.088276 3.197967 -0.600133
v -2.680656 2.978580 -1.394268
v -2.245162 3.197967 -0.600133
v -2.245162 2.978580 -1.394268
v -2.680656 2.936480 -1.532618
v -2.245163 2.936480 -1.532618
v -2.715946 3.234057 -0.449225
v -3.088276 3.234057 -0.449225
v -3.158682 2.978580 -1.394267
v -3.158681 3.197967 -0.600133
v -1.402049 2.807564 -2.419273
v -1.774379 3.112338 -1.637221
v -1.402049 3.112338 -1.637221
v -1.809669 2.807564 -2.419273
v -1.809669 2.748240 -2.554120
v -1.774379 3.159622 -1.486234
v -1.402049 3.159622 -1.486235
v -1.331644 2.807564 -2.419273
v -1.331643 3.112338 -1.637221
v -3.088277 2.807564 -2.419272
v -2.715946 3.112338 -1.637220
v -3.088276 3.112338 -1.637220
v -2.680656 2.807564 -2.419272
v -2.245163 3.112338 -1.637221
v -2.245163 2.807564 -2.419272
v -2.680656 2.748240 -2.554119
v -2.245163 2.748240 -2.554120
v -2.715946 3.159621 -1.486234
v -3.088276 3.159621 -1.486234
v -3.158682 2.807564 -2.419272
v -3.158682 3.112338 -1.637220
v -1.402049 2.624620 -2.338456
v -1.774379 2.922845 -1.573249
v -1.402049 2.922845 -1.573249
v -1.809669 2.624620 -2.338456
v -1.809669 2.566775 -2.470035
v -1.774379 2.969207 -1.425061
v -1.402049 2.969207 -1.425061
v -1.331644 2.624620 -2.338456
v -1.331643 2.922845 -1.573249
v -3.088277 2.624619 -2.338456
v -2.715946 2.922845 -1.573249
v -3.088276 2.922845 -1.573249
v -2.680656 2.624619 -2.338456
v -2.245163 2.922845 -1.573249
v -2.245163 2.624619 -2.338456
v -2.680656 2.566775 -2.470034
v -2.245163 2.566775 -2.470034
v -2.715946 2.969207 -1.425061
v -3.088276 2.969207 -1.425061
v -3.158682 2.624619 -2.338456
v -3.158682 2.922845 -1.573249
v -1.402049 2.327528 -3.329445
v -1.774380 2.730637 -2.594135
v -1.402049 2.730637 -2.594135
v -1.809669 2.327528 -3.329445
v -1.809670 2.245215 -3.451622
v -1.774379 2.794359 -2.449288
v -1.402049 2.794359 -2.449288
v -1.331644 2.327528 -3.329445
v -1.331644 2.730637 -2.594135
v -3.088277 2.327528 -3.329444
v -2.715946 2.730636 -2.594135
v -3.088277 2.730636 -2.594135
v -2.680657 2.327528 -3.329444
v -2.245163 2.730636 -2.594135
v -2.245163 2.327528 -3.329444
v -2.680657 2.245215 -3.451621
v -2.245163 2.245215 -3.451622
v -2.715946 2.794359 -2.449287
v -3.088277 2.794359 -2.449288
v -3.158682 2.327528 -3.329444
v -3.158682 2.730636 -2.594135
v -1.402049 2.160291 -3.219755
v -1.774379 2.549621 -2.509085
v -1.402049 2.549621 -2.509085
v -1.809669 2.160291 -3.219756
v -1.809669 2.081750 -3.336386
v -1.774379 2.611739 -2.367741
v -1.402049 2.611739 -2.367741
v -1.331644 2.160291 -3.219755
v -1.331644 2.549621 -2.509085
v -3.088277 2.160291 -3.219755
v -2.715946 2.549621 -2.509085
v -3.088277 2.549621 -2.509085
v -2.680657 2.160291 -3.219755
v -2.245163 2.549621 -2.509085
v -2.245163 2.160291 -3.219755
v -2.680657 2.081750 -3.336386
v -2.245163 2.081750 -3.336386
v -2.715946 2.611739 -2.367741
v -3.088277 2.611739 -2.367741
v -3.158682 2.160291 -3.219755
v -3.158682 2.549621 -2.509085
v -1.402049 1.652669 -4.099332
v -1.774380 2.220788 -3.487880
v -1.402049 2.220788 -3.487880
v -1.809670 1.652669 -4.099332
v -1.809670 1.535264 -4.188323
v -1.774380 2.309206 -3.356640
v -1.402049 2.309206 -3.356640
v -1.331644 1.652669 -4.099332
v -1.331644 2.220788 -3.487880
v -3.088277 1.652668 -4.099332
v -2.715946 2.220788 -3.487879
v -3.088277 2.220788 -3.487879
v -2.680657 1.652668 -4.099332
v -2.245163 2.220788 -3.487880
v -2.245163 1.652669 -4.099332
v -2.680657 1.535264 -4.188323
v -2.245163 1.535264 -4.188323
v -2.715946 2.309206 -3.356639
v -3.088277 2.309206 -3.356640
v -3.158682 1.652668 -4.099332
v -3.158682 2.220788 -3.487879
v -1.402049 1.533670 -3.938586
v -1.774380 2.058478 -3.371023
v -1.402049 2.058478 -3.371023
v -1.809670 1.533670 -3.938586
v -1.809670 1.429393 -4.018643
v -1.774380 2.142792 -3.245705
v -1.402049 2.142792 -3.245705
v -1.331644 1.533670 -3.938586
v -1.331644 2.058478 -3.371023
v -3.088277 1.533669 -3.938586
v -2.715946 2.058478 -3.371023
v -3.088277 2.058478 -3.371023
v -2.680657 1.533669 -3.938586
v -2.245163 2.058478 -3.371023
v -2.245163 1.533670 -3.938586
v -2.680657 1.429393 -4.018643
v -2.245163 1.429393 -4.018643
v -2.715946 2.142792 -3.245705
v -3.088277 2.142792 -3.245705
v -3.158682 1.533669 -3.938586
v -3.158682 2.058478 -3.371023
v -1.402049 0.725318 -4.278746
v -1.774380 1.500425 -4.214732
v -1.402050 1.500425 -4.214732
v -1.809670 0.725318 -4.278745
v -1.809669 0.625833 -4.173837
v -1.774380 1.626535 -4.119141
v -1.402049 1.626535 -4.119141
v -1.331644 0.725318 -4.278746
v -1.331644 1.500425 -4.214732
v -3.088277 0.725318 -4.278745
v -2.715947 1.500424 -4.214731
v -3.088277 1.500424 -4.214731
v -2.680657 0.725318 -4.278745
v -2.245163 1.500425 -4.214731
v -2.245163 0.725318 -4.278745
v -2.680657 0.625833 -4.173837
v -2.245163 0.625833 -4.173837
v -2.715947 1.626535 -4.119141
v -3.088277 1.626535 -4.119141
v -3.158682 0.725318 -4.278745
v -3.158683 1.500424 -4.214731
v -1.402049 0.847504 -4.120409
v -1.774380 1.398582 -4.042603
v -1.402049 1.398582 -4.042603
v -1.809669 0.847504 -4.120409
v -1.809669 0.779536 -4.045871
v -1.774380 1.510396 -3.956317
v -1.402049 1.510396 -3.956317
v -1.331644 0.847504 -4.120409
v -1.331644 1.398582 -4.042603
v -3.088277 0.847504 -4.120408
v -2.715946 1.398581 -4.042603
v -3.088277 1.398581 -4.042603
v -2.680657 0.847504 -4.120408
v -2.245163 1.398582 -4.042603
v -2.245163 0.847504 -4.120409
v -2.680657 0.779536 -4.045870
v -2.245163 0.779536 -4.045871
v -2.715946 1.510396 -3.956316
v -3.088277 1.510396 -3.956316
v -3.158682 0.847504 -4.120408
v -3.158682 1.398581 -4.042603
v 1.682766 0.712608 -4.270248
v 2.055096 1.488241 -4.223969
v 1.682766 1.488241 -4.223968
v 2.090386 0.712608 -4.270248
v 2.090386 0.617312 -4.161144
v 2.055096 1.614351 -4.128378
v 1.682766 1.614351 -4.128378
v 1.612360 0.712608 -4.270248
v 1.612361 1.488241 -4.223968
v 3.368994 0.712608 -4.270248
v 2.996663 1.488240 -4.223969
v 3.368994 1.488240 -4.223969
v 2.961373 0.712608 -4.270248
v 2.525880 1.488241 -4.223969
v 2.525880 0.712608 -4.270248
v 2.961373 0.617312 -4.161144
v 2.525880 0.617312 -4.161144
v 2.996663 1.614351 -4.128378
v 3.368994 1.614351 -4.128378
v 3.439399 0.712608 -4.270248
v 3.439399 1.488240 -4.223969
v 1.682766 0.839593 -4.115733
v 2.055096 1.387820 -4.051007
v 1.682766 1.387820 -4.051007
v 2.090386 0.839593 -4.115733
v 2.090386 0.773140 -4.035774
v 2.055096 1.499558 -3.964602
v 1.682766 1.499558 -3.964602
v 1.612360 0.839593 -4.115733
v 1.612361 1.387820 -4.051007
v 3.368994 0.839593 -4.115733
v 2.996663 1.387820 -4.051007
v 3.368994 1.387820 -4.051008
v 2.961373 0.839593 -4.115733
v 2.525880 1.387820 -4.051007
v 2.525880 0.839593 -4.115733
v 2.961373 0.773140 -4.035774
v 2.525880 0.773140 -4.035774
v 2.996663 1.499558 -3.964602
v 3.368994 1.499558 -3.964602
v 3.439399 0.839593 -4.115733
v 3.439399 1.387820 -4.051008
v 1.682766 0.309985 -3.341039
v 2.055096 0.592948 -4.124846
v 1.682766 0.592948 -4.124846
v 2.090387 0.309985 -3.341039
v 2.090387 0.285080 -3.195928
v 2.055096 0.685349 -4.252022
v 1.682766 0.685349 -4.252022
v 1.612361 0.309985 -3.341039
v 1.612361 0.592948 -4.124846
v 3.368994 0.309985 -3.341040
v 2.996663 0.592948 -4.124847
v 3.368994 0.592948 -4.124847
v 2.961374 0.309985 -3.341039
v 2.525880 0.592948 -4.124847
v 2.525880 0.309985 -3.341039
v 2.961374 0.285080 -3.195928
v 2.525880 0.285080 -3.195928
v 2.996663 0.685349 -4.252022
v 3.368994 0.685349 -4.252022
v 3.439399 0.309985 -3.341040
v 3.439399 0.592948 -4.124847
v 1.682766 0.505903 -3.300835
v 2.055096 0.754606 -4.007091
v 1.682766 0.754606 -4.007091
v 2.090387 0.505903 -3.300836
v 2.090387 0.482008 -3.161007
v 2.055096 0.822216 -4.106189
v 1.682766 0.822217 -4.106188
v 1.612361 0.505903 -3.300835
v 1.612361 0.754606 -4.007091
v 3.368994 0.505903 -3.300836
v 2.996663 0.754606 -4.007091
v 3.368994 0.754606 -4.007091
v 2.961374 0.505903 -3.300836
v 2.525880 0.754606 -4.007091
v 2.525880 0.505903 -3.300836
v 2.961374 0.482008 -3.161007
v 2.525880 0.482008 -3.161007
v 2.996663 0.822217 -4.106189
v 3.368994 0.822216 -4.106189
v 3.439399 0.505903 -3.300836
v 3.439399 0.754606 -4.007091
v 1.682766 0.185654 -2.318567
v 2.055097 0.278444 -3.152717
v 1.682766 0.278444 -3.152717
v 2.090387 0.185654 -2.318567
v 2.090387 0.177016 -2.171502
v 2.055097 0.302464 -3.309127
v 1.682766 0.302465 -3.309127
v 1.612361 0.185654 -2.318567
v 1.612361 0.278444 -3.152717
v 3.368994 0.185654 -2.318567
v 2.996663 0.278444 -3.152717
v 3.368994 0.278444 -3.152718
v 2.961374 0.185654 -2.318567
v 2.525880 0.278444 -3.152717
v 2.525881 0.185654 -2.318567
v 2.961374 0.177016 -2.171502
v 2.525881 0.177016 -2.171502
v 2.996663 0.302465 -3.309127
v 3.368994 0.302465 -3.309128
v 3.439400 0.185654 -2.318567
v 3.439399 0.278444 -3.152718
v 1.682766 0.385149 -2.304350
v 2.055097 0.475609 -3.119161
v 1.682766 0.475609 -3.119161
v 2.090387 0.385149 -2.304350
v 2.090387 0.376643 -2.159287
v 2.055097 0.498726 -3.270639
v 1.682766 0.498726 -3.270639
v 1.612361 0.385149 -2.304350
v 1.612361 0.475609 -3.119161
v 3.368994 0.385148 -2.304351
v 2.996663 0.475609 -3.119161
v 3.368994 0.475609 -3.119162
v 2.961374 0.385149 -2.304350
v 2.525880 0.475609 -3.119161
v 2.525881 0.385149 -2.304350
v 2.961374 0.376643 -2.159287
v 2.525881 0.376643 -2.159287
v 2.996663 0.498726 -3.270640
v 3.368994 0.498726 -3.270640
v 3.439400 0.385149 -2.304351
v 3.439399 0.475609 -3.119162
v 1.682767 0.145694 -1.288730
v 2.055097 0.174453 -2.127860
v 1.682766 0.174453 -2.127860
v 2.090387 0.145694 -1.288730
v 2.090387 0.143522 -1.141428
v 2.055097 0.183732 -2.285831
v 1.682766 0.183732 -2.285831
v 1.612361 0.145694 -1.288730
v 1.612361 0.174453 -2.127860
v 3.368994 0.145694 -1.288731
v 2.996664 0.174453 -2.127860
v 3.368994 0.174453 -2.127860
v 2.961374 0.145694 -1.288730
v 2.525881 0.174453 -2.127860
v 2.525881 0.145694 -1.288730
v 2.961374 0.143522 -1.141428
v 2.525881 0.143522 -1.141428
v 2.996664 0.183732 -2.285831
v 3.368994 0.183732 -2.285832
v 3.439400 0.145694 -1.288731
v 3.439400 0.174453 -2.127860
v 1.682767 0.345662 -1.285122
v 2.055097 0.374115 -2.116239
v 1.682766 0.374115 -2.116239
v 2.090387 0.345662 -1.285122
v 2.090387 0.343503 -1.138690
v 2.055097 0.383257 -2.272060
v 1.682766 0.383257 -2.272060
v 1.612361 0.345662 -1.285122
v 1.612361 0.374115 -2.116239
v 3.368994 0.345662 -1.285122
v 2.996664 0.374115 -2.116240
v 3.368994 0.374115 -2.116240
v 2.961374 0.345662 -1.285122
v 2.525881 0.374115 -2.116240
v 2.525881 0.345662 -1.285122
v 2.961374 0.343503 -1.138690
v 2.525881 0.343503 -1.138690
v 2.996664 0.383257 -2.272060
v 3.368994 0.383257 -2.272060
v 3.439400 0.345662 -1.285122
v 3.439400 0.374115 -2.116240
v 1.682767 0.136644 -0.258032
v 2.055097 0.142877 -1.097716
v 1.682767 0.142877 -1.097716
v 2.090388 0.136644 -0.258032
v 2.090388 0.132783 -0.110763
v 2.055097 0.145211 -1.255944
v 1.682767 0.145211 -1.255943
v 1.612362 0.136644 -0.258032
v 1.612362 0.142877 -1.097716
v 3.368995 0.136644 -0.258032
v 2.996664 0.142877 -1.097716
v 3.368994 0.142877 -1.097716
v 2.961375 0.136644 -0.258032
v 2.525881 0.142877 -1.097716
v 2.525881 0.136644 -0.258032
v 2.961375 0.132783 -0.110763
v 2.525881 0.132783 -0.110763
v 2.996664 0.145211 -1.255944
v 3.368994 0.145211 -1.255944
v 3.439400 0.136644 -0.258032
v 3.439399 0.142877 -1.097716
v 1.682767 0.336614 -0.254544
v 2.055097 0.342862 -1.095237
v 1.682767 0.342862 -1.095236
v 2.090388 0.336613 -0.254544
v 2.090388 0.332720 -0.105752
v 2.055097 0.345182 -1.252529
v 1.682767 0.345182 -1.252529
v 1.612362 0.336614 -0.254544
v 1.612362 0.342862 -1.095236
v 3.368995 0.336613 -0.254544
v 2.996664 0.342862 -1.095237
v 3.368994 0.342862 -1.095237
v 2.961375 0.336614 -0.254544
v 2.525881 0.342862 -1.095237
v 2.525881 0.336614 -0.254544
v 2.961375 0.332721 -0.105752
v 2.525881 0.332720 -0.105752
v 2.996664 0.345182 -1.252529
v 3.368994 0.345182 -1.252530
v 3.439400 0.336614 -0.254544
v 3.439400 0.342862 -1.095237
v 1.682767 0.105128 0.772194
v 2.055098 0.131638 -0.067061
v 1.682767 0.131638 -0.067061
v 2.090388 0.105128 0.772194
v 2.090388 0.104279 0.919511
v 2.055098 0.135785 -0.225252
v 1.682767 0.135785 -0.225252
v 1.612362 0.105128 0.772194
v 1.612362 0.131638 -0.067061
v 3.368995 0.105128 0.772193
v 2.996664 0.131638 -0.067061
v 3.368995 0.131638 -0.067061
v 2.961375 0.105128 0.772193
v 2.525881 0.131638 -0.067061
v 2.525882 0.105128 0.772193
v 2.961375 0.104279 0.919511
v 2.525882 0.104279 0.919511
v 2.996664 0.135785 -0.225252
v 3.368995 0.135785 -0.225252
v 3.439401 0.105128 0.772193
v 3.439400 0.131638 -0.067061
v 1.682767 0.305120 0.773998
v 2.055097 0.331563 -0.061598
v 1.682767 0.331563 -0.061597
v 2.090388 0.305119 0.773998
v 2.090388 0.304272 0.917860
v 2.055098 0.335748 -0.221425
v 1.682767 0.335748 -0.221425
v 1.612362 0.305120 0.773998
v 1.612362 0.331563 -0.061597
v 3.368995 0.305119 0.773998
v 2.996664 0.331563 -0.061598
v 3.368995 0.331563 -0.061598
v 2.961375 0.305120 0.773998
v 2.525881 0.331563 -0.061598
v 2.525882 0.305120 0.773998
v 2.961375 0.304273 0.917860
v 2.525882 0.304272 0.917860
v 2.996664 0.335748 -0.221425
v 3.368995 0.335748 -0.221425
v 3.439401 0.305120 0.773998
v 3.439400 0.331563 -0.061598
v 1.682768 0.194457 1.795723
v 2.055098 0.104028 0.963229
v 1.682768 0.104028 0.963229
v 2.090388 0.194457 1.795722
v 2.090388 0.235430 1.936814
v 2.055098 0.104939 0.804986
v 1.682767 0.104939 0.804986
v 1.612362 0.194456 1.795723
v 1.612362 0.104028 0.963229
v 3.368995 0.194457 1.795722
v 2.996665 0.104028 0.963229
v 3.368995 0.104028 0.963229
v 2.961375 0.194457 1.795722
v 2.525882 0.104028 0.963229
v 2.525882 0.194457 1.795722
v 2.961375 0.235430 1.936814
v 2.525882 0.235430 1.936814
v 2.996665 0.104939 0.804986
v 3.368995 0.104939 0.804986
v 3.439401 0.194457 1.795722
v 3.439401 0.104028 0.963228
v 1.682768 0.387674 1.744078
v 2.055098 0.304010 0.960552
v 1.682768 0.304010 0.960552
v 2.090388 0.387674 1.744078
v 2.090388 0.423873 1.869813
v 2.055098 0.304936 0.806021
v 1.682767 0.304936 0.806022
v 1.612363 0.387674 1.744078
v 1.612362 0.304010 0.960552
v 3.368995 0.387674 1.744078
v 2.996665 0.304010 0.960552
v 3.368995 0.304009 0.960552
v 2.961375 0.387674 1.744078
v 2.525882 0.304010 0.960552
v 2.525882 0.387674 1.744078
v 2.961375 0.423873 1.869813
v 2.525882 0.423873 1.869813
v 2.996665 0.304936 0.806021
v 3.368995 0.304936 0.806021
v 3.439401 0.387674 1.744078
v 3.439401 0.304010 0.960552
v 1.682768 0.793165 2.584739
v 2.055099 0.251822 1.977341
v 1.682768 0.251822 1.977341
v 2.090389 0.793165 2.584739
v 2.090389 0.928624 2.640358
v 2.055098 0.201912 1.827655
v 1.682768 0.201912 1.827655
v 1.612363 0.793165 2.584739
v 1.612363 0.251822 1.977341
v 3.368996 0.793165 2.584739
v 2.996665 0.251822 1.977341
v 3.368996 0.251822 1.977341
v 2.961375 0.793165 2.584739
v 2.525882 0.251822 1.977341
v 2.525882 0.793165 2.584739
v 2.961375 0.928624 2.640358
v 2.525882 0.928624 2.640358
v 2.996665 0.201912 1.827655
v 3.368995 0.201912 1.827654
v 3.439401 0.793165 2.584739
v 3.439401 0.251822 1.977341
v 1.682768 0.877547 2.403412
v 2.055098 0.438172 1.904721
v 1.682768 0.438172 1.904721
v 2.090389 0.877547 2.403412
v 2.090389 0.989246 2.449767
v 2.055098 0.394306 1.773023
v 1.682768 0.394306 1.773023
v 1.612363 0.877547 2.403412
v 1.612363 0.438172 1.904721
v 3.368996 0.877547 2.403411
v 2.996665 0.438172 1.904721
v 3.368995 0.438172 1.904720
v 2.961375 0.877547 2.403411
v 2.525882 0.438172 1.904721
v 2.525882 0.877547 2.403411
v 2.961375 0.989246 2.449766
v 2.525882 0.989246 2.449766
v 2.996665 0.394306 1.773022
v 3.368995 0.394306 1.773022
v 3.439401 0.877547 2.403411
v 3.439401 0.438172 1.904720
v 1.682768 1.803926 2.678938
v 2.055099 0.971361 2.649564
v 1.682768 0.971361 2.649564
v 2.090389 1.803926 2.678938
v 2.090389 1.948959 2.653085
v 2.055099 0.822586 2.599220
v 1.682768 0.822586 2.599221
v 1.612363 1.803926 2.678938
v 1.612363 0.971361 2.649564
v 3.368996 1.803926 2.678937
v 2.996666 0.971361 2.649564
v 3.368996 0.971361 2.649564
v 2.961376 1.803926 2.678937
v 2.525882 0.971361 2.649564
v 2.525882 1.803926 2.678937
v 2.961376 1.948960 2.653085
v 2.525882 1.948960 2.653085
v 2.996665 0.822586 2.599220
v 3.368996 0.822586 2.599220
v 3.439401 1.803926 2.678937
v 3.439401 0.971361 2.649564
v 1.682768 1.773982 2.481192
v 2.055099 1.026487 2.457311
v 1.682768 1.026487 2.457311
v 2.090389 1.773982 2.481192
v 2.090389 1.907656 2.457397
v 2.055099 0.901300 2.415361
v 1.682768 0.901300 2.415362
v 1.612363 1.773982 2.481192
v 1.612363 1.026487 2.457311
v 3.368996 1.773982 2.481191
v 2.996666 1.026487 2.457311
v 3.368996 1.026487 2.457311
v 2.961376 1.773982 2.481192
v 2.525882 1.026487 2.457311
v 2.525882 1.773982 2.481192
v 2.961376 1.907656 2.457396
v 2.525882 1.907656 2.457396
v 2.996665 0.901300 2.415361
v 3.368996 0.901300 2.415361
v 3.439401 1.773982 2.481191
v 3.439401 1.026487 2.457311
v 1.682768 2.763486 2.324354
v 2.055099 1.991999 2.645414
v 1.682768 1.991999 2.645414
v 2.090389 2.763485 2.324354
v 2.090389 2.882419 2.237743
v 2.055099 1.836209 2.673183
v 1.682768 1.836209 2.673183
v 1.612363 2.763486 2.324354
v 1.612363 1.991999 2.645414
v 3.368996 2.763485 2.324353
v 2.996666 1.991999 2.645414
v 3.368996 1.991999 2.645413
v 2.961376 2.763485 2.324354
v 2.525882 1.991999 2.645414
v 2.525882 2.763485 2.324354
v 2.961376 2.882419 2.237743
v 2.525882 2.882419 2.237743
v 2.996666 1.836209 2.673183
v 3.368996 1.836209 2.673183
v 3.439402 2.763485 2.324353
v 3.439402 1.991999 2.645413
v 1.682768 2.654681 2.156540
v 2.055099 1.947349 2.450461
v 1.682768 1.947349 2.450462
v 2.090389 2.654681 2.156540
v 2.090389 2.761942 2.078101
v 2.055099 1.803727 2.475838
v 1.682768 1.803727 2.475839
v 1.612363 2.654681 2.156540
v 1.612363 1.947349 2.450462
v 3.368996 2.654680 2.156539
v 2.996666 1.947349 2.450461
v 3.368996 1.947349 2.450461
v 2.961376 2.654681 2.156540
v 2.525882 1.947349 2.450461
v 2.525882 2.654681 2.156540
v 2.961376 2.761942 2.078101
v 2.525882 2.761942 2.078101
v 2.996666 1.803727 2.475838
v 3.368996 1.803727 2.475838
v 3.439402 2.654680 2.156539
v 3.439402 1.947349 2.450461
v 1.682768 3.437422 1.564302
v 2.055099 2.917132 2.211169
v 1.682768 2.917132 2.211170
v 2.090389 3.437422 1.564302
v 2.090389 3.498607 1.430444
v 2.055099 2.791478 2.307359
v 1.682768 2.791477 2.307359
v 1.612363 3.437422 1.564302
v 1.612363 2.917132 2.211170
v 3.368996 3.437422 1.564302
v 2.996666 2.917132 2.211169
v 3.368996 2.917132 2.211169
v 2.961375 3.437422 1.564302
v 2.525882 2.917132 2.211169
v 2.525882 3.437422 1.564302
v 2.961375 3.498607 1.430443
v 2.525882 3.498607 1.430444
v 2.996666 2.791478 2.307359
v 3.368996 2.791478 2.307358
v 3.439401 3.437422 1.564302
v 3.439402 2.917132 2.211169
v 1.682768 3.255942 1.480249
v 2.055099 2.793252 2.054155
v 1.682768 2.793252 2.054155
v 2.090389 3.255942 1.480248
v 2.090389 3.310426 1.362712
v 2.055099 2.680179 2.141188
v 1.682768 2.680179 2.141189
v 1.612363 3.255942 1.480249
v 1.612363 2.793252 2.054155
v 3.368996 3.255942 1.480248
v 2.996666 2.793252 2.054155
v 3.368996 2.793252 2.054154
v 2.961375 3.255942 1.480248
v 2.525882 2.793252 2.054155
v 2.525882 3.255942 1.480248
v 2.961375 3.310426 1.362711
v 2.525882 3.310426 1.362712
v 2.996666 2.680179 2.141188
v 3.368996 2.680179 2.141188
v 3.439401 3.255942 1.480248
v 3.439402 2.793252 2.054154
v 1.682768 3.588673 0.558628
v 2.055099 3.509926 1.388217
v 1.682768 3.509926 1.388217
v 2.090389 3.588673 0.558628
v 2.090388 3.578700 0.411714
v 2.055099 3.451393 1.534637
v 1.682768 3.451394 1.534637
v 1.612363 3.588673 0.558628
v 1.612363 3.509926 1.388217
v 3.368996 3.588673 0.558628
v 2.996665 3.509926 1.388217
v 3.368996 3.509925 1.388217
v 2.961375 3.588673 0.558628
v 2.525882 3.509926 1.388217
v 2.525882 3.588673 0.558628
v 2.961375 3.578700 0.411714
v 2.525882 3.578700 0.411714
v 2.996665 3.451393 1.534636
v 3.368996 3.451393 1.534636
v 3.439401 3.588673 0.558628
v 3.439401 3.509926 1.388217
v 1.682768 3.389016 0.570339
v 2.055099 3.320079 1.325303
v 1.682768 3.320079 1.325303
v 2.090389 3.389016 0.570339
v 2.090388 3.379635 0.431040
v 2.055099 3.268295 1.454170
v 1.682768 3.268295 1.454170
v 1.612362 3.389016 0.570339
v 1.612363 3.320079 1.325303
v 3.368996 3.389016 0.570338
v 2.996665 3.320079 1.325303
v 3.368996 3.320079 1.325303
v 2.961375 3.389016 0.570338
v 2.525882 3.320079 1.325303
v 2.525882 3.389016 0.570339
v 2.961375 3.379635 0.431039
v 2.525882 3.379635 0.431039
v 2.996665 3.268294 1.454170
v 3.368996 3.268294 1.454170
v 3.439401 3.389016 0.570338
v 3.439401 3.320079 1.325303
v 1.682768 3.435711 -0.459667
v 2.055098 3.572947 0.368378
v 1.682768 3.572947 0.368378
v 2.090388 3.435711 -0.459668
v 2.090388 3.403271 -0.603320
v 2.055099 3.586921 0.525883
v 1.682768 3.586922 0.525883
v 1.612362 3.435711 -0.459667
v 1.612363 3.572947 0.368378
v 3.368995 3.435711 -0.459668
v 2.996665 3.572947 0.368378
v 3.368995 3.572947 0.368378
v 2.961375 3.435711 -0.459668
v 2.525882 3.572947 0.368378
v 2.525882 3.435711 -0.459668
v 2.961375 3.403271 -0.603321
v 2.525882 3.403271 -0.603321
v 2.996665 3.586921 0.525883
v 3.368996 3.586921 0.525883
v 3.439401 3.435711 -0.459668
v 3.439401 3.572947 0.368378
v 1.682768 3.240157 -0.417734
v 2.055098 3.374015 0.389019
v 1.682768 3.374015 0.389020
v 2.090388 3.240156 -0.417734
v 2.090388 3.208355 -0.558512
v 2.055099 3.387382 0.539449
v 1.682768 3.387382 0.539449
v 1.612362 3.240156 -0.417734
v 1.612362 3.374015 0.389020
v 3.368995 3.240156 -0.417735
v 2.996665 3.374015 0.389019
v 3.368995 3.374014 0.389019
v 2.961375 3.240157 -0.417734
v 2.525882 3.374015 0.389019
v 2.525882 3.240156 -0.417734
v 2.961375 3.208355 -0.558512
v 2.525882 3.208355 -0.558512
v 2.996665 3.387382 0.539448
v 3.368996 3.387382 0.539448
v 3.439401 3.240156 -0.417735
v 3.439401 3.374014 0.389019
v 1.682767 3.169179 -1.454869
v 2.055098 3.392698 -0.645739
v 1.682767 3.392699 -0.645739
v 2.090388 3.169179 -1.454869
v 2.090388 3.126241 -1.595792
v 2.055098 3.429461 -0.491858
v 1.682768 3.429461 -0.491858
v 1.612362 3.169179 -1.454869
v 1.612362 3.392699 -0.645739
v 3.368995 3.169179 -1.454869
v 2.996665 3.392698 -0.645740
v 3.368995 3.392698 -0.645740
v 2.961375 3.169179 -1.454869
v 2.525882 3.392698 -0.645739
v 2.525881 3.169179 -1.454869
v 2.961375 3.126241 -1.595792
v 2.525881 3.126241 -1.595792
v 2.996665 3.429461 -0.491858
v 3.368995 3.429461 -0.491859
v 3.439400 3.169179 -1.454869
v 3.439401 3.392698 -0.645740
v 1.682767 2.978581 -1.394269
v 2.055098 3.197967 -0.600135
v 1.682767 3.197967 -0.600135
v 2.090388 2.978581 -1.394269
v 2.090388 2.936480 -1.532619
v 2.055098 3.234058 -0.449226
v 1.682768 3.234058 -0.449226
v 1.612362 2.978581 -1.394269
v 1.612362 3.197967 -0.600134
v 3.368995 2.978581 -1.394269
v 2.996665 3.197967 -0.600135
v 3.368995 3.197967 -0.600135
v 2.961375 2.978581 -1.394269
v 2.525882 3.197967 -0.600135
v 2.525881 2.978581 -1.394269
v 2.961375 2.936480 -1.532619
v 2.525881 2.936480 -1.532619
v 2.996665 3.234058 -0.449227
v 3.368995 3.234058 -0.449227
v 3.439400 2.978581 -1.394270
v 3.439400 3.197967 -0.600135
v 1.682767 2.807565 -2.419274
v 2.055098 3.112339 -1.637222
v 1.682767 3.112339 -1.637222
v 2.090388 2.807565 -2.419274
v 2.090387 2.748241 -2.554121
v 2.055098 3.159622 -1.486236
v 1.682767 3.159622 -1.486236
v 1.612361 2.807565 -2.419274
v 1.612362 3.112339 -1.637222
v 3.368995 2.807564 -2.419274
v 2.996664 3.112339 -1.637222
v 3.368995 3.112339 -1.637222
v 2.961375 2.807564 -2.419274
v 2.525881 3.112339 -1.637222
v 2.525881 2.807564 -2.419274
v 2.961374 2.748241 -2.554121
v 2.525881 2.748241 -2.554121
v 2.996664 3.159622 -1.486236
v 3.368995 3.159622 -1.486236
v 3.439400 2.807564 -2.419274
v 3.439400 3.112339 -1.637223
v 1.682767 2.624620 -2.338457
v 2.055098 2.922846 -1.573250
v 1.682767 2.922846 -1.573250
v 2.090388 2.624620 -2.338457
v 2.090387 2.566775 -2.470036
v 2.055098 2.969207 -1.425062
v 1.682767 2.969207 -1.425062
v 1.612361 2.624620 -2.338457
v 1.612362 2.922846 -1.573250
v 3.368995 2.624620 -2.338458
v 2.996664 2.922845 -1.573251
v 3.368995 2.922845 -1.573251
v 2.961375 2.624620 -2.338458
v 2.525881 2.922846 -1.573250
v 2.525881 2.624620 -2.338457
v 2.961374 2.566775 -2.470036
v 2.525881 2.566775 -2.470036
v 2.996664 2.969207 -1.425063
v 3.368995 2.969207 -1.425063
v 3.439400 2.624620 -2.338458
v 3.439400 2.922845 -1.573251
v 1.682767 2.327529 -3.329446
v 2.055097 2.730637 -2.594136
v 1.682767 2.730637 -2.594136
v 2.090387 2.327529 -3.329446
v 2.090387 2.245216 -3.451623
v 2.055097 2.794360 -2.449289
v 1.682767 2.794360 -2.449289
v 1.612361 2.327529 -3.329446
v 1.612361 2.730637 -2.594136
v 3.368994 2.327529 -3.329446
v 2.996664 2.730637 -2.594136
v 3.368994 2.730637 -2.594137
v 2.961374 2.327529 -3.329446
v 2.525881 2.730637 -2.594136
v 2.525881 2.327529 -3.329446
v 2.961374 2.245216 -3.451623
v 2.525881 2.245216 -3.451623
v 2.996664 2.794360 -2.449289
v 3.368994 2.794360 -2.449290
v 3.439399 2.327529 -3.329446
v 3.439399 2.730637 -2.594137
v 1.682767 2.160292 -3.219756
v 2.055097 2.549622 -2.509086
v 1.682767 2.549622 -2.509086
v 2.090387 2.160292 -3.219757
v 2.090387 2.081751 -3.336388
v 2.055097 2.611739 -2.367743
v 1.682767 2.611739 -2.367742
v 1.612361 2.160292 -3.219756
v 1.612361 2.549622 -2.509086
v 3.368994 2.160291 -3.219757
v 2.996664 2.549622 -2.509087
v 3.368994 2.549621 -2.509087
v 2.961374 2.160291 -3.219757
v 2.525881 2.549622 -2.509087
v 2.525881 2.160291 -3.219757
v 2.961374 2.081751 -3.336388
v 2.525881 2.081751 -3.336388
v 2.996664 2.611739 -2.367743
v 3.368995 2.611739 -2.367743
v 3.439399 2.160291 -3.219758
v 3.439399 2.549621 -2.509087
v 1.682766 1.652669 -4.099333
v 2.055097 2.220788 -3.487881
v 1.682767 2.220788 -3.487881
v 2.090386 1.652669 -4.099333
v 2.090386 1.535265 -4.188324
v 2.055097 2.309207 -3.356641
v 1.682767 2.309207 -3.356641
v 1.612361 1.652669 -4.099333
v 1.612361 2.220788 -3.487881
v 3.368994 1.652669 -4.099334
v 2.996664 2.220788 -3.487881
v 3.368994 2.220788 -3.487881
v 2.961374 1.652669 -4.099334
v 2.525881 2.220788 -3.487881
v 2.525880 1.652669 -4.099334
v 2.961374 1.535265 -4.188325
v 2.525880 1.535265 -4.188325
v 2.996664 2.309207 -3.356641
v 3.368994 2.309207 -3.356642
v 3.439399 1.652669 -4.099334
v 3.439399 2.220788 -3.487881
v 1.682766 1.533670 -3.938587
v 2.055097 2.058478 -3.371024
v 1.682767 2.058478 -3.371024
v 2.090386 1.533670 -3.938587
v 2.090386 1.429394 -4.018644
v 2.055097 2.142793 -3.245707
v 1.682767 2.142793 -3.245706
v 1.612361 1.533670 -3.938587
v 1.612361 2.058479 -3.371024
v 3.368994 1.533670 -3.938588
v 2.996664 2.058478 -3.371025
v 3.368994 2.058478 -3.371025
v 2.961374 1.533670 -3.938588
v 2.525881 2.058478 -3.371025
v 2.525880 1.533670 -3.938588
v 2.961374 1.429394 -4.018645
v 2.525880 1.429394 -4.018645
v 2.996664 2.142793 -3.245707
v 3.368994 2.142793 -3.245707
v 3.439399 1.533670 -3.938588
v 3.439399 2.058478 -3.371025
v 1.682766 0.725318 -4.278747
v 2.055096 1.500425 -4.214733
v 1.682766 1.500425 -4.214733
v 2.090386 0.725318 -4.278747
v 2.090386 0.625834 -4.173838
v 2.055096 1.626536 -4.119143
v 1.682766 1.626536 -4.119142
v 1.612360 0.725318 -4.278747
v 1.612361 1.500425 -4.214733
v 3.368994 0.725318 -4.278747
v 2.996663 1.500425 -4.214733
v 3.368994 1.500425 -4.214733
v 2.961373 0.725318 -4.278747
v 2.525880 1.500425 -4.214733
v 2.525880 0.725318 -4.278747
v 2.961373 0.625834 -4.173839
v 2.525880 0.625834 -4.173839
v 2.996663 1.626535 -4.119143
v 3.368994 1.626535 -4.119143
v 3.439399 0.725318 -4.278747
v 3.439399 1.500425 -4.214733
v 1.682766 0.847504 -4.120409
v 2.055096 1.398582 -4.042605
v 1.682766 1.398582 -4.042604
v 2.090386 0.847504 -4.120410
v 2.090386 0.779537 -4.045872
v 2.055096 1.510397 -3.956318
v 1.682766 1.510397 -3.956318
v 1.612361 0.847504 -4.120409
v 1.612361 1.398582 -4.042604
v 3.368994 0.847504 -4.120410
v 2.996663 1.398582 -4.042605
v 3.368994 1.398582 -4.042605
v 2.961373 0.847504 -4.120410
v 2.525880 1.398582 -4.042605
v 2.525880 0.847504 -4.120410
v 2.961373 0.779537 -4.045872
v 2.525880 0.779537 -4.045872
v 2.996663 1.510396 -3.956318
v 3.368994 1.510396 -3.956318
v 3.439399 0.847504 -4.120410
v 3.439399 1.398582 -4.042605
vn -0.0000 0.0596 -0.9982
vn -0.0000 -0.7532 -0.6578
vn -0.0000 0.6041 -0.7969
vn -0.0000 -0.1172 0.9931
vn -0.0000 0.7691 0.6392
vn -0.0000 -0.6117 0.7911
vn -0.0000 0.8648 0.5021
vn -0.0000 -0.7726 0.6349
vn -0.0000 -0.6269 0.7791
vn 1.0000 -0.0000 -0.0000
vn -0.0000 0.8189 0.5740
vn -1.0000 -0.0000 -0.0000
vn -0.0000 -0.9406 -0.3396
vn -0.0000 -0.9856 -0.1692
vn -0.0000 -0.8090 -0.5878
vn -0.0000 0.9432 0.3322
vn -0.0000 0.9857 0.1684
vn -0.0000 0.8261 0.5636
vn -0.0000 0.5888 -0.8083
vn -0.0000 -0.2010 0.9796
vn -0.0000 -0.1746 0.9846
vn -0.0000 0.7292 -0.6843
vn -0.0000 -0.9939 -0.1106
vn -0.0000 -0.9983 -0.0586
vn -0.0000 -0.9884 -0.1518
vn -0.0000 0.9939 0.1103
vn -0.0000 0.9983 0.0585
vn -0.0000 0.9886 0.1509
vn -0.0000 0.1678 -0.9858
vn -0.0000 -0.0711 0.9975
vn -0.0000 -0.0611 0.9981
vn -0.0000 0.1924 -0.9813
vn -0.0000 -0.9994 -0.0343
vn -0.0000 -0.9999 -0.0147
vn -0.0000 0.9994 0.0342
vn -0.0000 0.9999 0.0147
vn -0.0000 0.9983 0.0586
vn -0.0000 0.0581 -0.9983
vn -0.0000 -0.0180 0.9998
vn -0.0000 -0.0137 0.9999
vn -0.0000 0.0689 -0.9976
vn -0.0000 -1.0000 -0.0074
vn -0.0000 -0.9997 -0.0262
vn -0.0000 -0.9999 -0.0148
vn -0.0000 1.0000 0.0074
vn -0.0000 0.9997 0.0262
vn -0.0000 0.9999 0.0148
vn -0.0000 0.0124 -0.9999
vn -0.0000 -0.0174 0.9998
vn -0.0000 -0.0251 0.9997
vn -0.0000 0.0171 -0.9999
vn -0.0000 -0.9995 -0.0316
vn -0.0000 -1.0000 -0.0058
vn -0.0000 0.9995 0.0316
vn -0.0000 1.0000 0.0059
vn -0.0000 0.0273 -0.9996
vn -0.0000 -0.0090 1.0000
vn -0.0000 0.0083 1.0000
vn -0.0000 0.0191 -0.9998
vn -0.0000 -0.9942 0.1080
vn -0.0000 -0.9603 0.2789
vn -0.0000 0.9943 -0.1062
vn -0.0000 0.9610 -0.2767
vn -0.0000 1.0000 0.0060
vn -0.0000 -0.0134 -0.9999
vn -0.0000 0.2582 0.9661
vn -0.0000 0.3350 0.9422
vn -0.0000 0.0052 -1.0000
vn -0.0000 -0.7465 0.6653
vn -0.0000 -0.3798 0.9251
vn -0.0000 -0.9487 0.3163
vn -0.0000 0.7503 -0.6611
vn -0.0000 0.3833 -0.9236
vn -0.0000 0.9488 -0.3160
vn -0.0000 -0.3631 -0.9317
vn -0.0000 0.9066 0.4219
vn -0.0000 0.9530 0.3031
vn -0.0000 -0.2732 -0.9620
vn -0.0000 -0.0353 0.9994
vn -0.0000 0.1755 0.9845
vn -0.0000 -0.3205 0.9472
vn -0.0000 0.0319 -0.9995
vn -0.0000 -0.1753 -0.9845
vn -0.0000 0.3177 -0.9482
vn -0.0000 -0.9613 -0.2756
vn -0.0000 0.9887 -0.1497
vn -0.0000 0.9784 -0.2065
vn -0.0000 -0.9193 -0.3936
vn -0.0000 0.3842 0.9232
vn -0.0000 0.5887 0.8084
vn -0.0000 -0.3837 -0.9234
vn -0.0000 -0.5903 -0.8072
vn -0.0000 -0.1740 -0.9847
vn -0.0000 -0.9748 0.2232
vn -0.0000 0.8391 -0.5440
vn -0.0000 0.7982 -0.6024
vn -0.0000 -0.9867 0.1624
vn -0.0000 0.7792 0.6267
vn -0.0000 0.9095 0.4157
vn -0.0000 0.6078 0.7941
vn -0.0000 -0.7785 -0.6276
vn -0.0000 -0.9073 -0.4206
vn -0.0000 -0.6100 -0.7924
vn -0.0000 -0.7851 0.6194
vn -0.0000 0.4203 -0.9074
vn -0.0000 0.3387 -0.9409
vn -0.0000 -0.8309 0.5565
vn -0.0000 0.9955 0.0945
vn -0.0000 0.9977 -0.0677
vn -0.0000 0.9286 0.3712
vn -0.0000 -0.9959 -0.0909
vn -0.0000 -0.9977 0.0672
vn -0.0000 -0.9279 -0.3729
vn -0.0000 -0.3146 0.9492
vn -0.0000 -0.0586 -0.9983
vn -0.0000 -0.0966 -0.9953
vn -0.0000 -0.4023 0.9155
vn -0.0000 0.9865 -0.1635
vn -0.0000 0.9754 -0.2203
vn -0.0000 0.9961 -0.0884
vn -0.0000 -0.9865 0.1637
vn -0.0000 -0.9754 0.2203
vn -0.0000 -0.9961 0.0885
vn -0.0000 0.1032 0.9947
vn -0.0000 -0.2097 -0.9778
vn -0.0000 -0.2240 -0.9746
vn -0.0000 0.0678 0.9977
vn -0.0000 0.9639 -0.2663
vn -0.0000 0.9566 -0.2915
vn -0.0000 0.9726 -0.2324
vn -0.0000 -0.9639 0.2663
vn -0.0000 -0.9567 0.2911
vn -0.0000 -0.9726 0.2326
vn -0.0000 0.2280 0.9737
vn -0.0000 -0.3030 -0.9530
vn -0.0000 -0.3159 -0.9488
vn -0.0000 0.2132 0.9770
vn -0.0000 0.9317 -0.3631
vn -0.0000 0.9153 -0.4027
vn -0.0000 0.9543 -0.2989
vn -0.0000 -0.9317 0.3631
vn -0.0000 -0.9154 0.4024
vn -0.0000 -0.9544 0.2986
vn -0.0000 0.3199 0.9475
vn -0.0000 -0.4041 -0.9147
vn -0.0000 -0.4204 -0.9073
vn -0.0000 0.3059 0.9521
vn -0.0000 0.8769 -0.4807
vn -0.0000 0.8293 -0.5587
vn -0.0000 -0.8770 0.4805
vn -0.0000 -0.8295 0.5586
vn -0.0000 -0.9155 0.4023
vn -0.0000 0.4252 0.9051
vn -0.0000 -0.5484 -0.8362
vn -0.0000 -0.5762 -0.8173
vn -0.0000 0.4077 0.9131
vn -0.0000 0.7326 -0.6807
vn -0.0000 -0.7342 0.6789
vn -0.0000 -0.6090 0.7932
vn -0.0000 -0.8297 0.5582
vn -0.0000 0.5843 0.8116
vn -0.0000 -0.8037 -0.5950
vn -0.0000 -0.8484 -0.5294
vn -0.0000 0.5547 0.8321
vn -0.0000 0.0823 -0.9966
vn -0.0000 -0.7256 -0.6881
vn -0.0000 -0.1398 0.9902
vn -0.0000 0.7389 0.6738
vn -0.0000 -0.6109 0.7917
vn -0.0000 0.8606 0.5092
vn -0.0000 -0.7917 0.6109
vn -0.0000 -0.6398 0.7685
vn -0.0000 0.8141 0.5807
vn -0.0000 -0.1173 0.9931
vn -0.0000 0.6079 0.7941
vn -0.0000 -0.6099 -0.7924
vn -0.0000 0.4253 0.9051
vn -0.0000 0.5843 0.8115
vt 0.852195 0.677870
vt 0.851554 0.677870
vt 0.851602 0.676727
vt 0.852195 0.676727
vt 0.851047 0.677870
vt 0.851047 0.676727
vt 0.851602 0.676526
vt 0.852195 0.676526
vt 0.851554 0.678085
vt 0.851047 0.678085
vt 0.850951 0.677870
vt 0.850951 0.676727
s 0
usemtl Material.001
f 403/943/118 391/944/118 393/945/118 404/946/118
f 393/945/118 391/944/118 392/947/118 390/948/118
f 404/946/119 393/945/119 394/949/119 406/950/119
f 392/947/120 391/944/120 395/951/120 396/952/120
f 390/948/118 392/947/118 398/953/118 397/954/118
f 403/943/118 404/946/118 402/945/118 400/944/118
f 402/945/118 399/948/118 401/947/118 400/944/118
f 404/946/119 406/950/119 405/949/119 402/945/119
f 401/947/120 408/952/120 407/951/120 400/944/120
f 399/948/118 409/954/118 410/953/118 401/947/118
f 424/943/121 425/946/121 414/945/121 412/944/121
f 414/945/121 411/948/121 413/947/121 412/944/121
f 425/946/122 427/950/122 415/949/122 414/945/122
f 413/947/123 417/952/123 416/951/123 412/944/123
f 411/948/121 418/954/121 419/953/121 413/947/121
f 424/943/121 421/944/121 423/945/121 425/946/121
f 423/945/121 421/944/121 422/947/121 420/948/121
f 425/946/122 423/945/122 426/949/122 427/950/122
f 422/947/123 421/944/123 428/951/123 429/952/123
f 420/948/121 422/947/121 431/953/121 430/954/121
f 391/944/124 403/943/124 424/943/124 412/944/124
f 393/945/125 390/948/125 411/948/125 414/945/125
f 406/950/126 394/949/126 415/949/126 427/950/126
f 394/949/127 393/945/127 414/945/127 415/949/127
f 396/952/128 395/951/128 416/951/128 417/952/128
f 392/947/127 396/952/127 417/952/127 413/947/127
f 395/951/129 391/944/129 412/944/129 416/951/129
f 397/954/127 398/953/127 419/953/127 418/954/127
f 390/948/125 397/954/125 418/954/125 411/948/125
f 398/953/124 392/947/124 413/947/124 419/953/124
f 403/943/124 400/944/124 421/944/124 424/943/124
f 399/948/125 402/945/125 423/945/125 420/948/125
f 405/949/126 406/950/126 427/950/126 426/949/126
f 402/945/129 405/949/129 426/949/129 423/945/129
f 407/951/128 408/952/128 429/952/128 428/951/128
f 408/952/129 401/947/129 422/947/129 429/952/129
f 400/944/127 407/951/127 428/951/127 421/944/127
f 410/953/129 409/954/129 430/954/129 431/953/129
f 409/954/125 399/948/125 420/948/125 430/954/125
f 401/947/124 410/953/124 431/953/124 422/947/124
f 445/943/130 433/944/130 435/945/130 446/946/130
f 435/945/130 433/944/130 434/947/130 432/948/130
f 446/946/131 435/945/131 436/949/131 448/950/131
f 434/947/132 433/944/132 437/951/132 438/952/132
f 432/948/130 434/947/130 440/953/130 439/954/130
f 445/943/130 446/946/130 444/945/130 442/944/130
f 444/945/130 441/948/130 443/947/130 442/944/130
f 446/946/131 448/950/131 447/949/131 444/945/131
f 443/947/132 450/952/132 449/951/132 442/944/132
f 441/948/130 451/954/130 452/953/130 443/947/130
f 466/943/133 467/946/133 456/945/133 454/944/133
f 456/945/133 453/948/133 455/947/133 454/944/133
f 467/946/134 469/950/134 457/949/134 456/945/134
f 455/947/135 459/952/135 458/951/135 454/944/135
f 453/948/133 460/954/133 461/953/133 455/947/133
f 466/943/133 463/944/133 465/945/133 467/946/133
f 465/945/133 463/944/133 464/947/133 462/948/133
f 467/946/134 465/945/134 468/949/134 469/950/134
f 464/947/135 463/944/135 470/951/135 471/952/135
f 462/948/133 464/947/133 473/953/133 472/954/133
f 433/944/136 445/943/136 466/943/136 454/944/136
f 435/945/137 432/948/137 453/948/137 456/945/137
f 448/950/138 436/949/138 457/949/138 469/950/138
f 436/949/127 435/945/127 456/945/127 457/949/127
f 438/952/139 437/951/139 458/951/139 459/952/139
f 434/947/127 438/952/127 459/952/127 455/947/127
f 437/951/129 433/944/129 454/944/129 458/951/129
f 439/954/127 440/953/127 461/953/127 460/954/127
f 432/948/137 439/954/137 460/954/137 453/948/137
f 440/953/136 434/947/136 455/947/136 461/953/136
f 445/943/136 442/944/136 463/944/136 466/943/136
f 441/948/137 444/945/137 465/945/137 462/948/137
f 447/949/138 448/950/138 469/950/138 468/949/138
f 444/945/129 447/949/129 468/949/129 465/945/129
f 449/951/139 450/952/139 471/952/139 470/951/139
f 450/952/129 443/947/129 464/947/129 471/952/129
f 442/944/127 449/951/127 470/951/127 463/944/127
f 452/953/129 451/954/129 472/954/129 473/953/129
f 451/954/137 441/948/137 462/948/137 472/954/137
f 443/947/136 452/953/136 473/953/136 464/947/136
f 487/943/140 475/944/140 477/945/140 488/946/140
f 477/945/140 475/944/140 476/947/140 474/948/140
f 488/946/141 477/945/141 478/949/141 490/950/141
f 476/947/142 475/944/142 479/951/142 480/952/142
f 474/948/140 476/947/140 482/953/140 481/954/140
f 487/943/140 488/946/140 486/945/140 484/944/140
f 486/945/140 483/948/140 485/947/140 484/944/140
f 488/946/141 490/950/141 489/949/141 486/945/141
f 485/947/142 492/952/142 491/951/142 484/944/142
f 483/948/140 493/954/140 494/953/140 485/947/140
f 508/943/143 509/946/143 498/945/143 496/944/143
f 498/945/143 495/948/143 497/947/143 496/944/143
f 509/946/144 511/950/144 499/949/144 498/945/144
f 497/947/145 501/952/145 500/951/145 496/944/145
f 495/948/143 502/954/143 503/953/143 497/947/143
f 508/943/143 505/944/143 507/945/143 509/946/143
f 507/945/143 505/944/143 506/947/143 504/948/143
f 509/946/144 507/945/144 510/949/144 511/950/144
f 506/947/145 505/944/145 512/951/145 513/952/145
f 504/948/143 506/947/143 515/953/143 514/954/143
f 475/944/146 487/943/146 508/943/146 496/944/146
f 477/945/147 474/948/147 495/948/147 498/945/147
f 490/950/148 478/949/148 499/949/148 511/950/148
f 478/949/127 477/945/127 498/945/127 499/949/127
f 480/952/149 479/951/149 500/951/149 501/952/149
f 476/947/127 480/952/127 501/952/127 497/947/127
f 479/951/129 475/944/129 496/944/129 500/951/129
f 481/954/127 482/953/127 503/953/127 502/954/127
f 474/948/147 481/954/147 502/954/147 495/948/147
f 482/953/146 476/947/146 497/947/146 503/953/146
f 487/943/146 484/944/146 505/944/146 508/943/146
f 483/948/147 486/945/147 507/945/147 504/948/147
f 489/949/148 490/950/148 511/950/148 510/949/148
f 486/945/129 489/949/129 510/949/129 507/945/129
f 491/951/149 492/952/149 513/952/149 512/951/149
f 492/952/129 485/947/129 506/947/129 513/952/129
f 484/944/127 491/951/127 512/951/127 505/944/127
f 494/953/129 493/954/129 514/954/129 515/953/129
f 493/954/147 483/948/147 504/948/147 514/954/147
f 485/947/146 494/953/146 515/953/146 506/947/146
f 529/943/150 517/944/150 519/945/150 530/946/150
f 519/945/150 517/944/150 518/947/150 516/948/150
f 530/946/151 519/945/151 520/949/151 532/950/151
f 518/947/141 517/944/141 521/951/141 522/952/141
f 516/948/150 518/947/150 524/953/150 523/954/150
f 529/943/150 530/946/150 528/945/150 526/944/150
f 528/945/150 525/948/150 527/947/150 526/944/150
f 530/946/151 532/950/151 531/949/151 528/945/151
f 527/947/141 534/952/141 533/951/141 526/944/141
f 525/948/150 535/954/150 536/953/150 527/947/150
f 550/943/152 551/946/152 540/945/152 538/944/152
f 540/945/152 537/948/152 539/947/152 538/944/152
f 551/946/153 553/950/153 541/949/153 540/945/153
f 539/947/154 543/952/154 542/951/154 538/944/154
f 537/948/152 544/954/152 545/953/152 539/947/152
f 550/943/152 547/944/152 549/945/152 551/946/152
f 549/945/152 547/944/152 548/947/152 546/948/152
f 551/946/153 549/945/153 552/949/153 553/950/153
f 548/947/154 547/944/154 554/951/154 555/952/154
f 546/948/152 548/947/152 557/953/152 556/954/152
f 517/944/155 529/943/155 550/943/155 538/944/155
f 519/945/156 516/948/156 537/948/156 540/945/156
f 532/950/157 520/949/157 541/949/157 553/950/157
f 520/949/127 519/945/127 540/945/127 541/949/127
f 522/952/158 521/951/158 542/951/158 543/952/158
f 518/947/127 522/952/127 543/952/127 539/947/127
f 521/951/129 517/944/129 538/944/129 542/951/129
f 523/954/127 524/953/127 545/953/127 544/954/127
f 516/948/156 523/954/156 544/954/156 537/948/156
f 524/953/155 518/947/155 539/947/155 545/953/155
f 529/943/155 526/944/155 547/944/155 550/943/155
f 525/948/156 528/945/156 549/945/156 546/948/156
f 531/949/157 532/950/157 553/950/157 552/949/157
f 528/945/129 531/949/129 552/949/129 549/945/129
f 533/951/158 534/952/158 555/952/158 554/951/158
f 534/952/129 527/947/129 548/947/129 555/952/129
f 526/944/127 533/951/127 554/951/127 547/944/127
f 536/953/129 535/954/129 556/954/129 557/953/129
f 535/954/156 525/948/156 546/948/156 556/954/156
f 527/947/155 536/953/155 557/953/155 548/947/155
f 571/943/159 559/944/159 561/945/159 572/946/159
f 561/945/159 559/944/159 560/947/159 558/948/159
f 572/946/160 561/945/160 562/949/160 574/950/160
f 560/947/161 559/944/161 563/951/161 564/952/161
f 558/948/159 560/947/159 566/953/159 565/954/159
f 571/943/159 572/946/159 570/945/159 568/944/159
f 570/945/159 567/948/159 569/947/159 568/944/159
f 572/946/160 574/950/160 573/949/160 570/945/160
f 569/947/161 576/952/161 575/951/161 568/944/161
f 567/948/159 577/954/159 578/953/159 569/947/159
f 592/943/162 593/946/162 582/945/162 580/944/162
f 582/945/162 579/948/162 581/947/162 580/944/162
f 593/946/163 595/950/163 583/949/163 582/945/163
f 581/947/164 585/952/164 584/951/164 580/944/164
f 579/948/162 586/954/162 587/953/162 581/947/162
f 592/943/162 589/944/162 591/945/162 593/946/162
f 591/945/162 589/944/162 590/947/162 588/948/162
f 593/946/163 591/945/163 594/949/163 595/950/163
f 590/947/164 589/944/164 596/951/164 597/952/164
f 588/948/162 590/947/162 599/953/162 598/954/162
f 559/944/165 571/943/165 592/943/165 580/944/165
f 561/945/166 558/948/166 579/948/166 582/945/166
f 574/950/167 562/949/167 583/949/167 595/950/167
f 562/949/127 561/945/127 582/945/127 583/949/127
f 564/952/168 563/951/168 584/951/168 585/952/168
f 560/947/127 564/952/127 585/952/127 581/947/127
f 563/951/129 559/944/129 580/944/129 584/951/129
f 565/954/127 566/953/127 587/953/127 586/954/127
f 558/948/166 565/954/166 586/954/166 579/948/166
f 566/953/165 560/947/165 581/947/165 587/953/165
f 571/943/165 568/944/165 589/944/165 592/943/165
f 567/948/166 570/945/166 591/945/166 588/948/166
f 573/949/167 574/950/167 595/950/167 594/949/167
f 570/945/129 573/949/129 594/949/129 591/945/129
f 575/951/168 576/952/168 597/952/168 596/951/168
f 576/952/129 569/947/129 590/947/129 597/952/129
f 568/944/127 575/951/127 596/951/127 589/944/127
f 578/953/129 577/954/129 598/954/129 599/953/129
f 577/954/166 567/948/166 588/948/166 598/954/166
f 569/947/165 578/953/165 599/953/165 590/947/165
f 613/943/169 601/944/169 603/945/169 614/946/169
f 603/945/169 601/944/169 602/947/169 600/948/169
f 614/946/170 603/945/170 604/949/170 616/950/170
f 602/947/160 601/944/160 605/951/160 606/952/160
f 600/948/169 602/947/169 608/953/169 607/954/169
f 613/943/169 614/946/169 612/945/169 610/944/169
f 612/945/169 609/948/169 611/947/169 610/944/169
f 614/946/170 616/950/170 615/949/170 612/945/170
f 611/947/160 618/952/160 617/951/160 610/944/160
f 609/948/169 619/954/169 620/953/169 611/947/169
f 634/943/171 635/946/171 624/945/171 622/944/171
f 624/945/171 621/948/171 623/947/171 622/944/171
f 635/946/172 637/950/172 625/949/172 624/945/172
f 623/947/163 627/952/163 626/951/163 622/944/163
f 621/948/171 628/954/171 629/953/171 623/947/171
f 634/943/171 631/944/171 633/945/171 635/946/171
f 633/945/171 631/944/171 632/947/171 630/948/171
f 635/946/172 633/945/172 636/949/172 637/950/172
f 632/947/163 631/944/163 638/951/163 639/952/163
f 630/948/171 632/947/171 641/953/171 640/954/171
f 601/944/173 613/943/173 634/943/173 622/944/173
f 603/945/174 600/948/174 621/948/174 624/945/174
f 616/950/175 604/949/175 625/949/175 637/950/175
f 604/949/127 603/945/127 624/945/127 625/949/127
f 606/952/176 605/951/176 626/951/176 627/952/176
f 602/947/127 606/952/127 627/952/127 623/947/127
f 605/951/129 601/944/129 622/944/129 626/951/129
f 607/954/127 608/953/127 629/953/127 628/954/127
f 600/948/174 607/954/174 628/954/174 621/948/174
f 608/953/173 602/947/173 623/947/173 629/953/173
f 613/943/173 610/944/173 631/944/173 634/943/173
f 609/948/174 612/945/174 633/945/174 630/948/174
f 615/949/175 616/950/175 637/950/175 636/949/175
f 612/945/129 615/949/129 636/949/129 633/945/129
f 617/951/176 618/952/176 639/952/176 638/951/176
f 618/952/129 611/947/129 632/947/129 639/952/129
f 610/944/127 617/951/127 638/951/127 631/944/127
f 620/953/129 619/954/129 640/954/129 641/953/129
f 619/954/174 609/948/174 630/948/174 640/954/174
f 611/947/173 620/953/173 641/953/173 632/947/173
f 655/943/177 643/944/177 645/945/177 656/946/177
f 645/945/177 643/944/177 644/947/177 642/948/177
f 656/946/178 645/945/178 646/949/178 658/950/178
f 644/947/170 643/944/170 647/951/170 648/952/170
f 642/948/177 644/947/177 650/953/177 649/954/177
f 655/943/177 656/946/177 654/945/177 652/944/177
f 654/945/177 651/948/177 653/947/177 652/944/177
f 656/946/178 658/950/178 657/949/178 654/945/178
f 653/947/170 660/952/170 659/951/170 652/944/170
f 651/948/177 661/954/177 662/953/177 653/947/177
f 676/943/179 677/946/179 666/945/179 664/944/179
f 666/945/179 663/948/179 665/947/179 664/944/179
f 677/946/180 679/950/180 667/949/180 666/945/180
f 665/947/181 669/952/181 668/951/181 664/944/181
f 663/948/179 670/954/179 671/953/179 665/947/179
f 676/943/179 673/944/179 675/945/179 677/946/179
f 675/945/179 673/944/179 674/947/179 672/948/179
f 677/946/180 675/945/180 678/949/180 679/950/180
f 674/947/181 673/944/181 680/951/181 681/952/181
f 672/948/179 674/947/179 683/953/179 682/954/179
f 643/944/182 655/943/182 676/943/182 664/944/182
f 645/945/183 642/948/183 663/948/183 666/945/183
f 658/950/184 646/949/184 667/949/184 679/950/184
f 646/949/127 645/945/127 666/945/127 667/949/127
f 648/952/185 647/951/185 668/951/185 669/952/185
f 644/947/127 648/952/127 669/952/127 665/947/127
f 647/951/129 643/944/129 664/944/129 668/951/129
f 649/954/127 650/953/127 671/953/127 670/954/127
f 642/948/183 649/954/183 670/954/183 663/948/183
f 650/953/182 644/947/182 665/947/182 671/953/182
f 655/943/182 652/944/182 673/944/182 676/943/182
f 651/948/183 654/945/183 675/945/183 672/948/183
f 657/949/184 658/950/184 679/950/184 678/949/184
f 654/945/129 657/949/129 678/949/129 675/945/129
f 659/951/185 660/952/185 681/952/185 680/951/185
f 660/952/129 653/947/129 674/947/129 681/952/129
f 652/944/127 659/951/127 680/951/127 673/944/127
f 662/953/129 661/954/129 682/954/129 683/953/129
f 661/954/183 651/948/183 672/948/183 682/954/183
f 653/947/182 662/953/182 683/953/182 674/947/182
f 697/943/186 685/944/186 687/945/186 698/946/186
f 687/945/186 685/944/186 686/947/186 684/948/186
f 698/946/187 687/945/187 688/949/187 700/950/187
f 686/947/188 685/944/188 689/951/188 690/952/188
f 684/948/186 686/947/186 692/953/186 691/954/186
f 697/943/186 698/946/186 696/945/186 694/944/186
f 696/945/186 693/948/186 695/947/186 694/944/186
f 698/946/187 700/950/187 699/949/187 696/945/187
f 695/947/188 702/952/188 701/951/188 694/944/188
f 693/948/186 703/954/186 704/953/186 695/947/186
f 718/943/189 719/946/189 708/945/189 706/944/189
f 708/945/189 705/948/189 707/947/189 706/944/189
f 719/946/190 721/950/190 709/949/190 708/945/190
f 707/947/191 711/952/191 710/951/191 706/944/191
f 705/948/189 712/954/189 713/953/189 707/947/189
f 718/943/189 715/944/189 717/945/189 719/946/189
f 717/945/189 715/944/189 716/947/189 714/948/189
f 719/946/190 717/945/190 720/949/190 721/950/190
f 716/947/191 715/944/191 722/951/191 723/952/191
f 714/948/189 716/947/189 725/953/189 724/954/189
f 685/944/192 697/943/192 718/943/192 706/944/192
f 687/945/193 684/948/193 705/948/193 708/945/193
f 700/950/194 688/949/194 709/949/194 721/950/194
f 688/949/127 687/945/127 708/945/127 709/949/127
f 690/952/195 689/951/195 710/951/195 711/952/195
f 686/947/127 690/952/127 711/952/127 707/947/127
f 689/951/129 685/944/129 706/944/129 710/951/129
f 691/954/127 692/953/127 713/953/127 712/954/127
f 684/948/193 691/954/193 712/954/193 705/948/193
f 692/953/192 686/947/192 707/947/192 713/953/192
f 697/943/192 694/944/192 715/944/192 718/943/192
f 693/948/193 696/945/193 717/945/193 714/948/193
f 699/949/194 700/950/194 721/950/194 720/949/194
f 696/945/129 699/949/129 720/949/129 717/945/129
f 701/951/195 702/952/195 723/952/195 722/951/195
f 702/952/129 695/947/129 716/947/129 723/952/129
f 694/944/127 701/951/127 722/951/127 715/944/127
f 704/953/129 703/954/129 724/954/129 725/953/129
f 703/954/193 693/948/193 714/948/193 724/954/193
f 695/947/192 704/953/192 725/953/192 716/947/192
f 739/943/196 727/944/196 729/945/196 740/946/196
f 729/945/196 727/944/196 728/947/196 726/948/196
f 740/946/197 729/945/197 730/949/197 742/950/197
f 728/947/198 727/944/198 731/951/198 732/952/198
f 726/948/196 728/947/196 734/953/196 733/954/196
f 739/943/196 740/946/196 738/945/196 736/944/196
f 738/945/196 735/948/196 737/947/196 736/944/196
f 740/946/197 742/950/197 741/949/197 738/945/197
f 737/947/198 744/952/198 743/951/198 736/944/198
f 735/948/196 745/954/196 746/953/196 737/947/196
f 760/943/199 761/946/199 750/945/199 748/944/199
f 750/945/199 747/948/199 749/947/199 748/944/199
f 761/946/200 763/950/200 751/949/200 750/945/200
f 749/947/201 753/952/201 752/951/201 748/944/201
f 747/948/199 754/954/199 755/953/199 749/947/199
f 760/943/199 757/944/199 759/945/199 761/946/199
f 759/945/199 757/944/199 758/947/199 756/948/199
f 761/946/200 759/945/200 762/949/200 763/950/200
f 758/947/201 757/944/201 764/951/201 765/952/201
f 756/948/199 758/947/199 767/953/199 766/954/199
f 727/944/202 739/943/202 760/943/202 748/944/202
f 729/945/203 726/948/203 747/948/203 750/945/203
f 742/950/204 730/949/204 751/949/204 763/950/204
f 730/949/127 729/945/127 750/945/127 751/949/127
f 732/952/205 731/951/205 752/951/205 753/952/205
f 728/947/127 732/952/127 753/952/127 749/947/127
f 731/951/129 727/944/129 748/944/129 752/951/129
f 733/954/127 734/953/127 755/953/127 754/954/127
f 726/948/203 733/954/203 754/954/203 747/948/203
f 734/953/202 728/947/202 749/947/202 755/953/202
f 739/943/202 736/944/202 757/944/202 760/943/202
f 735/948/203 738/945/203 759/945/203 756/948/203
f 741/949/204 742/950/204 763/950/204 762/949/204
f 738/945/129 741/949/129 762/949/129 759/945/129
f 743/951/205 744/952/205 765/952/205 764/951/205
f 744/952/129 737/947/129 758/947/129 765/952/129
f 736/944/127 743/951/127 764/951/127 757/944/127
f 746/953/129 745/954/129 766/954/129 767/953/129
f 745/954/203 735/948/203 756/948/203 766/954/203
f 737/947/202 746/953/202 767/953/202 758/947/202
f 781/943/206 769/944/206 771/945/206 782/946/206
f 771/945/206 769/944/206 770/947/206 768/948/206
f 782/946/207 771/945/207 772/949/207 784/950/207
f 770/947/197 769/944/197 773/951/197 774/952/197
f 768/948/206 770/947/206 776/953/206 775/954/206
f 781/943/206 782/946/206 780/945/206 778/944/206
f 780/945/206 777/948/206 779/947/206 778/944/206
f 782/946/207 784/950/207 783/949/207 780/945/207
f 779/947/197 786/952/197 785/951/197 778/944/197
f 777/948/206 787/954/206 788/953/206 779/947/206
f 802/943/208 803/946/208 792/945/208 790/944/208
f 792/945/208 789/948/208 791/947/208 790/944/208
f 803/946/209 805/950/209 793/949/209 792/945/209
f 791/947/210 795/952/210 794/951/210 790/944/210
f 789/948/208 796/954/208 797/953/208 791/947/208
f 802/943/208 799/944/208 801/945/208 803/946/208
f 801/945/208 799/944/208 800/947/208 798/948/208
f 803/946/209 801/945/209 804/949/209 805/950/209
f 800/947/210 799/944/210 806/951/210 807/952/210
f 798/948/208 800/947/208 809/953/208 808/954/208
f 769/944/211 781/943/211 802/943/211 790/944/211
f 771/945/212 768/948/212 789/948/212 792/945/212
f 784/950/213 772/949/213 793/949/213 805/950/213
f 772/949/127 771/945/127 792/945/127 793/949/127
f 774/952/214 773/951/214 794/951/214 795/952/214
f 770/947/127 774/952/127 795/952/127 791/947/127
f 773/951/129 769/944/129 790/944/129 794/951/129
f 775/954/127 776/953/127 797/953/127 796/954/127
f 768/948/212 775/954/212 796/954/212 789/948/212
f 776/953/211 770/947/211 791/947/211 797/953/211
f 781/943/211 778/944/211 799/944/211 802/943/211
f 777/948/212 780/945/212 801/945/212 798/948/212
f 783/949/213 784/950/213 805/950/213 804/949/213
f 780/945/129 783/949/129 804/949/129 801/945/129
f 785/951/214 786/952/214 807/952/214 806/951/214
f 786/952/129 779/947/129 800/947/129 807/952/129
f 778/944/127 785/951/127 806/951/127 799/944/127
f 788/953/129 787/954/129 808/954/129 809/953/129
f 787/954/212 777/948/212 798/948/212 808/954/212
f 779/947/211 788/953/211 809/953/211 800/947/211
f 823/943/215 811/944/215 813/945/215 824/946/215
f 813/945/215 811/944/215 812/947/215 810/948/215
f 824/946/216 813/945/216 814/949/216 826/950/216
f 812/947/217 811/944/217 815/951/217 816/952/217
f 810/948/215 812/947/215 818/953/215 817/954/215
f 823/943/215 824/946/215 822/945/215 820/944/215
f 822/945/215 819/948/215 821/947/215 820/944/215
f 824/946/216 826/950/216 825/949/216 822/945/216
f 821/947/217 828/952/217 827/951/217 820/944/217
f 819/948/215 829/954/215 830/953/215 821/947/215
f 844/943/218 845/946/218 834/945/218 832/944/218
f 834/945/218 831/948/218 833/947/218 832/944/218
f 845/946/219 847/950/219 835/949/219 834/945/219
f 833/947/220 837/952/220 836/951/220 832/944/220
f 831/948/218 838/954/218 839/953/218 833/947/218
f 844/943/218 841/944/218 843/945/218 845/946/218
f 843/945/218 841/944/218 842/947/218 840/948/218
f 845/946/219 843/945/219 846/949/219 847/950/219
f 842/947/220 841/944/220 848/951/220 849/952/220
f 840/948/218 842/947/218 851/953/218 850/954/218
f 811/944/221 823/943/221 844/943/221 832/944/221
f 813/945/222 810/948/222 831/948/222 834/945/222
f 826/950/223 814/949/223 835/949/223 847/950/223
f 814/949/127 813/945/127 834/945/127 835/949/127
f 816/952/224 815/951/224 836/951/224 837/952/224
f 812/947/127 816/952/127 837/952/127 833/947/127
f 815/951/129 811/944/129 832/944/129 836/951/129
f 817/954/127 818/953/127 839/953/127 838/954/127
f 810/948/222 817/954/222 838/954/222 831/948/222
f 818/953/221 812/947/221 833/947/221 839/953/221
f 823/943/221 820/944/221 841/944/221 844/943/221
f 819/948/222 822/945/222 843/945/222 840/948/222
f 825/949/223 826/950/223 847/950/223 846/949/223
f 822/945/129 825/949/129 846/949/129 843/945/129
f 827/951/224 828/952/224 849/952/224 848/951/224
f 828/952/129 821/947/129 842/947/129 849/952/129
f 820/944/127 827/951/127 848/951/127 841/944/127
f 830/953/129 829/954/129 850/954/129 851/953/129
f 829/954/222 819/948/222 840/948/222 850/954/222
f 821/947/221 830/953/221 851/953/221 842/947/221
f 865/943/225 853/944/225 855/945/225 866/946/225
f 855/945/225 853/944/225 854/947/225 852/948/225
f 866/946/226 855/945/226 856/949/226 868/950/226
f 854/947/227 853/944/227 857/951/227 858/952/227
f 852/948/225 854/947/225 860/953/225 859/954/225
f 865/943/225 866/946/225 864/945/225 862/944/225
f 864/945/225 861/948/225 863/947/225 862/944/225
f 866/946/226 868/950/226 867/949/226 864/945/226
f 863/947/227 870/952/227 869/951/227 862/944/227
f 861/948/225 871/954/225 872/953/225 863/947/225
f 886/943/228 887/946/228 876/945/228 874/944/228
f 876/945/228 873/948/228 875/947/228 874/944/228
f 887/946/229 889/950/229 877/949/229 876/945/229
f 875/947/230 879/952/230 878/951/230 874/944/230
f 873/948/228 880/954/228 881/953/228 875/947/228
f 886/943/228 883/944/228 885/945/228 887/946/228
f 885/945/228 883/944/228 884/947/228 882/948/228
f 887/946/229 885/945/229 888/949/229 889/950/229
f 884/947/230 883/944/230 890/951/230 891/952/230
f 882/948/228 884/947/228 893/953/228 892/954/228
f 853/944/231 865/943/231 886/943/231 874/944/231
f 855/945/232 852/948/232 873/948/232 876/945/232
f 868/950/233 856/949/233 877/949/233 889/950/233
f 856/949/127 855/945/127 876/945/127 877/949/127
f 858/952/234 857/951/234 878/951/234 879/952/234
f 854/947/127 858/952/127 879/952/127 875/947/127
f 857/951/129 853/944/129 874/944/129 878/951/129
f 859/954/127 860/953/127 881/953/127 880/954/127
f 852/948/232 859/954/232 880/954/232 873/948/232
f 860/953/231 854/947/231 875/947/231 881/953/231
f 865/943/231 862/944/231 883/944/231 886/943/231
f 861/948/232 864/945/232 885/945/232 882/948/232
f 867/949/233 868/950/233 889/950/233 888/949/233
f 864/945/129 867/949/129 888/949/129 885/945/129
f 869/951/234 870/952/234 891/952/234 890/951/234
f 870/952/129 863/947/129 884/947/129 891/952/129
f 862/944/127 869/951/127 890/951/127 883/944/127
f 872/953/129 871/954/129 892/954/129 893/953/129
f 871/954/232 861/948/232 882/948/232 892/954/232
f 863/947/231 872/953/231 893/953/231 884/947/231
f 907/943/235 895/944/235 897/945/235 908/946/235
f 897/945/235 895/944/235 896/947/235 894/948/235
f 908/946/236 897/945/236 898/949/236 910/950/236
f 896/947/237 895/944/237 899/951/237 900/952/237
f 894/948/235 896/947/235 902/953/235 901/954/235
f 907/943/235 908/946/235 906/945/235 904/944/235
f 906/945/235 903/948/235 905/947/235 904/944/235
f 908/946/236 910/950/236 909/949/236 906/945/236
f 905/947/237 912/952/237 911/951/237 904/944/237
f 903/948/235 913/954/235 914/953/235 905/947/235
f 928/943/238 929/946/238 918/945/238 916/944/238
f 918/945/238 915/948/238 917/947/238 916/944/238
f 929/946/239 931/950/239 919/949/239 918/945/239
f 917/947/240 921/952/240 920/951/240 916/944/240
f 915/948/238 922/954/238 923/953/238 917/947/238
f 928/943/238 925/944/238 927/945/238 929/946/238
f 927/945/238 925/944/238 926/947/238 924/948/238
f 929/946/239 927/945/239 930/949/239 931/950/239
f 926/947/240 925/944/240 932/951/240 933/952/240
f 924/948/238 926/947/238 935/953/238 934/954/238
f 895/944/241 907/943/241 928/943/241 916/944/241
f 897/945/242 894/948/242 915/948/242 918/945/242
f 910/950/243 898/949/243 919/949/243 931/950/243
f 898/949/127 897/945/127 918/945/127 919/949/127
f 900/952/244 899/951/244 920/951/244 921/952/244
f 896/947/127 900/952/127 921/952/127 917/947/127
f 899/951/129 895/944/129 916/944/129 920/951/129
f 901/954/127 902/953/127 923/953/127 922/954/127
f 894/948/242 901/954/242 922/954/242 915/948/242
f 902/953/241 896/947/241 917/947/241 923/953/241
f 907/943/241 904/944/241 925/944/241 928/943/241
f 903/948/242 906/945/242 927/945/242 924/948/242
f 909/949/243 910/950/243 931/950/243 930/949/243
f 906/945/129 909/949/129 930/949/129 927/945/129
f 911/951/244 912/952/244 933/952/244 932/951/244
f 912/952/129 905/947/129 926/947/129 933/952/129
f 904/944/127 911/951/127 932/951/127 925/944/127
f 914/953/129 913/954/129 934/954/129 935/953/129
f 913/954/242 903/948/242 924/948/242 934/954/242
f 905/947/241 914/953/241 935/953/241 926/947/241
f 949/943/245 937/944/245 939/945/245 950/946/245
f 939/945/245 937/944/245 938/947/245 936/948/245
f 950/946/246 939/945/246 940/949/246 952/950/246
f 938/947/247 937/944/247 941/951/247 942/952/247
f 936/948/245 938/947/245 944/953/245 943/954/245
f 949/943/245 950/946/245 948/945/245 946/944/245
f 948/945/245 945/948/245 947/947/245 946/944/245
f 950/946/246 952/950/246 951/949/246 948/945/246
f 947/947/247 954/952/247 953/951/247 946/944/247
f 945/948/245 955/954/245 956/953/245 947/947/245
f 970/943/248 971/946/248 960/945/248 958/944/248
f 960/945/248 957/948/248 959/947/248 958/944/248
f 971/946/249 973/950/249 961/949/249 960/945/249
f 959/947/250 963/952/250 962/951/250 958/944/250
f 957/948/248 964/954/248 965/953/248 959/947/248
f 970/943/248 967/944/248 969/945/248 971/946/248
f 969/945/248 967/944/248 968/947/248 966/948/248
f 971/946/249 969/945/249 972/949/249 973/950/249
f 968/947/250 967/944/250 974/951/250 975/952/250
f 966/948/248 968/947/248 977/953/248 976/954/248
f 937/944/251 949/943/251 970/943/251 958/944/251
f 939/945/252 936/948/252 957/948/252 960/945/252
f 952/950/253 940/949/253 961/949/253 973/950/253
f 940/949/127 939/945/127 960/945/127 961/949/127
f 942/952/254 941/951/254 962/951/254 963/952/254
f 938/947/127 942/952/127 963/952/127 959/947/127
f 941/951/129 937/944/129 958/944/129 962/951/129
f 943/954/127 944/953/127 965/953/127 964/954/127
f 936/948/252 943/954/252 964/954/252 957/948/252
f 944/953/251 938/947/251 959/947/251 965/953/251
f 949/943/251 946/944/251 967/944/251 970/943/251
f 945/948/252 948/945/252 969/945/252 966/948/252
f 951/949/253 952/950/253 973/950/253 972/949/253
f 948/945/129 951/949/129 972/949/129 969/945/129
f 953/951/254 954/952/254 975/952/254 974/951/254
f 954/952/129 947/947/129 968/947/129 975/952/129
f 946/944/127 953/951/127 974/951/127 967/944/127
f 956/953/129 955/954/129 976/954/129 977/953/129
f 955/954/252 945/948/252 966/948/252 976/954/252
f 947/947/251 956/953/251 977/953/251 968/947/251
f 991/943/255 979/944/255 981/945/255 992/946/255
f 981/945/255 979/944/255 980/947/255 978/948/255
f 992/946/256 981/945/256 982/949/256 994/950/256
f 980/947/257 979/944/257 983/951/257 984/952/257
f 978/948/255 980/947/255 986/953/255 985/954/255
f 991/943/255 992/946/255 990/945/255 988/944/255
f 990/945/255 987/948/255 989/947/255 988/944/255
f 992/946/256 994/950/256 993/949/256 990/945/256
f 989/947/257 996/952/257 995/951/257 988/944/257
f 987/948/255 997/954/255 998/953/255 989/947/255
f 1012/943/258 1013/946/258 1002/945/258 1000/944/258
f 1002/945/258 999/948/258 1001/947/258 1000/944/258
f 1013/946/259 1015/950/259 1003/949/259 1002/945/259
f 1001/947/260 1005/952/260 1004/951/260 1000/944/260
f 999/948/258 1006/954/258 1007/953/258 1001/947/258
f 1012/943/258 1009/944/258 1011/945/258 1013/946/258
f 1011/945/258 1009/944/258 1010/947/258 1008/948/258
f 1013/946/259 1011/945/259 1014/949/259 1015/950/259
f 1010/947/260 1009/944/260 1016/951/260 1017/952/260
f 1008/948/258 1010/947/258 1019/953/258 1018/954/258
f 979/944/261 991/943/261 1012/943/261 1000/944/261
f 981/945/262 978/948/262 999/948/262 1002/945/262
f 994/950/263 982/949/263 1003/949/263 1015/950/263
f 982/949/127 981/945/127 1002/945/127 1003/949/127
f 984/952/264 983/951/264 1004/951/264 1005/952/264
f 980/947/127 984/952/127 1005/952/127 1001/947/127
f 983/951/129 979/944/129 1000/944/129 1004/951/129
f 985/954/127 986/953/127 1007/953/127 1006/954/127
f 978/948/262 985/954/262 1006/954/262 999/948/262
f 986/953/261 980/947/261 1001/947/261 1007/953/261
f 991/943/261 988/944/261 1009/944/261 1012/943/261
f 987/948/262 990/945/262 1011/945/262 1008/948/262
f 993/949/263 994/950/263 1015/950/263 1014/949/263
f 990/945/129 993/949/129 1014/949/129 1011/945/129
f 995/951/264 996/952/264 1017/952/264 1016/951/264
f 996/952/129 989/947/129 1010/947/129 1017/952/129
f 988/944/127 995/951/127 1016/951/127 1009/944/127
f 998/953/129 997/954/129 1018/954/129 1019/953/129
f 997/954/262 987/948/262 1008/948/262 1018/954/262
f 989/947/261 998/953/261 1019/953/261 1010/947/261
f 1033/943/265 1021/944/265 1023/945/265 1034/946/265
f 1023/945/265 1021/944/265 1022/947/265 1020/948/265
f 1034/946/266 1023/945/266 1024/949/266 1036/950/266
f 1022/947/256 1021/944/256 1025/951/256 1026/952/256
f 1020/948/265 1022/947/265 1028/953/265 1027/954/265
f 1033/943/265 1034/946/265 1032/945/265 1030/944/265
f 1032/945/265 1029/948/265 1031/947/265 1030/944/265
f 1034/946/266 1036/950/266 1035/949/266 1032/945/266
f 1031/947/256 1038/952/256 1037/951/256 1030/944/256
f 1029/948/265 1039/954/265 1040/953/265 1031/947/265
f 1054/943/267 1055/946/267 1044/945/267 1042/944/267
f 1044/945/267 1041/948/267 1043/947/267 1042/944/267
f 1055/946/268 1057/950/268 1045/949/268 1044/945/268
f 1043/947/269 1047/952/269 1046/951/269 1042/944/269
f 1041/948/267 1048/954/267 1049/953/267 1043/947/267
f 1054/943/267 1051/944/267 1053/945/267 1055/946/267
f 1053/945/267 1051/944/267 1052/947/267 1050/948/267
f 1055/946/268 1053/945/268 1056/949/268 1057/950/268
f 1052/947/269 1051/944/269 1058/951/269 1059/952/269
f 1050/948/267 1052/947/267 1061/953/267 1060/954/267
f 1021/944/270 1033/943/270 1054/943/270 1042/944/270
f 1023/945/271 1020/948/271 1041/948/271 1044/945/271
f 1036/950/272 1024/949/272 1045/949/272 1057/950/272
f 1024/949/127 1023/945/127 1044/945/127 1045/949/127
f 1026/952/273 1025/951/273 1046/951/273 1047/952/273
f 1022/947/127 1026/952/127 1047/952/127 1043/947/127
f 1025/951/129 1021/944/129 1042/944/129 1046/951/129
f 1027/954/127 1028/953/127 1049/953/127 1048/954/127
f 1020/948/271 1027/954/271 1048/954/271 1041/948/271
f 1028/953/270 1022/947/270 1043/947/270 1049/953/270
f 1033/943/270 1030/944/270 1051/944/270 1054/943/270
f 1029/948/271 1032/945/271 1053/945/271 1050/948/271
f 1035/949/272 1036/950/272 1057/950/272 1056/949/272
f 1032/945/129 1035/949/129 1056/949/129 1053/945/129
f 1037/951/273 1038/952/273 1059/952/273 1058/951/273
f 1038/952/129 1031/947/129 1052/947/129 1059/952/129
f 1030/944/127 1037/951/127 1058/951/127 1051/944/127
f 1040/953/129 1039/954/129 1060/954/129 1061/953/129
f 1039/954/271 1029/948/271 1050/948/271 1060/954/271
f 1031/947/270 1040/953/270 1061/953/270 1052/947/270
f 1075/943/274 1063/944/274 1065/945/274 1076/946/274
f 1065/945/274 1063/944/274 1064/947/274 1062/948/274
f 1076/946/120 1065/945/120 1066/949/120 1078/950/120
f 1064/947/266 1063/944/266 1067/951/266 1068/952/266
f 1062/948/274 1064/947/274 1070/953/274 1069/954/274
f 1075/943/274 1076/946/274 1074/945/274 1072/944/274
f 1074/945/274 1071/948/274 1073/947/274 1072/944/274
f 1076/946/120 1078/950/120 1077/949/120 1074/945/120
f 1073/947/266 1080/952/266 1079/951/266 1072/944/266
f 1071/948/274 1081/954/274 1082/953/274 1073/947/274
f 1096/943/275 1097/946/275 1086/945/275 1084/944/275
f 1086/945/275 1083/948/275 1085/947/275 1084/944/275
f 1097/946/276 1099/950/276 1087/949/276 1086/945/276
f 1085/947/277 1089/952/277 1088/951/277 1084/944/277
f 1083/948/275 1090/954/275 1091/953/275 1085/947/275
f 1096/943/275 1093/944/275 1095/945/275 1097/946/275
f 1095/945/275 1093/944/275 1094/947/275 1092/948/275
f 1097/946/276 1095/945/276 1098/949/276 1099/950/276
f 1094/947/277 1093/944/277 1100/951/277 1101/952/277
f 1092/948/275 1094/947/275 1103/953/275 1102/954/275
f 1063/944/278 1075/943/278 1096/943/278 1084/944/278
f 1065/945/279 1062/948/279 1083/948/279 1086/945/279
f 1078/950/280 1066/949/280 1087/949/280 1099/950/280
f 1066/949/127 1065/945/127 1086/945/127 1087/949/127
f 1068/952/281 1067/951/281 1088/951/281 1089/952/281
f 1064/947/127 1068/952/127 1089/952/127 1085/947/127
f 1067/951/129 1063/944/129 1084/944/129 1088/951/129
f 1069/954/127 1070/953/127 1091/953/127 1090/954/127
f 1062/948/279 1069/954/279 1090/954/279 1083/948/279
f 1070/953/278 1064/947/278 1085/947/278 1091/953/278
f 1075/943/278 1072/944/278 1093/944/278 1096/943/278
f 1071/948/279 1074/945/279 1095/945/279 1092/948/279
f 1077/949/280 1078/950/280 1099/950/280 1098/949/280
f 1074/945/129 1077/949/129 1098/949/129 1095/945/129
f 1079/951/281 1080/952/281 1101/952/281 1100/951/281
f 1080/952/129 1073/947/129 1094/947/129 1101/952/129
f 1072/944/127 1079/951/127 1100/951/127 1093/944/127
f 1082/953/129 1081/954/129 1102/954/129 1103/953/129
f 1081/954/279 1071/948/279 1092/948/279 1102/954/279
f 1073/947/278 1082/953/278 1103/953/278 1094/947/278
f 1117/943/282 1105/944/282 1107/945/282 1118/946/282
f 1107/945/282 1105/944/282 1106/947/282 1104/948/282
f 1118/946/283 1107/945/283 1108/949/283 1120/950/283
f 1106/947/120 1105/944/120 1109/951/120 1110/952/120
f 1104/948/282 1106/947/282 1112/953/282 1111/954/282
f 1117/943/282 1118/946/282 1116/945/282 1114/944/282
f 1116/945/282 1113/948/282 1115/947/282 1114/944/282
f 1118/946/283 1120/950/283 1119/949/283 1116/945/283
f 1115/947/120 1122/952/120 1121/951/120 1114/944/120
f 1113/948/282 1123/954/282 1124/953/282 1115/947/282
f 1138/943/284 1139/946/284 1128/945/284 1126/944/284
f 1128/945/284 1125/948/284 1127/947/284 1126/944/284
f 1139/946/285 1141/950/285 1129/949/285 1128/945/285
f 1127/947/286 1131/952/286 1130/951/286 1126/944/286
f 1125/948/284 1132/954/284 1133/953/284 1127/947/284
f 1138/943/284 1135/944/284 1137/945/284 1139/946/284
f 1137/945/284 1135/944/284 1136/947/284 1134/948/284
f 1139/946/285 1137/945/285 1140/949/285 1141/950/285
f 1136/947/286 1135/944/286 1142/951/286 1143/952/286
f 1134/948/284 1136/947/284 1145/953/284 1144/954/284
f 1105/944/287 1117/943/287 1138/943/287 1126/944/287
f 1107/945/288 1104/948/288 1125/948/288 1128/945/288
f 1120/950/289 1108/949/289 1129/949/289 1141/950/289
f 1108/949/127 1107/945/127 1128/945/127 1129/949/127
f 1110/952/290 1109/951/290 1130/951/290 1131/952/290
f 1106/947/127 1110/952/127 1131/952/127 1127/947/127
f 1109/951/129 1105/944/129 1126/944/129 1130/951/129
f 1111/954/127 1112/953/127 1133/953/127 1132/954/127
f 1104/948/288 1111/954/288 1132/954/288 1125/948/288
f 1112/953/287 1106/947/287 1127/947/287 1133/953/287
f 1117/943/287 1114/944/287 1135/944/287 1138/943/287
f 1113/948/288 1116/945/288 1137/945/288 1134/948/288
f 1119/949/289 1120/950/289 1141/950/289 1140/949/289
f 1116/945/129 1119/949/129 1140/949/129 1137/945/129
f 1121/951/290 1122/952/290 1143/952/290 1142/951/290
f 1122/952/129 1115/947/129 1136/947/129 1143/952/129
f 1114/944/127 1121/951/127 1142/951/127 1135/944/127
f 1124/953/129 1123/954/129 1144/954/129 1145/953/129
f 1123/954/288 1113/948/288 1134/948/288 1144/954/288
f 1115/947/287 1124/953/287 1145/953/287 1136/947/287
f 1159/943/118 1160/946/118 1149/945/118 1147/944/118
f 1149/945/118 1146/948/118 1148/947/118 1147/944/118
f 1160/946/119 1162/950/119 1150/949/119 1149/945/119
f 1148/947/120 1152/952/120 1151/951/120 1147/944/120
f 1146/948/118 1153/954/118 1154/953/118 1148/947/118
f 1159/943/118 1156/944/118 1158/945/118 1160/946/118
f 1158/945/118 1156/944/118 1157/947/118 1155/948/118
f 1160/946/119 1158/945/119 1161/949/119 1162/950/119
f 1157/947/120 1156/944/120 1163/951/120 1164/952/120
f 1155/948/118 1157/947/118 1166/953/118 1165/954/118
f 1180/943/291 1168/944/291 1170/945/291 1181/946/291
f 1170/945/121 1168/944/121 1169/947/121 1167/948/121
f 1181/946/122 1170/945/122 1171/949/122 1183/950/122
f 1169/947/123 1168/944/123 1172/951/123 1173/952/123
f 1167/948/121 1169/947/121 1175/953/121 1174/954/121
f 1180/943/121 1181/946/121 1179/945/121 1177/944/121
f 1179/945/121 1176/948/121 1178/947/121 1177/944/121
f 1181/946/122 1183/950/122 1182/949/122 1179/945/122
f 1178/947/123 1185/952/123 1184/951/123 1177/944/123
f 1176/948/121 1186/954/121 1187/953/121 1178/947/121
f 1147/944/124 1168/944/124 1180/943/124 1159/943/124
f 1149/945/125 1170/945/125 1167/948/125 1146/948/125
f 1162/950/126 1183/950/126 1171/949/126 1150/949/126
f 1150/949/129 1171/949/129 1170/945/129 1149/945/129
f 1152/952/128 1173/952/128 1172/951/128 1151/951/128
f 1148/947/129 1169/947/129 1173/952/129 1152/952/129
f 1151/951/127 1172/951/127 1168/944/127 1147/944/127
f 1153/954/129 1174/954/129 1175/953/129 1154/953/129
f 1146/948/125 1167/948/125 1174/954/125 1153/954/125
f 1154/953/124 1175/953/124 1169/947/124 1148/947/124
f 1159/943/124 1180/943/124 1177/944/124 1156/944/124
f 1155/948/125 1176/948/125 1179/945/125 1158/945/125
f 1161/949/126 1182/949/126 1183/950/126 1162/950/126
f 1158/945/127 1179/945/127 1182/949/127 1161/949/127
f 1163/951/128 1184/951/128 1185/952/128 1164/952/128
f 1164/952/127 1185/952/127 1178/947/127 1157/947/127
f 1156/944/129 1177/944/129 1184/951/129 1163/951/129
f 1166/953/127 1187/953/127 1186/954/127 1165/954/127
f 1165/954/125 1186/954/125 1176/948/125 1155/948/125
f 1157/947/124 1178/947/124 1187/953/124 1166/953/124
f 1201/943/130 1202/946/130 1191/945/130 1189/944/130
f 1191/945/130 1188/948/130 1190/947/130 1189/944/130
f 1202/946/131 1204/950/131 1192/949/131 1191/945/131
f 1190/947/132 1194/952/132 1193/951/132 1189/944/132
f 1188/948/130 1195/954/130 1196/953/130 1190/947/130
f 1201/943/130 1198/944/130 1200/945/130 1202/946/130
f 1200/945/130 1198/944/130 1199/947/130 1197/948/130
f 1202/946/131 1200/945/131 1203/949/131 1204/950/131
f 1199/947/132 1198/944/132 1205/951/132 1206/952/132
f 1197/948/130 1199/947/130 1208/953/130 1207/954/130
f 1222/943/133 1210/944/133 1212/945/133 1223/946/133
f 1212/945/133 1210/944/133 1211/947/133 1209/948/133
f 1223/946/134 1212/945/134 1213/949/134 1225/950/134
f 1211/947/135 1210/944/135 1214/951/135 1215/952/135
f 1209/948/133 1211/947/133 1217/953/133 1216/954/133
f 1222/943/133 1223/946/133 1221/945/133 1219/944/133
f 1221/945/133 1218/948/133 1220/947/133 1219/944/133
f 1223/946/134 1225/950/134 1224/949/134 1221/945/134
f 1220/947/135 1227/952/135 1226/951/135 1219/944/135
f 1218/948/133 1228/954/133 1229/953/133 1220/947/133
f 1189/944/136 1210/944/136 1222/943/136 1201/943/136
f 1191/945/137 1212/945/137 1209/948/137 1188/948/137
f 1204/950/138 1225/950/138 1213/949/138 1192/949/138
f 1192/949/129 1213/949/129 1212/945/129 1191/945/129
f 1194/952/139 1215/952/139 1214/951/139 1193/951/139
f 1190/947/129 1211/947/129 1215/952/129 1194/952/129
f 1193/951/127 1214/951/127 1210/944/127 1189/944/127
f 1195/954/129 1216/954/129 1217/953/129 1196/953/129
f 1188/948/137 1209/948/137 1216/954/137 1195/954/137
f 1196/953/136 1217/953/136 1211/947/136 1190/947/136
f 1201/943/136 1222/943/136 1219/944/136 1198/944/136
f 1197/948/137 1218/948/137 1221/945/137 1200/945/137
f 1203/949/138 1224/949/138 1225/950/138 1204/950/138
f 1200/945/127 1221/945/127 1224/949/127 1203/949/127
f 1205/951/139 1226/951/139 1227/952/139 1206/952/139
f 1206/952/127 1227/952/127 1220/947/127 1199/947/127
f 1198/944/129 1219/944/129 1226/951/129 1205/951/129
f 1208/953/127 1229/953/127 1228/954/127 1207/954/127
f 1207/954/137 1228/954/137 1218/948/137 1197/948/137
f 1199/947/136 1220/947/136 1229/953/136 1208/953/136
f 1243/943/140 1244/946/140 1233/945/140 1231/944/140
f 1233/945/140 1230/948/140 1232/947/140 1231/944/140
f 1244/946/141 1246/950/141 1234/949/141 1233/945/141
f 1232/947/142 1236/952/142 1235/951/142 1231/944/142
f 1230/948/140 1237/954/140 1238/953/140 1232/947/140
f 1243/943/140 1240/944/140 1242/945/140 1244/946/140
f 1242/945/140 1240/944/140 1241/947/140 1239/948/140
f 1244/946/141 1242/945/141 1245/949/141 1246/950/141
f 1241/947/142 1240/944/142 1247/951/142 1248/952/142
f 1239/948/140 1241/947/140 1250/953/140 1249/954/140
f 1264/943/143 1252/944/143 1254/945/143 1265/946/143
f 1254/945/143 1252/944/143 1253/947/143 1251/948/143
f 1265/946/144 1254/945/144 1255/949/144 1267/950/144
f 1253/947/145 1252/944/145 1256/951/145 1257/952/145
f 1251/948/143 1253/947/143 1259/953/143 1258/954/143
f 1264/943/143 1265/946/143 1263/945/143 1261/944/143
f 1263/945/143 1260/948/143 1262/947/143 1261/944/143
f 1265/946/144 1267/950/144 1266/949/144 1263/945/144
f 1262/947/145 1269/952/145 1268/951/145 1261/944/145
f 1260/948/143 1270/954/143 1271/953/143 1262/947/143
f 1231/944/146 1252/944/146 1264/943/146 1243/943/146
f 1233/945/147 1254/945/147 1251/948/147 1230/948/147
f 1246/950/148 1267/950/148 1255/949/148 1234/949/148
f 1234/949/129 1255/949/129 1254/945/129 1233/945/129
f 1236/952/149 1257/952/149 1256/951/149 1235/951/149
f 1232/947/129 1253/947/129 1257/952/129 1236/952/129
f 1235/951/127 1256/951/127 1252/944/127 1231/944/127
f 1237/954/129 1258/954/129 1259/953/129 1238/953/129
f 1230/948/147 1251/948/147 1258/954/147 1237/954/147
f 1238/953/146 1259/953/146 1253/947/146 1232/947/146
f 1243/943/146 1264/943/146 1261/944/146 1240/944/146
f 1239/948/147 1260/948/147 1263/945/147 1242/945/147
f 1245/949/148 1266/949/148 1267/950/148 1246/950/148
f 1242/945/127 1263/945/127 1266/949/127 1245/949/127
f 1247/951/149 1268/951/149 1269/952/149 1248/952/149
f 1248/952/127 1269/952/127 1262/947/127 1241/947/127
f 1240/944/129 1261/944/129 1268/951/129 1247/951/129
f 1250/953/127 1271/953/127 1270/954/127 1249/954/127
f 1249/954/147 1270/954/147 1260/948/147 1239/948/147
f 1241/947/146 1262/947/146 1271/953/146 1250/953/146
f 1285/943/150 1286/946/150 1275/945/150 1273/944/150
f 1275/945/150 1272/948/150 1274/947/150 1273/944/150
f 1286/946/151 1288/950/151 1276/949/151 1275/945/151
f 1274/947/141 1278/952/141 1277/951/141 1273/944/141
f 1272/948/150 1279/954/150 1280/953/150 1274/947/150
f 1285/943/150 1282/944/150 1284/945/150 1286/946/150
f 1284/945/150 1282/944/150 1283/947/150 1281/948/150
f 1286/946/151 1284/945/151 1287/949/151 1288/950/151
f 1283/947/141 1282/944/141 1289/951/141 1290/952/141
f 1281/948/150 1283/947/150 1292/953/150 1291/954/150
f 1306/943/152 1294/944/152 1296/945/152 1307/946/152
f 1296/945/152 1294/944/152 1295/947/152 1293/948/152
f 1307/946/153 1296/945/153 1297/949/153 1309/950/153
f 1295/947/154 1294/944/154 1298/951/154 1299/952/154
f 1293/948/152 1295/947/152 1301/953/152 1300/954/152
f 1306/943/152 1307/946/152 1305/945/152 1303/944/152
f 1305/945/152 1302/948/152 1304/947/152 1303/944/152
f 1307/946/153 1309/950/153 1308/949/153 1305/945/153
f 1304/947/154 1311/952/154 1310/951/154 1303/944/154
f 1302/948/152 1312/954/152 1313/953/152 1304/947/152
f 1273/944/155 1294/944/155 1306/943/155 1285/943/155
f 1275/945/156 1296/945/156 1293/948/156 1272/948/156
f 1288/950/157 1309/950/157 1297/949/157 1276/949/157
f 1276/949/129 1297/949/129 1296/945/129 1275/945/129
f 1278/952/158 1299/952/158 1298/951/158 1277/951/158
f 1274/947/129 1295/947/129 1299/952/129 1278/952/129
f 1277/951/127 1298/951/127 1294/944/127 1273/944/127
f 1279/954/129 1300/954/129 1301/953/129 1280/953/129
f 1272/948/156 1293/948/156 1300/954/156 1279/954/156
f 1280/953/155 1301/953/155 1295/947/155 1274/947/155
f 1285/943/155 1306/943/155 1303/944/155 1282/944/155
f 1281/948/156 1302/948/156 1305/945/156 1284/945/156
f 1287/949/157 1308/949/157 1309/950/157 1288/950/157
f 1284/945/127 1305/945/127 1308/949/127 1287/949/127
f 1289/951/158 1310/951/158 1311/952/158 1290/952/158
f 1290/952/127 1311/952/127 1304/947/127 1283/947/127
f 1282/944/129 1303/944/129 1310/951/129 1289/951/129
f 1292/953/127 1313/953/127 1312/954/127 1291/954/127
f 1291/954/156 1312/954/156 1302/948/156 1281/948/156
f 1283/947/155 1304/947/155 1313/953/155 1292/953/155
f 1327/943/159 1328/946/159 1317/945/159 1315/944/159
f 1317/945/159 1314/948/159 1316/947/159 1315/944/159
f 1328/946/160 1330/950/160 1318/949/160 1317/945/160
f 1316/947/161 1320/952/161 1319/951/161 1315/944/161
f 1314/948/159 1321/954/159 1322/953/159 1316/947/159
f 1327/943/159 1324/944/159 1326/945/159 1328/946/159
f 1326/945/159 1324/944/159 1325/947/159 1323/948/159
f 1328/946/160 1326/945/160 1329/949/160 1330/950/160
f 1325/947/161 1324/944/161 1331/951/161 1332/952/161
f 1323/948/159 1325/947/159 1334/953/159 1333/954/159
f 1348/943/162 1336/944/162 1338/945/162 1349/946/162
f 1338/945/162 1336/944/162 1337/947/162 1335/948/162
f 1349/946/163 1338/945/163 1339/949/163 1351/950/163
f 1337/947/164 1336/944/164 1340/951/164 1341/952/164
f 1335/948/162 1337/947/162 1343/953/162 1342/954/162
f 1348/943/162 1349/946/162 1347/945/162 1345/944/162
f 1347/945/162 1344/948/162 1346/947/162 1345/944/162
f 1349/946/163 1351/950/163 1350/949/163 1347/945/163
f 1346/947/164 1353/952/164 1352/951/164 1345/944/164
f 1344/948/162 1354/954/162 1355/953/162 1346/947/162
f 1315/944/165 1336/944/165 1348/943/165 1327/943/165
f 1317/945/166 1338/945/166 1335/948/166 1314/948/166
f 1330/950/167 1351/950/167 1339/949/167 1318/949/167
f 1318/949/129 1339/949/129 1338/945/129 1317/945/129
f 1320/952/168 1341/952/168 1340/951/168 1319/951/168
f 1316/947/129 1337/947/129 1341/952/129 1320/952/129
f 1319/951/127 1340/951/127 1336/944/127 1315/944/127
f 1321/954/129 1342/954/129 1343/953/129 1322/953/129
f 1314/948/166 1335/948/166 1342/954/166 1321/954/166
f 1322/953/165 1343/953/165 1337/947/165 1316/947/165
f 1327/943/165 1348/943/165 1345/944/165 1324/944/165
f 1323/948/166 1344/948/166 1347/945/166 1326/945/166
f 1329/949/167 1350/949/167 1351/950/167 1330/950/167
f 1326/945/127 1347/945/127 1350/949/127 1329/949/127
f 1331/951/168 1352/951/168 1353/952/168 1332/952/168
f 1332/952/127 1353/952/127 1346/947/127 1325/947/127
f 1324/944/129 1345/944/129 1352/951/129 1331/951/129
f 1334/953/127 1355/953/127 1354/954/127 1333/954/127
f 1333/954/166 1354/954/166 1344/948/166 1323/948/166
f 1325/947/165 1346/947/165 1355/953/165 1334/953/165
f 1369/943/169 1370/946/169 1359/945/169 1357/944/169
f 1359/945/169 1356/948/169 1358/947/169 1357/944/169
f 1370/946/170 1372/950/170 1360/949/170 1359/945/170
f 1358/947/160 1362/952/160 1361/951/160 1357/944/160
f 1356/948/169 1363/954/169 1364/953/169 1358/947/169
f 1369/943/169 1366/944/169 1368/945/169 1370/946/169
f 1368/945/169 1366/944/169 1367/947/169 1365/948/169
f 1370/946/170 1368/945/170 1371/949/170 1372/950/170
f 1367/947/160 1366/944/160 1373/951/160 1374/952/160
f 1365/948/169 1367/947/169 1376/953/169 1375/954/169
f 1390/943/171 1378/944/171 1380/945/171 1391/946/171
f 1380/945/171 1378/944/171 1379/947/171 1377/948/171
f 1391/946/172 1380/945/172 1381/949/172 1393/950/172
f 1379/947/163 1378/944/163 1382/951/163 1383/952/163
f 1377/948/171 1379/947/171 1385/953/171 1384/954/171
f 1390/943/171 1391/946/171 1389/945/171 1387/944/171
f 1389/945/171 1386/948/171 1388/947/171 1387/944/171
f 1391/946/172 1393/950/172 1392/949/172 1389/945/172
f 1388/947/163 1395/952/163 1394/951/163 1387/944/163
f 1386/948/171 1396/954/171 1397/953/171 1388/947/171
f 1357/944/173 1378/944/173 1390/943/173 1369/943/173
f 1359/945/174 1380/945/174 1377/948/174 1356/948/174
f 1372/950/175 1393/950/175 1381/949/175 1360/949/175
f 1360/949/129 1381/949/129 1380/945/129 1359/945/129
f 1362/952/176 1383/952/176 1382/951/176 1361/951/176
f 1358/947/129 1379/947/129 1383/952/129 1362/952/129
f 1361/951/127 1382/951/127 1378/944/127 1357/944/127
f 1363/954/129 1384/954/129 1385/953/129 1364/953/129
f 1356/948/174 1377/948/174 1384/954/174 1363/954/174
f 1364/953/173 1385/953/173 1379/947/173 1358/947/173
f 1369/943/173 1390/943/173 1387/944/173 1366/944/173
f 1365/948/174 1386/948/174 1389/945/174 1368/945/174
f 1371/949/175 1392/949/175 1393/950/175 1372/950/175
f 1368/945/127 1389/945/127 1392/949/127 1371/949/127
f 1373/951/176 1394/951/176 1395/952/176 1374/952/176
f 1374/952/127 1395/952/127 1388/947/127 1367/947/127
f 1366/944/129 1387/944/129 1394/951/129 1373/951/129
f 1376/953/127 1397/953/127 1396/954/127 1375/954/127
f 1375/954/174 1396/954/174 1386/948/174 1365/948/174
f 1367/947/173 1388/947/173 1397/953/173 1376/953/173
f 1411/943/177 1412/946/177 1401/945/177 1399/944/177
f 1401/945/177 1398/948/177 1400/947/177 1399/944/177
f 1412/946/178 1414/950/178 1402/949/178 1401/945/178
f 1400/947/170 1404/952/170 1403/951/170 1399/944/170
f 1398/948/177 1405/954/177 1406/953/177 1400/947/177
f 1411/943/177 1408/944/177 1410/945/177 1412/946/177
f 1410/945/177 1408/944/177 1409/947/177 1407/948/177
f 1412/946/178 1410/945/178 1413/949/178 1414/950/178
f 1409/947/170 1408/944/170 1415/951/170 1416/952/170
f 1407/948/177 1409/947/177 1418/953/177 1417/954/177
f 1432/943/179 1420/944/179 1422/945/179 1433/946/179
f 1422/945/179 1420/944/179 1421/947/179 1419/948/179
f 1433/946/180 1422/945/180 1423/949/180 1435/950/180
f 1421/947/181 1420/944/181 1424/951/181 1425/952/181
f 1419/948/179 1421/947/179 1427/953/179 1426/954/179
f 1432/943/179 1433/946/179 1431/945/179 1429/944/179
f 1431/945/179 1428/948/179 1430/947/179 1429/944/179
f 1433/946/180 1435/950/180 1434/949/180 1431/945/180
f 1430/947/181 1437/952/181 1436/951/181 1429/944/181
f 1428/948/179 1438/954/179 1439/953/179 1430/947/179
f 1399/944/182 1420/944/182 1432/943/182 1411/943/182
f 1401/945/183 1422/945/183 1419/948/183 1398/948/183
f 1414/950/184 1435/950/184 1423/949/184 1402/949/184
f 1402/949/129 1423/949/129 1422/945/129 1401/945/129
f 1404/952/185 1425/952/185 1424/951/185 1403/951/185
f 1400/947/129 1421/947/129 1425/952/129 1404/952/129
f 1403/951/127 1424/951/127 1420/944/127 1399/944/127
f 1405/954/129 1426/954/129 1427/953/129 1406/953/129
f 1398/948/183 1419/948/183 1426/954/183 1405/954/183
f 1406/953/182 1427/953/182 1421/947/182 1400/947/182
f 1411/943/182 1432/943/182 1429/944/182 1408/944/182
f 1407/948/183 1428/948/183 1431/945/183 1410/945/183
f 1413/949/184 1434/949/184 1435/950/184 1414/950/184
f 1410/945/127 1431/945/127 1434/949/127 1413/949/127
f 1415/951/185 1436/951/185 1437/952/185 1416/952/185
f 1416/952/127 1437/952/127 1430/947/127 1409/947/127
f 1408/944/129 1429/944/129 1436/951/129 1415/951/129
f 1418/953/127 1439/953/127 1438/954/127 1417/954/127
f 1417/954/183 1438/954/183 1428/948/183 1407/948/183
f 1409/947/182 1430/947/182 1439/953/182 1418/953/182
f 1453/943/186 1454/946/186 1443/945/186 1441/944/186
f 1443/945/186 1440/948/186 1442/947/186 1441/944/186
f 1454/946/187 1456/950/187 1444/949/187 1443/945/187
f 1442/947/188 1446/952/188 1445/951/188 1441/944/188
f 1440/948/186 1447/954/186 1448/953/186 1442/947/186
f 1453/943/186 1450/944/186 1452/945/186 1454/946/186
f 1452/945/186 1450/944/186 1451/947/186 1449/948/186
f 1454/946/187 1452/945/187 1455/949/187 1456/950/187
f 1451/947/188 1450/944/188 1457/951/188 1458/952/188
f 1449/948/186 1451/947/186 1460/953/186 1459/954/186
f 1474/943/189 1462/944/189 1464/945/189 1475/946/189
f 1464/945/189 1462/944/189 1463/947/189 1461/948/189
f 1475/946/190 1464/945/190 1465/949/190 1477/950/190
f 1463/947/191 1462/944/191 1466/951/191 1467/952/191
f 1461/948/189 1463/947/189 1469/953/189 1468/954/189
f 1474/943/189 1475/946/189 1473/945/189 1471/944/189
f 1473/945/189 1470/948/189 1472/947/189 1471/944/189
f 1475/946/190 1477/950/190 1476/949/190 1473/945/190
f 1472/947/191 1479/952/191 1478/951/191 1471/944/191
f 1470/948/189 1480/954/189 1481/953/189 1472/947/189
f 1441/944/192 1462/944/192 1474/943/192 1453/943/192
f 1443/945/193 1464/945/193 1461/948/193 1440/948/193
f 1456/950/194 1477/950/194 1465/949/194 1444/949/194
f 1444/949/129 1465/949/129 1464/945/129 1443/945/129
f 1446/952/195 1467/952/195 1466/951/195 1445/951/195
f 1442/947/129 1463/947/129 1467/952/129 1446/952/129
f 1445/951/127 1466/951/127 1462/944/127 1441/944/127
f 1447/954/129 1468/954/129 1469/953/129 1448/953/129
f 1440/948/193 1461/948/193 1468/954/193 1447/954/193
f 1448/953/192 1469/953/192 1463/947/192 1442/947/192
f 1453/943/192 1474/943/192 1471/944/192 1450/944/192
f 1449/948/193 1470/948/193 1473/945/193 1452/945/193
f 1455/949/194 1476/949/194 1477/950/194 1456/950/194
f 1452/945/127 1473/945/127 1476/949/127 1455/949/127
f 1457/951/195 1478/951/195 1479/952/195 1458/952/195
f 1458/952/127 1479/952/127 1472/947/127 1451/947/127
f 1450/944/129 1471/944/129 1478/951/129 1457/951/129
f 1460/953/127 1481/953/127 1480/954/127 1459/954/127
f 1459/954/193 1480/954/193 1470/948/193 1449/948/193
f 1451/947/192 1472/947/192 1481/953/192 1460/953/192
f 1495/943/196 1496/946/196 1485/945/196 1483/944/196
f 1485/945/196 1482/948/196 1484/947/196 1483/944/196
f 1496/946/197 1498/950/197 1486/949/197 1485/945/197
f 1484/947/198 1488/952/198 1487/951/198 1483/944/198
f 1482/948/196 1489/954/196 1490/953/196 1484/947/196
f 1495/943/196 1492/944/196 1494/945/196 1496/946/196
f 1494/945/196 1492/944/196 1493/947/196 1491/948/196
f 1496/946/197 1494/945/197 1497/949/197 1498/950/197
f 1493/947/198 1492/944/198 1499/951/198 1500/952/198
f 1491/948/196 1493/947/196 1502/953/196 1501/954/196
f 1516/943/199 1504/944/199 1506/945/199 1517/946/199
f 1506/945/199 1504/944/199 1505/947/199 1503/948/199
f 1517/946/200 1506/945/200 1507/949/200 1519/950/200
f 1505/947/201 1504/944/201 1508/951/201 1509/952/201
f 1503/948/199 1505/947/199 1511/953/199 1510/954/199
f 1516/943/199 1517/946/199 1515/945/199 1513/944/199
f 1515/945/199 1512/948/199 1514/947/199 1513/944/199
f 1517/946/200 1519/950/200 1518/949/200 1515/945/200
f 1514/947/201 1521/952/201 1520/951/201 1513/944/201
f 1512/948/199 1522/954/199 1523/953/199 1514/947/199
f 1483/944/202 1504/944/202 1516/943/202 1495/943/202
f 1485/945/203 1506/945/203 1503/948/203 1482/948/203
f 1498/950/204 1519/950/204 1507/949/204 1486/949/204
f 1486/949/129 1507/949/129 1506/945/129 1485/945/129
f 1488/952/205 1509/952/205 1508/951/205 1487/951/205
f 1484/947/129 1505/947/129 1509/952/129 1488/952/129
f 1487/951/127 1508/951/127 1504/944/127 1483/944/127
f 1489/954/129 1510/954/129 1511/953/129 1490/953/129
f 1482/948/203 1503/948/203 1510/954/203 1489/954/203
f 1490/953/202 1511/953/202 1505/947/202 1484/947/202
f 1495/943/202 1516/943/202 1513/944/202 1492/944/202
f 1491/948/203 1512/948/203 1515/945/203 1494/945/203
f 1497/949/204 1518/949/204 1519/950/204 1498/950/204
f 1494/945/127 1515/945/127 1518/949/127 1497/949/127
f 1499/951/205 1520/951/205 1521/952/205 1500/952/205
f 1500/952/127 1521/952/127 1514/947/127 1493/947/127
f 1492/944/129 1513/944/129 1520/951/129 1499/951/129
f 1502/953/127 1523/953/127 1522/954/127 1501/954/127
f 1501/954/203 1522/954/203 1512/948/203 1491/948/203
f 1493/947/202 1514/947/202 1523/953/202 1502/953/202
f 1537/943/206 1538/946/206 1527/945/206 1525/944/206
f 1527/945/206 1524/948/206 1526/947/206 1525/944/206
f 1538/946/207 1540/950/207 1528/949/207 1527/945/207
f 1526/947/197 1530/952/197 1529/951/197 1525/944/197
f 1524/948/206 1531/954/206 1532/953/206 1526/947/206
f 1537/943/206 1534/944/206 1536/945/206 1538/946/206
f 1536/945/206 1534/944/206 1535/947/206 1533/948/206
f 1538/946/207 1536/945/207 1539/949/207 1540/950/207
f 1535/947/197 1534/944/197 1541/951/197 1542/952/197
f 1533/948/206 1535/947/206 1544/953/206 1543/954/206
f 1558/943/208 1546/944/208 1548/945/208 1559/946/208
f 1548/945/208 1546/944/208 1547/947/208 1545/948/208
f 1559/946/209 1548/945/209 1549/949/209 1561/950/209
f 1547/947/210 1546/944/210 1550/951/210 1551/952/210
f 1545/948/208 1547/947/208 1553/953/208 1552/954/208
f 1558/943/208 1559/946/208 1557/945/208 1555/944/208
f 1557/945/208 1554/948/208 1556/947/208 1555/944/208
f 1559/946/209 1561/950/209 1560/949/209 1557/945/209
f 1556/947/210 1563/952/210 1562/951/210 1555/944/210
f 1554/948/208 1564/954/208 1565/953/208 1556/947/208
f 1525/944/211 1546/944/211 1558/943/211 1537/943/211
f 1527/945/212 1548/945/212 1545/948/212 1524/948/212
f 1540/950/213 1561/950/213 1549/949/213 1528/949/213
f 1528/949/129 1549/949/129 1548/945/129 1527/945/129
f 1530/952/214 1551/952/214 1550/951/214 1529/951/214
f 1526/947/129 1547/947/129 1551/952/129 1530/952/129
f 1529/951/127 1550/951/127 1546/944/127 1525/944/127
f 1531/954/129 1552/954/129 1553/953/129 1532/953/129
f 1524/948/212 1545/948/212 1552/954/212 1531/954/212
f 1532/953/211 1553/953/211 1547/947/211 1526/947/211
f 1537/943/211 1558/943/211 1555/944/211 1534/944/211
f 1533/948/212 1554/948/212 1557/945/212 1536/945/212
f 1539/949/213 1560/949/213 1561/950/213 1540/950/213
f 1536/945/127 1557/945/127 1560/949/127 1539/949/127
f 1541/951/214 1562/951/214 1563/952/214 1542/952/214
f 1542/952/127 1563/952/127 1556/947/127 1535/947/127
f 1534/944/129 1555/944/129 1562/951/129 1541/951/129
f 1544/953/127 1565/953/127 1564/954/127 1543/954/127
f 1543/954/212 1564/954/212 1554/948/212 1533/948/212
f 1535/947/211 1556/947/211 1565/953/211 1544/953/211
f 1579/943/215 1580/946/215 1569/945/215 1567/944/215
f 1569/945/215 1566/948/215 1568/947/215 1567/944/215
f 1580/946/216 1582/950/216 1570/949/216 1569/945/216
f 1568/947/217 1572/952/217 1571/951/217 1567/944/217
f 1566/948/215 1573/954/215 1574/953/215 1568/947/215
f 1579/943/215 1576/944/215 1578/945/215 1580/946/215
f 1578/945/215 1576/944/215 1577/947/215 1575/948/215
f 1580/946/216 1578/945/216 1581/949/216 1582/950/216
f 1577/947/292 1576/944/292 1583/951/292 1584/952/292
f 1575/948/215 1577/947/215 1586/953/215 1585/954/215
f 1600/943/218 1588/944/218 1590/945/218 1601/946/218
f 1590/945/218 1588/944/218 1589/947/218 1587/948/218
f 1601/946/219 1590/945/219 1591/949/219 1603/950/219
f 1589/947/293 1588/944/293 1592/951/293 1593/952/293
f 1587/948/218 1589/947/218 1595/953/218 1594/954/218
f 1600/943/218 1601/946/218 1599/945/218 1597/944/218
f 1599/945/218 1596/948/218 1598/947/218 1597/944/218
f 1601/946/219 1603/950/219 1602/949/219 1599/945/219
f 1598/947/293 1605/952/293 1604/951/293 1597/944/293
f 1596/948/218 1606/954/218 1607/953/218 1598/947/218
f 1567/944/221 1588/944/221 1600/943/221 1579/943/221
f 1569/945/222 1590/945/222 1587/948/222 1566/948/222
f 1582/950/223 1603/950/223 1591/949/223 1570/949/223
f 1570/949/129 1591/949/129 1590/945/129 1569/945/129
f 1572/952/224 1593/952/224 1592/951/224 1571/951/224
f 1568/947/129 1589/947/129 1593/952/129 1572/952/129
f 1571/951/127 1592/951/127 1588/944/127 1567/944/127
f 1573/954/129 1594/954/129 1595/953/129 1574/953/129
f 1566/948/222 1587/948/222 1594/954/222 1573/954/222
f 1574/953/221 1595/953/221 1589/947/221 1568/947/221
f 1579/943/221 1600/943/221 1597/944/221 1576/944/221
f 1575/948/222 1596/948/222 1599/945/222 1578/945/222
f 1581/949/223 1602/949/223 1603/950/223 1582/950/223
f 1578/945/127 1599/945/127 1602/949/127 1581/949/127
f 1583/951/224 1604/951/224 1605/952/224 1584/952/224
f 1584/952/127 1605/952/127 1598/947/127 1577/947/127
f 1576/944/129 1597/944/129 1604/951/129 1583/951/129
f 1586/953/127 1607/953/127 1606/954/127 1585/954/127
f 1585/954/222 1606/954/222 1596/948/222 1575/948/222
f 1577/947/221 1598/947/221 1607/953/221 1586/953/221
f 1621/943/225 1622/946/225 1611/945/225 1609/944/225
f 1611/945/225 1608/948/225 1610/947/225 1609/944/225
f 1622/946/226 1624/950/226 1612/949/226 1611/945/226
f 1610/947/227 1614/952/227 1613/951/227 1609/944/227
f 1608/948/225 1615/954/225 1616/953/225 1610/947/225
f 1621/943/225 1618/944/225 1620/945/225 1622/946/225
f 1620/945/225 1618/944/225 1619/947/225 1617/948/225
f 1622/946/226 1620/945/226 1623/949/226 1624/950/226
f 1619/947/227 1618/944/227 1625/951/227 1626/952/227
f 1617/948/225 1619/947/225 1628/953/225 1627/954/225
f 1642/943/228 1630/944/228 1632/945/228 1643/946/228
f 1632/945/228 1630/944/228 1631/947/228 1629/948/228
f 1643/946/229 1632/945/229 1633/949/229 1645/950/229
f 1631/947/230 1630/944/230 1634/951/230 1635/952/230
f 1629/948/228 1631/947/228 1637/953/228 1636/954/228
f 1642/943/228 1643/946/228 1641/945/228 1639/944/228
f 1641/945/228 1638/948/228 1640/947/228 1639/944/228
f 1643/946/229 1645/950/229 1644/949/229 1641/945/229
f 1640/947/230 1647/952/230 1646/951/230 1639/944/230
f 1638/948/228 1648/954/228 1649/953/228 1640/947/228
f 1609/944/231 1630/944/231 1642/943/231 1621/943/231
f 1611/945/232 1632/945/232 1629/948/232 1608/948/232
f 1624/950/233 1645/950/233 1633/949/233 1612/949/233
f 1612/949/129 1633/949/129 1632/945/129 1611/945/129
f 1614/952/234 1635/952/234 1634/951/234 1613/951/234
f 1610/947/129 1631/947/129 1635/952/129 1614/952/129
f 1613/951/127 1634/951/127 1630/944/127 1609/944/127
f 1615/954/129 1636/954/129 1637/953/129 1616/953/129
f 1608/948/232 1629/948/232 1636/954/232 1615/954/232
f 1616/953/231 1637/953/231 1631/947/231 1610/947/231
f 1621/943/231 1642/943/231 1639/944/231 1618/944/231
f 1617/948/232 1638/948/232 1641/945/232 1620/945/232
f 1623/949/233 1644/949/233 1645/950/233 1624/950/233
f 1620/945/127 1641/945/127 1644/949/127 1623/949/127
f 1625/951/234 1646/951/234 1647/952/234 1626/952/234
f 1626/952/127 1647/952/127 1640/947/127 1619/947/127
f 1618/944/129 1639/944/129 1646/951/129 1625/951/129
f 1628/953/127 1649/953/127 1648/954/127 1627/954/127
f 1627/954/232 1648/954/232 1638/948/232 1617/948/232
f 1619/947/231 1640/947/231 1649/953/231 1628/953/231
f 1663/943/235 1664/946/235 1653/945/235 1651/944/235
f 1653/945/235 1650/948/235 1652/947/235 1651/944/235
f 1664/946/236 1666/950/236 1654/949/236 1653/945/236
f 1652/947/237 1656/952/237 1655/951/237 1651/944/237
f 1650/948/235 1657/954/235 1658/953/235 1652/947/235
f 1663/943/235 1660/944/235 1662/945/235 1664/946/235
f 1662/945/235 1660/944/235 1661/947/235 1659/948/235
f 1664/946/236 1662/945/236 1665/949/236 1666/950/236
f 1661/947/237 1660/944/237 1667/951/237 1668/952/237
f 1659/948/235 1661/947/235 1670/953/235 1669/954/235
f 1684/943/238 1672/944/238 1674/945/238 1685/946/238
f 1674/945/238 1672/944/238 1673/947/238 1671/948/238
f 1685/946/239 1674/945/239 1675/949/239 1687/950/239
f 1673/947/240 1672/944/240 1676/951/240 1677/952/240
f 1671/948/238 1673/947/238 1679/953/238 1678/954/238
f 1684/943/238 1685/946/238 1683/945/238 1681/944/238
f 1683/945/238 1680/948/238 1682/947/238 1681/944/238
f 1685/946/239 1687/950/239 1686/949/239 1683/945/239
f 1682/947/240 1689/952/240 1688/951/240 1681/944/240
f 1680/948/238 1690/954/238 1691/953/238 1682/947/238
f 1651/944/241 1672/944/241 1684/943/241 1663/943/241
f 1653/945/242 1674/945/242 1671/948/242 1650/948/242
f 1666/950/243 1687/950/243 1675/949/243 1654/949/243
f 1654/949/129 1675/949/129 1674/945/129 1653/945/129
f 1656/952/244 1677/952/244 1676/951/244 1655/951/244
f 1652/947/129 1673/947/129 1677/952/129 1656/952/129
f 1655/951/127 1676/951/127 1672/944/127 1651/944/127
f 1657/954/129 1678/954/129 1679/953/129 1658/953/129
f 1650/948/242 1671/948/242 1678/954/242 1657/954/242
f 1658/953/241 1679/953/241 1673/947/241 1652/947/241
f 1663/943/241 1684/943/241 1681/944/241 1660/944/241
f 1659/948/242 1680/948/242 1683/945/242 1662/945/242
f 1665/949/243 1686/949/243 1687/950/243 1666/950/243
f 1662/945/127 1683/945/127 1686/949/127 1665/949/127
f 1667/951/244 1688/951/244 1689/952/244 1668/952/244
f 1668/952/127 1689/952/127 1682/947/127 1661/947/127
f 1660/944/129 1681/944/129 1688/951/129 1667/951/129
f 1670/953/127 1691/953/127 1690/954/127 1669/954/127
f 1669/954/242 1690/954/242 1680/948/242 1659/948/242
f 1661/947/241 1682/947/241 1691/953/241 1670/953/241
f 1705/943/245 1706/946/245 1695/945/245 1693/944/245
f 1695/945/245 1692/948/245 1694/947/245 1693/944/245
f 1706/946/246 1708/950/246 1696/949/246 1695/945/246
f 1694/947/247 1698/952/247 1697/951/247 1693/944/247
f 1692/948/245 1699/954/245 1700/953/245 1694/947/245
f 1705/943/245 1702/944/245 1704/945/245 1706/946/245
f 1704/945/245 1702/944/245 1703/947/245 1701/948/245
f 1706/946/246 1704/945/246 1707/949/246 1708/950/246
f 1703/947/247 1702/944/247 1709/951/247 1710/952/247
f 1701/948/245 1703/947/245 1712/953/245 1711/954/245
f 1726/943/248 1714/944/248 1716/945/248 1727/946/248
f 1716/945/248 1714/944/248 1715/947/248 1713/948/248
f 1727/946/249 1716/945/249 1717/949/249 1729/950/249
f 1715/947/250 1714/944/250 1718/951/250 1719/952/250
f 1713/948/248 1715/947/248 1721/953/248 1720/954/248
f 1726/943/248 1727/946/248 1725/945/248 1723/944/248
f 1725/945/248 1722/948/248 1724/947/248 1723/944/248
f 1727/946/249 1729/950/249 1728/949/249 1725/945/249
f 1724/947/250 1731/952/250 1730/951/250 1723/944/250
f 1722/948/248 1732/954/248 1733/953/248 1724/947/248
f 1693/944/251 1714/944/251 1726/943/251 1705/943/251
f 1695/945/252 1716/945/252 1713/948/252 1692/948/252
f 1708/950/253 1729/950/253 1717/949/253 1696/949/253
f 1696/949/129 1717/949/129 1716/945/129 1695/945/129
f 1698/952/254 1719/952/254 1718/951/254 1697/951/254
f 1694/947/129 1715/947/129 1719/952/129 1698/952/129
f 1697/951/127 1718/951/127 1714/944/127 1693/944/127
f 1699/954/129 1720/954/129 1721/953/129 1700/953/129
f 1692/948/252 1713/948/252 1720/954/252 1699/954/252
f 1700/953/251 1721/953/251 1715/947/251 1694/947/251
f 1705/943/251 1726/943/251 1723/944/251 1702/944/251
f 1701/948/252 1722/948/252 1725/945/252 1704/945/252
f 1707/949/253 1728/949/253 1729/950/253 1708/950/253
f 1704/945/127 1725/945/127 1728/949/127 1707/949/127
f 1709/951/254 1730/951/254 1731/952/254 1710/952/254
f 1710/952/127 1731/952/127 1724/947/127 1703/947/127
f 1702/944/129 1723/944/129 1730/951/129 1709/951/129
f 1712/953/127 1733/953/127 1732/954/127 1711/954/127
f 1711/954/252 1732/954/252 1722/948/252 1701/948/252
f 1703/947/251 1724/947/251 1733/953/251 1712/953/251
f 1747/943/255 1748/946/255 1737/945/255 1735/944/255
f 1737/945/255 1734/948/255 1736/947/255 1735/944/255
f 1748/946/256 1750/950/256 1738/949/256 1737/945/256
f 1736/947/257 1740/952/257 1739/951/257 1735/944/257
f 1734/948/255 1741/954/255 1742/953/255 1736/947/255
f 1747/943/255 1744/944/255 1746/945/255 1748/946/255
f 1746/945/255 1744/944/255 1745/947/255 1743/948/255
f 1748/946/256 1746/945/256 1749/949/256 1750/950/256
f 1745/947/257 1744/944/257 1751/951/257 1752/952/257
f 1743/948/255 1745/947/255 1754/953/255 1753/954/255
f 1768/943/258 1756/944/258 1758/945/258 1769/946/258
f 1758/945/258 1756/944/258 1757/947/258 1755/948/258
f 1769/946/259 1758/945/259 1759/949/259 1771/950/259
f 1757/947/260 1756/944/260 1760/951/260 1761/952/260
f 1755/948/258 1757/947/258 1763/953/258 1762/954/258
f 1768/943/258 1769/946/258 1767/945/258 1765/944/258
f 1767/945/258 1764/948/258 1766/947/258 1765/944/258
f 1769/946/259 1771/950/259 1770/949/259 1767/945/259
f 1766/947/260 1773/952/260 1772/951/260 1765/944/260
f 1764/948/258 1774/954/258 1775/953/258 1766/947/258
f 1735/944/261 1756/944/261 1768/943/261 1747/943/261
f 1737/945/262 1758/945/262 1755/948/262 1734/948/262
f 1750/950/263 1771/950/263 1759/949/263 1738/949/263
f 1738/949/129 1759/949/129 1758/945/129 1737/945/129
f 1740/952/264 1761/952/264 1760/951/264 1739/951/264
f 1736/947/129 1757/947/129 1761/952/129 1740/952/129
f 1739/951/127 1760/951/127 1756/944/127 1735/944/127
f 1741/954/129 1762/954/129 1763/953/129 1742/953/129
f 1734/948/262 1755/948/262 1762/954/262 1741/954/262
f 1742/953/261 1763/953/261 1757/947/261 1736/947/261
f 1747/943/261 1768/943/261 1765/944/261 1744/944/261
f 1743/948/262 1764/948/262 1767/945/262 1746/945/262
f 1749/949/263 1770/949/263 1771/950/263 1750/950/263
f 1746/945/127 1767/945/127 1770/949/127 1749/949/127
f 1751/951/264 1772/951/264 1773/952/264 1752/952/264
f 1752/952/127 1773/952/127 1766/947/127 1745/947/127
f 1744/944/129 1765/944/129 1772/951/129 1751/951/129
f 1754/953/127 1775/953/127 1774/954/127 1753/954/127
f 1753/954/262 1774/954/262 1764/948/262 1743/948/262
f 1745/947/261 1766/947/261 1775/953/261 1754/953/261
f 1789/943/265 1790/946/265 1779/945/265 1777/944/265
f 1779/945/265 1776/948/265 1778/947/265 1777/944/265
f 1790/946/266 1792/950/266 1780/949/266 1779/945/266
f 1778/947/256 1782/952/256 1781/951/256 1777/944/256
f 1776/948/265 1783/954/265 1784/953/265 1778/947/265
f 1789/943/265 1786/944/265 1788/945/265 1790/946/265
f 1788/945/265 1786/944/265 1787/947/265 1785/948/265
f 1790/946/266 1788/945/266 1791/949/266 1792/950/266
f 1787/947/256 1786/944/256 1793/951/256 1794/952/256
f 1785/948/265 1787/947/265 1796/953/265 1795/954/265
f 1810/943/267 1798/944/267 1800/945/267 1811/946/267
f 1800/945/267 1798/944/267 1799/947/267 1797/948/267
f 1811/946/268 1800/945/268 1801/949/268 1813/950/268
f 1799/947/269 1798/944/269 1802/951/269 1803/952/269
f 1797/948/267 1799/947/267 1805/953/267 1804/954/267
f 1810/943/267 1811/946/267 1809/945/267 1807/944/267
f 1809/945/267 1806/948/267 1808/947/267 1807/944/267
f 1811/946/268 1813/950/268 1812/949/268 1809/945/268
f 1808/947/269 1815/952/269 1814/951/269 1807/944/269
f 1806/948/267 1816/954/267 1817/953/267 1808/947/267
f 1777/944/270 1798/944/270 1810/943/270 1789/943/270
f 1779/945/271 1800/945/271 1797/948/271 1776/948/271
f 1792/950/272 1813/950/272 1801/949/272 1780/949/272
f 1780/949/129 1801/949/129 1800/945/129 1779/945/129
f 1782/952/273 1803/952/273 1802/951/273 1781/951/273
f 1778/947/129 1799/947/129 1803/952/129 1782/952/129
f 1781/951/127 1802/951/127 1798/944/127 1777/944/127
f 1783/954/129 1804/954/129 1805/953/129 1784/953/129
f 1776/948/271 1797/948/271 1804/954/271 1783/954/271
f 1784/953/294 1805/953/294 1799/947/294 1778/947/294
f 1789/943/294 1810/943/294 1807/944/294 1786/944/294
f 1785/948/271 1806/948/271 1809/945/271 1788/945/271
f 1791/949/272 1812/949/272 1813/950/272 1792/950/272
f 1788/945/127 1809/945/127 1812/949/127 1791/949/127
f 1793/951/273 1814/951/273 1815/952/273 1794/952/273
f 1794/952/127 1815/952/127 1808/947/127 1787/947/127
f 1786/944/129 1807/944/129 1814/951/129 1793/951/129
f 1796/953/127 1817/953/127 1816/954/127 1795/954/127
f 1795/954/271 1816/954/271 1806/948/271 1785/948/271
f 1787/947/270 1808/947/270 1817/953/270 1796/953/270
f 1831/943/274 1832/946/274 1821/945/274 1819/944/274
f 1821/945/274 1818/948/274 1820/947/274 1819/944/274
f 1832/946/120 1834/950/120 1822/949/120 1821/945/120
f 1820/947/266 1824/952/266 1823/951/266 1819/944/266
f 1818/948/274 1825/954/274 1826/953/274 1820/947/274
f 1831/943/274 1828/944/274 1830/945/274 1832/946/274
f 1830/945/274 1828/944/274 1829/947/274 1827/948/274
f 1832/946/120 1830/945/120 1833/949/120 1834/950/120
f 1829/947/266 1828/944/266 1835/951/266 1836/952/266
f 1827/948/274 1829/947/274 1838/953/274 1837/954/274
f 1852/943/275 1840/944/275 1842/945/275 1853/946/275
f 1842/945/275 1840/944/275 1841/947/275 1839/948/275
f 1853/946/276 1842/945/276 1843/949/276 1855/950/276
f 1841/947/277 1840/944/277 1844/951/277 1845/952/277
f 1839/948/275 1841/947/275 1847/953/275 1846/954/275
f 1852/943/275 1853/946/275 1851/945/275 1849/944/275
f 1851/945/275 1848/948/275 1850/947/275 1849/944/275
f 1853/946/276 1855/950/276 1854/949/276 1851/945/276
f 1850/947/277 1857/952/277 1856/951/277 1849/944/277
f 1848/948/275 1858/954/275 1859/953/275 1850/947/275
f 1819/944/295 1840/944/295 1852/943/295 1831/943/295
f 1821/945/279 1842/945/279 1839/948/279 1818/948/279
f 1834/950/280 1855/950/280 1843/949/280 1822/949/280
f 1822/949/129 1843/949/129 1842/945/129 1821/945/129
f 1824/952/281 1845/952/281 1844/951/281 1823/951/281
f 1820/947/129 1841/947/129 1845/952/129 1824/952/129
f 1823/951/127 1844/951/127 1840/944/127 1819/944/127
f 1825/954/129 1846/954/129 1847/953/129 1826/953/129
f 1818/948/279 1839/948/279 1846/954/279 1825/954/279
f 1826/953/278 1847/953/278 1841/947/278 1820/947/278
f 1831/943/278 1852/943/278 1849/944/278 1828/944/278
f 1827/948/279 1848/948/279 1851/945/279 1830/945/279
f 1833/949/280 1854/949/280 1855/950/280 1834/950/280
f 1830/945/127 1851/945/127 1854/949/127 1833/949/127
f 1835/951/281 1856/951/281 1857/952/281 1836/952/281
f 1836/952/127 1857/952/127 1850/947/127 1829/947/127
f 1828/944/129 1849/944/129 1856/951/129 1835/951/129
f 1838/953/127 1859/953/127 1858/954/127 1837/954/127
f 1837/954/279 1858/954/279 1848/948/279 1827/948/279
f 1829/947/295 1850/947/295 1859/953/295 1838/953/295
f 1873/943/282 1874/946/282 1863/945/282 1861/944/282
f 1863/945/282 1860/948/282 1862/947/282 1861/944/282
f 1874/946/283 1876/950/283 1864/949/283 1863/945/283
f 1862/947/120 1866/952/120 1865/951/120 1861/944/120
f 1860/948/282 1867/954/282 1868/953/282 1862/947/282
f 1873/943/282 1870/944/282 1872/945/282 1874/946/282
f 1872/945/282 1870/944/282 1871/947/282 1869/948/282
f 1874/946/283 1872/945/283 1875/949/283 1876/950/283
f 1871/947/120 1870/944/120 1877/951/120 1878/952/120
f 1869/948/282 1871/947/282 1880/953/282 1879/954/282
f 1894/943/284 1882/944/284 1884/945/284 1895/946/284
f 1884/945/284 1882/944/284 1883/947/284 1881/948/284
f 1895/946/285 1884/945/285 1885/949/285 1897/950/285
f 1883/947/286 1882/944/286 1886/951/286 1887/952/286
f 1881/948/284 1883/947/284 1889/953/284 1888/954/284
f 1894/943/284 1895/946/284 1893/945/284 1891/944/284
f 1893/945/284 1890/948/284 1892/947/284 1891/944/284
f 1895/946/285 1897/950/285 1896/949/285 1893/945/285
f 1892/947/286 1899/952/286 1898/951/286 1891/944/286
f 1890/948/284 1900/954/284 1901/953/284 1892/947/284
f 1861/944/287 1882/944/287 1894/943/287 1873/943/287
f 1863/945/288 1884/945/288 1881/948/288 1860/948/288
f 1876/950/289 1897/950/289 1885/949/289 1864/949/289
f 1864/949/129 1885/949/129 1884/945/129 1863/945/129
f 1866/952/290 1887/952/290 1886/951/290 1865/951/290
f 1862/947/129 1883/947/129 1887/952/129 1866/952/129
f 1865/951/127 1886/951/127 1882/944/127 1861/944/127
f 1867/954/129 1888/954/129 1889/953/129 1868/953/129
f 1860/948/288 1881/948/288 1888/954/288 1867/954/288
f 1868/953/287 1889/953/287 1883/947/287 1862/947/287
f 1873/943/287 1894/943/287 1891/944/287 1870/944/287
f 1869/948/288 1890/948/288 1893/945/288 1872/945/288
f 1875/949/289 1896/949/289 1897/950/289 1876/950/289
f 1872/945/127 1893/945/127 1896/949/127 1875/949/127
f 1877/951/290 1898/951/290 1899/952/290 1878/952/290
f 1878/952/127 1899/952/127 1892/947/127 1871/947/127
f 1870/944/129 1891/944/129 1898/951/129 1877/951/129
f 1880/953/127 1901/953/127 1900/954/127 1879/954/127
f 1879/954/288 1900/954/288 1890/948/288 1869/948/288
f 1871/947/287 1892/947/287 1901/953/287 1880/953/287
o BezierCircle.001
v -2.245162 3.602670 0.820363
v -2.245162 3.575051 1.145247
v -2.245162 3.496154 1.439596
v -2.245162 3.371921 1.703382
v -2.245162 3.208291 1.936579
v -2.245161 3.011207 2.139156
v -2.245161 2.786609 2.311086
v -2.245161 2.540438 2.452342
v -2.245161 2.278636 2.562895
v -2.245161 2.007143 2.642716
v -2.245161 1.731900 2.691777
v -2.245161 1.458848 2.710052
v -2.245161 1.193928 2.697510
v -2.245161 0.888684 2.631756
v -2.245161 0.644907 2.511768
v -2.245161 0.456001 2.343891
v -2.245161 0.315374 2.134468
v -2.245161 0.216431 1.889843
v -2.245161 0.152579 1.616359
v -2.245161 0.117222 1.320361
v -2.245161 0.103768 1.008190
v -2.245162 0.105623 0.686192
v -2.245162 0.116192 0.360709
v -2.245162 0.128881 0.038085
v -2.245162 0.137097 -0.275336
v -2.245162 0.139473 -0.620802
v -2.245162 0.141813 -1.025608
v -2.245162 0.148395 -1.471781
v -2.245162 0.163497 -1.941346
v -2.245162 0.191396 -2.416332
v -2.245163 0.236372 -2.878763
v -2.245163 0.302701 -3.310668
v -2.245163 0.394661 -3.694072
v -2.245163 0.516530 -4.011003
v -2.245163 0.672586 -4.243487
v -2.245163 0.867107 -4.373550
v -2.245163 1.104371 -4.383220
v -2.245163 1.469544 -4.238138
v -2.245163 1.811772 -3.978733
v -2.245163 2.129375 -3.623563
v -2.245163 2.420676 -3.191185
v -2.245163 2.683994 -2.700158
v -2.245163 2.917650 -2.169038
v -2.245163 3.119966 -1.616385
v -2.245162 3.289262 -1.060756
v -2.245162 3.423859 -0.520708
v -2.245162 3.522079 -0.014800
v -2.245162 3.582242 0.438410
l 1902 1903
l 1903 1904
l 1904 1905
l 1905 1906
l 1906 1907
l 1907 1908
l 1908 1909
l 1909 1910
l 1910 1911
l 1911 1912
l 1912 1913
l 1913 1914
l 1914 1915
l 1915 1916
l 1916 1917
l 1917 1918
l 1918 1919
l 1919 1920
l 1920 1921
l 1921 1922
l 1922 1923
l 1923 1924
l 1924 1925
l 1925 1926
l 1926 1927
l 1927 1928
l 1928 1929
l 1929 1930
l 1930 1931
l 1931 1932
l 1932 1933
l 1933 1934
l 1934 1935
l 1935 1936
l 1936 1937
l 1937 1938
l 1938 1939
l 1939 1940
l 1940 1941
l 1941 1942
l 1942 1943
l 1943 1944
l 1944 1945
l 1945 1946
l 1946 1947
l 1947 1948
l 1948 1949
l 1949 1902
o Cylinder.004
v -1.243465 1.808023 2.468004
v -3.193350 1.808023 1.982892
v -1.243465 1.190725 2.345216
v -3.193350 1.376370 1.897031
v -1.243465 0.667405 1.995545
v -3.193350 1.010432 1.652519
v -1.243465 0.317734 1.472225
v -3.193351 0.765920 1.286581
v -1.243466 0.194946 0.854928
v -3.193351 0.680059 0.854928
v -1.243466 0.317734 0.237630
v -3.193351 0.765920 0.423275
v -1.243466 0.667405 -0.285690
v -3.193351 1.010432 0.057338
v -1.243466 1.190725 -0.635361
v -3.193351 1.376370 -0.187174
v -1.243466 1.808022 -0.758149
v -3.193351 1.808022 -0.273035
v -1.243466 2.425320 -0.635361
v -3.193351 2.239675 -0.187174
v -1.243466 2.948640 -0.285690
v -3.193351 2.605613 0.057338
v -1.243466 3.298311 0.237630
v -3.193351 2.850125 0.423275
v -1.243466 3.421099 0.854928
v -3.193351 2.935986 0.854928
v -1.243466 3.298311 1.472226
v -3.193351 2.850125 1.286581
v -1.243465 2.948640 1.995546
v -3.193351 2.605613 1.652519
v -1.243465 2.425320 2.345217
v -3.193350 2.239675 1.897031
v -3.193350 1.190725 2.345217
v -3.193350 1.808023 2.468005
v -3.193350 0.667405 1.995546
v -3.193350 0.317734 1.472226
v -3.193351 0.194946 0.854928
v -3.193351 0.317734 0.237631
v -3.193351 0.667405 -0.285689
v -3.193351 1.190725 -0.635360
v -3.193351 1.808022 -0.758148
v -3.193351 2.425320 -0.635360
v -3.193351 2.948640 -0.285689
v -3.193351 3.298311 0.237630
v -3.193351 3.421099 0.854928
v -3.193351 3.298311 1.472226
v -3.193351 2.948639 1.995546
v -3.193350 2.425319 2.345217
v -2.933239 1.480582 1.645439
v -2.933239 1.808023 1.710571
v -2.933239 1.202992 1.459959
v -2.933239 1.017512 1.182368
v -2.933239 0.952380 0.854928
v -2.933239 1.017512 0.527488
v -2.933239 1.202992 0.249898
v -2.933239 1.480582 0.064418
v -2.933239 1.808022 -0.000714
v -2.933239 2.135463 0.064418
v -2.933239 2.413053 0.249898
v -2.933239 2.598533 0.527488
v -2.933239 2.663665 0.854928
v -2.933239 2.598533 1.182369
v -2.933239 2.413053 1.459959
v -2.933239 2.135462 1.645439
v -2.933239 1.416051 1.801232
v -2.933239 1.808023 1.879200
v -2.933239 1.083753 1.579198
v -2.933239 0.861719 1.246900
v -2.933239 0.783751 0.854928
v -2.933239 0.861719 0.462956
v -2.933239 1.083753 0.130658
v -2.933239 1.416051 -0.091376
v -2.933239 1.808022 -0.169344
v -2.933239 2.199994 -0.091376
v -2.933239 2.532292 0.130658
v -2.933239 2.754326 0.462956
v -2.933239 2.832294 0.854928
v -2.933239 2.754326 1.246900
v -2.933239 2.532292 1.579198
v -2.933239 2.199994 1.801233
v -3.850841 1.808022 0.854928
v -3.850841 1.808022 0.854928
v -3.850841 1.808022 0.854928
v -3.850841 1.808022 0.854928
v -3.850842 1.808022 0.854928
v -3.850842 1.808022 0.854928
v -3.850842 1.808022 0.854928
v -3.850842 1.808022 0.854928
v -3.850842 1.808022 0.854928
v -3.850842 1.808022 0.854928
v -3.850842 1.808022 0.854928
v -3.850842 1.808022 0.854928
v -3.850842 1.808022 0.854928
v -3.850842 1.808022 0.854928
v -3.850841 1.808022 0.854928
v -3.850841 1.808022 0.854928
v 1.524186 1.808023 2.468004
v 3.474071 1.808023 1.982889
v 1.524186 1.190725 2.345215
v 3.474071 1.376370 1.897028
v 1.524186 0.667406 1.995544
v 3.474071 1.010433 1.652517
v 1.524186 0.317735 1.472224
v 3.474071 0.765921 1.286579
v 1.524185 0.194947 0.854927
v 3.474071 0.680060 0.854926
v 1.524185 0.317735 0.237629
v 3.474071 0.765921 0.423273
v 1.524185 0.667406 -0.285691
v 3.474070 1.010433 0.057336
v 1.524185 1.190725 -0.635362
v 3.474070 1.376370 -0.187176
v 1.524185 1.808023 -0.758150
v 3.474070 1.808023 -0.273037
v 1.524185 2.425321 -0.635362
v 3.474070 2.239676 -0.187176
v 1.524185 2.948640 -0.285691
v 3.474070 2.605613 0.057335
v 1.524186 3.298312 0.237629
v 3.474070 2.850125 0.423273
v 1.524186 3.421100 0.854927
v 3.474071 2.935987 0.854926
v 1.524186 3.298312 1.472225
v 3.474071 2.850125 1.286579
v 1.524186 2.948640 1.995545
v 3.474071 2.605613 1.652517
v 1.524186 2.425320 2.345216
v 3.474071 2.239676 1.897029
v 3.474071 1.190726 2.345215
v 3.474071 1.808023 2.468003
v 3.474071 0.667406 1.995544
v 3.474070 0.317735 1.472224
v 3.474070 0.194946 0.854926
v 3.474070 0.317735 0.237628
v 3.474070 0.667406 -0.285691
v 3.474070 1.190726 -0.635362
v 3.474070 1.808023 -0.758151
v 3.474070 2.425321 -0.635363
v 3.474070 2.948640 -0.285692
v 3.474071 3.298312 0.237628
v 3.474071 3.421100 0.854926
v 3.474071 3.298312 1.472224
v 3.474071 2.948640 1.995544
v 3.474071 2.425320 2.345215
v 3.213959 1.480583 1.645437
v 3.213959 1.808023 1.710569
v 3.213959 1.202993 1.459957
v 3.213959 1.017513 1.182366
v 3.213959 0.952381 0.854926
v 3.213959 1.017513 0.527486
v 3.213959 1.202993 0.249896
v 3.213959 1.480583 0.064416
v 3.213959 1.808023 -0.000716
v 3.213959 2.135463 0.064416
v 3.213959 2.413054 0.249896
v 3.213959 2.598534 0.527486
v 3.213959 2.663666 0.854926
v 3.213959 2.598533 1.182366
v 3.213959 2.413053 1.459957
v 3.213959 2.135463 1.645437
v 3.213959 1.416051 1.801230
v 3.213959 1.808023 1.879198
v 3.213959 1.083753 1.579196
v 3.213959 0.861719 1.246898
v 3.213959 0.783751 0.854926
v 3.213959 0.861719 0.462954
v 3.213959 1.083753 0.130656
v 3.213959 1.416051 -0.091378
v 3.213959 1.808023 -0.169346
v 3.213959 2.199995 -0.091378
v 3.213959 2.532293 0.130656
v 3.213959 2.754327 0.462954
v 3.213959 2.832295 0.854926
v 3.213959 2.754327 1.246898
v 3.213959 2.532293 1.579196
v 3.213959 2.199995 1.801231
v 4.131561 1.808023 0.854926
v 4.131561 1.808023 0.854926
v 4.131561 1.808023 0.854926
v 4.131561 1.808023 0.854926
v 4.131561 1.808023 0.854926
v 4.131561 1.808023 0.854926
v 4.131561 1.808023 0.854926
v 4.131561 1.808023 0.854926
v 4.131561 1.808023 0.854926
v 4.131561 1.808023 0.854926
v 4.131561 1.808023 0.854926
v 4.131561 1.808023 0.854926
v 4.131561 1.808023 0.854926
v 4.131561 1.808023 0.854926
v 4.131561 1.808023 0.854926
v 4.131561 1.808023 0.854926
vn -0.0000 -0.1951 0.9808
vn -0.0000 -0.5556 0.8315
vn -0.0000 -0.8315 0.5556
vn -0.0000 -0.9808 0.1951
vn -0.0000 -0.9808 -0.1951
vn -0.0000 -0.8315 -0.5556
vn -0.0000 -0.5556 -0.8315
vn -0.0000 -0.1951 -0.9808
vn -0.0000 0.1951 -0.9808
vn -0.0000 0.5556 -0.8315
vn -0.0000 0.8315 -0.5556
vn -0.0000 0.9808 -0.1951
vn -0.0000 0.9808 0.1951
vn -0.0000 0.8315 0.5556
vn -0.3641 0.9134 -0.1817
vn -0.0000 0.5556 0.8315
vn -0.0000 0.1951 0.9808
vn 1.0000 -0.0000 -0.0000
vn -1.0000 -0.0000 -0.0000
vn -0.6749 0.6136 0.4100
vn -0.3641 -0.9134 0.1817
vn -0.3641 0.9134 0.1817
vn -0.3641 -0.9134 -0.1817
vn -0.3641 0.7744 0.5174
vn -0.3641 -0.7744 -0.5174
vn -0.3641 0.5174 0.7744
vn -0.3641 -0.5174 -0.7744
vn -0.3641 0.1817 0.9134
vn -0.3641 0.1817 -0.9134
vn -0.3641 -0.1817 -0.9134
vn -0.3641 -0.1817 0.9134
vn -0.3641 0.5174 -0.7744
vn -0.3641 -0.5174 0.7744
vn -0.3641 0.7744 -0.5174
vn -0.3641 -0.7744 0.5174
vn -0.6749 -0.4100 -0.6136
vn -0.6749 0.4100 0.6136
vn -0.6749 -0.1440 -0.7237
vn -0.6749 -0.1440 0.7237
vn -0.6749 0.1440 0.7237
vn -0.6749 0.1440 -0.7237
vn -0.6749 -0.4100 0.6136
vn -0.6749 0.4100 -0.6136
vn -0.6749 -0.6136 0.4100
vn -0.6749 0.6136 -0.4100
vn -0.6749 -0.7237 0.1440
vn -0.6749 0.7237 -0.1440
vn -0.6749 -0.7237 -0.1440
vn -0.6749 0.7237 0.1440
vn -0.6749 -0.6136 -0.4100
vn 0.3641 0.9134 -0.1817
vn 0.6749 0.6136 0.4100
vn 0.3641 -0.9134 0.1817
vn 0.3641 0.9134 0.1817
vn 0.3641 -0.9134 -0.1817
vn 0.3641 0.7744 0.5174
vn 0.3641 -0.7744 -0.5174
vn 0.3641 0.5174 0.7744
vn 0.3641 -0.5174 -0.7744
vn 0.3641 0.1817 0.9134
vn 0.3641 0.1817 -0.9134
vn 0.3641 -0.1817 -0.9134
vn 0.3641 -0.1817 0.9134
vn 0.3641 0.5174 -0.7744
vn 0.3641 -0.5174 0.7744
vn 0.3641 0.7744 -0.5174
vn 0.3641 -0.7744 0.5174
vn 0.6749 -0.4100 -0.6136
vn 0.6749 0.4100 0.6136
vn 0.6749 -0.1440 -0.7237
vn 0.6749 -0.1440 0.7237
vn 0.6749 0.1440 0.7237
vn 0.6749 0.1440 -0.7237
vn 0.6749 -0.4100 0.6136
vn 0.6749 0.4100 -0.6136
vn 0.6749 -0.6136 0.4100
vn 0.6749 0.6136 -0.4100
vn 0.6749 -0.7237 0.1440
vn 0.6749 0.7237 -0.1440
vn 0.6749 -0.7237 -0.1440
vn 0.6749 0.7237 0.1440
vn 0.6749 -0.6136 -0.4100
vt 0.832845 0.314148
vt 0.835449 0.314148
vt 0.835449 0.315005
vt 0.832845 0.315005
vt 0.835513 0.315796
vt 0.832909 0.315796
vt 0.911567 0.289188
vt 0.914170 0.289188
vt 0.914052 0.289794
vt 0.911448 0.289794
vt 0.913989 0.290586
vt 0.911385 0.290586
vt 0.913989 0.291443
vt 0.911385 0.291443
vt 0.914052 0.292235
vt 0.911448 0.292235
vt 0.835980 0.314065
vt 0.838584 0.314065
vt 0.838466 0.314671
vt 0.835862 0.314671
vt 0.838402 0.315463
vt 0.835798 0.315463
vt 0.838402 0.316320
vt 0.835798 0.316320
vt 0.838466 0.317112
vt 0.835862 0.317112
vt 0.838584 0.317718
vt 0.835980 0.317718
vt 0.837425 0.371043
vt 0.837425 0.368439
vt 0.838217 0.368503
vt 0.838217 0.371107
vt 0.839074 0.368503
vt 0.839074 0.371107
vt 0.839865 0.368439
vt 0.839865 0.371043
vt 0.906160 0.345342
vt 0.906137 0.345897
vt 0.905764 0.345833
vt 0.905785 0.345329
vt 0.833027 0.312750
vt 0.835631 0.312750
vt 0.835513 0.313356
vt 0.832909 0.313356
vt 0.862344 0.314599
vt 0.862016 0.315391
vt 0.861410 0.315997
vt 0.860618 0.316325
vt 0.859761 0.316325
vt 0.858970 0.315997
vt 0.858364 0.315391
vt 0.858036 0.314599
vt 0.858036 0.313742
vt 0.858364 0.312950
vt 0.858970 0.312344
vt 0.859761 0.312016
vt 0.860618 0.312016
vt 0.861410 0.312344
vt 0.862016 0.312950
vt 0.862344 0.313742
vt 0.888138 0.314014
vt 0.888138 0.314613
vt 0.887490 0.314742
vt 0.887490 0.313885
vt 0.888367 0.315167
vt 0.887818 0.315534
vt 0.888791 0.315591
vt 0.888424 0.316140
vt 0.889345 0.315820
vt 0.889216 0.316468
vt 0.889944 0.315820
vt 0.890073 0.316468
vt 0.890498 0.315591
vt 0.890865 0.316140
vt 0.890921 0.315167
vt 0.891470 0.315534
vt 0.891151 0.314613
vt 0.891798 0.314742
vt 0.891151 0.314014
vt 0.891798 0.313885
vt 0.890921 0.313460
vt 0.891470 0.313093
vt 0.890498 0.313037
vt 0.890865 0.312487
vt 0.889944 0.312807
vt 0.890073 0.312159
vt 0.889345 0.312807
vt 0.889216 0.312159
vt 0.888791 0.313037
vt 0.888424 0.312487
vt 0.888367 0.313460
vt 0.887818 0.313093
vt 0.821919 0.647914
vt 0.822315 0.648058
vt 0.821919 0.649469
vt 0.815467 0.351737
vt 0.815422 0.352291
vt 0.815052 0.352212
vt 0.815093 0.351709
vt 0.906137 0.344743
vt 0.905764 0.344785
vt 0.815467 0.351138
vt 0.815093 0.351165
vt 0.906071 0.344192
vt 0.905704 0.344284
vt 0.815422 0.350584
vt 0.815052 0.350663
vt 0.843234 0.274673
vt 0.843151 0.275096
vt 0.842789 0.274979
vt 0.842864 0.274594
vt 0.815556 0.370696
vt 0.815490 0.371123
vt 0.815123 0.371020
vt 0.815183 0.370632
vt 0.843279 0.274119
vt 0.842904 0.274092
vt 0.815556 0.369543
vt 0.815579 0.370141
vt 0.815204 0.370128
vt 0.815183 0.369585
vt 0.843279 0.273520
vt 0.842904 0.273547
vt 0.815490 0.368991
vt 0.815123 0.369084
vt 0.843234 0.272966
vt 0.842864 0.273045
vt 0.906071 0.346324
vt 0.905704 0.346220
vt 0.843151 0.272543
vt 0.842789 0.272660
vt 0.881117 0.358090
vt 0.881537 0.358264
vt 0.881493 0.358489
vt 0.880990 0.358281
vt 0.881992 0.358264
vt 0.882037 0.358489
vt 0.882412 0.358090
vt 0.882539 0.358281
vt 0.882733 0.357768
vt 0.882924 0.357896
vt 0.882907 0.357348
vt 0.883132 0.357393
vt 0.882907 0.356894
vt 0.883132 0.356849
vt 0.882733 0.356474
vt 0.882924 0.356346
vt 0.882412 0.356152
vt 0.882539 0.355961
vt 0.881992 0.355978
vt 0.882037 0.355753
vt 0.881537 0.355978
vt 0.881493 0.355753
vt 0.881117 0.356152
vt 0.880990 0.355961
vt 0.880796 0.356474
vt 0.880605 0.356346
vt 0.880622 0.356894
vt 0.880397 0.356849
vt 0.880622 0.357348
vt 0.880397 0.357393
vt 0.880796 0.357768
vt 0.880605 0.357896
vt 0.911822 0.745449
vt 0.880301 0.730736
vt 0.880475 0.731156
vt 0.879332 0.731383
vt 0.878364 0.732030
vt 0.878190 0.731610
vt 0.841292 0.649245
vt 0.840896 0.649389
vt 0.840896 0.647833
vt 0.884337 0.649074
vt 0.883923 0.649263
vt 0.883527 0.647852
vt 0.883527 0.649407
vt 0.841706 0.649055
vt 0.884704 0.648869
vt 0.842073 0.648850
vt 0.879980 0.732352
vt 0.879560 0.732526
vt 0.878685 0.730415
vt 0.879105 0.730241
vt 0.869323 0.648221
vt 0.869690 0.648427
vt 0.868513 0.649443
vt 0.822729 0.648247
vt 0.823096 0.648453
vt 0.868909 0.648032
vt 0.868513 0.647888
s 0
usemtl Material.001
f 1950/955/296 1983/956/296 1982/957/296 1952/958/296
f 1952/958/297 1982/957/297 1984/959/297 1954/960/297
f 1954/961/298 1984/962/298 1985/963/298 1956/964/298
f 1956/964/299 1985/963/299 1986/965/299 1958/966/299
f 1958/966/300 1986/965/300 1987/967/300 1960/968/300
f 1960/968/301 1987/967/301 1988/969/301 1962/970/301
f 1962/971/302 1988/972/302 1989/973/302 1964/974/302
f 1964/974/303 1989/973/303 1990/975/303 1966/976/303
f 1966/976/304 1990/975/304 1991/977/304 1968/978/304
f 1968/978/305 1991/977/305 1992/979/305 1970/980/305
f 1970/980/306 1992/979/306 1993/981/306 1972/982/306
f 1972/983/307 1993/984/307 1994/985/307 1974/986/307
f 1974/986/308 1994/985/308 1995/987/308 1976/988/308
f 1976/988/309 1995/987/309 1996/989/309 1978/990/309
f 1959/991/310 1957/992/310 2017/993/310 2018/994/310
f 1978/995/311 1996/996/311 1997/997/311 1980/998/311
f 1980/998/312 1997/997/312 1983/956/312 1950/955/312
f 1950/999/313 1952/1000/313 1954/1001/313 1956/1002/313 1958/1003/313 1960/1004/313 1962/1005/313 1964/1006/313 1966/1007/313 1968/1008/313 1970/1009/313 1972/1010/313 1974/1011/313 1976/1012/313 1978/1013/313 1980/1014/313
f 1951/1015/314 1953/1016/314 1982/1017/314 1983/1018/314
f 1953/1016/314 1955/1019/314 1984/1020/314 1982/1017/314
f 1955/1019/314 1957/1021/314 1985/1022/314 1984/1020/314
f 1957/1021/314 1959/1023/314 1986/1024/314 1985/1022/314
f 1959/1023/314 1961/1025/314 1987/1026/314 1986/1024/314
f 1961/1025/314 1963/1027/314 1988/1028/314 1987/1026/314
f 1963/1027/314 1965/1029/314 1989/1030/314 1988/1028/314
f 1965/1029/314 1967/1031/314 1990/1032/314 1989/1030/314
f 1967/1031/314 1969/1033/314 1991/1034/314 1990/1032/314
f 1969/1033/314 1971/1035/314 1992/1036/314 1991/1034/314
f 1971/1035/314 1973/1037/314 1993/1038/314 1992/1036/314
f 1973/1037/314 1975/1039/314 1994/1040/314 1993/1038/314
f 1975/1039/314 1977/1041/314 1995/1042/314 1994/1040/314
f 1977/1041/314 1979/1043/314 1996/1044/314 1995/1042/314
f 1979/1043/314 1981/1045/314 1997/1046/314 1996/1044/314
f 1981/1045/314 1951/1015/314 1983/1018/314 1997/1046/314
f 2012/1047/315 2011/1048/315 2043/1049/315 2044/1049/315
f 1975/1050/316 1973/1051/316 2025/1052/316 2026/1053/316
f 1961/1054/317 1959/991/317 2018/994/317 2019/1055/317
f 1977/1056/318 1975/1050/318 2026/1053/318 2027/1057/318
f 1963/1058/319 1961/1054/319 2019/1055/319 2020/1059/319
f 1979/1060/320 1977/1056/320 2027/1057/320 2028/1061/320
f 1965/1062/321 1963/1063/321 2020/1064/321 2021/1065/321
f 1981/1066/322 1979/1067/322 2028/1068/322 2029/1069/322
f 1967/1070/323 1965/1062/323 2021/1065/323 2022/1071/323
f 1953/1072/324 1951/1073/324 2015/1074/324 2014/1075/324
f 1951/1073/325 1981/1066/325 2029/1069/325 2015/1074/325
f 1969/1076/326 1967/1070/326 2022/1071/326 2023/1077/326
f 1955/1078/327 1953/1072/327 2014/1075/327 2016/1079/327
f 1971/1080/328 1969/1076/328 2023/1077/328 2024/1081/328
f 1957/992/329 1955/1082/329 2016/1083/329 2017/993/329
f 1973/1084/330 1971/1080/330 2024/1081/330 2025/1085/330
f 1999/1086/314 1998/1087/314 2014/1088/314 2015/1089/314
f 1998/1087/314 2000/1090/314 2016/1091/314 2014/1088/314
f 2000/1090/314 2001/1092/314 2017/1093/314 2016/1091/314
f 2001/1092/314 2002/1094/314 2018/1095/314 2017/1093/314
f 2002/1094/314 2003/1096/314 2019/1097/314 2018/1095/314
f 2003/1096/314 2004/1098/314 2020/1099/314 2019/1097/314
f 2004/1098/314 2005/1100/314 2021/1101/314 2020/1099/314
f 2005/1100/314 2006/1102/314 2022/1103/314 2021/1101/314
f 2006/1102/314 2007/1104/314 2023/1105/314 2022/1103/314
f 2007/1104/314 2008/1106/314 2024/1107/314 2023/1105/314
f 2008/1106/314 2009/1108/314 2025/1109/314 2024/1107/314
f 2009/1108/314 2010/1110/314 2026/1111/314 2025/1109/314
f 2010/1110/314 2011/1112/314 2027/1113/314 2026/1111/314
f 2011/1112/314 2012/1114/314 2028/1115/314 2027/1113/314
f 2012/1114/314 2013/1116/314 2029/1117/314 2028/1115/314
f 2013/1116/314 1999/1086/314 2015/1089/314 2029/1117/314
f 2030/1118/314 2031/1118/314 2045/1118/314 2044/1118/314 2043/1118/314 2042/1118/314 2041/1118/314 2040/1118/314 2039/1118/314 2038/1118/314 2037/1118/314 2036/1118/314 2035/1118/314 2034/1118/314 2033/1118/314 2032/1118/314
f 2005/1119/331 2004/1120/331 2036/1121/331 2037/1121/331
f 2013/1122/332 2012/1123/332 2044/1121/332 2045/1121/332
f 2006/1124/333 2005/1125/333 2037/1126/333 2038/1126/333
f 1998/1127/334 1999/1128/334 2031/1129/334 2030/1129/334
f 1999/1128/335 2013/1130/335 2045/1129/335 2031/1129/335
f 2007/1131/336 2006/1124/336 2038/1126/336 2039/1126/336
f 2000/1132/337 1998/1127/337 2030/1129/337 2032/1129/337
f 2008/1133/338 2007/1131/338 2039/1126/338 2040/1126/338
f 2001/1134/339 2000/1135/339 2032/1121/339 2033/1121/339
f 2009/1136/340 2008/1137/340 2040/1121/340 2041/1121/340
f 2002/1138/341 2001/1139/341 2033/1140/341 2034/1140/341
f 2010/1141/342 2009/1142/342 2041/1049/342 2042/1049/342
f 2003/1143/343 2002/1138/343 2034/1140/343 2035/1140/343
f 2011/1048/344 2010/1141/344 2042/1049/344 2043/1049/344
f 2004/1144/345 2003/1143/345 2035/1140/345 2036/1140/345
f 2046/955/296 2048/958/296 2078/957/296 2079/956/296
f 2048/958/297 2050/960/297 2080/959/297 2078/957/297
f 2050/961/298 2052/964/298 2081/963/298 2080/962/298
f 2052/964/299 2054/966/299 2082/965/299 2081/963/299
f 2054/966/300 2056/968/300 2083/967/300 2082/965/300
f 2056/968/301 2058/970/301 2084/969/301 2083/967/301
f 2058/971/302 2060/974/302 2085/973/302 2084/972/302
f 2060/974/303 2062/976/303 2086/975/303 2085/973/303
f 2062/976/304 2064/978/304 2087/977/304 2086/975/304
f 2064/978/305 2066/980/305 2088/979/305 2087/977/305
f 2066/980/306 2068/982/306 2089/981/306 2088/979/306
f 2068/983/307 2070/986/307 2090/985/307 2089/984/307
f 2070/986/308 2072/988/308 2091/987/308 2090/985/308
f 2072/988/309 2074/990/309 2092/989/309 2091/987/309
f 2055/991/346 2114/994/346 2113/993/346 2053/992/346
f 2074/995/311 2076/998/311 2093/997/311 2092/996/311
f 2076/998/312 2046/955/312 2079/956/312 2093/997/312
f 2046/999/314 2076/1014/314 2074/1013/314 2072/1012/314 2070/1011/314 2068/1010/314 2066/1009/314 2064/1008/314 2062/1007/314 2060/1006/314 2058/1005/314 2056/1004/314 2054/1003/314 2052/1002/314 2050/1001/314 2048/1000/314
f 2047/1015/313 2079/1018/313 2078/1017/313 2049/1016/313
f 2049/1016/313 2078/1017/313 2080/1020/313 2051/1019/313
f 2051/1019/313 2080/1020/313 2081/1022/313 2053/1021/313
f 2053/1021/313 2081/1022/313 2082/1024/313 2055/1023/313
f 2055/1023/313 2082/1024/313 2083/1026/313 2057/1025/313
f 2057/1025/313 2083/1026/313 2084/1028/313 2059/1027/313
f 2059/1027/313 2084/1028/313 2085/1030/313 2061/1029/313
f 2061/1029/313 2085/1030/313 2086/1032/313 2063/1031/313
f 2063/1031/313 2086/1032/313 2087/1034/313 2065/1033/313
f 2065/1033/313 2087/1034/313 2088/1036/313 2067/1035/313
f 2067/1035/313 2088/1036/313 2089/1038/313 2069/1037/313
f 2069/1037/313 2089/1038/313 2090/1040/313 2071/1039/313
f 2071/1039/313 2090/1040/313 2091/1042/313 2073/1041/313
f 2073/1041/313 2091/1042/313 2092/1044/313 2075/1043/313
f 2075/1043/313 2092/1044/313 2093/1046/313 2077/1045/313
f 2077/1045/313 2093/1046/313 2079/1018/313 2047/1015/313
f 2108/1047/347 2140/1049/347 2139/1049/347 2107/1048/347
f 2071/1050/348 2122/1053/348 2121/1052/348 2069/1051/348
f 2057/1054/349 2115/1055/349 2114/994/349 2055/991/349
f 2073/1056/350 2123/1057/350 2122/1053/350 2071/1050/350
f 2059/1058/351 2116/1059/351 2115/1055/351 2057/1054/351
f 2075/1060/352 2124/1061/352 2123/1057/352 2073/1056/352
f 2061/1062/353 2117/1065/353 2116/1064/353 2059/1063/353
f 2077/1066/354 2125/1069/354 2124/1068/354 2075/1067/354
f 2063/1070/355 2118/1071/355 2117/1065/355 2061/1062/355
f 2049/1072/356 2110/1075/356 2111/1074/356 2047/1073/356
f 2047/1073/357 2111/1074/357 2125/1069/357 2077/1066/357
f 2065/1076/358 2119/1077/358 2118/1071/358 2063/1070/358
f 2051/1078/359 2112/1079/359 2110/1075/359 2049/1072/359
f 2067/1080/360 2120/1081/360 2119/1077/360 2065/1076/360
f 2053/992/361 2113/993/361 2112/1083/361 2051/1082/361
f 2069/1084/362 2121/1085/362 2120/1081/362 2067/1080/362
f 2095/1086/313 2111/1089/313 2110/1088/313 2094/1087/313
f 2094/1087/313 2110/1088/313 2112/1091/313 2096/1090/313
f 2096/1090/313 2112/1091/313 2113/1093/313 2097/1092/313
f 2097/1092/313 2113/1093/313 2114/1095/313 2098/1094/313
f 2098/1094/313 2114/1095/313 2115/1097/313 2099/1096/313
f 2099/1096/313 2115/1097/313 2116/1099/313 2100/1098/313
f 2100/1098/313 2116/1099/313 2117/1101/313 2101/1100/313
f 2101/1100/313 2117/1101/313 2118/1103/313 2102/1102/313
f 2102/1102/313 2118/1103/313 2119/1105/313 2103/1104/313
f 2103/1104/313 2119/1105/313 2120/1107/313 2104/1106/313
f 2104/1106/313 2120/1107/313 2121/1109/313 2105/1108/313
f 2105/1108/313 2121/1109/313 2122/1111/313 2106/1110/313
f 2106/1110/313 2122/1111/313 2123/1113/313 2107/1112/313
f 2107/1112/313 2123/1113/313 2124/1115/313 2108/1114/313
f 2108/1114/313 2124/1115/313 2125/1117/313 2109/1116/313
f 2109/1116/313 2125/1117/313 2111/1089/313 2095/1086/313
f 2126/1118/314 2128/1118/314 2129/1118/314 2130/1118/314 2131/1118/314 2132/1118/314 2133/1118/314 2134/1118/314 2135/1118/314 2136/1118/314 2137/1118/314 2138/1118/314 2139/1118/314 2140/1118/314 2141/1118/314 2127/1118/314
f 2101/1119/363 2133/1121/363 2132/1121/363 2100/1120/363
f 2109/1122/364 2141/1121/364 2140/1121/364 2108/1123/364
f 2102/1124/365 2134/1126/365 2133/1126/365 2101/1125/365
f 2094/1127/366 2126/1129/366 2127/1129/366 2095/1128/366
f 2095/1128/367 2127/1129/367 2141/1129/367 2109/1130/367
f 2103/1131/368 2135/1126/368 2134/1126/368 2102/1124/368
f 2096/1132/369 2128/1129/369 2126/1129/369 2094/1127/369
f 2104/1133/370 2136/1126/370 2135/1126/370 2103/1131/370
f 2097/1134/371 2129/1121/371 2128/1121/371 2096/1135/371
f 2105/1136/372 2137/1121/372 2136/1121/372 2104/1137/372
f 2098/1138/373 2130/1140/373 2129/1140/373 2097/1139/373
f 2106/1141/374 2138/1049/374 2137/1049/374 2105/1142/374
f 2099/1143/375 2131/1140/375 2130/1140/375 2098/1138/375
f 2107/1048/376 2139/1049/376 2138/1049/376 2106/1141/376
f 2100/1144/377 2132/1140/377 2131/1140/377 2099/1143/377
o Cylinder.005
v -1.284099 1.552972 -0.656093
v -3.201263 1.552972 -1.039459
v -1.284099 1.092216 -0.747744
v -3.201263 1.238923 -1.101927
v -1.284098 0.701605 -1.008741
v -3.201263 0.972686 -1.279821
v -1.284099 0.440608 -1.399352
v -3.201263 0.794792 -1.546059
v -1.284099 0.348957 -1.860108
v -3.201264 0.732324 -1.860108
v -1.284099 0.440608 -2.320865
v -3.201264 0.794792 -2.174156
v -1.284099 0.701605 -2.711475
v -3.201264 0.972686 -2.440394
v -1.284099 1.092216 -2.972473
v -3.201264 1.238924 -2.618288
v -1.284099 1.552972 -3.064123
v -3.201264 1.552972 -2.680756
v -1.284099 2.013728 -2.972473
v -3.201264 1.867020 -2.618288
v -1.284099 2.404339 -2.711475
v -3.201264 2.133258 -2.440394
v -1.284099 2.665337 -2.320865
v -3.201264 2.311152 -2.174156
v -1.284099 2.756987 -1.860108
v -3.201264 2.373621 -1.860108
v -1.284099 2.665337 -1.399351
v -3.201264 2.311152 -1.546059
v -1.284099 2.404339 -1.008741
v -3.201264 2.133258 -1.279821
v -1.284099 2.013728 -0.747743
v -3.201263 1.867020 -1.101927
v -3.201263 1.092216 -0.747743
v -3.201263 1.552972 -0.656093
v -3.201263 0.701605 -1.008740
v -3.201263 0.440607 -1.399351
v -3.201264 0.348957 -1.860108
v -3.201264 0.440607 -2.320864
v -3.201264 0.701605 -2.711475
v -3.201264 1.092216 -2.972472
v -3.201264 1.552972 -3.064122
v -3.201264 2.013728 -2.972472
v -3.201264 2.404339 -2.711475
v -3.201264 2.665337 -2.320864
v -3.201264 2.756987 -1.860108
v -3.201264 2.665337 -1.399351
v -3.201263 2.404339 -1.008740
v -3.201263 2.013728 -0.747743
v -3.051836 1.356910 -1.386773
v -3.051836 1.552972 -1.347774
v -3.051836 1.190697 -1.497833
v -3.051836 1.079637 -1.664046
v -3.051836 1.040638 -1.860108
v -3.051836 1.079637 -2.056169
v -3.051836 1.190697 -2.222382
v -3.051836 1.356910 -2.333442
v -3.051836 1.552972 -2.372442
v -3.051836 1.749034 -2.333442
v -3.051836 1.915247 -2.222382
v -3.051836 2.026307 -2.056170
v -3.051836 2.065306 -1.860108
v -3.051836 2.026307 -1.664046
v -3.051836 1.915246 -1.497833
v -3.051836 1.749033 -1.386773
v -3.051836 1.310496 -1.274718
v -3.051836 1.552972 -1.226487
v -3.051836 1.104934 -1.412070
v -3.051836 0.967582 -1.617631
v -3.051836 0.919351 -1.860108
v -3.051836 0.967582 -2.102584
v -3.051836 1.104934 -2.308145
v -3.051836 1.310496 -2.445497
v -3.051836 1.552972 -2.493729
v -3.051836 1.795448 -2.445497
v -3.051836 2.001010 -2.308146
v -3.051836 2.138361 -2.102584
v -3.051836 2.186593 -1.860108
v -3.051836 2.138361 -1.617631
v -3.051836 2.001009 -1.412070
v -3.051836 1.795448 -1.274718
v -3.684520 1.552972 -1.860107
v -3.684520 1.552972 -1.860107
v -3.684520 1.552972 -1.860107
v -3.684520 1.552972 -1.860107
v -3.684520 1.552972 -1.860107
v -3.684520 1.552972 -1.860107
v -3.684521 1.552972 -1.860107
v -3.684521 1.552972 -1.860107
v -3.684521 1.552972 -1.860107
v -3.684521 1.552972 -1.860107
v -3.684521 1.552972 -1.860107
v -3.684521 1.552972 -1.860107
v -3.684520 1.552972 -1.860107
v -3.684520 1.552972 -1.860107
v -3.684520 1.552972 -1.860107
v -3.684520 1.552972 -1.860107
v 1.564817 1.552972 -0.656095
v 3.481982 1.552972 -1.039462
v 1.564817 1.092215 -0.747745
v 3.481982 1.238923 -1.101930
v 1.564817 0.701605 -1.008742
v 3.481982 0.972686 -1.279824
v 1.564817 0.440607 -1.399353
v 3.481982 0.794791 -1.546061
v 1.564817 0.348957 -1.860109
v 3.481982 0.732323 -1.860110
v 1.564816 0.440607 -2.320866
v 3.481982 0.794791 -2.174159
v 1.564816 0.701605 -2.711476
v 3.481981 0.972686 -2.440396
v 1.564816 1.092215 -2.972474
v 3.481981 1.238923 -2.618290
v 1.564816 1.552972 -3.064124
v 3.481981 1.552972 -2.680758
v 1.564817 2.013728 -2.972474
v 3.481982 1.867020 -2.618290
v 1.564817 2.404339 -2.711477
v 3.481982 2.133258 -2.440396
v 1.564817 2.665337 -2.320866
v 3.481982 2.311152 -2.174159
v 1.564817 2.756987 -1.860109
v 3.481982 2.373620 -1.860110
v 1.564817 2.665336 -1.399353
v 3.481982 2.311152 -1.546061
v 1.564817 2.404338 -1.008742
v 3.481982 2.133257 -1.279824
v 1.564817 2.013728 -0.747744
v 3.481982 1.867020 -1.101930
v 3.481982 1.092215 -0.747745
v 3.481982 1.552972 -0.656095
v 3.481982 0.701605 -1.008743
v 3.481982 0.440607 -1.399354
v 3.481982 0.348957 -1.860110
v 3.481981 0.440607 -2.320867
v 3.481981 0.701605 -2.711477
v 3.481981 1.092215 -2.972475
v 3.481981 1.552972 -3.064125
v 3.481982 2.013728 -2.972475
v 3.481982 2.404339 -2.711477
v 3.481982 2.665336 -2.320867
v 3.481982 2.756987 -1.860110
v 3.481982 2.665336 -1.399353
v 3.481982 2.404338 -1.008743
v 3.481982 2.013728 -0.747745
v 3.332554 1.356910 -1.386775
v 3.332554 1.552972 -1.347776
v 3.332554 1.190697 -1.497835
v 3.332554 1.079637 -1.664048
v 3.332554 1.040638 -1.860110
v 3.332554 1.079637 -2.056172
v 3.332554 1.190697 -2.222385
v 3.332554 1.356910 -2.333445
v 3.332554 1.552972 -2.372444
v 3.332554 1.749033 -2.333445
v 3.332554 1.915246 -2.222385
v 3.332554 2.026307 -2.056172
v 3.332555 2.065306 -1.860110
v 3.332554 2.026306 -1.664048
v 3.332554 1.915246 -1.497835
v 3.332554 1.749033 -1.386775
v 3.332554 1.310495 -1.274720
v 3.332554 1.552972 -1.226489
v 3.332554 1.104934 -1.412072
v 3.332554 0.967582 -1.617634
v 3.332554 0.919351 -1.860110
v 3.332554 0.967582 -2.102586
v 3.332554 1.104934 -2.308148
v 3.332554 1.310495 -2.445499
v 3.332554 1.552972 -2.493731
v 3.332554 1.795448 -2.445499
v 3.332554 2.001009 -2.308148
v 3.332554 2.138361 -2.102586
v 3.332554 2.186593 -1.860110
v 3.332555 2.138361 -1.617634
v 3.332554 2.001009 -1.412072
v 3.332554 1.795448 -1.274720
v 3.965238 1.552972 -1.860110
v 3.965238 1.552972 -1.860110
v 3.965238 1.552972 -1.860110
v 3.965238 1.552972 -1.860110
v 3.965239 1.552972 -1.860110
v 3.965239 1.552972 -1.860110
v 3.965239 1.552972 -1.860110
v 3.965239 1.552972 -1.860110
v 3.965239 1.552972 -1.860110
v 3.965239 1.552972 -1.860110
v 3.965239 1.552972 -1.860110
v 3.965239 1.552972 -1.860110
v 3.965239 1.552972 -1.860110
v 3.965239 1.552972 -1.860110
v 3.965238 1.552972 -1.860110
v 3.965238 1.552972 -1.860110
vn -0.0000 -0.1951 0.9808
vn -0.0000 -0.5556 0.8315
vn -0.0000 -0.8315 0.5556
vn -0.0000 -0.9808 0.1951
vn -0.0000 -0.9808 -0.1951
vn -0.0000 -0.8315 -0.5556
vn -0.0000 -0.5556 -0.8315
vn -0.0000 -0.1951 -0.9808
vn -0.0000 0.1951 -0.9808
vn -0.0000 0.5556 -0.8315
vn -0.0000 0.8315 -0.5556
vn -0.0000 0.9808 -0.1951
vn -0.0000 0.9808 0.1951
vn -0.0000 0.8315 0.5556
vn -0.7753 0.6194 -0.1232
vn -0.0000 0.5556 0.8315
vn -0.0000 0.1951 0.9808
vn 1.0000 -0.0000 -0.0000
vn -1.0000 -0.0000 -0.0000
vn -0.6219 0.6511 0.4351
vn -0.7753 -0.6194 0.1232
vn -0.7753 0.6194 0.1232
vn -0.7753 -0.6194 -0.1232
vn -0.7753 0.5251 0.3509
vn -0.7753 -0.5251 -0.3509
vn -0.7753 0.3509 0.5251
vn -0.7753 -0.3509 -0.5251
vn -0.7753 0.1232 0.6194
vn -0.7753 0.1232 -0.6194
vn -0.7753 -0.1232 -0.6194
vn -0.7753 -0.1232 0.6194
vn -0.7753 0.3509 -0.5251
vn -0.7753 -0.3509 0.5251
vn -0.7753 0.5251 -0.3509
vn -0.7753 -0.5251 0.3509
vn -0.0000 -0.0000 -1.0000
vn -0.6219 -0.4351 -0.6511
vn -0.6219 0.4351 0.6511
vn -0.6219 -0.1528 -0.7680
vn -0.6219 -0.1528 0.7680
vn -0.6219 0.1528 0.7680
vn -0.6219 0.1528 -0.7680
vn -0.6219 -0.4351 0.6511
vn -0.6219 0.4351 -0.6511
vn -0.6219 -0.6511 0.4351
vn -0.6219 0.6511 -0.4351
vn -0.6219 -0.7680 0.1528
vn -0.6219 0.7680 -0.1528
vn -0.6219 -0.7680 -0.1528
vn -0.6219 0.7680 0.1528
vn -0.6219 -0.6511 -0.4351
vn 0.7753 0.6194 -0.1232
vn 0.6219 0.6511 0.4351
vn 0.7753 -0.6194 0.1232
vn 0.7753 0.6194 0.1232
vn 0.7753 -0.6194 -0.1232
vn 0.7753 0.5251 0.3509
vn 0.7753 -0.5251 -0.3509
vn 0.7753 0.3509 0.5251
vn 0.7753 -0.3509 -0.5251
vn 0.7753 0.1232 0.6194
vn 0.7753 0.1232 -0.6194
vn 0.7753 -0.1232 -0.6194
vn 0.7753 -0.1232 0.6194
vn 0.7753 0.3509 -0.5251
vn 0.7753 -0.3509 0.5251
vn 0.7753 0.5251 -0.3509
vn 0.7753 -0.5251 0.3509
vn 0.6219 -0.4351 -0.6511
vn 0.6219 0.4351 0.6511
vn 0.6219 -0.1528 -0.7680
vn 0.6219 -0.1528 0.7680
vn 0.6219 0.1528 0.7680
vn 0.6219 0.1528 -0.7680
vn 0.6219 -0.4351 0.6511
vn 0.6219 0.4351 -0.6511
vn 0.6219 -0.6511 0.4351
vn 0.6219 0.6511 -0.4351
vn 0.6219 -0.7680 0.1528
vn 0.6219 0.7680 -0.1528
vn 0.6219 -0.7680 -0.1528
vn 0.6219 0.7680 0.1528
vn 0.6219 -0.6511 -0.4351
vt 0.836829 0.286598
vt 0.834219 0.286598
vt 0.834219 0.286146
vt 0.836829 0.286146
vt 0.834219 0.285555
vt 0.836829 0.285555
vt 0.834219 0.284915
vt 0.836829 0.284915
vt 0.834219 0.284324
vt 0.836829 0.284324
vt 0.834219 0.283872
vt 0.836829 0.283872
vt 0.842139 0.284232
vt 0.842139 0.281622
vt 0.842591 0.281622
vt 0.842591 0.284232
vt 0.843182 0.281622
vt 0.843182 0.284232
vt 0.843822 0.281622
vt 0.843822 0.284232
vt 0.844413 0.281622
vt 0.844413 0.284232
vt 0.824896 0.300724
vt 0.824896 0.303334
vt 0.824305 0.303334
vt 0.824305 0.300724
vt 0.823665 0.303334
vt 0.823665 0.300724
vt 0.823074 0.303334
vt 0.823074 0.300724
vt 0.884830 0.284492
vt 0.884830 0.281882
vt 0.885421 0.281882
vt 0.885421 0.284492
vt 0.886060 0.281882
vt 0.886060 0.284492
vt 0.909358 0.294424
vt 0.909358 0.294860
vt 0.909108 0.294811
vt 0.909108 0.294474
vt 0.886651 0.281882
vt 0.886651 0.284492
vt 0.887104 0.281882
vt 0.887104 0.284492
vt 0.883598 0.295999
vt 0.883353 0.296590
vt 0.882901 0.297042
vt 0.882310 0.297287
vt 0.881671 0.297287
vt 0.881080 0.297042
vt 0.880627 0.296590
vt 0.880383 0.295999
vt 0.880383 0.295359
vt 0.880627 0.294769
vt 0.881080 0.294316
vt 0.881671 0.294071
vt 0.882310 0.294071
vt 0.882901 0.294316
vt 0.883353 0.294769
vt 0.883598 0.295360
vt 0.908480 0.295738
vt 0.908882 0.295572
vt 0.909172 0.296005
vt 0.908581 0.296250
vt 0.909191 0.295263
vt 0.909625 0.295553
vt 0.909869 0.294962
vt 0.909869 0.294323
vt 0.909191 0.294022
vt 0.909625 0.293732
vt 0.908882 0.293713
vt 0.909172 0.293279
vt 0.908480 0.293546
vt 0.908581 0.293035
vt 0.908044 0.293546
vt 0.907942 0.293035
vt 0.907641 0.293713
vt 0.907351 0.293279
vt 0.907333 0.294022
vt 0.906899 0.293732
vt 0.907166 0.294424
vt 0.906654 0.294323
vt 0.907166 0.294860
vt 0.906654 0.294962
vt 0.907333 0.295263
vt 0.906899 0.295553
vt 0.907641 0.295572
vt 0.907351 0.296005
vt 0.908044 0.295738
vt 0.907942 0.296250
vt 0.808867 0.687838
vt 0.809139 0.687838
vt 0.809003 0.688700
vt 0.907416 0.294474
vt 0.907416 0.294811
vt 0.908979 0.294163
vt 0.907544 0.295122
vt 0.908741 0.293925
vt 0.907782 0.295360
vt 0.908430 0.293796
vt 0.908093 0.295489
vt 0.908093 0.293796
vt 0.908430 0.295489
vt 0.908741 0.295360
vt 0.907782 0.293925
vt 0.908979 0.295122
vt 0.907544 0.294163
vt 0.908398 0.295327
vt 0.908649 0.295222
vt 0.908842 0.295030
vt 0.908946 0.294779
vt 0.908946 0.294506
vt 0.908842 0.294255
vt 0.908649 0.294062
vt 0.908398 0.293958
vt 0.908126 0.293958
vt 0.907874 0.294062
vt 0.907682 0.294255
vt 0.907578 0.294506
vt 0.907578 0.294779
vt 0.907682 0.295030
vt 0.907874 0.295222
vt 0.908126 0.295327
vt 0.902093 0.745449
vt 0.825272 0.656578
vt 0.825501 0.656681
vt 0.824794 0.657308
vt 0.808616 0.687838
vt 0.825024 0.656466
vt 0.896488 0.669485
vt 0.896236 0.669589
vt 0.896100 0.668905
vt 0.895964 0.669589
vt 0.824794 0.656363
vt 0.812573 0.692621
vt 0.812344 0.692724
vt 0.812344 0.691779
vt 0.838285 0.688367
vt 0.838514 0.688470
vt 0.837807 0.689097
vt 0.812821 0.692509
vt 0.838037 0.688255
vt 0.813050 0.692406
vt 0.837807 0.688152
vt 0.896680 0.668517
vt 0.896784 0.668769
vt 0.809391 0.687838
vt 0.896488 0.668325
s 0
usemtl Material.001
f 2142/1145/378 2175/1146/378 2174/1147/378 2144/1148/378
f 2144/1148/379 2174/1147/379 2176/1149/379 2146/1150/379
f 2146/1150/380 2176/1149/380 2177/1151/380 2148/1152/380
f 2148/1152/381 2177/1151/381 2178/1153/381 2150/1154/381
f 2150/1154/382 2178/1153/382 2179/1155/382 2152/1156/382
f 2152/1157/383 2179/1158/383 2180/1159/383 2154/1160/383
f 2154/1160/384 2180/1159/384 2181/1161/384 2156/1162/384
f 2156/1162/385 2181/1161/385 2182/1163/385 2158/1164/385
f 2158/1164/386 2182/1163/386 2183/1165/386 2160/1166/386
f 2160/1167/387 2183/1168/387 2184/1169/387 2162/1170/387
f 2162/1170/388 2184/1169/388 2185/1171/388 2164/1172/388
f 2164/1172/389 2185/1171/389 2186/1173/389 2166/1174/389
f 2166/1175/390 2186/1176/390 2187/1177/390 2168/1178/390
f 2168/1178/391 2187/1177/391 2188/1179/391 2170/1180/391
f 2151/1181/392 2149/1182/392 2209/1183/392 2210/1184/392
f 2170/1180/393 2188/1179/393 2189/1185/393 2172/1186/393
f 2172/1186/394 2189/1185/394 2175/1187/394 2142/1188/394
f 2142/1189/395 2144/1190/395 2146/1191/395 2148/1192/395 2150/1193/395 2152/1194/395 2154/1195/395 2156/1196/395 2158/1197/395 2160/1198/395 2162/1199/395 2164/1200/395 2166/1201/395 2168/1202/395 2170/1203/395 2172/1204/395
f 2143/1205/396 2145/1206/396 2174/1207/396 2175/1208/396
f 2145/1206/396 2147/1209/396 2176/1210/396 2174/1207/396
f 2147/1209/396 2149/1182/396 2177/1211/396 2176/1210/396
f 2149/1182/396 2151/1181/396 2178/1212/396 2177/1211/396
f 2151/1181/396 2153/1213/396 2179/1214/396 2178/1212/396
f 2153/1213/396 2155/1215/396 2180/1216/396 2179/1214/396
f 2155/1215/396 2157/1217/396 2181/1218/396 2180/1216/396
f 2157/1217/396 2159/1219/396 2182/1220/396 2181/1218/396
f 2159/1219/396 2161/1221/396 2183/1222/396 2182/1220/396
f 2161/1221/396 2163/1223/396 2184/1224/396 2183/1222/396
f 2163/1223/396 2165/1225/396 2185/1226/396 2184/1224/396
f 2165/1225/396 2167/1227/396 2186/1228/396 2185/1226/396
f 2167/1227/396 2169/1229/396 2187/1230/396 2186/1228/396
f 2169/1229/396 2171/1231/396 2188/1232/396 2187/1230/396
f 2171/1231/396 2173/1233/396 2189/1234/396 2188/1232/396
f 2173/1233/396 2143/1205/396 2175/1208/396 2189/1234/396
f 2204/1235/397 2203/1236/397 2235/1237/397 2236/1237/397
f 2167/1227/398 2165/1225/398 2217/1238/398 2218/1239/398
f 2153/1213/399 2151/1181/399 2210/1184/399 2211/1240/399
f 2169/1229/400 2167/1227/400 2218/1239/400 2219/1241/400
f 2155/1215/401 2153/1213/401 2211/1240/401 2212/1242/401
f 2171/1231/402 2169/1229/402 2219/1241/402 2220/1243/402
f 2157/1217/403 2155/1215/403 2212/1242/403 2213/1244/403
f 2173/1233/404 2171/1231/404 2220/1243/404 2221/1245/404
f 2159/1219/405 2157/1217/405 2213/1244/405 2214/1246/405
f 2145/1206/406 2143/1205/406 2207/1247/406 2206/1248/406
f 2143/1205/407 2173/1233/407 2221/1245/407 2207/1247/407
f 2161/1221/408 2159/1219/408 2214/1246/408 2215/1249/408
f 2147/1209/409 2145/1206/409 2206/1248/409 2208/1250/409
f 2163/1223/410 2161/1221/410 2215/1249/410 2216/1251/410
f 2149/1182/411 2147/1209/411 2208/1250/411 2209/1183/411
f 2165/1225/412 2163/1223/412 2216/1251/412 2217/1238/412
f 2191/1252/396 2190/1253/396 2206/1248/396 2207/1247/396
f 2190/1253/396 2192/1254/396 2208/1250/396 2206/1248/396
f 2192/1254/396 2193/1255/396 2209/1183/396 2208/1250/396
f 2193/1255/396 2194/1256/396 2210/1184/396 2209/1183/396
f 2194/1256/396 2195/1257/396 2211/1240/396 2210/1184/396
f 2195/1257/396 2196/1258/396 2212/1242/396 2211/1240/396
f 2196/1258/396 2197/1259/396 2213/1244/396 2212/1242/396
f 2197/1259/396 2198/1260/396 2214/1246/396 2213/1244/396
f 2198/1260/396 2199/1261/396 2215/1249/396 2214/1246/396
f 2199/1261/396 2200/1262/396 2216/1251/396 2215/1249/396
f 2200/1262/396 2201/1263/396 2217/1238/396 2216/1251/396
f 2201/1263/396 2202/1264/396 2218/1239/396 2217/1238/396
f 2202/1264/396 2203/1265/396 2219/1241/396 2218/1239/396
f 2203/1265/396 2204/1266/396 2220/1243/396 2219/1241/396
f 2204/1266/396 2205/1267/396 2221/1245/396 2220/1243/396
f 2205/1267/396 2191/1252/396 2207/1247/396 2221/1245/396
f 2222/1268/413 2223/1268/413 2237/1268/413 2236/1268/413 2235/1268/413 2234/1268/413 2233/1268/413 2232/1268/413 2231/1268/413 2230/1268/413 2229/1268/413 2228/1268/413 2227/1268/413 2226/1268/413 2225/1268/413 2224/1268/413
f 2197/1269/414 2196/1270/414 2228/1271/414 2229/1271/414
f 2205/1272/415 2204/1235/415 2236/1237/415 2237/1237/415
f 2198/1273/416 2197/1269/416 2229/1271/416 2230/1271/416
f 2190/1274/417 2191/1275/417 2223/1276/417 2222/1276/417
f 2191/1275/418 2205/1277/418 2237/1276/418 2223/1276/418
f 2199/1278/419 2198/1273/419 2230/1271/419 2231/1271/419
f 2192/1279/420 2190/1280/420 2222/1281/420 2224/1281/420
f 2200/1282/421 2199/1283/421 2231/1284/421 2232/1284/421
f 2193/1285/422 2192/1279/422 2224/1281/422 2225/1281/422
f 2201/1286/423 2200/1282/423 2232/1284/423 2233/1284/423
f 2194/1287/424 2193/1285/424 2225/1281/424 2226/1281/424
f 2202/1288/425 2201/1286/425 2233/1284/425 2234/1284/425
f 2195/1289/426 2194/1290/426 2226/1276/426 2227/1276/426
f 2203/1236/427 2202/1291/427 2234/1237/427 2235/1237/427
f 2196/1292/428 2195/1289/428 2227/1276/428 2228/1276/428
f 2238/1145/378 2240/1148/378 2270/1147/378 2271/1146/378
f 2240/1148/379 2242/1150/379 2272/1149/379 2270/1147/379
f 2242/1150/380 2244/1152/380 2273/1151/380 2272/1149/380
f 2244/1152/381 2246/1154/381 2274/1153/381 2273/1151/381
f 2246/1154/382 2248/1156/382 2275/1155/382 2274/1153/382
f 2248/1157/383 2250/1160/383 2276/1159/383 2275/1158/383
f 2250/1160/384 2252/1162/384 2277/1161/384 2276/1159/384
f 2252/1162/385 2254/1164/385 2278/1163/385 2277/1161/385
f 2254/1164/386 2256/1166/386 2279/1165/386 2278/1163/386
f 2256/1167/387 2258/1170/387 2280/1169/387 2279/1168/387
f 2258/1170/388 2260/1172/388 2281/1171/388 2280/1169/388
f 2260/1172/389 2262/1174/389 2282/1173/389 2281/1171/389
f 2262/1175/390 2264/1178/390 2283/1177/390 2282/1176/390
f 2264/1178/391 2266/1180/391 2284/1179/391 2283/1177/391
f 2247/1181/429 2306/1184/429 2305/1183/429 2245/1182/429
f 2266/1180/393 2268/1186/393 2285/1185/393 2284/1179/393
f 2268/1186/394 2238/1188/394 2271/1187/394 2285/1185/394
f 2238/1189/396 2268/1204/396 2266/1203/396 2264/1202/396 2262/1201/396 2260/1200/396 2258/1199/396 2256/1198/396 2254/1197/396 2252/1196/396 2250/1195/396 2248/1194/396 2246/1193/396 2244/1192/396 2242/1191/396 2240/1190/396
f 2239/1205/395 2271/1208/395 2270/1207/395 2241/1206/395
f 2241/1206/395 2270/1207/395 2272/1210/395 2243/1209/395
f 2243/1209/395 2272/1210/395 2273/1211/395 2245/1182/395
f 2245/1182/395 2273/1211/395 2274/1212/395 2247/1181/395
f 2247/1181/395 2274/1212/395 2275/1214/395 2249/1213/395
f 2249/1213/395 2275/1214/395 2276/1216/395 2251/1215/395
f 2251/1215/395 2276/1216/395 2277/1218/395 2253/1217/395
f 2253/1217/395 2277/1218/395 2278/1220/395 2255/1219/395
f 2255/1219/395 2278/1220/395 2279/1222/395 2257/1221/395
f 2257/1221/395 2279/1222/395 2280/1224/395 2259/1223/395
f 2259/1223/395 2280/1224/395 2281/1226/395 2261/1225/395
f 2261/1225/395 2281/1226/395 2282/1228/395 2263/1227/395
f 2263/1227/395 2282/1228/395 2283/1230/395 2265/1229/395
f 2265/1229/395 2283/1230/395 2284/1232/395 2267/1231/395
f 2267/1231/395 2284/1232/395 2285/1234/395 2269/1233/395
f 2269/1233/395 2285/1234/395 2271/1208/395 2239/1205/395
f 2300/1235/430 2332/1237/430 2331/1237/430 2299/1236/430
f 2263/1227/431 2314/1239/431 2313/1238/431 2261/1225/431
f 2249/1213/432 2307/1240/432 2306/1184/432 2247/1181/432
f 2265/1229/433 2315/1241/433 2314/1239/433 2263/1227/433
f 2251/1215/434 2308/1242/434 2307/1240/434 2249/1213/434
f 2267/1231/435 2316/1243/435 2315/1241/435 2265/1229/435
f 2253/1217/436 2309/1244/436 2308/1242/436 2251/1215/436
f 2269/1233/437 2317/1245/437 2316/1243/437 2267/1231/437
f 2255/1219/438 2310/1246/438 2309/1244/438 2253/1217/438
f 2241/1206/439 2302/1248/439 2303/1247/439 2239/1205/439
f 2239/1205/440 2303/1247/440 2317/1245/440 2269/1233/440
f 2257/1221/441 2311/1249/441 2310/1246/441 2255/1219/441
f 2243/1209/442 2304/1250/442 2302/1248/442 2241/1206/442
f 2259/1223/443 2312/1251/443 2311/1249/443 2257/1221/443
f 2245/1182/444 2305/1183/444 2304/1250/444 2243/1209/444
f 2261/1225/445 2313/1238/445 2312/1251/445 2259/1223/445
f 2287/1252/395 2303/1247/395 2302/1248/395 2286/1253/395
f 2286/1253/395 2302/1248/395 2304/1250/395 2288/1254/395
f 2288/1254/395 2304/1250/395 2305/1183/395 2289/1255/395
f 2289/1255/395 2305/1183/395 2306/1184/395 2290/1256/395
f 2290/1256/395 2306/1184/395 2307/1240/395 2291/1257/395
f 2291/1257/395 2307/1240/395 2308/1242/395 2292/1258/395
f 2292/1258/395 2308/1242/395 2309/1244/395 2293/1259/395
f 2293/1259/395 2309/1244/395 2310/1246/395 2294/1260/395
f 2294/1260/395 2310/1246/395 2311/1249/395 2295/1261/395
f 2295/1261/395 2311/1249/395 2312/1251/395 2296/1262/395
f 2296/1262/395 2312/1251/395 2313/1238/395 2297/1263/395
f 2297/1263/395 2313/1238/395 2314/1239/395 2298/1264/395
f 2298/1264/395 2314/1239/395 2315/1241/395 2299/1265/395
f 2299/1265/395 2315/1241/395 2316/1243/395 2300/1266/395
f 2300/1266/395 2316/1243/395 2317/1245/395 2301/1267/395
f 2301/1267/395 2317/1245/395 2303/1247/395 2287/1252/395
f 2318/1268/396 2320/1268/396 2321/1268/396 2322/1268/396 2323/1268/396 2324/1268/396 2325/1268/396 2326/1268/396 2327/1268/396 2328/1268/396 2329/1268/396 2330/1268/396 2331/1268/396 2332/1268/396 2333/1268/396 2319/1268/396
f 2293/1269/446 2325/1271/446 2324/1271/446 2292/1270/446
f 2301/1272/447 2333/1237/447 2332/1237/447 2300/1235/447
f 2294/1273/448 2326/1271/448 2325/1271/448 2293/1269/448
f 2286/1274/449 2318/1276/449 2319/1276/449 2287/1275/449
f 2287/1275/450 2319/1276/450 2333/1276/450 2301/1277/450
f 2295/1278/451 2327/1271/451 2326/1271/451 2294/1273/451
f 2288/1279/452 2320/1281/452 2318/1281/452 2286/1280/452
f 2296/1282/453 2328/1284/453 2327/1284/453 2295/1283/453
f 2289/1285/454 2321/1281/454 2320/1281/454 2288/1279/454
f 2297/1286/455 2329/1284/455 2328/1284/455 2296/1282/455
f 2290/1287/456 2322/1281/456 2321/1281/456 2289/1285/456
f 2298/1288/457 2330/1284/457 2329/1284/457 2297/1286/457
f 2291/1289/458 2323/1276/458 2322/1276/458 2290/1290/458
f 2299/1236/459 2331/1237/459 2330/1237/459 2298/1291/459
f 2292/1292/460 2324/1276/460 2323/1276/460 2291/1289/460
o Cylinder.006
v -1.280132 1.166819 -2.992450
v -3.184843 1.166819 -3.242541
v -1.280132 0.944970 -3.036579
v -3.184843 1.040676 -3.267632
v -1.280132 0.756896 -3.162246
v -3.184843 0.933737 -3.339087
v -1.280132 0.631228 -3.350320
v -3.184843 0.862282 -3.446026
v -1.280132 0.587100 -3.572169
v -3.184843 0.837191 -3.572169
v -1.280133 0.631228 -3.794018
v -3.184843 0.862282 -3.698312
v -1.280133 0.756896 -3.982092
v -3.184843 0.933737 -3.805251
v -1.280133 0.944970 -4.107759
v -3.184843 1.040676 -3.876705
v -1.280133 1.166819 -4.151888
v -3.184843 1.166819 -3.901796
v -1.280133 1.388668 -4.107760
v -3.184843 1.292962 -3.876705
v -1.280133 1.576742 -3.982093
v -3.184843 1.399901 -3.805251
v -1.280133 1.702409 -3.794018
v -3.184843 1.471355 -3.698312
v -1.280133 1.746538 -3.572169
v -3.184843 1.496446 -3.572169
v -1.280132 1.702409 -3.350320
v -3.184843 1.471355 -3.446026
v -1.280132 1.576742 -3.162246
v -3.184843 1.399900 -3.339087
v -1.280132 1.388667 -3.036579
v -3.184843 1.292961 -3.267632
v -3.184843 0.944970 -3.036578
v -3.184843 1.166819 -2.992450
v -3.184843 0.756895 -3.162245
v -3.184843 0.631228 -3.350320
v -3.184843 0.587100 -3.572169
v -3.184843 0.631228 -3.794018
v -3.184843 0.756895 -3.982092
v -3.184843 0.944970 -4.107759
v -3.184843 1.166819 -4.151887
v -3.184843 1.388667 -4.107759
v -3.184843 1.576742 -3.982092
v -3.184843 1.702409 -3.794018
v -3.184843 1.746538 -3.572169
v -3.184843 1.702409 -3.350320
v -3.184843 1.576742 -3.162245
v -3.184843 1.388667 -3.036578
v -3.086482 1.083107 -3.370070
v -3.086482 1.166819 -3.353419
v -3.086482 1.012140 -3.417490
v -3.086482 0.964721 -3.488457
v -3.086482 0.948069 -3.572169
v -3.086482 0.964721 -3.655880
v -3.086482 1.012139 -3.726848
v -3.086482 1.083107 -3.774266
v -3.086482 1.166819 -3.790918
v -3.086482 1.250530 -3.774267
v -3.086482 1.321498 -3.726848
v -3.086482 1.368917 -3.655880
v -3.086482 1.385568 -3.572169
v -3.086482 1.368917 -3.488457
v -3.086482 1.321498 -3.417490
v -3.086482 1.250530 -3.370070
v 1.560849 1.166819 -2.992451
v 3.465560 1.166819 -3.242543
v 1.560849 0.944970 -3.036580
v 3.465560 1.040676 -3.267635
v 1.560849 0.756896 -3.162247
v 3.465560 0.933737 -3.339089
v 1.560849 0.631229 -3.350322
v 3.465560 0.862283 -3.446028
v 1.560849 0.587100 -3.572170
v 3.465560 0.837191 -3.572171
v 1.560849 0.631229 -3.794019
v 3.465560 0.862283 -3.698314
v 1.560849 0.756896 -3.982094
v 3.465560 0.933737 -3.805253
v 1.560849 0.944970 -4.107761
v 3.465560 1.040676 -3.876707
v 1.560849 1.166819 -4.151889
v 3.465560 1.166819 -3.901799
v 1.560849 1.388668 -4.107761
v 3.465560 1.292962 -3.876707
v 1.560849 1.576742 -3.982094
v 3.465560 1.399901 -3.805253
v 1.560849 1.702410 -3.794019
v 3.465560 1.471355 -3.698314
v 1.560849 1.746538 -3.572170
v 3.465560 1.496446 -3.572171
v 1.560849 1.702410 -3.350321
v 3.465560 1.471355 -3.446028
v 1.560849 1.576742 -3.162247
v 3.465560 1.399901 -3.339089
v 1.560849 1.388668 -3.036580
v 3.465560 1.292962 -3.267635
v 3.465560 0.944970 -3.036581
v 3.465560 1.166819 -2.992452
v 3.465560 0.756895 -3.162248
v 3.465560 0.631228 -3.350322
v 3.465560 0.587100 -3.572171
v 3.465560 0.631228 -3.794020
v 3.465560 0.756895 -3.982094
v 3.465560 0.944970 -4.107761
v 3.465560 1.166819 -4.151890
v 3.465560 1.388668 -4.107761
v 3.465560 1.576742 -3.982094
v 3.465560 1.702409 -3.794020
v 3.465560 1.746538 -3.572171
v 3.465560 1.702409 -3.350322
v 3.465560 1.576742 -3.162248
v 3.465560 1.388667 -3.036581
v 3.367199 1.083107 -3.370073
v 3.367199 1.166819 -3.353422
v 3.367199 1.012140 -3.417492
v 3.367199 0.964721 -3.488459
v 3.367199 0.948069 -3.572171
v 3.367199 0.964721 -3.655883
v 3.367199 1.012140 -3.726850
v 3.367199 1.083107 -3.774269
v 3.367199 1.166819 -3.790920
v 3.367199 1.250530 -3.774269
v 3.367199 1.321498 -3.726850
v 3.367199 1.368917 -3.655883
v 3.367199 1.385568 -3.572171
v 3.367199 1.368917 -3.488459
v 3.367199 1.321498 -3.417492
v 3.367199 1.250530 -3.370073
vn -0.0000 -0.1951 0.9808
vn -0.0000 -0.5556 0.8315
vn -0.0000 -0.8315 0.5556
vn -0.0000 -0.9808 0.1951
vn -0.0000 -0.9808 -0.1951
vn -0.0000 -0.8315 -0.5556
vn -0.0000 -0.5556 -0.8315
vn -0.0000 -0.1951 -0.9808
vn -0.0000 0.1951 -0.9808
vn -0.0000 0.5556 -0.8315
vn -0.0000 0.8315 -0.5556
vn -0.0000 0.9808 -0.1951
vn -0.0000 0.9808 0.1951
vn -0.0000 0.8315 0.5556
vn -0.7416 0.5578 0.3727
vn -0.0000 0.5556 0.8315
vn -0.0000 0.1951 0.9808
vn 1.0000 -0.0000 -0.0000
vn -1.0000 -0.0000 -0.0000
vn -0.7416 -0.5578 -0.3727
vn -0.7416 0.3727 0.5578
vn -0.7416 -0.3727 -0.5578
vn -0.7416 0.1309 0.6579
vn -0.7416 0.1309 -0.6579
vn -0.7416 -0.1309 -0.6579
vn -0.7416 -0.1309 0.6579
vn -0.7416 0.3727 -0.5578
vn -0.7416 -0.3727 0.5578
vn -0.7416 0.5578 -0.3727
vn -0.7416 -0.5578 0.3727
vn -0.7416 0.6579 -0.1309
vn -0.7416 -0.6579 0.1309
vn -0.7416 0.6579 0.1309
vn -0.7416 -0.6579 -0.1309
vn 0.7416 0.5578 0.3727
vn 0.7416 -0.5578 -0.3727
vn 0.7416 0.3727 0.5578
vn 0.7416 -0.3727 -0.5578
vn 0.7416 0.1309 0.6579
vn 0.7416 0.1309 -0.6579
vn 0.7416 -0.1309 -0.6579
vn 0.7416 -0.1309 0.6579
vn 0.7416 0.3727 -0.5578
vn 0.7416 -0.3727 0.5578
vn 0.7416 0.5578 -0.3727
vn 0.7416 -0.5578 0.3727
vn 0.7416 0.6579 -0.1309
vn 0.7416 -0.6579 0.1309
vn 0.7416 0.6579 0.1309
vn 0.7416 -0.6579 -0.1309
vt 0.867389 0.286479
vt 0.867389 0.283886
vt 0.867673 0.283886
vt 0.867673 0.286479
vt 0.867891 0.283886
vt 0.867891 0.286479
vt 0.818782 0.318500
vt 0.818782 0.315907
vt 0.819066 0.315907
vt 0.819066 0.318500
vt 0.819374 0.315907
vt 0.819374 0.318500
vt 0.819659 0.315907
vt 0.819659 0.318500
vt 0.819876 0.315907
vt 0.819876 0.318500
vt 0.832060 0.351222
vt 0.832060 0.353815
vt 0.831842 0.353815
vt 0.831842 0.351222
vt 0.831558 0.353815
vt 0.831558 0.351222
vt 0.831250 0.353815
vt 0.831250 0.351222
vt 0.830965 0.353815
vt 0.830965 0.351222
vt 0.817492 0.354943
vt 0.817492 0.352350
vt 0.817777 0.352350
vt 0.817777 0.354943
vt 0.818085 0.352350
vt 0.818085 0.354943
vt 0.818369 0.352350
vt 0.818369 0.354943
vt 0.866579 0.286479
vt 0.866579 0.283886
vt 0.866796 0.283886
vt 0.866796 0.286479
vt 0.821197 0.345452
vt 0.821130 0.345613
vt 0.821005 0.345530
vt 0.821049 0.345422
vt 0.867081 0.283886
vt 0.867081 0.286479
vt 0.831261 0.317957
vt 0.830953 0.317957
vt 0.830668 0.317839
vt 0.830450 0.317621
vt 0.830332 0.317337
vt 0.830332 0.317029
vt 0.830450 0.316744
vt 0.830668 0.316526
vt 0.830953 0.316409
vt 0.831261 0.316409
vt 0.831545 0.316526
vt 0.831763 0.316744
vt 0.831881 0.317029
vt 0.831881 0.317337
vt 0.831763 0.317621
vt 0.831545 0.317839
vt 0.820384 0.345613
vt 0.820508 0.345737
vt 0.820319 0.346020
vt 0.820101 0.345803
vt 0.820670 0.345804
vt 0.820603 0.346138
vt 0.820845 0.345804
vt 0.820911 0.346138
vt 0.821007 0.345737
vt 0.821196 0.346020
vt 0.821414 0.345803
vt 0.821531 0.345518
vt 0.821197 0.345277
vt 0.821531 0.345210
vt 0.821130 0.345115
vt 0.821414 0.344926
vt 0.821007 0.344991
vt 0.821196 0.344708
vt 0.820845 0.344924
vt 0.820911 0.344590
vt 0.820670 0.344924
vt 0.820603 0.344590
vt 0.820508 0.344991
vt 0.820319 0.344708
vt 0.820384 0.345115
vt 0.820101 0.344926
vt 0.820317 0.345277
vt 0.819983 0.345210
vt 0.820317 0.345452
vt 0.819983 0.345518
vt 0.820592 0.345612
vt 0.820510 0.345530
vt 0.820465 0.345422
vt 0.820465 0.345306
vt 0.820510 0.345199
vt 0.820592 0.345116
vt 0.820699 0.345072
vt 0.820815 0.345072
vt 0.820923 0.345116
vt 0.821005 0.345199
vt 0.821049 0.345306
vt 0.820923 0.345612
vt 0.820815 0.345656
vt 0.820699 0.345656
s 0
usemtl Material.001
f 2334/1293/461 2367/1294/461 2366/1295/461 2336/1296/461
f 2336/1296/462 2366/1295/462 2368/1297/462 2338/1298/462
f 2338/1299/463 2368/1300/463 2369/1301/463 2340/1302/463
f 2340/1302/464 2369/1301/464 2370/1303/464 2342/1304/464
f 2342/1304/465 2370/1303/465 2371/1305/465 2344/1306/465
f 2344/1306/466 2371/1305/466 2372/1307/466 2346/1308/466
f 2346/1309/467 2372/1310/467 2373/1311/467 2348/1312/467
f 2348/1312/468 2373/1311/468 2374/1313/468 2350/1314/468
f 2350/1314/469 2374/1313/469 2375/1315/469 2352/1316/469
f 2352/1316/470 2375/1315/470 2376/1317/470 2354/1318/470
f 2354/1319/471 2376/1320/471 2377/1321/471 2356/1322/471
f 2356/1322/472 2377/1321/472 2378/1323/472 2358/1324/472
f 2358/1324/473 2378/1323/473 2379/1325/473 2360/1326/473
f 2360/1327/474 2379/1328/474 2380/1329/474 2362/1330/474
f 2347/1331/475 2345/1332/475 2387/1333/475 2388/1334/475
f 2362/1330/476 2380/1329/476 2381/1335/476 2364/1336/476
f 2364/1336/477 2381/1335/477 2367/1294/477 2334/1293/477
f 2334/1337/478 2336/1338/478 2338/1339/478 2340/1340/478 2342/1341/478 2344/1342/478 2346/1343/478 2348/1344/478 2350/1345/478 2352/1346/478 2354/1347/478 2356/1348/478 2358/1349/478 2360/1350/478 2362/1351/478 2364/1352/478
f 2335/1353/479 2337/1354/479 2366/1355/479 2367/1356/479
f 2337/1354/479 2339/1357/479 2368/1358/479 2366/1355/479
f 2339/1357/479 2341/1359/479 2369/1360/479 2368/1358/479
f 2341/1359/479 2343/1361/479 2370/1362/479 2369/1360/479
f 2343/1361/479 2345/1332/479 2371/1363/479 2370/1362/479
f 2345/1332/479 2347/1331/479 2372/1364/479 2371/1363/479
f 2347/1331/479 2349/1365/479 2373/1366/479 2372/1364/479
f 2349/1365/479 2351/1367/479 2374/1368/479 2373/1366/479
f 2351/1367/479 2353/1369/479 2375/1370/479 2374/1368/479
f 2353/1369/479 2355/1371/479 2376/1372/479 2375/1370/479
f 2355/1371/479 2357/1373/479 2377/1374/479 2376/1372/479
f 2357/1373/479 2359/1375/479 2378/1376/479 2377/1374/479
f 2359/1375/479 2361/1377/479 2379/1378/479 2378/1376/479
f 2361/1377/479 2363/1379/479 2380/1380/479 2379/1378/479
f 2363/1379/479 2365/1381/479 2381/1382/479 2380/1380/479
f 2365/1381/479 2335/1353/479 2367/1356/479 2381/1382/479
f 2382/1383/479 2383/1384/479 2397/1385/479 2396/1386/479 2395/1387/479 2394/1388/479 2393/1389/479 2392/1390/479 2391/1391/479 2390/1392/479 2389/1393/479 2388/1334/479 2387/1333/479 2386/1394/479 2385/1395/479 2384/1396/479
f 2363/1379/480 2361/1377/480 2395/1387/480 2396/1386/480
f 2349/1365/481 2347/1331/481 2388/1334/481 2389/1393/481
f 2365/1381/482 2363/1379/482 2396/1386/482 2397/1385/482
f 2351/1367/483 2349/1365/483 2389/1393/483 2390/1392/483
f 2337/1354/484 2335/1353/484 2383/1384/484 2382/1383/484
f 2335/1353/485 2365/1381/485 2397/1385/485 2383/1384/485
f 2353/1369/486 2351/1367/486 2390/1392/486 2391/1391/486
f 2339/1357/487 2337/1354/487 2382/1383/487 2384/1396/487
f 2355/1371/488 2353/1369/488 2391/1391/488 2392/1390/488
f 2341/1359/489 2339/1357/489 2384/1396/489 2385/1395/489
f 2357/1373/490 2355/1371/490 2392/1390/490 2393/1389/490
f 2343/1361/491 2341/1359/491 2385/1395/491 2386/1394/491
f 2359/1375/492 2357/1373/492 2393/1389/492 2394/1388/492
f 2345/1332/493 2343/1361/493 2386/1394/493 2387/1333/493
f 2361/1377/494 2359/1375/494 2394/1388/494 2395/1387/494
f 2398/1293/461 2400/1296/461 2430/1295/461 2431/1294/461
f 2400/1296/462 2402/1298/462 2432/1297/462 2430/1295/462
f 2402/1299/463 2404/1302/463 2433/1301/463 2432/1300/463
f 2404/1302/464 2406/1304/464 2434/1303/464 2433/1301/464
f 2406/1304/465 2408/1306/465 2435/1305/465 2434/1303/465
f 2408/1306/466 2410/1308/466 2436/1307/466 2435/1305/466
f 2410/1309/467 2412/1312/467 2437/1311/467 2436/1310/467
f 2412/1312/468 2414/1314/468 2438/1313/468 2437/1311/468
f 2414/1314/469 2416/1316/469 2439/1315/469 2438/1313/469
f 2416/1316/470 2418/1318/470 2440/1317/470 2439/1315/470
f 2418/1319/471 2420/1322/471 2441/1321/471 2440/1320/471
f 2420/1322/472 2422/1324/472 2442/1323/472 2441/1321/472
f 2422/1324/473 2424/1326/473 2443/1325/473 2442/1323/473
f 2424/1327/474 2426/1330/474 2444/1329/474 2443/1328/474
f 2411/1331/495 2452/1334/495 2451/1333/495 2409/1332/495
f 2426/1330/476 2428/1336/476 2445/1335/476 2444/1329/476
f 2428/1336/477 2398/1293/477 2431/1294/477 2445/1335/477
f 2398/1337/479 2428/1352/479 2426/1351/479 2424/1350/479 2422/1349/479 2420/1348/479 2418/1347/479 2416/1346/479 2414/1345/479 2412/1344/479 2410/1343/479 2408/1342/479 2406/1341/479 2404/1340/479 2402/1339/479 2400/1338/479
f 2399/1353/478 2431/1356/478 2430/1355/478 2401/1354/478
f 2401/1354/478 2430/1355/478 2432/1358/478 2403/1357/478
f 2403/1357/478 2432/1358/478 2433/1360/478 2405/1359/478
f 2405/1359/478 2433/1360/478 2434/1362/478 2407/1361/478
f 2407/1361/478 2434/1362/478 2435/1363/478 2409/1332/478
f 2409/1332/478 2435/1363/478 2436/1364/478 2411/1331/478
f 2411/1331/478 2436/1364/478 2437/1366/478 2413/1365/478
f 2413/1365/478 2437/1366/478 2438/1368/478 2415/1367/478
f 2415/1367/478 2438/1368/478 2439/1370/478 2417/1369/478
f 2417/1369/478 2439/1370/478 2440/1372/478 2419/1371/478
f 2419/1371/478 2440/1372/478 2441/1374/478 2421/1373/478
f 2421/1373/478 2441/1374/478 2442/1376/478 2423/1375/478
f 2423/1375/478 2442/1376/478 2443/1378/478 2425/1377/478
f 2425/1377/478 2443/1378/478 2444/1380/478 2427/1379/478
f 2427/1379/478 2444/1380/478 2445/1382/478 2429/1381/478
f 2429/1381/478 2445/1382/478 2431/1356/478 2399/1353/478
f 2446/1383/478 2448/1396/478 2449/1395/478 2450/1394/478 2451/1333/478 2452/1334/478 2453/1393/478 2454/1392/478 2455/1391/478 2456/1390/478 2457/1389/478 2458/1388/478 2459/1387/478 2460/1386/478 2461/1385/478 2447/1384/478
f 2427/1379/496 2460/1386/496 2459/1387/496 2425/1377/496
f 2413/1365/497 2453/1393/497 2452/1334/497 2411/1331/497
f 2429/1381/498 2461/1385/498 2460/1386/498 2427/1379/498
f 2415/1367/499 2454/1392/499 2453/1393/499 2413/1365/499
f 2401/1354/500 2446/1383/500 2447/1384/500 2399/1353/500
f 2399/1353/501 2447/1384/501 2461/1385/501 2429/1381/501
f 2417/1369/502 2455/1391/502 2454/1392/502 2415/1367/502
f 2403/1357/503 2448/1396/503 2446/1383/503 2401/1354/503
f 2419/1371/504 2456/1390/504 2455/1391/504 2417/1369/504
f 2405/1359/505 2449/1395/505 2448/1396/505 2403/1357/505
f 2421/1373/506 2457/1389/506 2456/1390/506 2419/1371/506
f 2407/1361/507 2450/1394/507 2449/1395/507 2405/1359/507
f 2423/1375/508 2458/1388/508 2457/1389/508 2421/1373/508
f 2409/1332/509 2451/1333/509 2450/1394/509 2407/1361/509
f 2425/1377/510 2459/1387/510 2458/1388/510 2423/1375/510
o tanktop2
v 1.364408 3.205323 2.281519
v 1.364408 3.751958 -0.167127
v 1.364408 2.035071 2.281519
v 1.364408 3.739760 2.281519
v 1.364408 1.837749 -0.167127
v 1.364408 4.228514 -0.167127
v 2.611222 3.739760 2.281519
v 2.861806 3.205323 2.281519
v 2.611222 4.228514 -0.167127
v 2.861806 3.751958 -0.167127
v 1.364408 1.837749 1.752951
v 1.364408 4.228514 1.752951
v 1.364408 3.629028 1.752951
v 2.611222 4.228514 1.752951
v 2.861806 3.629028 1.752951
v 1.364408 3.361210 -1.587020
v 1.364408 3.814014 -1.587020
v 1.364408 1.837749 -1.587020
v 2.611222 3.814014 -1.587020
v 2.861806 3.361210 -1.587020
v 1.087044 3.157128 -2.922986
v 1.087044 3.536650 -2.922986
v 1.087044 2.115113 -2.922986
v 1.364408 1.837749 -1.321192
v 1.364408 3.597843 -1.040555
v 2.861806 3.597843 -1.040555
v 2.611222 4.228514 -1.040555
v 1.364408 4.228514 -1.040555
v 1.364408 3.814014 -2.922986
v 1.364408 3.157128 -2.922986
v 1.364408 1.837749 -2.922986
v 1.087044 3.157128 -3.237911
v 0.882670 3.332277 -3.237911
v 0.882670 2.319486 -3.237911
v 1.087044 3.536650 -3.237911
v 0.882670 3.157128 -3.237911
v 1.087044 2.115113 -3.237911
v 0.882670 3.157128 -3.012352
v 0.882670 3.332277 -3.012352
v 0.882670 2.319486 -3.012352
v 0.140085 3.205323 2.281519
v -1.084238 3.205323 2.281519
v -1.084238 3.751958 -0.167127
v -1.084238 2.035071 2.281519
v -1.084238 3.739760 2.281519
v -1.084238 1.837749 -0.167127
v -1.084238 4.228514 -0.167127
v 0.140085 1.837749 -0.167127
v 0.140085 4.228514 -0.167127
v 0.140085 2.035071 2.281519
v 0.140085 3.739760 2.281519
v -2.331052 3.739760 2.281519
v -2.581637 3.205323 2.281519
v -2.331052 4.228514 -0.167127
v -2.581637 3.751958 -0.167127
v -1.084238 1.837749 1.752951
v -1.084238 4.228514 1.752951
v -1.084238 3.629028 1.752951
v 0.140085 4.228514 1.752951
v 0.140085 1.837749 1.752951
v -2.331052 4.228514 1.752951
v -2.581637 3.629028 1.752951
v -1.084238 3.361210 -1.587020
v 0.140085 3.814014 -1.587020
v -1.084238 3.814014 -1.587020
v -1.084238 1.837749 -1.587020
v 0.140085 1.837749 -1.587020
v -2.331052 3.814014 -1.587020
v -2.581637 3.361210 -1.587020
v -0.806874 3.157128 -2.922986
v 0.140085 3.536650 -2.922986
v -0.806874 3.536650 -2.922986
v -0.806874 2.115113 -2.922986
v 0.140085 2.115113 -2.922986
v -1.084238 1.837749 -1.321192
v 0.140085 4.228514 -1.040555
v 0.140085 1.837749 -1.321192
v -1.084238 3.597843 -1.040555
v -2.581637 3.597843 -1.040555
v -2.331052 4.228514 -1.040555
v -1.084238 4.228514 -1.040555
v 0.140085 3.814014 -2.922986
v -1.084238 3.814014 -2.922986
v -1.084238 3.157128 -2.922986
v -1.084238 1.837749 -2.922986
v 0.140085 1.837749 -2.922986
v -0.806874 3.157128 -3.237911
v 0.140085 3.536650 -3.237911
v 0.140085 2.319486 -3.237911
v -0.602500 3.332277 -3.237911
v -0.602501 2.319486 -3.237911
v 0.140085 3.332277 -3.237911
v -0.806874 3.536650 -3.237911
v -0.602500 3.157128 -3.237911
v -0.806874 2.115113 -3.237911
v 0.140085 2.115113 -3.237911
v 0.140085 3.157128 -3.012352
v -0.602500 3.157128 -3.012352
v 0.140085 3.332277 -3.012352
v 0.140085 2.319486 -3.012352
v -0.602500 3.332277 -3.012352
v -0.602501 2.319486 -3.012352
vn 0.8636 0.3817 0.3294
vn 1.0000 -0.0000 -0.0000
vn -0.0000 0.7342 0.6789
vn 0.8805 0.4073 -0.2426
vn -0.0000 -0.9368 0.3497
vn -0.0000 -0.0000 1.0000
vn -0.0000 -1.0000 -0.0000
vn -0.0000 -0.9980 -0.0639
vn -0.0000 -0.7803 -0.6255
vn -0.0000 1.0000 -0.0000
vn 0.9064 0.4222 0.0135
vn -0.0000 -0.0000 -1.0000
vn -0.0000 -0.9177 0.3974
vn -0.0000 0.7967 -0.6043
vn -0.0000 -0.9848 0.1738
vn 0.9104 0.4121 -0.0364
vn -1.0000 -0.0000 -0.0000
vn -0.8636 0.3817 0.3294
vn -0.8805 0.4073 -0.2426
vn -0.9064 0.4222 0.0135
vn -0.9104 0.4121 -0.0364
vt 0.719782 0.316168
vt 0.720480 0.316141
vt 0.719966 0.316750
vt 0.719339 0.316774
vt 0.668358 0.354739
vt 0.666419 0.354428
vt 0.666419 0.354132
vt 0.668097 0.354131
vt 0.703216 0.317572
vt 0.703216 0.316984
vt 0.704603 0.316984
vt 0.704603 0.317572
vt 0.720357 0.313037
vt 0.719624 0.313065
vt 0.719339 0.312468
vt 0.719876 0.312448
vt 0.698318 0.293720
vt 0.699679 0.293720
vt 0.699679 0.294324
vt 0.698318 0.294324
vt 0.666419 0.357847
vt 0.668392 0.357845
vt 0.667925 0.358433
vt 0.666637 0.358434
vt 0.701855 0.317572
vt 0.701855 0.316984
vt 0.652123 0.298149
vt 0.652717 0.298149
vt 0.652717 0.299814
vt 0.652123 0.299535
vt 0.652123 0.296787
vt 0.652717 0.296787
vt 0.654018 0.298149
vt 0.654018 0.296787
vt 0.699679 0.290314
vt 0.698318 0.290314
vt 0.698318 0.290019
vt 0.699679 0.290019
vt 0.654125 0.299232
vt 0.654125 0.297117
vt 0.655790 0.297117
vt 0.655790 0.299232
vt 0.654125 0.299777
vt 0.655790 0.299777
vt 0.703216 0.319708
vt 0.701855 0.319708
vt 0.666419 0.355711
vt 0.668528 0.355710
vt 0.698318 0.291592
vt 0.699679 0.291592
vt 0.704603 0.319708
vt 0.719832 0.314029
vt 0.720395 0.314007
vt 0.701855 0.321287
vt 0.703216 0.321287
vt 0.703216 0.322772
vt 0.701855 0.322772
vt 0.668596 0.354131
vt 0.667872 0.352645
vt 0.668596 0.352645
vt 0.695715 0.346442
vt 0.696219 0.346442
vt 0.696219 0.347829
vt 0.695715 0.348107
vt 0.655790 0.296134
vt 0.654125 0.296134
vt 0.654125 0.295506
vt 0.655790 0.295506
vt 0.703216 0.320679
vt 0.704603 0.320679
vt 0.704603 0.321287
vt 0.701855 0.320679
vt 0.683369 0.291648
vt 0.683369 0.292701
vt 0.683019 0.292701
vt 0.683019 0.291648
vt 0.653873 0.295283
vt 0.653873 0.294230
vt 0.654222 0.294230
vt 0.654222 0.295283
vt 0.698318 0.288539
vt 0.699679 0.288539
vt 0.666419 0.352647
vt 0.712281 0.277307
vt 0.711228 0.277307
vt 0.711228 0.276998
vt 0.712590 0.276998
vt 0.712281 0.278888
vt 0.712281 0.277729
vt 0.712590 0.277729
vt 0.712590 0.279196
vt 0.711228 0.278888
vt 0.711228 0.279196
vt 0.666373 0.352243
vt 0.666373 0.351311
vt 0.666624 0.351311
vt 0.666624 0.352243
vt 0.666373 0.352437
vt 0.666624 0.352437
vt 0.705552 0.278931
vt 0.705552 0.279349
vt 0.705201 0.279349
vt 0.705201 0.278931
vt 0.705552 0.280496
vt 0.705201 0.280496
vt 0.645349 0.274419
vt 0.646175 0.274419
vt 0.646175 0.274647
vt 0.645122 0.274647
vt 0.645349 0.273293
vt 0.645349 0.274224
vt 0.645122 0.274224
vt 0.645122 0.273066
vt 0.646175 0.273293
vt 0.646175 0.273066
vt 0.699762 0.283221
vt 0.699762 0.283415
vt 0.698937 0.283415
vt 0.698937 0.283221
vt 0.857861 0.336571
vt 0.857861 0.337503
vt 0.857035 0.337503
vt 0.857035 0.336571
vt 0.674743 0.294449
vt 0.674743 0.293623
vt 0.674994 0.293623
vt 0.674994 0.294449
vt 0.658306 0.326523
vt 0.658306 0.327349
vt 0.658056 0.327349
vt 0.658056 0.326523
s 0
usemtl Material.001
f 2476/1397/511 2475/1398/511 2468/1399/511 2469/1400/511
f 2486/1401/512 2485/1402/512 2479/1403/512 2477/1404/512
f 2473/1405/513 2465/1406/513 2468/1407/513 2475/1408/513
f 2488/1409/514 2487/1410/514 2481/1411/514 2480/1412/514
f 2521/1413/515 2472/1414/515 2464/1415/515 2511/1416/515
f 2472/1417/512 2474/1418/512 2462/1419/512 2464/1420/512
f 2473/1405/513 2520/1421/513 2512/1422/513 2465/1406/513
f 2465/1423/516 2462/1424/516 2469/1425/516 2468/1426/516
f 2462/1424/516 2465/1423/516 2512/1427/516 2502/1428/516
f 2464/1429/516 2462/1424/516 2502/1428/516 2511/1430/516
f 2485/1431/517 2538/1432/517 2528/1433/517 2479/1434/517
f 2474/1435/518 2463/1436/518 2471/1437/518 2476/1438/518
f 2462/1439/519 2474/1435/519 2476/1438/519 2469/1440/519
f 2467/1441/520 2510/1442/520 2520/1421/520 2473/1405/520
f 2466/1443/512 2463/1444/512 2474/1418/512 2472/1417/512
f 2509/1445/517 2466/1446/517 2472/1414/517 2521/1413/517
f 2467/1441/520 2473/1405/520 2475/1408/520 2470/1447/520
f 2471/1448/521 2470/1449/521 2475/1398/521 2476/1397/521
f 2525/1450/520 2478/1451/520 2490/1452/520 2543/1453/520
f 2478/1454/512 2477/1404/512 2491/1455/512 2490/1456/512
f 2477/1457/522 2478/1458/522 2480/1459/522 2481/1460/522
f 2487/1461/523 2486/1462/523 2477/1463/523 2481/1464/523
f 2489/1465/524 2488/1466/524 2480/1467/524 2478/1451/524
f 2537/1468/524 2489/1465/524 2478/1451/524 2525/1450/524
f 2532/1469/520 2483/1470/520 2496/1471/520 2549/1472/520
f 2484/1473/517 2535/1474/517 2557/1475/517 2498/1476/517
f 2479/1434/517 2528/1433/517 2547/1477/517 2492/1478/517
f 2477/1404/512 2479/1403/512 2492/1479/512 2491/1455/512
f 2510/1442/520 2467/1441/520 2489/1465/520 2537/1468/520
f 2467/1441/520 2470/1447/520 2488/1466/520 2489/1465/520
f 2471/1437/525 2463/1436/525 2486/1462/525 2487/1461/525
f 2466/1446/517 2509/1445/517 2538/1432/517 2485/1431/517
f 2470/1449/526 2471/1448/526 2487/1410/526 2488/1409/526
f 2463/1444/512 2466/1443/512 2485/1402/512 2486/1401/512
f 2483/1480/522 2532/1481/522 2543/1482/522 2490/1483/522
f 2484/1484/522 2482/1485/522 2491/1486/522 2492/1487/522
f 2535/1488/522 2484/1484/522 2492/1487/522 2547/1489/522
f 2482/1485/522 2483/1480/522 2490/1483/522 2491/1486/522
f 2497/1490/527 2495/1491/527 2501/1492/527 2499/1493/527
f 2494/1494/527 2497/1490/527 2499/1493/527 2500/1495/527
f 2483/1496/512 2482/1497/512 2493/1498/512 2496/1499/512
f 2482/1497/512 2484/1500/512 2498/1501/512 2493/1498/512
f 2494/1502/522 2553/1503/522 2549/1504/522 2496/1505/522
f 2495/1506/522 2497/1507/522 2493/1508/522 2498/1509/522
f 2550/1510/522 2495/1506/522 2498/1509/522 2557/1511/522
f 2497/1507/522 2494/1502/522 2496/1505/522 2493/1508/522
f 2558/1512/522 2560/1513/522 2500/1514/522 2499/1515/522
f 2561/1516/522 2558/1517/522 2499/1518/522 2501/1519/522
f 2495/1520/520 2550/1521/520 2561/1522/520 2501/1523/520
f 2553/1524/517 2494/1525/517 2500/1526/517 2560/1527/517
f 2523/1397/528 2514/1400/528 2513/1399/528 2522/1398/528
f 2539/1401/527 2524/1404/527 2527/1403/527 2536/1402/527
f 2518/1405/513 2522/1408/513 2513/1407/513 2506/1406/513
f 2541/1409/529 2529/1412/529 2530/1411/529 2540/1410/529
f 2521/1413/515 2511/1416/515 2505/1415/515 2517/1414/515
f 2517/1417/527 2505/1420/527 2503/1419/527 2519/1418/527
f 2518/1405/513 2506/1406/513 2512/1422/513 2520/1421/513
f 2506/1423/516 2513/1426/516 2514/1425/516 2503/1424/516
f 2503/1424/516 2502/1428/516 2512/1427/516 2506/1423/516
f 2505/1429/516 2511/1430/516 2502/1428/516 2503/1424/516
f 2536/1431/517 2527/1434/517 2528/1433/517 2538/1432/517
f 2519/1435/518 2523/1438/518 2516/1437/518 2504/1436/518
f 2503/1439/519 2514/1440/519 2523/1438/519 2519/1435/519
f 2508/1441/520 2518/1405/520 2520/1421/520 2510/1442/520
f 2507/1443/527 2517/1417/527 2519/1418/527 2504/1444/527
f 2509/1445/517 2521/1413/517 2517/1414/517 2507/1446/517
f 2508/1441/520 2515/1447/520 2522/1408/520 2518/1405/520
f 2516/1448/530 2523/1397/530 2522/1398/530 2515/1449/530
f 2525/1450/520 2543/1453/520 2544/1452/520 2526/1451/520
f 2526/1454/527 2544/1456/527 2545/1455/527 2524/1404/527
f 2524/1457/522 2530/1460/522 2529/1459/522 2526/1458/522
f 2540/1461/523 2530/1464/523 2524/1463/523 2539/1462/523
f 2542/1465/524 2526/1451/524 2529/1467/524 2541/1466/524
f 2537/1468/524 2525/1450/524 2526/1451/524 2542/1465/524
f 2532/1469/520 2549/1472/520 2554/1471/520 2533/1470/520
f 2534/1473/517 2556/1476/517 2557/1475/517 2535/1474/517
f 2527/1434/517 2546/1478/517 2547/1477/517 2528/1433/517
f 2524/1404/527 2545/1455/527 2546/1479/527 2527/1403/527
f 2510/1442/520 2537/1468/520 2542/1465/520 2508/1441/520
f 2508/1441/520 2542/1465/520 2541/1466/520 2515/1447/520
f 2516/1437/525 2540/1461/525 2539/1462/525 2504/1436/525
f 2507/1446/517 2536/1431/517 2538/1432/517 2509/1445/517
f 2515/1449/531 2541/1409/531 2540/1410/531 2516/1448/531
f 2504/1444/527 2539/1401/527 2536/1402/527 2507/1443/527
f 2533/1480/522 2544/1483/522 2543/1482/522 2532/1481/522
f 2534/1484/522 2546/1487/522 2545/1486/522 2531/1485/522
f 2535/1488/522 2547/1489/522 2546/1487/522 2534/1484/522
f 2531/1485/522 2545/1486/522 2544/1483/522 2533/1480/522
f 2555/1490/512 2559/1493/512 2563/1492/512 2552/1491/512
f 2551/1494/512 2562/1495/512 2559/1493/512 2555/1490/512
f 2533/1496/527 2554/1499/527 2548/1498/527 2531/1497/527
f 2531/1497/527 2548/1498/527 2556/1501/527 2534/1500/527
f 2551/1502/522 2554/1505/522 2549/1504/522 2553/1503/522
f 2552/1506/522 2556/1509/522 2548/1508/522 2555/1507/522
f 2550/1510/522 2557/1511/522 2556/1509/522 2552/1506/522
f 2555/1507/522 2548/1508/522 2554/1505/522 2551/1502/522
f 2558/1512/522 2559/1515/522 2562/1514/522 2560/1513/522
f 2561/1516/522 2563/1519/522 2559/1518/522 2558/1517/522
f 2552/1520/520 2563/1523/520 2561/1522/520 2550/1521/520
f 2553/1524/517 2560/1527/517 2562/1526/517 2551/1525/517
