# Blender 4.2.3 LTS
# www.blender.org
mtllib tanque_decapitado.mtl
o BezierCircle.002
v 2.411743 1.811388 -0.198086
v 2.411743 1.819463 -0.555929
v 2.411743 1.838503 -0.942101
v 2.411743 1.860731 -1.345988
v 2.411743 1.878370 -1.756978
v 2.411743 1.883643 -2.164458
v 2.411743 1.868773 -2.557814
v 2.411743 1.825983 -2.926435
v 2.411743 1.747497 -3.259706
v 2.411743 1.625536 -3.547014
v 2.411743 1.452325 -3.777748
v 2.411743 1.220086 -3.941294
v 2.411743 0.921042 -4.027039
v 2.411743 0.495010 -4.023462
v 2.411743 0.115829 -3.907337
v 2.411743 -0.218307 -3.695091
v 2.411743 -0.509206 -3.403153
v 2.411743 -0.758672 -3.047951
v 2.411743 -0.968512 -2.645915
v 2.411743 -1.140532 -2.213471
v 2.411743 -1.276538 -1.767050
v 2.411743 -1.378336 -1.323079
v 2.411743 -1.447733 -0.897986
v 2.411743 -1.486534 -0.508201
v 2.411743 -1.496545 -0.170152
v 2.411743 -1.486514 0.167677
v 2.411743 -1.461280 0.552281
v 2.411743 -1.416674 0.969745
v 2.411743 -1.348526 1.406156
v 2.411743 -1.252667 1.847601
v 2.411743 -1.124927 2.280168
v 2.411743 -0.961136 2.689942
v 2.411743 -0.757126 3.063011
v 2.411743 -0.508726 3.385461
v 2.411743 -0.211768 3.643380
v 2.411743 0.137919 3.822853
v 2.411743 0.544503 3.909969
v 2.411743 0.895627 3.882253
v 2.411743 1.177514 3.744996
v 2.411743 1.397543 3.513900
v 2.411743 1.563090 3.204666
v 2.411743 1.681532 2.832994
v 2.411743 1.760247 2.414585
v 2.411743 1.806612 1.965140
v 2.411743 1.828004 1.500360
v 2.411743 1.831801 1.035947
v 2.411743 1.825379 0.587600
v 2.411743 1.816116 0.171022
l 1 2
l 2 3
l 3 4
l 4 5
l 5 6
l 6 7
l 7 8
l 8 9
l 9 10
l 10 11
l 11 12
l 12 13
l 13 14
l 14 15
l 15 16
l 16 17
l 17 18
l 18 19
l 19 20
l 20 21
l 21 22
l 22 23
l 23 24
l 24 25
l 25 26
l 26 27
l 27 28
l 28 29
l 29 30
l 30 31
l 31 32
l 32 33
l 33 34
l 34 35
l 35 36
l 36 37
l 37 38
l 38 39
l 39 40
l 40 41
l 41 42
l 42 43
l 43 44
l 44 45
l 45 46
l 46 47
l 47 48
l 1 48
o Cube
v 1.322171 0.028278 1.301023
v 1.322171 2.449612 1.301023
v 1.322171 0.028278 -0.698977
v 1.322171 2.449612 -0.698977
v 1.322171 1.977030 -0.698977
v 1.322171 1.977030 1.301023
v 1.322171 0.735324 -0.698977
v 1.322171 1.977030 2.839251
v 2.773964 2.449612 1.301023
v 2.773964 2.449612 -0.698977
v 2.916554 1.977030 -0.698977
v 2.916554 1.977030 1.301023
v 1.322171 2.449612 -2.336474
v 1.322171 1.977030 -2.336474
v 1.322171 0.028278 -2.336474
v 2.773964 2.449612 -2.336474
v 2.916554 1.977030 -2.336474
v 1.322171 0.028278 1.818280
v 1.322171 2.449612 2.075722
v 2.378311 2.449612 2.075722
v 2.520901 1.977030 2.431126
v 1.322171 0.735324 1.301023
v 1.322171 0.735324 2.839251
v 1.322171 0.735324 -2.336474
v 1.151186 2.295845 -2.921436
v 1.151186 0.906309 -3.076470
v 1.322171 0.028278 -2.378035
v 1.151186 1.977030 -3.076470
v 1.322171 2.449612 -2.846661
v 1.322171 1.977030 -3.076470
v 1.322171 0.735324 -3.076470
v 1.151186 1.932432 -2.882776
v 1.151186 2.251246 -2.727742
v 1.151186 0.861710 -2.882776
v 1.322171 1.356177 -0.698977
v 1.322171 1.356177 1.301023
v 1.322171 1.356177 3.022838
v 1.322171 1.356177 -2.336474
v 1.322171 1.356177 -3.076470
v 1.151186 1.441669 -3.076470
v 1.151186 1.397071 -2.882776
v -1.265738 0.028278 1.301023
v -1.265738 2.449612 1.301023
v -1.265738 0.028278 -0.698977
v -1.265738 2.449612 -0.698977
v 0.028216 0.028278 -0.698977
v 0.028216 2.449612 -0.698977
v 0.028216 0.028278 1.301023
v 0.028216 2.449612 1.301023
v -1.265738 1.977030 -0.698977
v -1.265738 1.977030 1.301023
v -1.265738 0.735324 -0.698977
v -1.265738 1.977030 2.839251
v -2.717531 2.449612 1.301023
v -2.717531 2.449612 -0.698977
v -2.860121 1.977030 -0.698977
v -2.860121 1.977030 1.301023
v 0.028216 2.449612 -2.336474
v -1.265738 2.449612 -2.336474
v -1.265738 1.977030 -2.336474
v -1.265738 0.028278 -2.336474
v 0.028216 0.028278 -2.336474
v -2.717531 2.449612 -2.336474
v -2.860121 1.977030 -2.336474
v -1.265738 0.028278 1.818280
v 0.028216 0.028278 1.818280
v -1.265738 2.449612 2.075722
v 0.028216 2.449612 2.075722
v 0.028216 1.977030 2.839251
v -2.321878 2.449612 2.075722
v -2.464468 1.977030 2.431126
v -1.265738 0.735324 1.301023
v -1.265738 0.735324 2.839251
v -1.265738 0.735324 -2.336474
v 0.028216 0.735324 2.839251
v 0.028216 2.295845 -2.921436
v -1.094753 2.295845 -2.921436
v -1.094753 0.906309 -3.076470
v -1.265738 0.028278 -2.378035
v 0.028216 0.028278 -2.378035
v 0.028216 0.906309 -3.076470
v -1.094753 1.977030 -3.076470
v 0.028216 2.449612 -2.846661
v -1.265738 2.449612 -2.846661
v -1.265738 1.977030 -3.076470
v -1.265738 0.735324 -3.076470
v 0.028216 0.735324 -3.076470
v 0.028216 2.251246 -2.727742
v 0.028216 1.932432 -2.882776
v -1.094753 1.932432 -2.882776
v 0.028216 0.861710 -2.882776
v -1.094753 2.251246 -2.727742
v -1.094753 0.861710 -2.882776
v -1.265738 1.356177 -0.698977
v -1.265738 1.356177 1.301023
v -1.265738 1.356177 3.022838
v -1.265738 1.356177 -2.336474
v 0.028216 1.356177 3.022838
v -1.265738 1.356177 -3.076470
v -1.094753 1.441669 -3.076470
v 0.028216 1.397071 -2.882776
v -1.094753 1.397071 -2.882776
vn -0.0000 -1.0000 -0.0000
vn -0.0000 1.0000 -0.0000
vn 0.8506 0.3895 0.3533
vn 1.0000 -0.0000 -0.0000
vn 0.9574 0.2889 -0.0000
vn -0.0000 -0.0000 -1.0000
vn -0.0000 0.8503 0.5263
vn -0.0000 0.2836 0.9590
vn 0.1145 0.7661 0.6325
vn -0.0000 -0.8221 0.5693
vn -0.0000 -0.9745 -0.2244
vn -1.0000 -0.0000 -0.0000
vn -0.0000 -0.7028 -0.7114
vn -0.0000 0.4373 -0.8993
vn -0.0000 0.9745 0.2244
vn -0.0000 -0.2836 0.9590
vn -0.8506 0.3895 0.3533
vn -0.9574 0.2889 -0.0000
vn -0.1145 0.7661 0.6325
vt 0.720459 0.339895
vt 0.720460 0.339895
vt 0.720460 0.339897
vt 0.720459 0.339897
vt 0.720430 0.339870
vt 0.720430 0.339873
vt 0.720429 0.339873
vt 0.720429 0.339870
vt 0.720459 0.339893
vt 0.720460 0.339893
vt 0.720432 0.339870
vt 0.720432 0.339873
vt 0.720404 0.339935
vt 0.720405 0.339935
vt 0.720404 0.339936
vt 0.720430 0.339874
vt 0.720429 0.339874
vt 0.720436 0.339879
vt 0.720436 0.339881
vt 0.720435 0.339879
vt 0.720434 0.339879
vt 0.720434 0.339877
vt 0.720435 0.339877
vt 0.720404 0.339932
vt 0.720405 0.339932
vt 0.720425 0.339911
vt 0.720423 0.339911
vt 0.720423 0.339909
vt 0.720425 0.339909
vt 0.720423 0.339913
vt 0.720425 0.339913
vt 0.720459 0.339892
vt 0.720460 0.339892
vt 0.720435 0.339876
vt 0.720436 0.339877
vt 0.720436 0.339876
vt 0.720484 0.339925
vt 0.720484 0.339923
vt 0.720429 0.339868
vt 0.720430 0.339868
vt 0.720432 0.339868
vt 0.720404 0.339930
vt 0.720405 0.339930
vt 0.720430 0.339875
vt 0.720432 0.339874
vt 0.720432 0.339875
vt 0.720453 0.339938
vt 0.720453 0.339940
vt 0.720424 0.339915
vt 0.720423 0.339915
vt 0.720436 0.339883
vt 0.720436 0.339884
vt 0.720434 0.339881
vt 0.720435 0.339881
vt 0.720435 0.339883
vt 0.720434 0.339882
vt 0.720459 0.339891
vt 0.720460 0.339891
vt 0.720430 0.339867
vt 0.720432 0.339867
vt 0.720418 0.339910
vt 0.720418 0.339911
vt 0.720447 0.339858
vt 0.720460 0.339898
vt 0.720459 0.339898
vt 0.720437 0.339877
vt 0.720437 0.339876
vt 0.720477 0.339936
vt 0.720475 0.339936
vt 0.720475 0.339935
vt 0.720477 0.339935
vt 0.720477 0.339937
vt 0.720475 0.339937
vt 0.720477 0.339938
vt 0.720475 0.339938
vt 0.842077 0.319939
vt 0.842079 0.319939
vt 0.842077 0.319940
vt 0.842079 0.319940
vt 0.720402 0.339909
vt 0.720402 0.339911
vt 0.720401 0.339911
vt 0.720401 0.339909
vt 0.720447 0.339859
vt 0.842077 0.319941
vt 0.842079 0.319941
vt 0.720452 0.339938
vt 0.720452 0.339940
s 0
usemtl Material.001
f 51/1/1 94/2/1 110/3/1 63/4/1
f 52/5/2 50/6/2 57/7/2 58/8/2
f 94/2/1 51/1/1 49/9/1 96/10/1
f 52/5/2 95/11/2 97/12/2 50/6/2
f 60/13/3 57/14/3 68/14/3 69/15/3
f 57/7/2 50/6/2 67/16/2 68/17/2
f 83/18/4 53/18/4 54/19/4 84/19/4
f 55/20/4 51/21/4 63/22/4 72/23/4
f 59/24/5 58/25/5 57/14/5 60/13/5
f 59/26/1 53/27/1 62/28/1 65/29/1
f 54/30/1 53/27/1 59/26/1 60/31/1
f 96/10/1 49/9/1 66/32/1 114/33/1
f 72/23/4 63/22/4 75/22/4 79/34/4
f 86/35/4 72/23/4 79/34/4 87/36/4
f 62/37/6 61/37/6 64/38/6 65/38/6
f 52/5/2 58/8/2 64/39/2 61/40/2
f 95/11/2 52/5/2 61/40/2 106/41/2
f 58/25/5 59/24/5 65/42/5 64/43/5
f 56/44/7 67/16/7 116/45/7 117/46/7
f 85/47/8 56/47/8 117/48/8 146/48/8
f 67/16/9 56/44/9 69/17/9 68/17/9
f 54/30/1 60/31/1 69/49/1 56/50/1
f 84/19/4 54/19/4 56/51/4 85/52/4
f 50/6/2 97/12/2 116/45/2 67/16/2
f 49/53/4 70/54/4 71/55/4 66/56/4
f 66/32/10 71/57/10 123/58/10 114/33/10
f 106/41/2 61/40/2 77/59/2 131/60/2
f 83/18/4 55/20/4 72/23/4 86/35/4
f 51/21/4 55/20/4 70/54/4 49/53/4
f 124/61/11 73/62/11 81/62/11 136/61/11
f 88/63/12 74/63/12 82/63/12 89/63/12
f 128/3/13 135/64/13 79/65/13 75/4/13
f 61/66/4 62/35/4 78/36/4 77/67/4
f 63/4/1 110/3/1 128/3/1 75/4/1
f 73/68/14 124/69/14 131/70/14 77/71/14
f 76/68/14 73/68/14 77/71/14 78/68/14
f 88/72/6 76/68/6 78/68/6 87/72/6
f 129/73/6 74/72/6 79/74/6 135/75/6
f 137/76/14 136/76/14 81/77/14 80/77/14
f 149/78/6 137/76/6 80/77/6 89/79/6
f 74/80/15 129/81/15 139/82/15 82/83/15
f 73/84/12 76/84/12 80/84/12 81/84/12
f 139/85/6 149/78/6 89/79/6 82/86/6
f 74/72/6 88/72/6 87/72/6 79/74/6
f 76/84/12 88/63/12 89/63/12 80/84/12
f 53/18/4 83/18/4 86/35/4 62/35/4
f 70/54/4 84/19/4 85/52/4 71/55/4
f 71/87/16 85/47/16 146/48/16 123/88/16
f 62/35/4 86/35/4 87/36/4 78/36/4
f 55/20/4 83/18/4 84/19/4 70/54/4
f 92/1/1 109/4/1 110/3/1 94/2/1
f 93/5/2 103/8/2 102/7/2 91/6/2
f 94/2/1 96/10/1 90/9/1 92/1/1
f 93/5/2 91/6/2 97/12/2 95/11/2
f 105/13/17 119/15/17 118/14/17 102/14/17
f 102/7/2 118/17/2 115/16/2 91/6/2
f 142/18/12 143/19/12 99/19/12 98/18/12
f 100/20/12 122/23/12 109/22/12 92/21/12
f 104/24/18 105/13/18 102/14/18 103/25/18
f 104/26/1 112/29/1 108/28/1 98/27/1
f 99/30/1 105/31/1 104/26/1 98/27/1
f 96/10/1 114/33/1 113/32/1 90/9/1
f 122/23/12 134/34/12 127/22/12 109/22/12
f 145/35/12 147/36/12 134/34/12 122/23/12
f 108/37/6 112/38/6 111/38/6 107/37/6
f 93/5/2 107/40/2 111/39/2 103/8/2
f 95/11/2 106/41/2 107/40/2 93/5/2
f 103/25/18 111/43/18 112/42/18 104/24/18
f 101/44/7 117/46/7 116/45/7 115/16/7
f 144/47/8 146/48/8 117/48/8 101/47/8
f 115/16/19 118/17/19 119/17/19 101/44/19
f 99/30/1 101/50/1 119/49/1 105/31/1
f 143/19/12 144/52/12 101/51/12 99/19/12
f 91/6/2 115/16/2 116/45/2 97/12/2
f 90/53/12 113/56/12 121/55/12 120/54/12
f 113/32/10 114/33/10 123/58/10 121/57/10
f 106/41/2 131/60/2 132/59/2 107/40/2
f 142/18/12 145/35/12 122/23/12 100/20/12
f 92/21/12 90/53/12 120/54/12 100/20/12
f 124/61/11 136/61/11 140/62/11 125/62/11
f 148/63/4 150/63/4 141/63/4 126/63/4
f 128/3/13 127/4/13 134/65/13 135/64/13
f 107/66/12 132/67/12 133/36/12 108/35/12
f 109/4/1 127/4/1 128/3/1 110/3/1
f 125/68/14 132/71/14 131/70/14 124/69/14
f 130/68/14 133/68/14 132/71/14 125/68/14
f 148/72/6 147/72/6 133/68/6 130/68/6
f 129/73/6 135/75/6 134/74/6 126/72/6
f 137/76/14 138/77/14 140/77/14 136/76/14
f 149/78/6 150/79/6 138/77/6 137/76/6
f 126/80/15 141/83/15 139/82/15 129/81/15
f 125/84/4 140/84/4 138/84/4 130/84/4
f 139/85/6 141/86/6 150/79/6 149/78/6
f 126/72/6 134/74/6 147/72/6 148/72/6
f 130/84/4 138/84/4 150/63/4 148/63/4
f 98/18/12 108/35/12 145/35/12 142/18/12
f 120/54/12 121/55/12 144/52/12 143/19/12
f 121/87/16 123/88/16 146/48/16 144/47/16
f 108/35/12 133/36/12 147/36/12 145/35/12
f 100/20/12 120/54/12 143/19/12 142/18/12
o Cylinder.011
v 1.323094 0.419717 1.500553
v 3.089440 0.419717 1.853761
v 1.323094 -0.004793 1.584994
v 3.089440 0.130374 1.911315
v 1.323094 -0.364675 1.825459
v 3.089440 -0.114919 2.075215
v 1.323094 -0.605141 2.185341
v 3.089440 -0.278819 2.320508
v 1.323094 -0.689581 2.609851
v 3.089440 -0.336373 2.609851
v 1.323094 -0.605141 3.034361
v 3.089440 -0.278819 2.899194
v 1.323094 -0.364675 3.394243
v 3.089440 -0.114919 3.144487
v 1.323094 -0.004793 3.634709
v 3.089440 0.130374 3.308387
v 1.323094 0.419717 3.719149
v 3.089440 0.419717 3.365941
v 1.323094 0.844226 3.634709
v 3.089440 0.709060 3.308387
v 1.323094 1.204109 3.394243
v 3.089440 0.954353 3.144488
v 1.323094 1.444574 3.034361
v 3.089440 1.118253 2.899194
v 1.323094 1.529015 2.609851
v 3.089440 1.175807 2.609851
v 1.323094 1.444574 2.185341
v 3.089440 1.118253 2.320508
v 1.323094 1.204108 1.825459
v 3.089440 0.954353 2.075215
v 1.323094 0.844226 1.584993
v 3.089440 0.709060 1.911315
v 3.089440 -0.004793 1.584994
v 3.089440 0.419717 1.500553
v 3.089440 -0.364675 1.825459
v 3.089440 -0.605141 2.185341
v 3.089440 -0.689581 2.609851
v 3.089440 -0.605141 3.034361
v 3.089440 -0.364675 3.394243
v 3.089440 -0.004793 3.634709
v 3.089440 0.419717 3.719149
v 3.089440 0.844227 3.634709
v 3.089440 1.204109 3.394243
v 3.089440 1.444574 3.034361
v 3.089440 1.529015 2.609851
v 3.089440 1.444574 2.185341
v 3.089440 1.204109 1.825459
v 3.089440 0.844226 1.584993
v 2.951768 0.196316 2.070513
v 2.951768 0.419717 2.026076
v 2.951768 0.006925 2.197059
v 2.951768 -0.119621 2.386450
v 2.951768 -0.164059 2.609851
v 2.951768 -0.119621 2.833252
v 2.951768 0.006925 3.022643
v 2.951768 0.196316 3.149189
v 2.951768 0.419717 3.193627
v 2.951768 0.643118 3.149189
v 2.951768 0.832509 3.022643
v 2.951768 0.959055 2.833252
v 2.951768 1.003493 2.609851
v 2.951768 0.959055 2.386450
v 2.951768 0.832508 2.197059
v 2.951768 0.643118 2.070513
v -1.323094 0.419717 1.500553
v -3.089440 0.419717 1.853761
v -1.323094 -0.004793 1.584994
v -3.089440 0.130374 1.911315
v -1.323094 -0.364675 1.825459
v -3.089440 -0.114919 2.075215
v -1.323094 -0.605141 2.185341
v -3.089440 -0.278819 2.320508
v -1.323094 -0.689581 2.609851
v -3.089440 -0.336373 2.609851
v -1.323094 -0.605141 3.034361
v -3.089440 -0.278819 2.899194
v -1.323094 -0.364675 3.394243
v -3.089440 -0.114919 3.144487
v -1.323094 -0.004793 3.634709
v -3.089440 0.130374 3.308387
v -1.323094 0.419717 3.719149
v -3.089440 0.419717 3.365941
v -1.323094 0.844226 3.634709
v -3.089440 0.709060 3.308387
v -1.323094 1.204109 3.394243
v -3.089440 0.954353 3.144488
v -1.323094 1.444574 3.034361
v -3.089440 1.118253 2.899194
v -1.323094 1.529015 2.609851
v -3.089440 1.175807 2.609851
v -1.323094 1.444574 2.185341
v -3.089440 1.118253 2.320508
v -1.323094 1.204109 1.825459
v -3.089440 0.954353 2.075215
v -1.323094 0.844226 1.584993
v -3.089440 0.709060 1.911315
v -3.089440 -0.004793 1.584994
v -3.089440 0.419717 1.500553
v -3.089440 -0.364675 1.825459
v -3.089440 -0.605141 2.185341
v -3.089440 -0.689581 2.609851
v -3.089440 -0.605141 3.034361
v -3.089440 -0.364675 3.394243
v -3.089440 -0.004793 3.634709
v -3.089440 0.419717 3.719149
v -3.089440 0.844227 3.634709
v -3.089440 1.204109 3.394243
v -3.089440 1.444575 3.034361
v -3.089440 1.529015 2.609851
v -3.089440 1.444574 2.185341
v -3.089440 1.204109 1.825459
v -3.089440 0.844226 1.584993
v -2.951768 0.196316 2.070513
v -2.951768 0.419717 2.026076
v -2.951768 0.006925 2.197059
v -2.951768 -0.119621 2.386450
v -2.951768 -0.164059 2.609851
v -2.951768 -0.119621 2.833252
v -2.951768 0.006925 3.022643
v -2.951768 0.196316 3.149189
v -2.951768 0.419717 3.193627
v -2.951768 0.643118 3.149189
v -2.951768 0.832509 3.022643
v -2.951768 0.959055 2.833252
v -2.951768 1.003493 2.609851
v -2.951768 0.959055 2.386450
v -2.951768 0.832508 2.197059
v -2.951768 0.643118 2.070513
vn -0.0000 -0.1951 -0.9808
vn -0.0000 -0.5556 -0.8315
vn -0.0000 -0.8315 -0.5556
vn -0.0000 -0.9808 -0.1951
vn -0.0000 -0.9808 0.1951
vn -0.0000 -0.8315 0.5556
vn -0.0000 -0.5556 0.8315
vn -0.0000 -0.1951 0.9808
vn -0.0000 0.1951 0.9808
vn -0.0000 0.5556 0.8315
vn -0.0000 0.8315 0.5556
vn -0.0000 0.9808 0.1951
vn -0.0000 0.9808 -0.1951
vn -0.0000 0.8315 -0.5556
vn 0.7753 0.6194 0.1232
vn -0.0000 0.5556 -0.8315
vn -0.0000 0.1951 -0.9808
vn -1.0000 -0.0000 -0.0000
vn 1.0000 -0.0000 -0.0000
vn 0.7753 -0.6194 -0.1232
vn 0.7753 0.6194 -0.1232
vn 0.7753 -0.6194 0.1232
vn 0.7753 0.5251 -0.3509
vn 0.7753 -0.5251 0.3509
vn 0.7753 0.3509 -0.5251
vn 0.7753 -0.3509 0.5251
vn 0.7753 0.1232 -0.6194
vn 0.7753 0.1232 0.6194
vn 0.7753 -0.1232 0.6194
vn 0.7753 -0.1232 -0.6194
vn 0.7753 0.3509 0.5251
vn 0.7753 -0.3509 -0.5251
vn 0.7753 0.5251 0.3509
vn 0.7753 -0.5251 -0.3509
vn -0.7753 0.6194 0.1232
vn -0.7753 -0.6194 -0.1232
vn -0.7753 0.6194 -0.1232
vn -0.7753 -0.6194 0.1232
vn -0.7753 0.5251 -0.3509
vn -0.7753 -0.5251 0.3509
vn -0.7753 0.3509 -0.5251
vn -0.7753 -0.3509 0.5251
vn -0.7753 0.1232 -0.6194
vn -0.7753 0.1232 0.6194
vn -0.7753 -0.1232 0.6194
vn -0.7753 -0.1232 -0.6194
vn -0.7753 0.3509 0.5251
vn -0.7753 -0.3509 -0.5251
vn -0.7753 0.5251 0.3509
vn -0.7753 -0.5251 -0.3509
vt 0.903972 0.291709
vt 0.901688 0.291709
vt 0.901688 0.291314
vt 0.903972 0.291314
vt 0.901688 0.290797
vt 0.903972 0.290797
vt 0.901688 0.290237
vt 0.903972 0.290237
vt 0.901688 0.289720
vt 0.903972 0.289720
vt 0.901688 0.289324
vt 0.903972 0.289324
vt 0.868895 0.288562
vt 0.868895 0.290846
vt 0.868500 0.290846
vt 0.868500 0.288562
vt 0.867983 0.290846
vt 0.867983 0.288562
vt 0.867423 0.290846
vt 0.867423 0.288562
vt 0.866906 0.290846
vt 0.866906 0.288562
vt 0.868907 0.286141
vt 0.868907 0.288425
vt 0.868390 0.288425
vt 0.868390 0.286141
vt 0.867830 0.288425
vt 0.867830 0.286141
vt 0.867313 0.288425
vt 0.867313 0.286141
vt 0.833707 0.288520
vt 0.833707 0.290804
vt 0.833190 0.290804
vt 0.833190 0.288520
vt 0.832630 0.290804
vt 0.832630 0.288520
vt 0.869349 0.713479
vt 0.868996 0.713333
vt 0.869120 0.713148
vt 0.869392 0.713260
vt 0.832113 0.290804
vt 0.832113 0.288520
vt 0.831717 0.290804
vt 0.831717 0.288520
vt 0.837764 0.310416
vt 0.837978 0.310933
vt 0.837978 0.311493
vt 0.837764 0.312010
vt 0.837368 0.312406
vt 0.836851 0.312620
vt 0.836291 0.312620
vt 0.835774 0.312406
vt 0.835378 0.312010
vt 0.835164 0.311493
vt 0.835164 0.310933
vt 0.835378 0.310416
vt 0.835774 0.310021
vt 0.836291 0.309806
vt 0.836851 0.309806
vt 0.837368 0.310021
vt 0.839393 0.346638
vt 0.839393 0.347019
vt 0.838945 0.347108
vt 0.838945 0.346549
vt 0.839539 0.347372
vt 0.839160 0.347625
vt 0.839809 0.347641
vt 0.839555 0.348021
vt 0.840161 0.347787
vt 0.840072 0.348235
vt 0.840543 0.347787
vt 0.840632 0.348235
vt 0.840895 0.347641
vt 0.841149 0.348021
vt 0.841165 0.347372
vt 0.841545 0.347625
vt 0.841311 0.347019
vt 0.841759 0.347108
vt 0.841311 0.346638
vt 0.841759 0.346549
vt 0.841165 0.346285
vt 0.841545 0.346032
vt 0.840895 0.346016
vt 0.841149 0.345636
vt 0.840543 0.345870
vt 0.840632 0.345422
vt 0.840161 0.345870
vt 0.840072 0.345422
vt 0.839809 0.346016
vt 0.839555 0.345636
vt 0.839539 0.346285
vt 0.839160 0.346032
vt 0.868799 0.712667
vt 0.868799 0.712373
vt 0.868912 0.712100
vt 0.869120 0.711892
vt 0.869392 0.711779
vt 0.869687 0.711779
vt 0.869959 0.711892
vt 0.870167 0.712100
vt 0.870280 0.712373
vt 0.870280 0.712667
vt 0.870167 0.712939
vt 0.869959 0.713148
vt 0.869687 0.713260
vt 0.868912 0.712939
vt 0.869730 0.711561
vt 0.870083 0.711707
vt 0.869730 0.713479
vt 0.869349 0.711561
vt 0.870083 0.713333
vt 0.868996 0.711707
vt 0.870353 0.713063
vt 0.868727 0.711977
vt 0.870498 0.712711
vt 0.868581 0.712711
vt 0.868581 0.712329
vt 0.870498 0.712329
vt 0.868727 0.713063
vt 0.870353 0.711977
s 0
usemtl Material.001
f 151/89/20 184/90/20 183/91/20 153/92/20
f 153/92/21 183/91/21 185/93/21 155/94/21
f 155/94/22 185/93/22 186/95/22 157/96/22
f 157/96/23 186/95/23 187/97/23 159/98/23
f 159/98/24 187/97/24 188/99/24 161/100/24
f 161/101/25 188/102/25 189/103/25 163/104/25
f 163/104/26 189/103/26 190/105/26 165/106/26
f 165/106/27 190/105/27 191/107/27 167/108/27
f 167/108/28 191/107/28 192/109/28 169/110/28
f 169/111/29 192/112/29 193/113/29 171/114/29
f 171/114/30 193/113/30 194/115/30 173/116/30
f 173/116/31 194/115/31 195/117/31 175/118/31
f 175/119/32 195/120/32 196/121/32 177/122/32
f 177/122/33 196/121/33 197/123/33 179/124/33
f 160/125/34 158/126/34 202/127/34 203/128/34
f 179/124/35 197/123/35 198/129/35 181/130/35
f 181/130/36 198/129/36 184/131/36 151/132/36
f 151/133/37 153/134/37 155/135/37 157/136/37 159/137/37 161/138/37 163/139/37 165/140/37 167/141/37 169/142/37 171/143/37 173/144/37 175/145/37 177/146/37 179/147/37 181/148/37
f 152/149/38 154/150/38 183/151/38 184/152/38
f 154/150/38 156/153/38 185/154/38 183/151/38
f 156/153/38 158/155/38 186/156/38 185/154/38
f 158/155/38 160/157/38 187/158/38 186/156/38
f 160/157/38 162/159/38 188/160/38 187/158/38
f 162/159/38 164/161/38 189/162/38 188/160/38
f 164/161/38 166/163/38 190/164/38 189/162/38
f 166/163/38 168/165/38 191/166/38 190/164/38
f 168/165/38 170/167/38 192/168/38 191/166/38
f 170/167/38 172/169/38 193/170/38 192/168/38
f 172/169/38 174/171/38 194/172/38 193/170/38
f 174/171/38 176/173/38 195/174/38 194/172/38
f 176/173/38 178/175/38 196/176/38 195/174/38
f 178/175/38 180/177/38 197/178/38 196/176/38
f 180/177/38 182/179/38 198/180/38 197/178/38
f 182/179/38 152/149/38 184/152/38 198/180/38
f 199/181/38 200/182/38 214/183/38 213/184/38 212/185/38 211/186/38 210/187/38 209/188/38 208/189/38 207/190/38 206/191/38 205/192/38 204/193/38 203/128/38 202/127/38 201/194/38
f 176/195/39 174/196/39 210/187/39 211/186/39
f 162/197/40 160/125/40 203/128/40 204/193/40
f 178/198/41 176/195/41 211/186/41 212/185/41
f 164/199/42 162/197/42 204/193/42 205/192/42
f 180/200/43 178/198/43 212/185/43 213/184/43
f 166/201/44 164/199/44 205/192/44 206/191/44
f 182/202/45 180/200/45 213/184/45 214/183/45
f 168/203/46 166/201/46 206/191/46 207/190/46
f 154/204/47 152/205/47 200/182/47 199/181/47
f 152/205/48 182/202/48 214/183/48 200/182/48
f 170/206/49 168/203/49 207/190/49 208/189/49
f 156/207/50 154/204/50 199/181/50 201/194/50
f 172/208/51 170/206/51 208/189/51 209/188/51
f 158/126/52 156/207/52 201/194/52 202/127/52
f 174/196/53 172/208/53 209/188/53 210/187/53
f 215/89/20 217/92/20 247/91/20 248/90/20
f 217/92/21 219/94/21 249/93/21 247/91/21
f 219/94/22 221/96/22 250/95/22 249/93/22
f 221/96/23 223/98/23 251/97/23 250/95/23
f 223/98/24 225/100/24 252/99/24 251/97/24
f 225/101/25 227/104/25 253/103/25 252/102/25
f 227/104/26 229/106/26 254/105/26 253/103/26
f 229/106/27 231/108/27 255/107/27 254/105/27
f 231/108/28 233/110/28 256/109/28 255/107/28
f 233/111/29 235/114/29 257/113/29 256/112/29
f 235/114/30 237/116/30 258/115/30 257/113/30
f 237/116/31 239/118/31 259/117/31 258/115/31
f 239/119/32 241/122/32 260/121/32 259/120/32
f 241/122/33 243/124/33 261/123/33 260/121/33
f 224/125/54 267/128/54 266/127/54 222/126/54
f 243/124/35 245/130/35 262/129/35 261/123/35
f 245/130/36 215/132/36 248/131/36 262/129/36
f 215/133/38 245/148/38 243/147/38 241/146/38 239/145/38 237/144/38 235/143/38 233/142/38 231/141/38 229/140/38 227/139/38 225/138/38 223/137/38 221/136/38 219/135/38 217/134/38
f 216/149/37 248/152/37 247/151/37 218/150/37
f 218/150/37 247/151/37 249/154/37 220/153/37
f 220/153/37 249/154/37 250/156/37 222/155/37
f 222/155/37 250/156/37 251/158/37 224/157/37
f 224/157/37 251/158/37 252/160/37 226/159/37
f 226/159/37 252/160/37 253/162/37 228/161/37
f 228/161/37 253/162/37 254/164/37 230/163/37
f 230/163/37 254/164/37 255/166/37 232/165/37
f 232/165/37 255/166/37 256/168/37 234/167/37
f 234/167/37 256/168/37 257/170/37 236/169/37
f 236/169/37 257/170/37 258/172/37 238/171/37
f 238/171/37 258/172/37 259/174/37 240/173/37
f 240/173/37 259/174/37 260/176/37 242/175/37
f 242/175/37 260/176/37 261/178/37 244/177/37
f 244/177/37 261/178/37 262/180/37 246/179/37
f 246/179/37 262/180/37 248/152/37 216/149/37
f 263/181/37 265/194/37 266/127/37 267/128/37 268/193/37 269/192/37 270/191/37 271/190/37 272/189/37 273/188/37 274/187/37 275/186/37 276/185/37 277/184/37 278/183/37 264/182/37
f 240/195/55 275/186/55 274/187/55 238/196/55
f 226/197/56 268/193/56 267/128/56 224/125/56
f 242/198/57 276/185/57 275/186/57 240/195/57
f 228/199/58 269/192/58 268/193/58 226/197/58
f 244/200/59 277/184/59 276/185/59 242/198/59
f 230/201/60 270/191/60 269/192/60 228/199/60
f 246/202/61 278/183/61 277/184/61 244/200/61
f 232/203/62 271/190/62 270/191/62 230/201/62
f 218/204/63 263/181/63 264/182/63 216/205/63
f 216/205/64 264/182/64 278/183/64 246/202/64
f 234/206/65 272/189/65 271/190/65 232/203/65
f 220/207/66 265/194/66 263/181/66 218/204/66
f 236/208/67 273/188/67 272/189/67 234/206/67
f 222/126/68 266/127/68 265/194/68 220/207/68
f 238/196/69 274/187/69 273/188/69 236/208/69
o Cylinder.012
v 1.313606 -0.690583 1.045609
v 3.101255 -0.690583 1.241148
v 1.313606 -0.864041 1.080112
v 3.101255 -0.789211 1.260766
v 1.313606 -1.011091 1.178367
v 3.101254 -0.872823 1.316634
v 1.313606 -1.109346 1.325417
v 3.101254 -0.928692 1.400247
v 1.313606 -1.143849 1.498875
v 3.101254 -0.948310 1.498875
v 1.313606 -1.109346 1.672332
v 3.101254 -0.928692 1.597502
v 1.313606 -1.011091 1.819382
v 3.101254 -0.872823 1.681115
v 1.313606 -0.864041 1.917638
v 3.101255 -0.789211 1.736983
v 1.313606 -0.690583 1.952140
v 3.101255 -0.690583 1.756601
v 1.313606 -0.517126 1.917638
v 3.101255 -0.591955 1.736983
v 1.313606 -0.370076 1.819382
v 3.101254 -0.508343 1.681115
v 1.313606 -0.271820 1.672332
v 3.101254 -0.452475 1.597502
v 1.313606 -0.237317 1.498875
v 3.101254 -0.432857 1.498875
v 1.313606 -0.271820 1.325417
v 3.101254 -0.452475 1.400247
v 1.313606 -0.370076 1.178367
v 3.101254 -0.508343 1.316634
v 1.313606 -0.517126 1.080111
v 3.101255 -0.591956 1.260766
v 3.101255 -0.864040 1.080112
v 3.101255 -0.690583 1.045609
v 3.101255 -1.011091 1.178367
v 3.101255 -1.109346 1.325417
v 3.101255 -1.143849 1.498875
v 3.101255 -1.109346 1.672332
v 3.101255 -1.011091 1.819382
v 3.101255 -0.864040 1.917638
v 3.101255 -0.690583 1.952140
v 3.101255 -0.517126 1.917638
v 3.101254 -0.370076 1.819382
v 3.101254 -0.271820 1.672332
v 3.101254 -0.237317 1.498875
v 3.101254 -0.271820 1.325417
v 3.101254 -0.370076 1.178367
v 3.101255 -0.517126 1.080111
v 3.008939 -0.756035 1.340860
v 3.008939 -0.690583 1.327841
v 3.008939 -0.811522 1.377935
v 3.008939 -0.848598 1.433423
v 3.008939 -0.861617 1.498875
v 3.008939 -0.848598 1.564326
v 3.008939 -0.811522 1.619814
v 3.008939 -0.756035 1.656889
v 3.008939 -0.690583 1.669909
v 3.008939 -0.625131 1.656889
v 3.008939 -0.569644 1.619814
v 3.008939 -0.532568 1.564326
v 3.008939 -0.519549 1.498875
v 3.008939 -0.532568 1.433423
v 3.008939 -0.569644 1.377935
v 3.008939 -0.625131 1.340860
v -1.313606 -0.690583 1.045609
v -3.101254 -0.690583 1.241148
v -1.313606 -0.864041 1.080112
v -3.101254 -0.789211 1.260766
v -1.313606 -1.011091 1.178367
v -3.101254 -0.872823 1.316634
v -1.313606 -1.109346 1.325417
v -3.101254 -0.928691 1.400247
v -1.313606 -1.143849 1.498875
v -3.101254 -0.948310 1.498875
v -1.313606 -1.109346 1.672332
v -3.101254 -0.928691 1.597502
v -1.313606 -1.011091 1.819382
v -3.101254 -0.872823 1.681115
v -1.313606 -0.864041 1.917638
v -3.101254 -0.789211 1.736983
v -1.313606 -0.690583 1.952140
v -3.101254 -0.690583 1.756601
v -1.313606 -0.517126 1.917638
v -3.101254 -0.591955 1.736983
v -1.313606 -0.370076 1.819382
v -3.101254 -0.508343 1.681115
v -1.313606 -0.271820 1.672332
v -3.101254 -0.452475 1.597502
v -1.313606 -0.237317 1.498875
v -3.101254 -0.432857 1.498875
v -1.313606 -0.271820 1.325417
v -3.101254 -0.452475 1.400247
v -1.313606 -0.370076 1.178367
v -3.101254 -0.508343 1.316634
v -1.313606 -0.517126 1.080111
v -3.101254 -0.591956 1.260766
v -3.101254 -0.864040 1.080112
v -3.101254 -0.690583 1.045609
v -3.101254 -1.011091 1.178367
v -3.101254 -1.109346 1.325417
v -3.101254 -1.143849 1.498875
v -3.101254 -1.109346 1.672332
v -3.101254 -1.011091 1.819382
v -3.101254 -0.864040 1.917638
v -3.101254 -0.690583 1.952140
v -3.101254 -0.517126 1.917638
v -3.101254 -0.370076 1.819382
v -3.101254 -0.271820 1.672332
v -3.101254 -0.237317 1.498875
v -3.101254 -0.271820 1.325417
v -3.101254 -0.370076 1.178367
v -3.101254 -0.517126 1.080111
v -3.008939 -0.756035 1.340860
v -3.008939 -0.690583 1.327841
v -3.008939 -0.811522 1.377935
v -3.008939 -0.848598 1.433423
v -3.008939 -0.861617 1.498875
v -3.008939 -0.848598 1.564326
v -3.008939 -0.811522 1.619814
v -3.008939 -0.756035 1.656889
v -3.008939 -0.690583 1.669909
v -3.008939 -0.625131 1.656889
v -3.008939 -0.569644 1.619814
v -3.008939 -0.532568 1.564326
v -3.008939 -0.519549 1.498875
v -3.008939 -0.532568 1.433423
v -3.008939 -0.569644 1.377935
v -3.008939 -0.625131 1.340860
vn -0.0000 -0.1951 -0.9808
vn -0.0000 -0.5556 -0.8315
vn -0.0000 -0.8315 -0.5556
vn -0.0000 -0.9808 -0.1951
vn -0.0000 -0.9808 0.1951
vn -0.0000 -0.8315 0.5556
vn -0.0000 -0.5556 0.8315
vn -0.0000 -0.1951 0.9808
vn -0.0000 0.1951 0.9808
vn -0.0000 0.5556 0.8315
vn -0.0000 0.8315 0.5556
vn -0.0000 0.9808 0.1951
vn -0.0000 0.9808 -0.1951
vn -0.0000 0.8315 -0.5556
vn 0.6775 0.6116 -0.4086
vn -0.0000 0.5556 -0.8315
vn -0.0000 0.1951 -0.9808
vn -1.0000 -0.0000 -0.0000
vn 1.0000 -0.0000 -0.0000
vn 0.6775 -0.6116 0.4086
vn 0.6775 0.4086 -0.6116
vn 0.6775 -0.4086 0.6116
vn 0.6775 0.1435 -0.7214
vn 0.6775 0.1435 0.7214
vn 0.6775 -0.1435 0.7214
vn 0.6775 -0.1435 -0.7214
vn 0.6775 0.4086 0.6116
vn 0.6775 -0.4086 -0.6116
vn 0.6775 0.6116 0.4086
vn 0.6775 -0.6116 -0.4086
vn 0.6775 0.7214 0.1435
vn 0.6775 -0.7214 -0.1435
vn 0.6775 0.7214 -0.1435
vn 0.6775 -0.7214 0.1435
vn -0.6775 0.6116 -0.4086
vn -0.6775 -0.6116 0.4086
vn -0.6775 0.4086 -0.6116
vn -0.6775 -0.4086 0.6116
vn -0.6775 0.1435 -0.7214
vn -0.6775 0.1435 0.7214
vn -0.6775 -0.1435 0.7214
vn -0.6775 -0.1435 -0.7214
vn -0.6775 0.4086 0.6116
vn -0.6775 -0.4086 -0.6116
vn -0.6775 0.6116 0.4086
vn -0.6775 -0.6116 -0.4086
vn -0.6775 0.7214 0.1435
vn -0.6775 -0.7214 -0.1435
vn -0.6775 0.7214 -0.1435
vn -0.6775 -0.7214 0.1435
vt 0.741099 0.289632
vt 0.741099 0.287320
vt 0.741328 0.287320
vt 0.741328 0.289632
vt 0.741539 0.287320
vt 0.741539 0.289632
vt 0.673414 0.320065
vt 0.673414 0.322377
vt 0.673253 0.322377
vt 0.673253 0.320065
vt 0.673041 0.322377
vt 0.673041 0.320065
vt 0.672813 0.322377
vt 0.672813 0.320065
vt 0.672601 0.322377
vt 0.672601 0.320065
vt 0.672440 0.322377
vt 0.672440 0.320065
vt 0.743287 0.317890
vt 0.743287 0.315578
vt 0.743449 0.315578
vt 0.743449 0.317890
vt 0.743660 0.315578
vt 0.743660 0.317890
vt 0.743889 0.315578
vt 0.743889 0.317890
vt 0.744100 0.315578
vt 0.744100 0.317890
vt 0.682692 0.296968
vt 0.682692 0.299280
vt 0.682481 0.299280
vt 0.682481 0.296968
vt 0.682252 0.299280
vt 0.682252 0.296968
vt 0.682041 0.299280
vt 0.682041 0.296968
vt 0.706870 0.355746
vt 0.706870 0.355626
vt 0.706989 0.355604
vt 0.706989 0.355684
vt 0.740726 0.289632
vt 0.740726 0.287320
vt 0.740888 0.287320
vt 0.740888 0.289632
vt 0.718969 0.348295
vt 0.718969 0.348524
vt 0.718881 0.348735
vt 0.718719 0.348897
vt 0.718508 0.348984
vt 0.718279 0.348984
vt 0.718068 0.348897
vt 0.717906 0.348735
vt 0.717819 0.348524
vt 0.717819 0.348295
vt 0.717906 0.348084
vt 0.718068 0.347922
vt 0.718279 0.347834
vt 0.718508 0.347834
vt 0.718719 0.347922
vt 0.718881 0.348084
vt 0.699986 0.351697
vt 0.700078 0.351789
vt 0.699937 0.351999
vt 0.699776 0.351838
vt 0.700198 0.351839
vt 0.700149 0.352087
vt 0.700328 0.351839
vt 0.700377 0.352087
vt 0.700448 0.351789
vt 0.700589 0.351999
vt 0.700540 0.351697
vt 0.700750 0.351838
vt 0.700590 0.351577
vt 0.700838 0.351626
vt 0.700590 0.351447
vt 0.700838 0.351398
vt 0.700540 0.351327
vt 0.700750 0.351186
vt 0.700448 0.351235
vt 0.700589 0.351025
vt 0.700328 0.351185
vt 0.700377 0.350937
vt 0.700198 0.351185
vt 0.700149 0.350937
vt 0.700078 0.351235
vt 0.699937 0.351025
vt 0.699986 0.351327
vt 0.699776 0.351186
vt 0.699936 0.351447
vt 0.699688 0.351398
vt 0.699936 0.351577
vt 0.699688 0.351626
vt 0.700140 0.351696
vt 0.700079 0.351635
vt 0.700046 0.351555
vt 0.700046 0.351469
vt 0.700079 0.351389
vt 0.700140 0.351328
vt 0.700220 0.351295
vt 0.700306 0.351295
vt 0.700386 0.351328
vt 0.700447 0.351389
vt 0.700480 0.351469
vt 0.700480 0.351555
vt 0.700447 0.351635
vt 0.700386 0.351696
vt 0.700306 0.351729
vt 0.700220 0.351729
vt 0.706989 0.354591
vt 0.706989 0.354711
vt 0.706870 0.354733
vt 0.706870 0.354653
vt 0.752111 0.326432
vt 0.752111 0.326552
vt 0.751992 0.326490
vt 0.751992 0.326410
vt 0.720050 0.365193
vt 0.720050 0.365073
vt 0.720170 0.365135
vt 0.720170 0.365215
vt 0.752111 0.326302
vt 0.751992 0.326324
vt 0.720050 0.365323
vt 0.720170 0.365301
vt 0.752111 0.326182
vt 0.751992 0.326244
vt 0.720050 0.365443
vt 0.720170 0.365381
vt 0.706870 0.355496
vt 0.706870 0.355376
vt 0.706989 0.355438
vt 0.706989 0.355518
vt 0.706989 0.354841
vt 0.706989 0.354961
vt 0.706870 0.354899
vt 0.706870 0.354819
s 0
usemtl Material.001
f 279/209/70 312/210/70 311/211/70 281/212/70
f 281/212/71 311/211/71 313/213/71 283/214/71
f 283/215/72 313/216/72 314/217/72 285/218/72
f 285/218/73 314/217/73 315/219/73 287/220/73
f 287/220/74 315/219/74 316/221/74 289/222/74
f 289/222/75 316/221/75 317/223/75 291/224/75
f 291/224/76 317/223/76 318/225/76 293/226/76
f 293/227/77 318/228/77 319/229/77 295/230/77
f 295/230/78 319/229/78 320/231/78 297/232/78
f 297/232/79 320/231/79 321/233/79 299/234/79
f 299/234/80 321/233/80 322/235/80 301/236/80
f 301/237/81 322/238/81 323/239/81 303/240/81
f 303/240/82 323/239/82 324/241/82 305/242/82
f 305/242/83 324/241/83 325/243/83 307/244/83
f 292/245/84 290/246/84 332/247/84 333/248/84
f 307/249/85 325/250/85 326/251/85 309/252/85
f 309/252/86 326/251/86 312/210/86 279/209/86
f 279/253/87 281/254/87 283/255/87 285/256/87 287/257/87 289/258/87 291/259/87 293/260/87 295/261/87 297/262/87 299/263/87 301/264/87 303/265/87 305/266/87 307/267/87 309/268/87
f 280/269/88 282/270/88 311/271/88 312/272/88
f 282/270/88 284/273/88 313/274/88 311/271/88
f 284/273/88 286/275/88 314/276/88 313/274/88
f 286/275/88 288/277/88 315/278/88 314/276/88
f 288/277/88 290/279/88 316/280/88 315/278/88
f 290/279/88 292/281/88 317/282/88 316/280/88
f 292/281/88 294/283/88 318/284/88 317/282/88
f 294/283/88 296/285/88 319/286/88 318/284/88
f 296/285/88 298/287/88 320/288/88 319/286/88
f 298/287/88 300/289/88 321/290/88 320/288/88
f 300/289/88 302/291/88 322/292/88 321/290/88
f 302/291/88 304/293/88 323/294/88 322/292/88
f 304/293/88 306/295/88 324/296/88 323/294/88
f 306/295/88 308/297/88 325/298/88 324/296/88
f 308/297/88 310/299/88 326/300/88 325/298/88
f 310/299/88 280/269/88 312/272/88 326/300/88
f 327/301/88 328/302/88 342/303/88 341/304/88 340/305/88 339/306/88 338/307/88 337/308/88 336/309/88 335/310/88 334/311/88 333/312/88 332/313/88 331/314/88 330/315/88 329/316/88
f 308/317/89 306/318/89 340/319/89 341/320/89
f 294/283/90 292/281/90 333/312/90 334/311/90
f 310/299/91 308/297/91 341/304/91 342/303/91
f 296/321/92 294/322/92 334/323/92 335/324/92
f 282/325/93 280/326/93 328/327/93 327/328/93
f 280/269/94 310/299/94 342/303/94 328/302/94
f 298/329/95 296/321/95 335/324/95 336/330/95
f 284/331/96 282/325/96 327/328/96 329/332/96
f 300/333/97 298/329/97 336/330/97 337/334/97
f 286/335/98 284/331/98 329/332/98 330/336/98
f 302/291/99 300/289/99 337/308/99 338/307/99
f 288/337/100 286/338/100 330/339/100 331/340/100
f 304/341/101 302/342/101 338/343/101 339/344/101
f 290/246/102 288/337/102 331/340/102 332/247/102
f 306/318/103 304/341/103 339/344/103 340/319/103
f 343/209/70 345/212/70 375/211/70 376/210/70
f 345/212/71 347/214/71 377/213/71 375/211/71
f 347/215/72 349/218/72 378/217/72 377/216/72
f 349/218/73 351/220/73 379/219/73 378/217/73
f 351/220/74 353/222/74 380/221/74 379/219/74
f 353/222/75 355/224/75 381/223/75 380/221/75
f 355/224/76 357/226/76 382/225/76 381/223/76
f 357/227/77 359/230/77 383/229/77 382/228/77
f 359/230/78 361/232/78 384/231/78 383/229/78
f 361/232/79 363/234/79 385/233/79 384/231/79
f 363/234/80 365/236/80 386/235/80 385/233/80
f 365/237/81 367/240/81 387/239/81 386/238/81
f 367/240/82 369/242/82 388/241/82 387/239/82
f 369/242/83 371/244/83 389/243/83 388/241/83
f 356/245/104 397/248/104 396/247/104 354/246/104
f 371/249/85 373/252/85 390/251/85 389/250/85
f 373/252/86 343/209/86 376/210/86 390/251/86
f 343/253/88 373/268/88 371/267/88 369/266/88 367/265/88 365/264/88 363/263/88 361/262/88 359/261/88 357/260/88 355/259/88 353/258/88 351/257/88 349/256/88 347/255/88 345/254/88
f 344/269/87 376/272/87 375/271/87 346/270/87
f 346/270/87 375/271/87 377/274/87 348/273/87
f 348/273/87 377/274/87 378/276/87 350/275/87
f 350/275/87 378/276/87 379/278/87 352/277/87
f 352/277/87 379/278/87 380/280/87 354/279/87
f 354/279/87 380/280/87 381/282/87 356/281/87
f 356/281/87 381/282/87 382/284/87 358/283/87
f 358/283/87 382/284/87 383/286/87 360/285/87
f 360/285/87 383/286/87 384/288/87 362/287/87
f 362/287/87 384/288/87 385/290/87 364/289/87
f 364/289/87 385/290/87 386/292/87 366/291/87
f 366/291/87 386/292/87 387/294/87 368/293/87
f 368/293/87 387/294/87 388/296/87 370/295/87
f 370/295/87 388/296/87 389/298/87 372/297/87
f 372/297/87 389/298/87 390/300/87 374/299/87
f 374/299/87 390/300/87 376/272/87 344/269/87
f 391/301/87 393/316/87 394/315/87 395/314/87 396/313/87 397/312/87 398/311/87 399/310/87 400/309/87 401/308/87 402/307/87 403/306/87 404/305/87 405/304/87 406/303/87 392/302/87
f 372/317/105 405/320/105 404/319/105 370/318/105
f 358/283/106 398/311/106 397/312/106 356/281/106
f 374/299/107 406/303/107 405/304/107 372/297/107
f 360/321/108 399/324/108 398/323/108 358/322/108
f 346/325/109 391/328/109 392/327/109 344/326/109
f 344/269/110 392/302/110 406/303/110 374/299/110
f 362/329/111 400/330/111 399/324/111 360/321/111
f 348/331/112 393/332/112 391/328/112 346/325/112
f 364/333/113 401/334/113 400/330/113 362/329/113
f 350/335/114 394/336/114 393/332/114 348/331/114
f 366/291/115 402/307/115 401/308/115 364/289/115
f 352/337/116 395/340/116 394/339/116 350/338/116
f 368/341/117 403/344/117 402/343/117 366/342/117
f 354/246/118 396/247/118 395/340/118 352/337/118
f 370/318/119 404/319/119 403/344/119 368/341/119
o Cylinder.013
v 1.308701 0.541724 -3.846251
v 3.103833 0.541724 -3.487288
v 1.308701 0.110295 -3.760435
v 3.103834 0.247665 -3.428795
v 1.308701 -0.255452 -3.516051
v 3.103834 -0.001626 -3.262225
v 1.308701 -0.499836 -3.150303
v 3.103834 -0.168197 -3.012934
v 1.308701 -0.585653 -2.718875
v 3.103834 -0.226688 -2.718875
v 1.308701 -0.499836 -2.287447
v 3.103834 -0.168197 -2.424817
v 1.308701 -0.255452 -1.921700
v 3.103834 -0.001626 -2.175526
v 1.308701 0.110295 -1.677315
v 3.103834 0.247665 -2.008955
v 1.308701 0.541723 -1.591499
v 3.103833 0.541724 -1.950463
v 1.308701 0.973152 -1.677315
v 3.103833 0.835782 -2.008955
v 1.308701 1.338899 -1.921700
v 3.103833 1.085073 -2.175526
v 1.308701 1.583283 -2.287447
v 3.103833 1.251644 -2.424817
v 1.308701 1.669100 -2.718875
v 3.103833 1.310136 -2.718875
v 1.308701 1.583283 -3.150304
v 3.103833 1.251644 -3.012934
v 1.308701 1.338899 -3.516051
v 3.103833 1.085073 -3.262225
v 1.308701 0.973151 -3.760435
v 3.103833 0.835782 -3.428796
v 3.103834 0.110295 -3.760435
v 3.103833 0.541724 -3.846251
v 3.103834 -0.255452 -3.516051
v 3.103834 -0.499836 -3.150303
v 3.103834 -0.585653 -2.718875
v 3.103834 -0.499836 -2.287447
v 3.103834 -0.255452 -1.921700
v 3.103834 0.110295 -1.677315
v 3.103833 0.541723 -1.591499
v 3.103833 0.973152 -1.677315
v 3.103833 1.338899 -1.921700
v 3.103833 1.583284 -2.287447
v 3.103833 1.669100 -2.718875
v 3.103833 1.583283 -3.150304
v 3.103833 1.338899 -3.516051
v 3.103833 0.973151 -3.760435
v 2.963917 0.314682 -3.267004
v 2.963917 0.541724 -3.312165
v 2.963917 0.122205 -3.138394
v 2.963917 -0.006404 -2.945917
v 2.963917 -0.051566 -2.718875
v 2.963917 -0.006404 -2.491833
v 2.963917 0.122205 -2.299356
v 2.963917 0.314682 -2.170747
v 2.963917 0.541724 -2.125586
v 2.963917 0.768766 -2.170747
v 2.963917 0.961243 -2.299356
v 2.963917 1.089852 -2.491833
v 2.963917 1.135013 -2.718875
v 2.963917 1.089852 -2.945917
v 2.963917 0.961242 -3.138394
v 2.963917 0.768765 -3.267004
v -1.308701 0.541724 -3.846251
v -3.103834 0.541724 -3.487287
v -1.308701 0.110295 -3.760435
v -3.103834 0.247665 -3.428795
v -1.308701 -0.255452 -3.516051
v -3.103834 -0.001626 -3.262225
v -1.308701 -0.499836 -3.150303
v -3.103834 -0.168196 -3.012934
v -1.308701 -0.585653 -2.718875
v -3.103834 -0.226688 -2.718875
v -1.308701 -0.499836 -2.287447
v -3.103834 -0.168196 -2.424816
v -1.308701 -0.255452 -1.921700
v -3.103834 -0.001626 -2.175526
v -1.308701 0.110295 -1.677315
v -3.103834 0.247665 -2.008955
v -1.308701 0.541723 -1.591499
v -3.103834 0.541724 -1.950463
v -1.308701 0.973152 -1.677315
v -3.103834 0.835782 -2.008955
v -1.308701 1.338899 -1.921699
v -3.103833 1.085073 -2.175525
v -1.308701 1.583284 -2.287446
v -3.103833 1.251644 -2.424816
v -1.308701 1.669100 -2.718875
v -3.103833 1.310136 -2.718875
v -1.308701 1.583283 -3.150303
v -3.103833 1.251644 -3.012934
v -1.308701 1.338899 -3.516051
v -3.103833 1.085073 -3.262225
v -1.308701 0.973151 -3.760435
v -3.103834 0.835782 -3.428795
v -3.103834 0.110295 -3.760435
v -3.103834 0.541724 -3.846251
v -3.103834 -0.255452 -3.516051
v -3.103834 -0.499836 -3.150303
v -3.103834 -0.585653 -2.718875
v -3.103834 -0.499836 -2.287447
v -3.103834 -0.255452 -1.921700
v -3.103834 0.110295 -1.677315
v -3.103834 0.541724 -1.591499
v -3.103834 0.973152 -1.677315
v -3.103833 1.338899 -1.921699
v -3.103833 1.583284 -2.287446
v -3.103833 1.669100 -2.718875
v -3.103833 1.583284 -3.150303
v -3.103833 1.338899 -3.516051
v -3.103834 0.973152 -3.760435
v -2.963918 0.314682 -3.267003
v -2.963918 0.541724 -3.312165
v -2.963918 0.122205 -3.138394
v -2.963918 -0.006404 -2.945917
v -2.963918 -0.051566 -2.718875
v -2.963918 -0.006404 -2.491833
v -2.963918 0.122205 -2.299356
v -2.963918 0.314682 -2.170747
v -2.963918 0.541724 -2.125586
v -2.963917 0.768766 -2.170747
v -2.963917 0.961243 -2.299356
v -2.963917 1.089852 -2.491833
v -2.963917 1.135013 -2.718875
v -2.963917 1.089852 -2.945917
v -2.963917 0.961243 -3.138394
v -2.963917 0.768766 -3.267003
vn -0.0000 -0.1951 -0.9808
vn -0.0000 -0.5556 -0.8315
vn -0.0000 -0.8315 -0.5556
vn -0.0000 -0.9808 -0.1951
vn -0.0000 -0.9808 0.1951
vn -0.0000 -0.8315 0.5556
vn -0.0000 -0.5556 0.8315
vn -0.0000 -0.1951 0.9808
vn -0.0000 0.1951 0.9808
vn -0.0000 0.5556 0.8315
vn -0.0000 0.8315 0.5556
vn -0.0000 0.9808 0.1951
vn -0.0000 0.9808 -0.1951
vn -0.0000 0.8315 -0.5556
vn 0.7753 0.6194 0.1232
vn -0.0000 0.5556 -0.8315
vn -0.0000 0.1951 -0.9808
vn -1.0000 -0.0000 -0.0000
vn 1.0000 -0.0000 -0.0000
vn 0.7753 -0.6194 -0.1232
vn 0.7753 0.6194 -0.1232
vn 0.7753 -0.6194 0.1232
vn 0.7753 0.5251 -0.3509
vn 0.7753 -0.5251 0.3509
vn 0.7753 0.3509 -0.5251
vn 0.7753 -0.3509 0.5251
vn 0.7753 0.1232 -0.6194
vn 0.7753 0.1232 0.6194
vn 0.7753 -0.1232 0.6194
vn 0.7753 -0.1232 -0.6194
vn 0.7753 0.3509 0.5251
vn 0.7753 -0.3509 -0.5251
vn 0.7753 0.5251 0.3509
vn 0.7753 -0.5251 -0.3509
vn -0.7753 0.6194 0.1232
vn -0.7753 -0.6194 -0.1232
vn -0.7753 0.6194 -0.1232
vn -0.7753 -0.6194 0.1232
vn -0.7753 0.5251 -0.3509
vn -0.7753 -0.5251 0.3509
vn -0.7753 0.3509 -0.5251
vn -0.7753 -0.3509 0.5251
vn -0.7753 0.1232 -0.6194
vn -0.7753 0.1232 0.6194
vn -0.7753 -0.1232 0.6194
vn -0.7753 -0.1232 -0.6194
vn -0.7753 0.3509 0.5251
vn -0.7753 -0.3509 -0.5251
vn -0.7753 0.5251 0.3509
vn -0.7753 -0.5251 -0.3509
vt 0.834921 0.288482
vt 0.834921 0.290803
vt 0.834353 0.290803
vt 0.834353 0.288482
vt 0.833827 0.290803
vt 0.833827 0.288482
vt 0.908041 0.288484
vt 0.908041 0.290806
vt 0.907639 0.290806
vt 0.907639 0.288484
vt 0.907113 0.290806
vt 0.907113 0.288484
vt 0.906545 0.290806
vt 0.906545 0.288484
vt 0.906019 0.290806
vt 0.906019 0.288484
vt 0.863225 0.291727
vt 0.860904 0.291727
vt 0.860904 0.291325
vt 0.863225 0.291325
vt 0.860904 0.290799
vt 0.863225 0.290799
vt 0.860904 0.290230
vt 0.863225 0.290230
vt 0.860904 0.289705
vt 0.863225 0.289705
vt 0.860904 0.289303
vt 0.863225 0.289303
vt 0.844239 0.288794
vt 0.844239 0.286473
vt 0.844764 0.286473
vt 0.844764 0.288794
vt 0.845333 0.286473
vt 0.845333 0.288794
vt 0.845859 0.286473
vt 0.845859 0.288794
vt 0.879478 0.721682
vt 0.879752 0.721408
vt 0.879878 0.721596
vt 0.879666 0.721808
vt 0.835849 0.288482
vt 0.835849 0.290803
vt 0.835447 0.290803
vt 0.835447 0.288482
vt 0.849747 0.322582
vt 0.849178 0.322582
vt 0.848652 0.322364
vt 0.848250 0.321962
vt 0.848032 0.321436
vt 0.848032 0.320868
vt 0.848250 0.320342
vt 0.848652 0.319940
vt 0.849178 0.319722
vt 0.849747 0.319722
vt 0.850272 0.319940
vt 0.850674 0.320342
vt 0.850892 0.320868
vt 0.850892 0.321436
vt 0.850674 0.321962
vt 0.850272 0.322364
vt 0.851669 0.355716
vt 0.851310 0.355568
vt 0.851401 0.355113
vt 0.851926 0.355330
vt 0.850923 0.355568
vt 0.850832 0.355113
vt 0.850564 0.355716
vt 0.850307 0.355330
vt 0.850290 0.355991
vt 0.849904 0.355733
vt 0.850142 0.356349
vt 0.849687 0.356258
vt 0.850142 0.356736
vt 0.849687 0.356827
vt 0.850290 0.357095
vt 0.849904 0.357353
vt 0.850564 0.357369
vt 0.850307 0.357755
vt 0.850923 0.357517
vt 0.850832 0.357973
vt 0.851310 0.357517
vt 0.851401 0.357973
vt 0.851669 0.357369
vt 0.851926 0.357755
vt 0.851943 0.357095
vt 0.852329 0.357353
vt 0.852091 0.356736
vt 0.852546 0.356827
vt 0.852091 0.356349
vt 0.852546 0.356258
vt 0.851943 0.355991
vt 0.852329 0.355733
vt 0.880453 0.721482
vt 0.880730 0.721596
vt 0.880942 0.721808
vt 0.881056 0.722084
vt 0.881056 0.722384
vt 0.880942 0.722660
vt 0.880730 0.722872
vt 0.880453 0.722986
vt 0.880154 0.722986
vt 0.879878 0.722872
vt 0.879666 0.722660
vt 0.879551 0.722384
vt 0.879551 0.722084
vt 0.880154 0.721482
vt 0.881130 0.722786
vt 0.880856 0.723060
vt 0.879329 0.722040
vt 0.881278 0.722428
vt 0.879329 0.722428
vt 0.881278 0.722040
vt 0.879478 0.722786
vt 0.881130 0.721682
vt 0.879752 0.723060
vt 0.880498 0.721259
vt 0.880856 0.721408
vt 0.880110 0.723209
vt 0.880110 0.721259
vt 0.880498 0.723209
s 0
usemtl Material.001
f 407/345/120 440/346/120 439/347/120 409/348/120
f 409/348/121 439/347/121 441/349/121 411/350/121
f 411/351/122 441/352/122 442/353/122 413/354/122
f 413/354/123 442/353/123 443/355/123 415/356/123
f 415/356/124 443/355/124 444/357/124 417/358/124
f 417/358/125 444/357/125 445/359/125 419/360/125
f 419/361/126 445/362/126 446/363/126 421/364/126
f 421/364/127 446/363/127 447/365/127 423/366/127
f 423/366/128 447/365/128 448/367/128 425/368/128
f 425/368/129 448/367/129 449/369/129 427/370/129
f 427/370/130 449/369/130 450/371/130 429/372/130
f 429/373/131 450/374/131 451/375/131 431/376/131
f 431/376/132 451/375/132 452/377/132 433/378/132
f 433/378/133 452/377/133 453/379/133 435/380/133
f 416/381/134 414/382/134 458/383/134 459/384/134
f 435/385/135 453/386/135 454/387/135 437/388/135
f 437/388/136 454/387/136 440/346/136 407/345/136
f 407/389/137 409/390/137 411/391/137 413/392/137 415/393/137 417/394/137 419/395/137 421/396/137 423/397/137 425/398/137 427/399/137 429/400/137 431/401/137 433/402/137 435/403/137 437/404/137
f 408/405/138 410/406/138 439/407/138 440/408/138
f 410/406/138 412/409/138 441/410/138 439/407/138
f 412/409/138 414/411/138 442/412/138 441/410/138
f 414/411/138 416/413/138 443/414/138 442/412/138
f 416/413/138 418/415/138 444/416/138 443/414/138
f 418/415/138 420/417/138 445/418/138 444/416/138
f 420/417/138 422/419/138 446/420/138 445/418/138
f 422/419/138 424/421/138 447/422/138 446/420/138
f 424/421/138 426/423/138 448/424/138 447/422/138
f 426/423/138 428/425/138 449/426/138 448/424/138
f 428/425/138 430/427/138 450/428/138 449/426/138
f 430/427/138 432/429/138 451/430/138 450/428/138
f 432/429/138 434/431/138 452/432/138 451/430/138
f 434/431/138 436/433/138 453/434/138 452/432/138
f 436/433/138 438/435/138 454/436/138 453/434/138
f 438/435/138 408/405/138 440/408/138 454/436/138
f 455/437/138 456/438/138 470/439/138 469/440/138 468/441/138 467/442/138 466/443/138 465/444/138 464/445/138 463/446/138 462/447/138 461/448/138 460/449/138 459/384/138 458/383/138 457/450/138
f 432/451/139 430/452/139 466/443/139 467/442/139
f 418/453/140 416/381/140 459/384/140 460/449/140
f 434/454/141 432/451/141 467/442/141 468/441/141
f 420/455/142 418/453/142 460/449/142 461/448/142
f 436/456/143 434/454/143 468/441/143 469/440/143
f 422/457/144 420/455/144 461/448/144 462/447/144
f 438/458/145 436/456/145 469/440/145 470/439/145
f 424/459/146 422/457/146 462/447/146 463/446/146
f 410/460/147 408/461/147 456/438/147 455/437/147
f 408/461/148 438/458/148 470/439/148 456/438/148
f 426/462/149 424/459/149 463/446/149 464/445/149
f 412/463/150 410/460/150 455/437/150 457/450/150
f 428/464/151 426/462/151 464/445/151 465/444/151
f 414/382/152 412/463/152 457/450/152 458/383/152
f 430/452/153 428/464/153 465/444/153 466/443/153
f 471/345/120 473/348/120 503/347/120 504/346/120
f 473/348/121 475/350/121 505/349/121 503/347/121
f 475/351/122 477/354/122 506/353/122 505/352/122
f 477/354/123 479/356/123 507/355/123 506/353/123
f 479/356/124 481/358/124 508/357/124 507/355/124
f 481/358/125 483/360/125 509/359/125 508/357/125
f 483/361/126 485/364/126 510/363/126 509/362/126
f 485/364/127 487/366/127 511/365/127 510/363/127
f 487/366/128 489/368/128 512/367/128 511/365/128
f 489/368/129 491/370/129 513/369/129 512/367/129
f 491/370/130 493/372/130 514/371/130 513/369/130
f 493/373/131 495/376/131 515/375/131 514/374/131
f 495/376/132 497/378/132 516/377/132 515/375/132
f 497/378/133 499/380/133 517/379/133 516/377/133
f 480/381/154 523/384/154 522/383/154 478/382/154
f 499/385/135 501/388/135 518/387/135 517/386/135
f 501/388/136 471/345/136 504/346/136 518/387/136
f 471/389/138 501/404/138 499/403/138 497/402/138 495/401/138 493/400/138 491/399/138 489/398/138 487/397/138 485/396/138 483/395/138 481/394/138 479/393/138 477/392/138 475/391/138 473/390/138
f 472/405/137 504/408/137 503/407/137 474/406/137
f 474/406/137 503/407/137 505/410/137 476/409/137
f 476/409/137 505/410/137 506/412/137 478/411/137
f 478/411/137 506/412/137 507/414/137 480/413/137
f 480/413/137 507/414/137 508/416/137 482/415/137
f 482/415/137 508/416/137 509/418/137 484/417/137
f 484/417/137 509/418/137 510/420/137 486/419/137
f 486/419/137 510/420/137 511/422/137 488/421/137
f 488/421/137 511/422/137 512/424/137 490/423/137
f 490/423/137 512/424/137 513/426/137 492/425/137
f 492/425/137 513/426/137 514/428/137 494/427/137
f 494/427/137 514/428/137 515/430/137 496/429/137
f 496/429/137 515/430/137 516/432/137 498/431/137
f 498/431/137 516/432/137 517/434/137 500/433/137
f 500/433/137 517/434/137 518/436/137 502/435/137
f 502/435/137 518/436/137 504/408/137 472/405/137
f 519/437/137 521/450/137 522/383/137 523/384/137 524/449/137 525/448/137 526/447/137 527/446/137 528/445/137 529/444/137 530/443/137 531/442/137 532/441/137 533/440/137 534/439/137 520/438/137
f 496/451/155 531/442/155 530/443/155 494/452/155
f 482/453/156 524/449/156 523/384/156 480/381/156
f 498/454/157 532/441/157 531/442/157 496/451/157
f 484/455/158 525/448/158 524/449/158 482/453/158
f 500/456/159 533/440/159 532/441/159 498/454/159
f 486/457/160 526/447/160 525/448/160 484/455/160
f 502/458/161 534/439/161 533/440/161 500/456/161
f 488/459/162 527/446/162 526/447/162 486/457/162
f 474/460/163 519/437/163 520/438/163 472/461/163
f 472/461/164 520/438/164 534/439/164 502/458/164
f 490/462/165 528/445/165 527/446/165 488/459/165
f 476/463/166 521/450/166 519/437/166 474/460/166
f 492/464/167 529/444/167 528/445/167 490/462/167
f 478/382/168 522/383/168 521/450/168 476/463/168
f 494/452/169 530/443/169 529/444/169 492/464/169
o Cylinder.014
v 1.325458 0.119890 -1.536951
v 3.087076 0.119890 -1.074315
v 1.325458 -0.436139 -1.426350
v 3.087076 -0.259095 -0.998930
v 1.325458 -0.907517 -1.111385
v 3.087076 -0.580384 -0.784252
v 1.325458 -1.222482 -0.640007
v 3.087076 -0.795061 -0.462964
v 1.325458 -1.333083 -0.083978
v 3.087076 -0.870446 -0.083978
v 1.325458 -1.222482 0.472050
v 3.087076 -0.795061 0.295007
v 1.325458 -0.907517 0.943428
v 3.087076 -0.580384 0.616295
v 1.325458 -0.436139 1.258393
v 3.087076 -0.259095 0.830973
v 1.325458 0.119890 1.368994
v 3.087076 0.119890 0.906358
v 1.325458 0.675918 1.258393
v 3.087076 0.498875 0.830973
v 1.325458 1.147296 0.943428
v 3.087076 0.820163 0.616295
v 1.325458 1.462261 0.472050
v 3.087076 1.034841 0.295007
v 1.325458 1.572862 -0.083979
v 3.087076 1.110226 -0.083978
v 1.325458 1.462261 -0.640007
v 3.087076 1.034841 -0.462964
v 1.325458 1.147296 -1.111386
v 3.087076 0.820163 -0.784252
v 1.325458 0.675918 -1.426350
v 3.087076 0.498875 -0.998930
v 3.087076 -0.436139 -1.426350
v 3.087076 0.119890 -1.536951
v 3.087076 -0.907517 -1.111385
v 3.087076 -1.222482 -0.640007
v 3.087076 -1.333083 -0.083978
v 3.087076 -1.222482 0.472050
v 3.087076 -0.907517 0.943428
v 3.087076 -0.436139 1.258393
v 3.087076 0.119890 1.368994
v 3.087076 0.675918 1.258393
v 3.087076 1.147296 0.943428
v 3.087076 1.462261 0.472050
v 3.087076 1.572862 -0.083979
v 3.087076 1.462261 -0.640007
v 3.087076 1.147296 -1.111386
v 3.087076 0.675918 -1.426350
v 2.949772 -0.172724 -0.790411
v 2.949772 0.119890 -0.848615
v 2.949772 -0.420790 -0.624658
v 2.949772 -0.586542 -0.376592
v 2.949772 -0.644747 -0.083978
v 2.949772 -0.586542 0.208635
v 2.949772 -0.420790 0.456701
v 2.949772 -0.172724 0.622454
v 2.949772 0.119890 0.680658
v 2.949772 0.412504 0.622454
v 2.949772 0.660570 0.456701
v 2.949772 0.826322 0.208635
v 2.949772 0.884527 -0.083978
v 2.949772 0.826322 -0.376592
v 2.949772 0.660569 -0.624658
v 2.949772 0.412503 -0.790411
v -1.325458 0.119890 -1.536950
v -3.087076 0.119890 -1.074314
v -1.325458 -0.436139 -1.426350
v -3.087076 -0.259095 -0.998929
v -1.325458 -0.907517 -1.111385
v -3.087077 -0.580384 -0.784252
v -1.325458 -1.222482 -0.640007
v -3.087077 -0.795061 -0.462963
v -1.325458 -1.333083 -0.083978
v -3.087077 -0.870446 -0.083978
v -1.325458 -1.222482 0.472050
v -3.087077 -0.795061 0.295007
v -1.325458 -0.907517 0.943429
v -3.087077 -0.580384 0.616295
v -1.325458 -0.436139 1.258393
v -3.087076 -0.259095 0.830973
v -1.325458 0.119890 1.368995
v -3.087076 0.119890 0.906358
v -1.325458 0.675918 1.258394
v -3.087076 0.498875 0.830973
v -1.325458 1.147296 0.943429
v -3.087076 0.820163 0.616296
v -1.325458 1.462261 0.472051
v -3.087076 1.034841 0.295007
v -1.325458 1.572862 -0.083978
v -3.087076 1.110226 -0.083978
v -1.325458 1.462261 -0.640007
v -3.087076 1.034841 -0.462963
v -1.325458 1.147296 -1.111385
v -3.087076 0.820163 -0.784252
v -1.325458 0.675918 -1.426350
v -3.087076 0.498875 -0.998930
v -3.087076 -0.436139 -1.426350
v -3.087076 0.119890 -1.536950
v -3.087077 -0.907517 -1.111385
v -3.087077 -1.222482 -0.640007
v -3.087077 -1.333083 -0.083978
v -3.087077 -1.222482 0.472050
v -3.087077 -0.907517 0.943429
v -3.087076 -0.436139 1.258393
v -3.087076 0.119890 1.368995
v -3.087076 0.675918 1.258394
v -3.087076 1.147296 0.943429
v -3.087076 1.462261 0.472051
v -3.087076 1.572862 -0.083978
v -3.087076 1.462261 -0.640007
v -3.087076 1.147296 -1.111385
v -3.087076 0.675918 -1.426350
v -2.949772 -0.172724 -0.790410
v -2.949772 0.119890 -0.848615
v -2.949772 -0.420790 -0.624658
v -2.949773 -0.586542 -0.376592
v -2.949773 -0.644747 -0.083978
v -2.949773 -0.586542 0.208636
v -2.949772 -0.420790 0.456702
v -2.949772 -0.172724 0.622454
v -2.949772 0.119890 0.680659
v -2.949772 0.412504 0.622454
v -2.949772 0.660570 0.456702
v -2.949772 0.826322 0.208636
v -2.949772 0.884527 -0.083978
v -2.949772 0.826322 -0.376592
v -2.949772 0.660569 -0.624658
v -2.949772 0.412503 -0.790410
vn -0.0000 -0.1951 -0.9808
vn -0.0000 -0.5556 -0.8315
vn -0.0000 -0.8315 -0.5556
vn -0.0000 -0.9808 -0.1951
vn -0.0000 -0.9808 0.1951
vn -0.0000 -0.8315 0.5556
vn -0.0000 -0.5556 0.8315
vn -0.0000 -0.1951 0.9808
vn -0.0000 0.1951 0.9808
vn -0.0000 0.5556 0.8315
vn -0.0000 0.8315 0.5556
vn -0.0000 0.9808 0.1951
vn -0.0000 0.9808 -0.1951
vn -0.0000 0.8315 -0.5556
vn 0.8498 0.5170 0.1028
vn -0.0000 0.5556 -0.8315
vn -0.0000 0.1951 -0.9808
vn -1.0000 -0.0000 -0.0000
vn 1.0000 -0.0000 -0.0000
vn 0.8498 -0.5170 -0.1028
vn 0.8498 0.5170 -0.1028
vn 0.8498 -0.5170 0.1028
vn 0.8498 0.4383 -0.2928
vn 0.8498 -0.4383 0.2928
vn 0.8498 0.2928 -0.4383
vn 0.8498 -0.2928 0.4383
vn 0.8498 0.1028 -0.5170
vn 0.8498 0.1028 0.5170
vn 0.8498 -0.1028 0.5170
vn 0.8498 -0.1028 -0.5170
vn 0.8498 0.2928 0.4383
vn 0.8498 -0.2928 -0.4383
vn 0.8498 0.4383 0.2928
vn 0.8498 -0.4383 -0.2928
vn -0.8498 0.5170 0.1028
vn -0.8498 -0.5170 -0.1028
vn -0.8498 0.5170 -0.1028
vn -0.8498 -0.5170 0.1028
vn -0.8498 0.4383 -0.2928
vn -0.8498 -0.4383 0.2928
vn -0.8498 0.2928 -0.4383
vn -0.8498 -0.2928 0.4383
vn -0.8498 0.1028 -0.5170
vn -0.8498 0.1028 0.5170
vn -0.8498 -0.1028 0.5170
vn -0.8498 -0.1028 -0.5170
vn -0.8498 0.2928 0.4383
vn -0.8498 -0.2928 -0.4383
vn -0.8498 0.4383 0.2928
vn -0.8498 -0.4383 -0.2928
vt 0.833427 0.293557
vt 0.831149 0.293557
vt 0.831149 0.293039
vt 0.833427 0.293039
vt 0.831149 0.292361
vt 0.833427 0.292361
vt 0.831149 0.291628
vt 0.833427 0.291628
vt 0.831149 0.290951
vt 0.833427 0.290951
vt 0.829019 0.371657
vt 0.829019 0.373935
vt 0.828341 0.373935
vt 0.828341 0.371657
vt 0.827608 0.373935
vt 0.827608 0.371657
vt 0.826931 0.373935
vt 0.826931 0.371657
vt 0.833563 0.290951
vt 0.835841 0.290951
vt 0.835841 0.291628
vt 0.833563 0.291628
vt 0.835841 0.292361
vt 0.833563 0.292361
vt 0.835841 0.293039
vt 0.833563 0.293039
vt 0.835841 0.293557
vt 0.833563 0.293557
vt 0.854378 0.334839
vt 0.856656 0.334839
vt 0.856656 0.335357
vt 0.854378 0.335357
vt 0.856656 0.336035
vt 0.854378 0.336035
vt 0.856656 0.336768
vt 0.854378 0.336768
vt 0.876132 0.674020
vt 0.876594 0.674211
vt 0.876432 0.674454
vt 0.876075 0.674306
vt 0.856656 0.337445
vt 0.854378 0.337445
vt 0.856656 0.337964
vt 0.854378 0.337964
vt 0.876376 0.308181
vt 0.876895 0.307663
vt 0.877572 0.307382
vt 0.878305 0.307382
vt 0.878982 0.307663
vt 0.879501 0.308181
vt 0.879781 0.308858
vt 0.879781 0.309592
vt 0.879501 0.310269
vt 0.878982 0.310787
vt 0.878305 0.311068
vt 0.877572 0.311068
vt 0.876895 0.310787
vt 0.876376 0.310269
vt 0.876096 0.309592
vt 0.876096 0.308858
vt 0.847951 0.309835
vt 0.847951 0.309335
vt 0.848538 0.309218
vt 0.848538 0.309951
vt 0.847760 0.308873
vt 0.848258 0.308541
vt 0.847407 0.308520
vt 0.847739 0.308023
vt 0.846945 0.308329
vt 0.847062 0.307742
vt 0.846445 0.308329
vt 0.846329 0.307742
vt 0.845984 0.308520
vt 0.845651 0.308023
vt 0.845630 0.308873
vt 0.845133 0.308541
vt 0.845439 0.309335
vt 0.844852 0.309218
vt 0.845439 0.309835
vt 0.844852 0.309951
vt 0.845630 0.310296
vt 0.845133 0.310629
vt 0.845984 0.310650
vt 0.845651 0.311147
vt 0.846445 0.310841
vt 0.846329 0.311428
vt 0.846945 0.310841
vt 0.847062 0.311428
vt 0.847407 0.310650
vt 0.847739 0.311147
vt 0.847760 0.310296
vt 0.848258 0.310629
vt 0.876852 0.675083
vt 0.876852 0.675469
vt 0.876705 0.675825
vt 0.876432 0.676098
vt 0.876075 0.676246
vt 0.875690 0.676246
vt 0.875333 0.676098
vt 0.875060 0.675825
vt 0.874913 0.675469
vt 0.874913 0.675083
vt 0.875060 0.674727
vt 0.875333 0.674454
vt 0.875690 0.674306
vt 0.876705 0.674727
vt 0.875633 0.676532
vt 0.875171 0.676341
vt 0.875633 0.674020
vt 0.876132 0.676532
vt 0.875171 0.674211
vt 0.876594 0.676341
vt 0.874818 0.674565
vt 0.876947 0.675988
vt 0.874627 0.675026
vt 0.877139 0.675026
vt 0.877139 0.675526
vt 0.874627 0.675526
vt 0.876947 0.674565
vt 0.874818 0.675988
s 0
usemtl Material.001
f 535/465/170 568/466/170 567/467/170 537/468/170
f 537/468/171 567/467/171 569/469/171 539/470/171
f 539/470/172 569/469/172 570/471/172 541/472/172
f 541/472/173 570/471/173 571/473/173 543/474/173
f 543/475/174 571/476/174 572/477/174 545/478/174
f 545/478/175 572/477/175 573/479/175 547/480/175
f 547/480/176 573/479/176 574/481/176 549/482/176
f 549/483/177 574/484/177 575/485/177 551/486/177
f 551/486/178 575/485/178 576/487/178 553/488/178
f 553/488/179 576/487/179 577/489/179 555/490/179
f 555/490/180 577/489/180 578/491/180 557/492/180
f 557/493/181 578/494/181 579/495/181 559/496/181
f 559/496/182 579/495/182 580/497/182 561/498/182
f 561/498/183 580/497/183 581/499/183 563/500/183
f 544/501/184 542/502/184 586/503/184 587/504/184
f 563/500/185 581/499/185 582/505/185 565/506/185
f 565/506/186 582/505/186 568/507/186 535/508/186
f 535/509/187 537/510/187 539/511/187 541/512/187 543/513/187 545/514/187 547/515/187 549/516/187 551/517/187 553/518/187 555/519/187 557/520/187 559/521/187 561/522/187 563/523/187 565/524/187
f 536/525/188 538/526/188 567/527/188 568/528/188
f 538/526/188 540/529/188 569/530/188 567/527/188
f 540/529/188 542/531/188 570/532/188 569/530/188
f 542/531/188 544/533/188 571/534/188 570/532/188
f 544/533/188 546/535/188 572/536/188 571/534/188
f 546/535/188 548/537/188 573/538/188 572/536/188
f 548/537/188 550/539/188 574/540/188 573/538/188
f 550/539/188 552/541/188 575/542/188 574/540/188
f 552/541/188 554/543/188 576/544/188 575/542/188
f 554/543/188 556/545/188 577/546/188 576/544/188
f 556/545/188 558/547/188 578/548/188 577/546/188
f 558/547/188 560/549/188 579/550/188 578/548/188
f 560/549/188 562/551/188 580/552/188 579/550/188
f 562/551/188 564/553/188 581/554/188 580/552/188
f 564/553/188 566/555/188 582/556/188 581/554/188
f 566/555/188 536/525/188 568/528/188 582/556/188
f 583/557/188 584/558/188 598/559/188 597/560/188 596/561/188 595/562/188 594/563/188 593/564/188 592/565/188 591/566/188 590/567/188 589/568/188 588/569/188 587/504/188 586/503/188 585/570/188
f 560/571/189 558/572/189 594/563/189 595/562/189
f 546/573/190 544/501/190 587/504/190 588/569/190
f 562/574/191 560/571/191 595/562/191 596/561/191
f 548/575/192 546/573/192 588/569/192 589/568/192
f 564/576/193 562/574/193 596/561/193 597/560/193
f 550/577/194 548/575/194 589/568/194 590/567/194
f 566/578/195 564/576/195 597/560/195 598/559/195
f 552/579/196 550/577/196 590/567/196 591/566/196
f 538/580/197 536/581/197 584/558/197 583/557/197
f 536/581/198 566/578/198 598/559/198 584/558/198
f 554/582/199 552/579/199 591/566/199 592/565/199
f 540/583/200 538/580/200 583/557/200 585/570/200
f 556/584/201 554/582/201 592/565/201 593/564/201
f 542/502/202 540/583/202 585/570/202 586/503/202
f 558/572/203 556/584/203 593/564/203 594/563/203
f 599/465/170 601/468/170 631/467/170 632/466/170
f 601/468/171 603/470/171 633/469/171 631/467/171
f 603/470/172 605/472/172 634/471/172 633/469/172
f 605/472/173 607/474/173 635/473/173 634/471/173
f 607/475/174 609/478/174 636/477/174 635/476/174
f 609/478/175 611/480/175 637/479/175 636/477/175
f 611/480/176 613/482/176 638/481/176 637/479/176
f 613/483/177 615/486/177 639/485/177 638/484/177
f 615/486/178 617/488/178 640/487/178 639/485/178
f 617/488/179 619/490/179 641/489/179 640/487/179
f 619/490/180 621/492/180 642/491/180 641/489/180
f 621/493/181 623/496/181 643/495/181 642/494/181
f 623/496/182 625/498/182 644/497/182 643/495/182
f 625/498/183 627/500/183 645/499/183 644/497/183
f 608/501/204 651/504/204 650/503/204 606/502/204
f 627/500/185 629/506/185 646/505/185 645/499/185
f 629/506/186 599/508/186 632/507/186 646/505/186
f 599/509/188 629/524/188 627/523/188 625/522/188 623/521/188 621/520/188 619/519/188 617/518/188 615/517/188 613/516/188 611/515/188 609/514/188 607/513/188 605/512/188 603/511/188 601/510/188
f 600/525/187 632/528/187 631/527/187 602/526/187
f 602/526/187 631/527/187 633/530/187 604/529/187
f 604/529/187 633/530/187 634/532/187 606/531/187
f 606/531/187 634/532/187 635/534/187 608/533/187
f 608/533/187 635/534/187 636/536/187 610/535/187
f 610/535/187 636/536/187 637/538/187 612/537/187
f 612/537/187 637/538/187 638/540/187 614/539/187
f 614/539/187 638/540/187 639/542/187 616/541/187
f 616/541/187 639/542/187 640/544/187 618/543/187
f 618/543/187 640/544/187 641/546/187 620/545/187
f 620/545/187 641/546/187 642/548/187 622/547/187
f 622/547/187 642/548/187 643/550/187 624/549/187
f 624/549/187 643/550/187 644/552/187 626/551/187
f 626/551/187 644/552/187 645/554/187 628/553/187
f 628/553/187 645/554/187 646/556/187 630/555/187
f 630/555/187 646/556/187 632/528/187 600/525/187
f 647/557/187 649/570/187 650/503/187 651/504/187 652/569/187 653/568/187 654/567/187 655/566/187 656/565/187 657/564/187 658/563/187 659/562/187 660/561/187 661/560/187 662/559/187 648/558/187
f 624/571/205 659/562/205 658/563/205 622/572/205
f 610/573/206 652/569/206 651/504/206 608/501/206
f 626/574/207 660/561/207 659/562/207 624/571/207
f 612/575/208 653/568/208 652/569/208 610/573/208
f 628/576/209 661/560/209 660/561/209 626/574/209
f 614/577/210 654/567/210 653/568/210 612/575/210
f 630/578/211 662/559/211 661/560/211 628/576/211
f 616/579/212 655/566/212 654/567/212 614/577/212
f 602/580/213 647/557/213 648/558/213 600/581/213
f 600/581/214 648/558/214 662/559/214 630/578/214
f 618/582/215 656/565/215 655/566/215 616/579/215
f 604/583/216 649/570/216 647/557/216 602/580/216
f 620/584/217 657/564/217 656/565/217 618/582/217
f 606/502/218 650/503/218 649/570/218 604/583/218
f 622/572/219 658/563/219 657/564/219 620/584/219
o Cylinder.015
v 1.347310 1.190725 0.857478
v 3.090120 1.190725 1.053018
v 1.347310 1.017268 0.891981
v 3.090120 1.092097 1.072636
v 1.347310 0.870218 0.990237
v 3.090120 1.008485 1.128504
v 1.347310 0.771962 1.137287
v 3.090120 0.952617 1.212116
v 1.347310 0.737459 1.310744
v 3.090120 0.932999 1.310744
v 1.347310 0.771962 1.484202
v 3.090120 0.952617 1.409372
v 1.347310 0.870218 1.631252
v 3.090120 1.008485 1.492984
v 1.347310 1.017268 1.729507
v 3.090120 1.092097 1.548852
v 1.347310 1.190725 1.764010
v 3.090120 1.190725 1.568471
v 1.347310 1.364182 1.729507
v 3.090120 1.289353 1.548853
v 1.347310 1.511232 1.631252
v 3.090120 1.372965 1.492984
v 1.347310 1.609488 1.484202
v 3.090120 1.428834 1.409372
v 1.347310 1.643991 1.310744
v 3.090120 1.448452 1.310744
v 1.347310 1.609488 1.137287
v 3.090120 1.428833 1.212116
v 1.347310 1.511232 0.990237
v 3.090120 1.372965 1.128504
v 1.347310 1.364182 0.891981
v 3.090120 1.289353 1.072636
v 3.090120 1.017268 0.891981
v 3.090120 1.190725 0.857478
v 3.090120 0.870218 0.990237
v 3.090120 0.771962 1.137287
v 3.090120 0.737459 1.310744
v 3.090120 0.771962 1.484202
v 3.090120 0.870218 1.631252
v 3.090120 1.017268 1.729507
v 3.090120 1.190725 1.764010
v 3.090120 1.364182 1.729507
v 3.090120 1.511232 1.631252
v 3.090120 1.609488 1.484202
v 3.090120 1.643991 1.310744
v 3.090120 1.609488 1.137287
v 3.090120 1.511232 0.990237
v 3.090120 1.364182 0.891981
v 3.000120 1.125273 1.152729
v 3.000120 1.190725 1.139710
v 3.000120 1.069786 1.189805
v 3.000120 1.032710 1.245292
v 3.000120 1.019691 1.310744
v 3.000120 1.032710 1.376196
v 3.000120 1.069786 1.431683
v 3.000120 1.125273 1.468759
v 3.000120 1.190725 1.481778
v 3.000120 1.256177 1.468759
v 3.000120 1.311664 1.431683
v 3.000120 1.348740 1.376196
v 3.000120 1.361759 1.310744
v 3.000120 1.348740 1.245292
v 3.000120 1.311664 1.189805
v 3.000120 1.256177 1.152729
v -1.347310 1.190725 0.857478
v -3.090120 1.190725 1.053018
v -1.347310 1.017268 0.891981
v -3.090120 1.092098 1.072636
v -1.347310 0.870218 0.990237
v -3.090120 1.008485 1.128504
v -1.347310 0.771962 1.137287
v -3.090120 0.952617 1.212116
v -1.347310 0.737459 1.310744
v -3.090120 0.932999 1.310744
v -1.347310 0.771962 1.484202
v -3.090120 0.952617 1.409372
v -1.347310 0.870218 1.631252
v -3.090120 1.008485 1.492984
v -1.347310 1.017268 1.729507
v -3.090120 1.092098 1.548852
v -1.347310 1.190725 1.764010
v -3.090120 1.190725 1.568471
v -1.347310 1.364182 1.729507
v -3.090120 1.289353 1.548853
v -1.347310 1.511233 1.631252
v -3.090120 1.372965 1.492984
v -1.347310 1.609488 1.484202
v -3.090120 1.428834 1.409372
v -1.347310 1.643991 1.310744
v -3.090120 1.448452 1.310744
v -1.347310 1.609488 1.137287
v -3.090120 1.428834 1.212116
v -1.347310 1.511232 0.990237
v -3.090120 1.372965 1.128504
v -1.347310 1.364182 0.891981
v -3.090120 1.289353 1.072636
v -3.090120 1.017268 0.891981
v -3.090120 1.190725 0.857478
v -3.090120 0.870218 0.990237
v -3.090120 0.771962 1.137287
v -3.090120 0.737459 1.310744
v -3.090120 0.771962 1.484202
v -3.090120 0.870218 1.631252
v -3.090120 1.017268 1.729507
v -3.090120 1.190725 1.764010
v -3.090120 1.364182 1.729507
v -3.090120 1.511233 1.631252
v -3.090120 1.609488 1.484202
v -3.090120 1.643991 1.310744
v -3.090120 1.609488 1.137287
v -3.090120 1.511232 0.990237
v -3.090120 1.364182 0.891981
v -3.000120 1.125273 1.152729
v -3.000120 1.190725 1.139710
v -3.000120 1.069786 1.189805
v -3.000120 1.032711 1.245292
v -3.000120 1.019691 1.310744
v -3.000120 1.032711 1.376196
v -3.000120 1.069786 1.431683
v -3.000120 1.125273 1.468759
v -3.000120 1.190725 1.481778
v -3.000120 1.256177 1.468759
v -3.000120 1.311664 1.431683
v -3.000120 1.348740 1.376196
v -3.000120 1.361759 1.310744
v -3.000120 1.348740 1.245292
v -3.000120 1.311664 1.189805
v -3.000120 1.256177 1.152729
vn -0.0000 -0.1951 -0.9808
vn -0.0000 -0.5556 -0.8315
vn -0.0000 -0.8315 -0.5556
vn -0.0000 -0.9808 -0.1951
vn -0.0000 -0.9808 0.1951
vn -0.0000 -0.8315 0.5556
vn -0.0000 -0.5556 0.8315
vn -0.0000 -0.1951 0.9808
vn -0.0000 0.1951 0.9808
vn -0.0000 0.5556 0.8315
vn -0.0000 0.8315 0.5556
vn -0.0000 0.9808 0.1951
vn -0.0000 0.9808 -0.1951
vn -0.0000 0.8315 -0.5556
vn 0.6867 0.6044 -0.4039
vn -0.0000 0.5556 -0.8315
vn -0.0000 0.1951 -0.9808
vn -1.0000 -0.0000 -0.0000
vn 1.0000 -0.0000 -0.0000
vn 0.6867 -0.6044 0.4039
vn 0.6867 0.4038 -0.6044
vn 0.6867 -0.4038 0.6044
vn 0.6867 0.1418 -0.7129
vn 0.6867 0.1418 0.7129
vn 0.6867 -0.1418 0.7129
vn 0.6867 -0.1418 -0.7129
vn 0.6867 0.4038 0.6044
vn 0.6867 -0.4039 -0.6044
vn 0.6867 0.6044 0.4039
vn 0.6867 -0.6044 -0.4039
vn 0.6867 0.7129 0.1418
vn 0.6867 -0.7129 -0.1418
vn 0.6867 0.7129 -0.1418
vn 0.6867 -0.7129 0.1418
vn -0.6867 0.6044 -0.4038
vn -0.6867 -0.6044 0.4039
vn -0.6867 0.4038 -0.6044
vn -0.6867 -0.4039 0.6044
vn -0.6867 0.1418 -0.7129
vn -0.6867 0.1418 0.7129
vn -0.6867 -0.1418 0.7129
vn -0.6867 -0.1418 -0.7129
vn -0.6867 0.4038 0.6044
vn -0.6867 -0.4039 -0.6044
vn -0.6867 0.6044 0.4038
vn -0.6867 -0.6044 -0.4039
vn -0.6867 0.7129 0.1418
vn -0.6867 -0.7129 -0.1418
vn -0.6867 0.7129 -0.1418
vn -0.6867 -0.7129 0.1418
vt 0.689943 0.290205
vt 0.689943 0.287951
vt 0.690154 0.287951
vt 0.690154 0.290205
vt 0.690316 0.287951
vt 0.690316 0.290205
vt 0.670980 0.335523
vt 0.670980 0.333269
vt 0.671191 0.333269
vt 0.671191 0.335523
vt 0.671420 0.333269
vt 0.671420 0.335523
vt 0.671631 0.333269
vt 0.671631 0.335523
vt 0.671793 0.333269
vt 0.671793 0.335523
vt 0.671043 0.364296
vt 0.671043 0.362042
vt 0.671205 0.362042
vt 0.671205 0.364296
vt 0.671416 0.362042
vt 0.671416 0.364296
vt 0.671645 0.362042
vt 0.671645 0.364296
vt 0.671856 0.362042
vt 0.671856 0.364296
vt 0.670989 0.288626
vt 0.670989 0.290879
vt 0.670777 0.290879
vt 0.670777 0.288626
vt 0.670549 0.290879
vt 0.670549 0.288626
vt 0.670337 0.290879
vt 0.670337 0.288626
vt 0.689341 0.290205
vt 0.689341 0.287951
vt 0.689503 0.287951
vt 0.689503 0.290205
vt 0.717502 0.348474
vt 0.717452 0.348594
vt 0.717359 0.348532
vt 0.717392 0.348452
vt 0.689714 0.287951
vt 0.689714 0.290205
vt 0.700825 0.368732
vt 0.700738 0.368520
vt 0.700738 0.368292
vt 0.700825 0.368080
vt 0.700987 0.367919
vt 0.701198 0.367831
vt 0.701427 0.367831
vt 0.701638 0.367919
vt 0.701800 0.368080
vt 0.701887 0.368292
vt 0.701887 0.368520
vt 0.701800 0.368732
vt 0.701638 0.368893
vt 0.701427 0.368981
vt 0.701198 0.368981
vt 0.700987 0.368893
vt 0.716898 0.348594
vt 0.716990 0.348686
vt 0.716849 0.348897
vt 0.716688 0.348735
vt 0.717110 0.348736
vt 0.717061 0.348984
vt 0.717240 0.348736
vt 0.717289 0.348984
vt 0.717360 0.348686
vt 0.717501 0.348897
vt 0.717662 0.348735
vt 0.717750 0.348524
vt 0.717502 0.348344
vt 0.717750 0.348295
vt 0.717452 0.348224
vt 0.717662 0.348084
vt 0.717360 0.348132
vt 0.717501 0.347922
vt 0.717240 0.348082
vt 0.717289 0.347834
vt 0.717110 0.348082
vt 0.717061 0.347834
vt 0.716990 0.348132
vt 0.716849 0.347922
vt 0.716898 0.348224
vt 0.716688 0.348084
vt 0.716848 0.348344
vt 0.716600 0.348295
vt 0.716848 0.348474
vt 0.716600 0.348524
vt 0.717052 0.348593
vt 0.716991 0.348532
vt 0.716958 0.348452
vt 0.716958 0.348366
vt 0.716991 0.348286
vt 0.717052 0.348225
vt 0.717132 0.348192
vt 0.717218 0.348192
vt 0.717298 0.348225
vt 0.717359 0.348286
vt 0.717392 0.348366
vt 0.717298 0.348593
vt 0.717218 0.348626
vt 0.717132 0.348626
vt 0.756166 0.362332
vt 0.756166 0.362202
vt 0.756283 0.362224
vt 0.756283 0.362310
vt 0.755913 0.362202
vt 0.755913 0.362332
vt 0.755796 0.362310
vt 0.755796 0.362224
vt 0.740696 0.354431
vt 0.740696 0.354301
vt 0.740812 0.354323
vt 0.740812 0.354409
vt 0.755682 0.350403
vt 0.755682 0.350273
vt 0.755798 0.350295
vt 0.755798 0.350381
s 0
usemtl Material.001
f 663/585/220 696/586/220 695/587/220 665/588/220
f 665/588/221 695/587/221 697/589/221 667/590/221
f 667/591/222 697/592/222 698/593/222 669/594/222
f 669/594/223 698/593/223 699/595/223 671/596/223
f 671/596/224 699/595/224 700/597/224 673/598/224
f 673/598/225 700/597/225 701/599/225 675/600/225
f 675/601/226 701/602/226 702/603/226 677/604/226
f 677/604/227 702/603/227 703/605/227 679/606/227
f 679/606/228 703/605/228 704/607/228 681/608/228
f 681/608/229 704/607/229 705/609/229 683/610/229
f 683/611/230 705/612/230 706/613/230 685/614/230
f 685/614/231 706/613/231 707/615/231 687/616/231
f 687/616/232 707/615/232 708/617/232 689/618/232
f 689/619/233 708/620/233 709/621/233 691/622/233
f 676/623/234 674/624/234 716/625/234 717/626/234
f 691/622/235 709/621/235 710/627/235 693/628/235
f 693/628/236 710/627/236 696/586/236 663/585/236
f 663/629/237 665/630/237 667/631/237 669/632/237 671/633/237 673/634/237 675/635/237 677/636/237 679/637/237 681/638/237 683/639/237 685/640/237 687/641/237 689/642/237 691/643/237 693/644/237
f 664/645/238 666/646/238 695/647/238 696/648/238
f 666/646/238 668/649/238 697/650/238 695/647/238
f 668/649/238 670/651/238 698/652/238 697/650/238
f 670/651/238 672/653/238 699/654/238 698/652/238
f 672/653/238 674/624/238 700/655/238 699/654/238
f 674/624/238 676/623/238 701/656/238 700/655/238
f 676/623/238 678/657/238 702/658/238 701/656/238
f 678/657/238 680/659/238 703/660/238 702/658/238
f 680/659/238 682/661/238 704/662/238 703/660/238
f 682/661/238 684/663/238 705/664/238 704/662/238
f 684/663/238 686/665/238 706/666/238 705/664/238
f 686/665/238 688/667/238 707/668/238 706/666/238
f 688/667/238 690/669/238 708/670/238 707/668/238
f 690/669/238 692/671/238 709/672/238 708/670/238
f 692/671/238 694/673/238 710/674/238 709/672/238
f 694/673/238 664/645/238 696/648/238 710/674/238
f 711/675/238 712/676/238 726/677/238 725/678/238 724/679/238 723/680/238 722/681/238 721/682/238 720/683/238 719/684/238 718/685/238 717/626/238 716/625/238 715/686/238 714/687/238 713/688/238
f 692/671/239 690/669/239 724/679/239 725/678/239
f 678/657/240 676/623/240 717/626/240 718/685/240
f 694/673/241 692/671/241 725/678/241 726/677/241
f 680/689/242 678/690/242 718/691/242 719/692/242
f 666/693/243 664/694/243 712/695/243 711/696/243
f 664/645/244 694/673/244 726/677/244 712/676/244
f 682/661/245 680/659/245 719/684/245 720/683/245
f 668/649/246 666/646/246 711/675/246 713/688/246
f 684/663/247 682/661/247 720/683/247 721/682/247
f 670/651/248 668/649/248 713/688/248 714/687/248
f 686/665/249 684/663/249 721/682/249 722/681/249
f 672/697/250 670/698/250 714/699/250 715/700/250
f 688/701/251 686/702/251 722/703/251 723/704/251
f 674/624/252 672/653/252 715/686/252 716/625/252
f 690/669/253 688/667/253 723/680/253 724/679/253
f 727/585/220 729/588/220 759/587/220 760/586/220
f 729/588/221 731/590/221 761/589/221 759/587/221
f 731/591/222 733/594/222 762/593/222 761/592/222
f 733/594/223 735/596/223 763/595/223 762/593/223
f 735/596/224 737/598/224 764/597/224 763/595/224
f 737/598/225 739/600/225 765/599/225 764/597/225
f 739/601/226 741/604/226 766/603/226 765/602/226
f 741/604/227 743/606/227 767/605/227 766/603/227
f 743/606/228 745/608/228 768/607/228 767/605/228
f 745/608/229 747/610/229 769/609/229 768/607/229
f 747/611/230 749/614/230 770/613/230 769/612/230
f 749/614/231 751/616/231 771/615/231 770/613/231
f 751/616/232 753/618/232 772/617/232 771/615/232
f 753/619/233 755/622/233 773/621/233 772/620/233
f 740/623/254 781/626/254 780/625/254 738/624/254
f 755/622/235 757/628/235 774/627/235 773/621/235
f 757/628/236 727/585/236 760/586/236 774/627/236
f 727/629/238 757/644/238 755/643/238 753/642/238 751/641/238 749/640/238 747/639/238 745/638/238 743/637/238 741/636/238 739/635/238 737/634/238 735/633/238 733/632/238 731/631/238 729/630/238
f 728/645/237 760/648/237 759/647/237 730/646/237
f 730/646/237 759/647/237 761/650/237 732/649/237
f 732/649/237 761/650/237 762/652/237 734/651/237
f 734/651/237 762/652/237 763/654/237 736/653/237
f 736/653/237 763/654/237 764/655/237 738/624/237
f 738/624/237 764/655/237 765/656/237 740/623/237
f 740/623/237 765/656/237 766/658/237 742/657/237
f 742/657/237 766/658/237 767/660/237 744/659/237
f 744/659/237 767/660/237 768/662/237 746/661/237
f 746/661/237 768/662/237 769/664/237 748/663/237
f 748/663/237 769/664/237 770/666/237 750/665/237
f 750/665/237 770/666/237 771/668/237 752/667/237
f 752/667/237 771/668/237 772/670/237 754/669/237
f 754/669/237 772/670/237 773/672/237 756/671/237
f 756/671/237 773/672/237 774/674/237 758/673/237
f 758/673/237 774/674/237 760/648/237 728/645/237
f 775/675/237 777/688/237 778/687/237 779/686/237 780/625/237 781/626/237 782/685/237 783/684/237 784/683/237 785/682/237 786/681/237 787/680/237 788/679/237 789/678/237 790/677/237 776/676/237
f 756/671/255 789/678/255 788/679/255 754/669/255
f 742/657/256 782/685/256 781/626/256 740/623/256
f 758/673/257 790/677/257 789/678/257 756/671/257
f 744/689/258 783/692/258 782/691/258 742/690/258
f 730/693/259 775/696/259 776/695/259 728/694/259
f 728/645/260 776/676/260 790/677/260 758/673/260
f 746/661/261 784/683/261 783/684/261 744/659/261
f 732/649/262 777/688/262 775/675/262 730/646/262
f 748/663/263 785/682/263 784/683/263 746/661/263
f 734/651/264 778/687/264 777/688/264 732/649/264
f 750/665/265 786/681/265 785/682/265 748/663/265
f 736/697/266 779/700/266 778/699/266 734/698/266
f 752/701/267 787/704/267 786/703/267 750/702/267
f 738/624/268 780/625/268 779/686/268 736/653/268
f 754/669/269 788/679/269 787/680/269 752/667/269
o Cylinder.016
v 1.313606 -0.643551 -2.152616
v 3.101255 -0.643551 -1.957076
v 1.313606 -0.817008 -2.118113
v 3.101255 -0.742178 -1.937458
v 1.313606 -0.964058 -2.019857
v 3.101254 -0.825791 -1.881590
v 1.313606 -1.062314 -1.872807
v 3.101254 -0.881659 -1.797977
v 1.313606 -1.096817 -1.699349
v 3.101254 -0.901277 -1.699349
v 1.313606 -1.062314 -1.525892
v 3.101254 -0.881659 -1.600722
v 1.313606 -0.964058 -1.378842
v 3.101254 -0.825791 -1.517109
v 1.313606 -0.817008 -1.280586
v 3.101255 -0.742178 -1.461241
v 1.313606 -0.643551 -1.246084
v 3.101255 -0.643551 -1.441623
v 1.313606 -0.470093 -1.280586
v 3.101255 -0.544923 -1.461241
v 1.313606 -0.323043 -1.378842
v 3.101254 -0.461310 -1.517109
v 1.313606 -0.224787 -1.525892
v 3.101254 -0.405442 -1.600722
v 1.313606 -0.190285 -1.699350
v 3.101254 -0.385824 -1.699350
v 1.313606 -0.224788 -1.872807
v 3.101254 -0.405442 -1.797977
v 1.313606 -0.323043 -2.019857
v 3.101254 -0.461310 -1.881590
v 1.313606 -0.470093 -2.118113
v 3.101255 -0.544923 -1.937458
v 3.101255 -0.817008 -2.118113
v 3.101255 -0.643551 -2.152616
v 3.101255 -0.964058 -2.019857
v 3.101255 -1.062314 -1.872807
v 3.101255 -1.096817 -1.699349
v 3.101255 -1.062314 -1.525892
v 3.101255 -0.964058 -1.378842
v 3.101255 -0.817008 -1.280586
v 3.101255 -0.643551 -1.246084
v 3.101255 -0.470093 -1.280586
v 3.101254 -0.323043 -1.378842
v 3.101254 -0.224787 -1.525892
v 3.101254 -0.190285 -1.699350
v 3.101254 -0.224787 -1.872807
v 3.101254 -0.323043 -2.019857
v 3.101255 -0.470093 -2.118113
v 3.008939 -0.709002 -1.857364
v 3.008939 -0.643551 -1.870384
v 3.008939 -0.764490 -1.820289
v 3.008939 -0.801565 -1.764801
v 3.008939 -0.814584 -1.699350
v 3.008939 -0.801565 -1.633898
v 3.008939 -0.764490 -1.578410
v 3.008939 -0.709002 -1.541335
v 3.008939 -0.643551 -1.528316
v 3.008939 -0.578099 -1.541335
v 3.008939 -0.522611 -1.578410
v 3.008939 -0.485536 -1.633898
v 3.008939 -0.472517 -1.699350
v 3.008939 -0.485536 -1.764801
v 3.008939 -0.522611 -1.820289
v 3.008939 -0.578099 -1.857364
v -1.313606 -0.643551 -2.152615
v -3.101254 -0.643551 -1.957076
v -1.313606 -0.817008 -2.118112
v -3.101254 -0.742178 -1.937458
v -1.313606 -0.964058 -2.019857
v -3.101254 -0.825791 -1.881590
v -1.313606 -1.062314 -1.872807
v -3.101254 -0.881659 -1.797977
v -1.313606 -1.096817 -1.699349
v -3.101254 -0.901277 -1.699349
v -1.313606 -1.062314 -1.525892
v -3.101254 -0.881659 -1.600722
v -1.313606 -0.964058 -1.378842
v -3.101254 -0.825791 -1.517109
v -1.313606 -0.817008 -1.280586
v -3.101254 -0.742178 -1.461241
v -1.313606 -0.643551 -1.246083
v -3.101254 -0.643551 -1.441623
v -1.313606 -0.470093 -1.280586
v -3.101254 -0.544923 -1.461241
v -1.313606 -0.323043 -1.378842
v -3.101254 -0.461310 -1.517109
v -1.313606 -0.224788 -1.525892
v -3.101254 -0.405442 -1.600721
v -1.313606 -0.190285 -1.699349
v -3.101254 -0.385824 -1.699349
v -1.313606 -0.224788 -1.872807
v -3.101254 -0.405442 -1.797977
v -1.313606 -0.323043 -2.019857
v -3.101254 -0.461310 -1.881590
v -1.313606 -0.470093 -2.118113
v -3.101254 -0.544923 -1.937458
v -3.101254 -0.817008 -2.118112
v -3.101254 -0.643551 -2.152615
v -3.101254 -0.964058 -2.019857
v -3.101254 -1.062314 -1.872807
v -3.101254 -1.096817 -1.699349
v -3.101254 -1.062314 -1.525892
v -3.101254 -0.964058 -1.378842
v -3.101254 -0.817008 -1.280586
v -3.101254 -0.643551 -1.246083
v -3.101254 -0.470093 -1.280586
v -3.101254 -0.323043 -1.378842
v -3.101254 -0.224787 -1.525892
v -3.101254 -0.190285 -1.699349
v -3.101254 -0.224788 -1.872807
v -3.101254 -0.323043 -2.019857
v -3.101254 -0.470093 -2.118113
v -3.008939 -0.709002 -1.857364
v -3.008939 -0.643551 -1.870383
v -3.008939 -0.764490 -1.820289
v -3.008939 -0.801565 -1.764801
v -3.008939 -0.814585 -1.699349
v -3.008939 -0.801565 -1.633897
v -3.008939 -0.764490 -1.578410
v -3.008939 -0.709002 -1.541335
v -3.008939 -0.643551 -1.528315
v -3.008939 -0.578099 -1.541335
v -3.008939 -0.522611 -1.578410
v -3.008939 -0.485536 -1.633897
v -3.008939 -0.472517 -1.699349
v -3.008939 -0.485536 -1.764801
v -3.008939 -0.522611 -1.820289
v -3.008939 -0.578099 -1.857364
vn -0.0000 -0.1951 -0.9808
vn -0.0000 -0.5556 -0.8315
vn -0.0000 -0.8315 -0.5556
vn -0.0000 -0.9808 -0.1951
vn -0.0000 -0.9808 0.1951
vn -0.0000 -0.8315 0.5556
vn -0.0000 -0.5556 0.8315
vn -0.0000 -0.1951 0.9808
vn -0.0000 0.1951 0.9808
vn -0.0000 0.5556 0.8315
vn -0.0000 0.8315 0.5556
vn -0.0000 0.9808 0.1951
vn -0.0000 0.9808 -0.1951
vn -0.0000 0.8315 -0.5556
vn 0.6775 0.6116 -0.4086
vn -0.0000 0.5556 -0.8315
vn -0.0000 0.1951 -0.9808
vn -1.0000 -0.0000 -0.0000
vn 1.0000 -0.0000 -0.0000
vn 0.6775 -0.6116 0.4086
vn 0.6775 0.4086 -0.6116
vn 0.6775 -0.4086 0.6116
vn 0.6775 0.1435 -0.7214
vn 0.6775 0.1435 0.7214
vn 0.6775 -0.1435 0.7214
vn 0.6775 -0.1435 -0.7214
vn 0.6775 0.4086 0.6116
vn 0.6775 -0.4086 -0.6116
vn 0.6775 0.6116 0.4086
vn 0.6775 -0.6116 -0.4086
vn 0.6775 0.7214 0.1435
vn 0.6775 -0.7214 -0.1435
vn 0.6775 0.7214 -0.1435
vn 0.6775 -0.7214 0.1435
vn -0.6775 0.6116 -0.4086
vn -0.6775 -0.6116 0.4086
vn -0.6775 0.4086 -0.6116
vn -0.6775 -0.4086 0.6116
vn -0.6775 0.1435 -0.7214
vn -0.6775 0.1435 0.7214
vn -0.6775 -0.1435 0.7214
vn -0.6775 -0.1435 -0.7214
vn -0.6775 0.4086 0.6116
vn -0.6775 -0.4086 -0.6116
vn -0.6775 0.6116 0.4086
vn -0.6775 -0.6116 -0.4086
vn -0.6775 0.7214 0.1435
vn -0.6775 -0.7214 -0.1435
vn -0.6775 0.7214 -0.1435
vn -0.6775 -0.7214 0.1435
vt 0.671763 0.354301
vt 0.671763 0.351989
vt 0.671991 0.351989
vt 0.671991 0.354301
vt 0.672203 0.351989
vt 0.672203 0.354301
vt 0.727938 0.288725
vt 0.727938 0.291037
vt 0.727777 0.291037
vt 0.727777 0.288725
vt 0.727565 0.291037
vt 0.727565 0.288725
vt 0.727337 0.291037
vt 0.727337 0.288725
vt 0.727125 0.291037
vt 0.727125 0.288725
vt 0.726964 0.291037
vt 0.726964 0.288725
vt 0.671394 0.357856
vt 0.671394 0.355544
vt 0.671555 0.355544
vt 0.671555 0.357856
vt 0.671767 0.355544
vt 0.671767 0.357856
vt 0.671995 0.355544
vt 0.671995 0.357856
vt 0.672207 0.355544
vt 0.672207 0.357856
vt 0.670999 0.361982
vt 0.670999 0.364294
vt 0.670788 0.364294
vt 0.670788 0.361982
vt 0.670559 0.364294
vt 0.670559 0.361982
vt 0.670348 0.364294
vt 0.670348 0.361982
vt 0.706870 0.355354
vt 0.706870 0.355234
vt 0.706989 0.355212
vt 0.706989 0.355292
vt 0.671390 0.354301
vt 0.671390 0.351989
vt 0.671551 0.351989
vt 0.671551 0.354301
vt 0.715312 0.348295
vt 0.715312 0.348524
vt 0.715225 0.348735
vt 0.715063 0.348897
vt 0.714852 0.348984
vt 0.714623 0.348984
vt 0.714412 0.348897
vt 0.714250 0.348735
vt 0.714163 0.348524
vt 0.714163 0.348295
vt 0.714250 0.348084
vt 0.714412 0.347922
vt 0.714623 0.347834
vt 0.714852 0.347834
vt 0.715063 0.347922
vt 0.715225 0.348084
vt 0.699817 0.368591
vt 0.699909 0.368683
vt 0.699768 0.368893
vt 0.699606 0.368732
vt 0.700029 0.368733
vt 0.699979 0.368981
vt 0.700159 0.368733
vt 0.700208 0.368981
vt 0.700279 0.368683
vt 0.700419 0.368893
vt 0.700371 0.368591
vt 0.700581 0.368732
vt 0.700421 0.368471
vt 0.700669 0.368520
vt 0.700421 0.368341
vt 0.700669 0.368292
vt 0.700371 0.368221
vt 0.700581 0.368080
vt 0.700279 0.368129
vt 0.700419 0.367919
vt 0.700159 0.368079
vt 0.700208 0.367831
vt 0.700029 0.368079
vt 0.699979 0.367831
vt 0.699909 0.368129
vt 0.699768 0.367919
vt 0.699817 0.368221
vt 0.699606 0.368080
vt 0.699767 0.368341
vt 0.699519 0.368292
vt 0.699767 0.368471
vt 0.699519 0.368520
vt 0.699971 0.368590
vt 0.699910 0.368529
vt 0.699877 0.368449
vt 0.699877 0.368363
vt 0.699910 0.368283
vt 0.699971 0.368222
vt 0.700051 0.368189
vt 0.700137 0.368189
vt 0.700217 0.368222
vt 0.700278 0.368283
vt 0.700311 0.368363
vt 0.700311 0.368449
vt 0.700278 0.368529
vt 0.700217 0.368590
vt 0.700137 0.368623
vt 0.700051 0.368623
vt 0.706989 0.354198
vt 0.706989 0.354319
vt 0.706870 0.354340
vt 0.706870 0.354261
vt 0.706989 0.356019
vt 0.706989 0.356139
vt 0.706870 0.356077
vt 0.706870 0.355997
vt 0.717156 0.356282
vt 0.717156 0.356162
vt 0.717275 0.356224
vt 0.717275 0.356304
vt 0.706989 0.355889
vt 0.706870 0.355911
vt 0.717156 0.356412
vt 0.717275 0.356390
vt 0.706989 0.355769
vt 0.706870 0.355831
vt 0.717156 0.356532
vt 0.717275 0.356470
vt 0.706870 0.355104
vt 0.706870 0.354984
vt 0.706989 0.355046
vt 0.706989 0.355126
vt 0.706989 0.354449
vt 0.706989 0.354569
vt 0.706870 0.354506
vt 0.706870 0.354427
s 0
usemtl Material.001
f 791/705/270 824/706/270 823/707/270 793/708/270
f 793/708/271 823/707/271 825/709/271 795/710/271
f 795/711/272 825/712/272 826/713/272 797/714/272
f 797/714/273 826/713/273 827/715/273 799/716/273
f 799/716/274 827/715/274 828/717/274 801/718/274
f 801/718/275 828/717/275 829/719/275 803/720/275
f 803/720/276 829/719/276 830/721/276 805/722/276
f 805/723/277 830/724/277 831/725/277 807/726/277
f 807/726/278 831/725/278 832/727/278 809/728/278
f 809/728/279 832/727/279 833/729/279 811/730/279
f 811/730/280 833/729/280 834/731/280 813/732/280
f 813/733/281 834/734/281 835/735/281 815/736/281
f 815/736/282 835/735/282 836/737/282 817/738/282
f 817/738/283 836/737/283 837/739/283 819/740/283
f 804/741/284 802/742/284 844/743/284 845/744/284
f 819/745/285 837/746/285 838/747/285 821/748/285
f 821/748/286 838/747/286 824/706/286 791/705/286
f 791/749/287 793/750/287 795/751/287 797/752/287 799/753/287 801/754/287 803/755/287 805/756/287 807/757/287 809/758/287 811/759/287 813/760/287 815/761/287 817/762/287 819/763/287 821/764/287
f 792/765/288 794/766/288 823/767/288 824/768/288
f 794/766/288 796/769/288 825/770/288 823/767/288
f 796/769/288 798/771/288 826/772/288 825/770/288
f 798/771/288 800/773/288 827/774/288 826/772/288
f 800/773/288 802/775/288 828/776/288 827/774/288
f 802/775/288 804/777/288 829/778/288 828/776/288
f 804/777/288 806/779/288 830/780/288 829/778/288
f 806/779/288 808/781/288 831/782/288 830/780/288
f 808/781/288 810/783/288 832/784/288 831/782/288
f 810/783/288 812/785/288 833/786/288 832/784/288
f 812/785/288 814/787/288 834/788/288 833/786/288
f 814/787/288 816/789/288 835/790/288 834/788/288
f 816/789/288 818/791/288 836/792/288 835/790/288
f 818/791/288 820/793/288 837/794/288 836/792/288
f 820/793/288 822/795/288 838/796/288 837/794/288
f 822/795/288 792/765/288 824/768/288 838/796/288
f 839/797/288 840/798/288 854/799/288 853/800/288 852/801/288 851/802/288 850/803/288 849/804/288 848/805/288 847/806/288 846/807/288 845/808/288 844/809/288 843/810/288 842/811/288 841/812/288
f 820/813/289 818/814/289 852/815/289 853/816/289
f 806/779/290 804/777/290 845/808/290 846/807/290
f 822/795/291 820/793/291 853/800/291 854/799/291
f 808/817/292 806/818/292 846/819/292 847/820/292
f 794/821/293 792/822/293 840/823/293 839/824/293
f 792/765/294 822/795/294 854/799/294 840/798/294
f 810/825/295 808/817/295 847/820/295 848/826/295
f 796/827/296 794/821/296 839/824/296 841/828/296
f 812/829/297 810/825/297 848/826/297 849/830/297
f 798/831/298 796/827/298 841/828/298 842/832/298
f 814/787/299 812/785/299 849/804/299 850/803/299
f 800/833/300 798/834/300 842/835/300 843/836/300
f 816/837/301 814/838/301 850/839/301 851/840/301
f 802/742/302 800/833/302 843/836/302 844/743/302
f 818/814/303 816/837/303 851/840/303 852/815/303
f 855/705/270 857/708/270 887/707/270 888/706/270
f 857/708/271 859/710/271 889/709/271 887/707/271
f 859/711/272 861/714/272 890/713/272 889/712/272
f 861/714/273 863/716/273 891/715/273 890/713/273
f 863/716/274 865/718/274 892/717/274 891/715/274
f 865/718/275 867/720/275 893/719/275 892/717/275
f 867/720/276 869/722/276 894/721/276 893/719/276
f 869/723/277 871/726/277 895/725/277 894/724/277
f 871/726/278 873/728/278 896/727/278 895/725/278
f 873/728/279 875/730/279 897/729/279 896/727/279
f 875/730/280 877/732/280 898/731/280 897/729/280
f 877/733/281 879/736/281 899/735/281 898/734/281
f 879/736/282 881/738/282 900/737/282 899/735/282
f 881/738/283 883/740/283 901/739/283 900/737/283
f 868/741/304 909/744/304 908/743/304 866/742/304
f 883/745/285 885/748/285 902/747/285 901/746/285
f 885/748/286 855/705/286 888/706/286 902/747/286
f 855/749/288 885/764/288 883/763/288 881/762/288 879/761/288 877/760/288 875/759/288 873/758/288 871/757/288 869/756/288 867/755/288 865/754/288 863/753/288 861/752/288 859/751/288 857/750/288
f 856/765/287 888/768/287 887/767/287 858/766/287
f 858/766/287 887/767/287 889/770/287 860/769/287
f 860/769/287 889/770/287 890/772/287 862/771/287
f 862/771/287 890/772/287 891/774/287 864/773/287
f 864/773/287 891/774/287 892/776/287 866/775/287
f 866/775/287 892/776/287 893/778/287 868/777/287
f 868/777/287 893/778/287 894/780/287 870/779/287
f 870/779/287 894/780/287 895/782/287 872/781/287
f 872/781/287 895/782/287 896/784/287 874/783/287
f 874/783/287 896/784/287 897/786/287 876/785/287
f 876/785/287 897/786/287 898/788/287 878/787/287
f 878/787/287 898/788/287 899/790/287 880/789/287
f 880/789/287 899/790/287 900/792/287 882/791/287
f 882/791/287 900/792/287 901/794/287 884/793/287
f 884/793/287 901/794/287 902/796/287 886/795/287
f 886/795/287 902/796/287 888/768/287 856/765/287
f 903/797/287 905/812/287 906/811/287 907/810/287 908/809/287 909/808/287 910/807/287 911/806/287 912/805/287 913/804/287 914/803/287 915/802/287 916/801/287 917/800/287 918/799/287 904/798/287
f 884/813/305 917/816/305 916/815/305 882/814/305
f 870/779/306 910/807/306 909/808/306 868/777/306
f 886/795/307 918/799/307 917/800/307 884/793/307
f 872/817/308 911/820/308 910/819/308 870/818/308
f 858/821/309 903/824/309 904/823/309 856/822/309
f 856/765/310 904/798/310 918/799/310 886/795/310
f 874/825/311 912/826/311 911/820/311 872/817/311
f 860/827/312 905/828/312 903/824/312 858/821/312
f 876/829/313 913/830/313 912/826/313 874/825/313
f 862/831/314 906/832/314 905/828/314 860/827/314
f 878/787/315 914/803/315 913/804/315 876/785/315
f 864/833/316 907/836/316 906/835/316 862/834/316
f 880/837/317 915/840/317 914/839/317 878/838/317
f 866/742/318 908/743/318 907/836/318 864/833/318
f 882/814/319 916/815/319 915/840/319 880/837/319
o Cylinder.017
v 1.347310 1.261274 -1.917452
v 3.090120 1.261274 -1.721912
v 1.347310 1.087817 -1.882949
v 3.090120 1.162646 -1.702294
v 1.347310 0.940767 -1.784693
v 3.090120 1.079034 -1.646426
v 1.347310 0.842511 -1.637643
v 3.090120 1.023166 -1.562814
v 1.347310 0.808008 -1.464186
v 3.090120 1.003548 -1.464186
v 1.347310 0.842511 -1.290728
v 3.090120 1.023166 -1.365558
v 1.347310 0.940767 -1.143678
v 3.090120 1.079034 -1.281946
v 1.347310 1.087817 -1.045423
v 3.090120 1.162646 -1.226078
v 1.347310 1.261274 -1.010920
v 3.090120 1.261274 -1.206459
v 1.347310 1.434731 -1.045423
v 3.090120 1.359902 -1.226077
v 1.347310 1.581782 -1.143678
v 3.090120 1.443514 -1.281946
v 1.347310 1.680037 -1.290728
v 3.090120 1.499383 -1.365558
v 1.347310 1.714540 -1.464186
v 3.090120 1.519001 -1.464186
v 1.347310 1.680037 -1.637643
v 3.090120 1.499382 -1.562814
v 1.347310 1.581781 -1.784693
v 3.090120 1.443514 -1.646426
v 1.347310 1.434731 -1.882949
v 3.090120 1.359902 -1.702294
v 3.090120 1.087817 -1.882949
v 3.090120 1.261274 -1.917452
v 3.090120 0.940767 -1.784693
v 3.090120 0.842511 -1.637643
v 3.090120 0.808008 -1.464186
v 3.090120 0.842511 -1.290728
v 3.090120 0.940767 -1.143678
v 3.090120 1.087817 -1.045423
v 3.090120 1.261274 -1.010920
v 3.090120 1.434731 -1.045423
v 3.090120 1.581782 -1.143678
v 3.090120 1.680037 -1.290728
v 3.090120 1.714540 -1.464186
v 3.090120 1.680037 -1.637643
v 3.090120 1.581782 -1.784693
v 3.090120 1.434731 -1.882949
v 3.000120 1.195822 -1.622201
v 3.000120 1.261274 -1.635220
v 3.000120 1.140335 -1.585125
v 3.000120 1.103259 -1.529638
v 3.000120 1.090240 -1.464186
v 3.000120 1.103259 -1.398734
v 3.000120 1.140335 -1.343247
v 3.000120 1.195822 -1.306171
v 3.000120 1.261274 -1.293152
v 3.000120 1.326726 -1.306171
v 3.000120 1.382213 -1.343247
v 3.000120 1.419289 -1.398734
v 3.000120 1.432308 -1.464186
v 3.000120 1.419289 -1.529638
v 3.000120 1.382213 -1.585125
v 3.000120 1.326726 -1.622201
v -1.347310 1.261274 -1.917452
v -3.090120 1.261274 -1.721912
v -1.347310 1.087817 -1.882949
v -3.090120 1.162646 -1.702294
v -1.347310 0.940767 -1.784693
v -3.090120 1.079034 -1.646426
v -1.347310 0.842511 -1.637643
v -3.090120 1.023166 -1.562814
v -1.347310 0.808008 -1.464186
v -3.090120 1.003548 -1.464186
v -1.347310 0.842511 -1.290728
v -3.090120 1.023166 -1.365558
v -1.347310 0.940767 -1.143678
v -3.090120 1.079034 -1.281946
v -1.347310 1.087817 -1.045423
v -3.090120 1.162646 -1.226078
v -1.347310 1.261274 -1.010920
v -3.090120 1.261274 -1.206459
v -1.347310 1.434731 -1.045423
v -3.090120 1.359902 -1.226077
v -1.347310 1.581781 -1.143678
v -3.090120 1.443514 -1.281946
v -1.347310 1.680037 -1.290728
v -3.090120 1.499382 -1.365558
v -1.347310 1.714540 -1.464186
v -3.090120 1.519001 -1.464186
v -1.347310 1.680037 -1.637643
v -3.090120 1.499382 -1.562814
v -1.347310 1.581781 -1.784693
v -3.090120 1.443514 -1.646426
v -1.347310 1.434731 -1.882949
v -3.090120 1.359902 -1.702294
v -3.090120 1.087817 -1.882949
v -3.090120 1.261274 -1.917452
v -3.090120 0.940767 -1.784693
v -3.090120 0.842511 -1.637643
v -3.090120 0.808008 -1.464186
v -3.090120 0.842511 -1.290728
v -3.090120 0.940767 -1.143678
v -3.090120 1.087817 -1.045423
v -3.090120 1.261274 -1.010920
v -3.090120 1.434731 -1.045423
v -3.090120 1.581782 -1.143678
v -3.090120 1.680037 -1.290728
v -3.090120 1.714540 -1.464186
v -3.090120 1.680037 -1.637643
v -3.090120 1.581781 -1.784693
v -3.090120 1.434731 -1.882949
v -3.000120 1.195822 -1.622201
v -3.000120 1.261274 -1.635220
v -3.000120 1.140335 -1.585125
v -3.000120 1.103259 -1.529638
v -3.000120 1.090240 -1.464186
v -3.000120 1.103259 -1.398734
v -3.000120 1.140335 -1.343247
v -3.000120 1.195822 -1.306171
v -3.000120 1.261274 -1.293152
v -3.000120 1.326726 -1.306171
v -3.000120 1.382213 -1.343247
v -3.000120 1.419289 -1.398734
v -3.000120 1.432308 -1.464186
v -3.000120 1.419289 -1.529638
v -3.000120 1.382213 -1.585125
v -3.000120 1.326726 -1.622201
vn -0.0000 -0.1951 -0.9808
vn -0.0000 -0.5556 -0.8315
vn -0.0000 -0.8315 -0.5556
vn -0.0000 -0.9808 -0.1951
vn -0.0000 -0.9808 0.1951
vn -0.0000 -0.8315 0.5556
vn -0.0000 -0.5556 0.8315
vn -0.0000 -0.1951 0.9808
vn -0.0000 0.1951 0.9808
vn -0.0000 0.5556 0.8315
vn -0.0000 0.8315 0.5556
vn -0.0000 0.9808 0.1951
vn -0.0000 0.9808 -0.1951
vn -0.0000 0.8315 -0.5556
vn 0.6867 0.6044 -0.4039
vn -0.0000 0.5556 -0.8315
vn -0.0000 0.1951 -0.9808
vn -1.0000 -0.0000 -0.0000
vn 1.0000 -0.0000 -0.0000
vn 0.6867 -0.6044 0.4039
vn 0.6867 0.4039 -0.6044
vn 0.6867 -0.4038 0.6044
vn 0.6867 0.1418 -0.7129
vn 0.6867 0.1418 0.7129
vn 0.6867 -0.1418 0.7129
vn 0.6867 -0.1418 -0.7129
vn 0.6867 0.4038 0.6044
vn 0.6867 -0.4039 -0.6044
vn 0.6867 0.6044 0.4039
vn 0.6867 -0.6044 -0.4039
vn 0.6867 0.7129 0.1418
vn 0.6867 -0.7129 -0.1418
vn 0.6867 0.7129 -0.1418
vn 0.6867 -0.7129 0.1418
vn -0.6867 0.6044 -0.4039
vn -0.6867 -0.6044 0.4039
vn -0.6867 0.4039 -0.6044
vn -0.6867 -0.4039 0.6044
vn -0.6867 0.1418 -0.7129
vn -0.6867 0.1418 0.7129
vn -0.6867 -0.1418 0.7129
vn -0.6867 -0.1418 -0.7129
vn -0.6867 0.4039 0.6044
vn -0.6867 -0.4039 -0.6044
vn -0.6867 0.6044 0.4039
vn -0.6867 -0.6044 -0.4039
vn -0.6867 0.7129 0.1418
vn -0.6867 -0.7129 -0.1418
vn -0.6867 0.7129 -0.1418
vn -0.6867 -0.7129 0.1418
vt 0.716017 0.290217
vt 0.716017 0.287963
vt 0.716229 0.287963
vt 0.716229 0.290217
vt 0.716390 0.287963
vt 0.716390 0.290217
vt 0.671033 0.294057
vt 0.671033 0.291804
vt 0.671244 0.291804
vt 0.671244 0.294057
vt 0.671472 0.291804
vt 0.671472 0.294057
vt 0.671684 0.291804
vt 0.671684 0.294057
vt 0.671845 0.291804
vt 0.671845 0.294057
vt 0.700389 0.289460
vt 0.700389 0.287206
vt 0.700550 0.287206
vt 0.700550 0.289460
vt 0.700762 0.287206
vt 0.700762 0.289460
vt 0.700990 0.287206
vt 0.700990 0.289460
vt 0.701202 0.287206
vt 0.701202 0.289460
vt 0.735529 0.286319
vt 0.735529 0.288572
vt 0.735317 0.288572
vt 0.735317 0.286319
vt 0.735089 0.288572
vt 0.735089 0.286319
vt 0.734877 0.288572
vt 0.734877 0.286319
vt 0.715416 0.290217
vt 0.715416 0.287963
vt 0.715577 0.287963
vt 0.715577 0.290217
vt 0.716283 0.348474
vt 0.716233 0.348594
vt 0.716140 0.348532
vt 0.716173 0.348452
vt 0.715789 0.287963
vt 0.715789 0.290217
vt 0.713032 0.348735
vt 0.712944 0.348524
vt 0.712944 0.348295
vt 0.713032 0.348084
vt 0.713193 0.347922
vt 0.713404 0.347834
vt 0.713633 0.347834
vt 0.713845 0.347922
vt 0.714006 0.348084
vt 0.714094 0.348295
vt 0.714094 0.348524
vt 0.714006 0.348735
vt 0.713845 0.348897
vt 0.713633 0.348984
vt 0.713404 0.348984
vt 0.713193 0.348897
vt 0.715679 0.348594
vt 0.715771 0.348686
vt 0.715631 0.348897
vt 0.715469 0.348735
vt 0.715891 0.348736
vt 0.715842 0.348984
vt 0.716021 0.348736
vt 0.716071 0.348984
vt 0.716141 0.348686
vt 0.716282 0.348897
vt 0.716444 0.348735
vt 0.716531 0.348524
vt 0.716283 0.348344
vt 0.716531 0.348295
vt 0.716233 0.348224
vt 0.716444 0.348084
vt 0.716141 0.348132
vt 0.716282 0.347922
vt 0.716021 0.348082
vt 0.716071 0.347834
vt 0.715891 0.348082
vt 0.715842 0.347834
vt 0.715771 0.348132
vt 0.715631 0.347922
vt 0.715679 0.348224
vt 0.715469 0.348084
vt 0.715629 0.348344
vt 0.715381 0.348295
vt 0.715629 0.348474
vt 0.715381 0.348524
vt 0.715833 0.348593
vt 0.715772 0.348532
vt 0.715739 0.348452
vt 0.715739 0.348366
vt 0.715772 0.348286
vt 0.715833 0.348225
vt 0.715913 0.348192
vt 0.715999 0.348192
vt 0.716079 0.348225
vt 0.716140 0.348286
vt 0.716173 0.348366
vt 0.716079 0.348593
vt 0.715999 0.348626
vt 0.715913 0.348626
vt 0.756043 0.362332
vt 0.756043 0.362202
vt 0.756159 0.362224
vt 0.756159 0.362310
vt 0.756036 0.362202
vt 0.756036 0.362332
vt 0.755920 0.362310
vt 0.755920 0.362224
vt 0.741354 0.354230
vt 0.741354 0.354100
vt 0.741471 0.354122
vt 0.741471 0.354208
vt 0.741231 0.354230
vt 0.741231 0.354100
vt 0.741348 0.354122
vt 0.741348 0.354208
s 0
usemtl Material.001
f 919/841/320 952/842/320 951/843/320 921/844/320
f 921/844/321 951/843/321 953/845/321 923/846/321
f 923/847/322 953/848/322 954/849/322 925/850/322
f 925/850/323 954/849/323 955/851/323 927/852/323
f 927/852/324 955/851/324 956/853/324 929/854/324
f 929/854/325 956/853/325 957/855/325 931/856/325
f 931/857/326 957/858/326 958/859/326 933/860/326
f 933/860/327 958/859/327 959/861/327 935/862/327
f 935/862/328 959/861/328 960/863/328 937/864/328
f 937/864/329 960/863/329 961/865/329 939/866/329
f 939/867/330 961/868/330 962/869/330 941/870/330
f 941/870/331 962/869/331 963/871/331 943/872/331
f 943/872/332 963/871/332 964/873/332 945/874/332
f 945/875/333 964/876/333 965/877/333 947/878/333
f 932/879/334 930/880/334 972/881/334 973/882/334
f 947/878/335 965/877/335 966/883/335 949/884/335
f 949/884/336 966/883/336 952/842/336 919/841/336
f 919/885/337 921/886/337 923/887/337 925/888/337 927/889/337 929/890/337 931/891/337 933/892/337 935/893/337 937/894/337 939/895/337 941/896/337 943/897/337 945/898/337 947/899/337 949/900/337
f 920/901/338 922/902/338 951/903/338 952/904/338
f 922/902/338 924/905/338 953/906/338 951/903/338
f 924/905/338 926/907/338 954/908/338 953/906/338
f 926/907/338 928/909/338 955/910/338 954/908/338
f 928/909/338 930/880/338 956/911/338 955/910/338
f 930/880/338 932/879/338 957/912/338 956/911/338
f 932/879/338 934/913/338 958/914/338 957/912/338
f 934/913/338 936/915/338 959/916/338 958/914/338
f 936/915/338 938/917/338 960/918/338 959/916/338
f 938/917/338 940/919/338 961/920/338 960/918/338
f 940/919/338 942/921/338 962/922/338 961/920/338
f 942/921/338 944/923/338 963/924/338 962/922/338
f 944/923/338 946/925/338 964/926/338 963/924/338
f 946/925/338 948/927/338 965/928/338 964/926/338
f 948/927/338 950/929/338 966/930/338 965/928/338
f 950/929/338 920/901/338 952/904/338 966/930/338
f 967/931/338 968/932/338 982/933/338 981/934/338 980/935/338 979/936/338 978/937/338 977/938/338 976/939/338 975/940/338 974/941/338 973/882/338 972/881/338 971/942/338 970/943/338 969/944/338
f 948/927/339 946/925/339 980/935/339 981/934/339
f 934/913/340 932/879/340 973/882/340 974/941/340
f 950/929/341 948/927/341 981/934/341 982/933/341
f 936/945/342 934/946/342 974/947/342 975/948/342
f 922/949/343 920/950/343 968/951/343 967/952/343
f 920/901/344 950/929/344 982/933/344 968/932/344
f 938/917/345 936/915/345 975/940/345 976/939/345
f 924/905/346 922/902/346 967/931/346 969/944/346
f 940/919/347 938/917/347 976/939/347 977/938/347
f 926/907/348 924/905/348 969/944/348 970/943/348
f 942/921/349 940/919/349 977/938/349 978/937/349
f 928/953/350 926/954/350 970/955/350 971/956/350
f 944/957/351 942/958/351 978/959/351 979/960/351
f 930/880/352 928/909/352 971/942/352 972/881/352
f 946/925/353 944/923/353 979/936/353 980/935/353
f 983/841/320 985/844/320 1015/843/320 1016/842/320
f 985/844/321 987/846/321 1017/845/321 1015/843/321
f 987/847/322 989/850/322 1018/849/322 1017/848/322
f 989/850/323 991/852/323 1019/851/323 1018/849/323
f 991/852/324 993/854/324 1020/853/324 1019/851/324
f 993/854/325 995/856/325 1021/855/325 1020/853/325
f 995/857/326 997/860/326 1022/859/326 1021/858/326
f 997/860/327 999/862/327 1023/861/327 1022/859/327
f 999/862/328 1001/864/328 1024/863/328 1023/861/328
f 1001/864/329 1003/866/329 1025/865/329 1024/863/329
f 1003/867/330 1005/870/330 1026/869/330 1025/868/330
f 1005/870/331 1007/872/331 1027/871/331 1026/869/331
f 1007/872/332 1009/874/332 1028/873/332 1027/871/332
f 1009/875/333 1011/878/333 1029/877/333 1028/876/333
f 996/879/354 1037/882/354 1036/881/354 994/880/354
f 1011/878/335 1013/884/335 1030/883/335 1029/877/335
f 1013/884/336 983/841/336 1016/842/336 1030/883/336
f 983/885/338 1013/900/338 1011/899/338 1009/898/338 1007/897/338 1005/896/338 1003/895/338 1001/894/338 999/893/338 997/892/338 995/891/338 993/890/338 991/889/338 989/888/338 987/887/338 985/886/338
f 984/901/337 1016/904/337 1015/903/337 986/902/337
f 986/902/337 1015/903/337 1017/906/337 988/905/337
f 988/905/337 1017/906/337 1018/908/337 990/907/337
f 990/907/337 1018/908/337 1019/910/337 992/909/337
f 992/909/337 1019/910/337 1020/911/337 994/880/337
f 994/880/337 1020/911/337 1021/912/337 996/879/337
f 996/879/337 1021/912/337 1022/914/337 998/913/337
f 998/913/337 1022/914/337 1023/916/337 1000/915/337
f 1000/915/337 1023/916/337 1024/918/337 1002/917/337
f 1002/917/337 1024/918/337 1025/920/337 1004/919/337
f 1004/919/337 1025/920/337 1026/922/337 1006/921/337
f 1006/921/337 1026/922/337 1027/924/337 1008/923/337
f 1008/923/337 1027/924/337 1028/926/337 1010/925/337
f 1010/925/337 1028/926/337 1029/928/337 1012/927/337
f 1012/927/337 1029/928/337 1030/930/337 1014/929/337
f 1014/929/337 1030/930/337 1016/904/337 984/901/337
f 1031/931/337 1033/944/337 1034/943/337 1035/942/337 1036/881/337 1037/882/337 1038/941/337 1039/940/337 1040/939/337 1041/938/337 1042/937/337 1043/936/337 1044/935/337 1045/934/337 1046/933/337 1032/932/337
f 1012/927/355 1045/934/355 1044/935/355 1010/925/355
f 998/913/356 1038/941/356 1037/882/356 996/879/356
f 1014/929/357 1046/933/357 1045/934/357 1012/927/357
f 1000/945/358 1039/948/358 1038/947/358 998/946/358
f 986/949/359 1031/952/359 1032/951/359 984/950/359
f 984/901/360 1032/932/360 1046/933/360 1014/929/360
f 1002/917/361 1040/939/361 1039/940/361 1000/915/361
f 988/905/362 1033/944/362 1031/931/362 986/902/362
f 1004/919/363 1041/938/363 1040/939/363 1002/917/363
f 990/907/364 1034/943/364 1033/944/364 988/905/364
f 1006/921/365 1042/937/365 1041/938/365 1004/919/365
f 992/953/366 1035/956/366 1034/955/366 990/954/366
f 1008/957/367 1043/960/367 1042/959/367 1006/958/367
f 994/880/368 1036/881/368 1035/942/368 992/909/368
f 1010/925/369 1044/935/369 1043/936/369 1008/923/369
o tank_track1.002
v 1.350023 0.131245 3.819427
v 1.722353 0.953332 3.854155
v 1.350023 0.953332 3.854155
v 1.757643 0.131245 3.819427
v 1.757643 0.000182 3.752161
v 1.722353 1.095607 3.784879
v 1.350023 1.095607 3.784878
v 1.279618 0.131245 3.819427
v 1.279617 0.953332 3.854155
v 3.036251 0.131245 3.819427
v 2.663920 0.953332 3.854155
v 3.036251 0.953332 3.854155
v 2.628630 0.131245 3.819427
v 2.193137 0.953332 3.854155
v 2.193137 0.131245 3.819427
v 2.628630 0.000181 3.752161
v 2.193137 0.000181 3.752161
v 2.663920 1.095607 3.784879
v 3.036251 1.095607 3.784879
v 3.106656 0.131245 3.819427
v 3.106656 0.953332 3.854155
v 1.350023 0.199343 3.631378
v 1.722353 0.886486 3.665657
v 1.350023 0.886486 3.665657
v 1.757643 0.199343 3.631378
v 1.757643 0.085714 3.571373
v 1.722353 0.995312 3.611844
v 1.350023 0.995312 3.611844
v 1.279618 0.199343 3.631378
v 1.279617 0.886486 3.665657
v 3.036251 0.199343 3.631378
v 2.663920 0.886486 3.665657
v 3.036251 0.886486 3.665657
v 2.628630 0.199343 3.631378
v 2.193137 0.886486 3.665657
v 2.193137 0.199343 3.631378
v 2.628630 0.085714 3.571373
v 2.193137 0.085714 3.571373
v 2.663920 0.995312 3.611845
v 3.036251 0.995312 3.611845
v 3.106656 0.199343 3.631378
v 3.106656 0.886486 3.665657
v 1.350023 -0.662434 3.185932
v 1.722353 -0.038713 3.732199
v 1.350023 -0.038713 3.732199
v 1.757643 -0.662434 3.185932
v 1.757643 -0.752337 3.069227
v 1.722353 0.102072 3.804455
v 1.350023 0.102072 3.804455
v 1.279617 -0.662434 3.185932
v 1.279618 -0.038713 3.732199
v 3.036251 -0.662434 3.185932
v 2.663920 -0.038713 3.732199
v 3.036251 -0.038714 3.732199
v 2.628630 -0.662434 3.185932
v 2.193137 -0.038713 3.732199
v 2.193137 -0.662434 3.185932
v 2.628630 -0.752338 3.069227
v 2.193137 -0.752338 3.069227
v 2.663920 0.102072 3.804455
v 3.036251 0.102072 3.804455
v 3.106656 -0.662434 3.185932
v 3.106656 -0.038714 3.732199
v 1.350023 -0.502748 3.065514
v 1.722353 0.051853 3.553879
v 1.350023 0.051853 3.553879
v 1.757643 -0.502748 3.065514
v 1.757643 -0.585246 2.959316
v 1.722353 0.174108 3.617878
v 1.350023 0.174108 3.617878
v 1.279617 -0.502748 3.065514
v 1.279618 0.051853 3.553879
v 3.036251 -0.502748 3.065514
v 2.663920 0.051853 3.553879
v 3.036251 0.051853 3.553879
v 2.628630 -0.502748 3.065514
v 2.193137 0.051853 3.553879
v 2.193137 -0.502748 3.065514
v 2.628630 -0.585246 2.959316
v 2.193137 -0.585246 2.959316
v 2.663920 0.174108 3.617878
v 3.036251 0.174108 3.617878
v 3.106656 -0.502748 3.065514
v 3.106656 0.051853 3.553879
v 1.350023 -1.127499 2.271459
v 1.722353 -0.774337 3.031538
v 1.350023 -0.774337 3.031538
v 1.757643 -1.127499 2.271459
v 1.757643 -1.169222 2.130170
v 1.722353 -0.682445 3.159955
v 1.350023 -0.682446 3.159955
v 1.279617 -1.127499 2.271459
v 1.279617 -0.774337 3.031538
v 3.036251 -1.127499 2.271459
v 2.663920 -0.774337 3.031538
v 3.036251 -0.774337 3.031538
v 2.628630 -1.127499 2.271459
v 2.193137 -0.774337 3.031538
v 2.193137 -1.127499 2.271459
v 2.628630 -1.169222 2.130170
v 2.193137 -1.169222 2.130170
v 2.663920 -0.682446 3.159955
v 3.036251 -0.682446 3.159955
v 3.106656 -1.127499 2.271459
v 3.106656 -0.774337 3.031538
v 1.350023 -0.938422 2.206267
v 1.722353 -0.605608 2.924158
v 1.350023 -0.605608 2.924158
v 1.757643 -0.938422 2.206267
v 1.757643 -0.978444 2.070141
v 1.722353 -0.521053 3.041834
v 1.350023 -0.521053 3.041834
v 1.279617 -0.938422 2.206267
v 1.279617 -0.605608 2.924158
v 3.036251 -0.938422 2.206267
v 2.663920 -0.605608 2.924158
v 3.036251 -0.605608 2.924157
v 2.628630 -0.938422 2.206267
v 2.193137 -0.605608 2.924158
v 2.193137 -0.938422 2.206267
v 2.628630 -0.978444 2.070141
v 2.193137 -0.978444 2.070141
v 2.663920 -0.521053 3.041834
v 3.036251 -0.521053 3.041834
v 3.106656 -0.938422 2.206267
v 3.106656 -0.605608 2.924157
v 1.350023 -1.369673 1.270731
v 1.722353 -1.181604 2.088244
v 1.350023 -1.181603 2.088244
v 1.757643 -1.369674 1.270731
v 1.757643 -1.392403 1.125177
v 1.722353 -1.136786 2.240008
v 1.350023 -1.136786 2.240008
v 1.279618 -1.369673 1.270731
v 1.279617 -1.181603 2.088244
v 3.036251 -1.369674 1.270731
v 2.663920 -1.181604 2.088244
v 3.036251 -1.181604 2.088244
v 2.628630 -1.369674 1.270731
v 2.193137 -1.181604 2.088244
v 2.193137 -1.369674 1.270731
v 2.628630 -1.392403 1.125177
v 2.193137 -1.392403 1.125177
v 2.663920 -1.136786 2.240008
v 3.036251 -1.136786 2.240008
v 3.106656 -1.369674 1.270731
v 3.106656 -1.181604 2.088244
v 1.350023 -1.172480 1.237347
v 1.722353 -0.990347 2.029755
v 1.350023 -0.990347 2.029755
v 1.757643 -1.172480 1.237347
v 1.757643 -1.194642 1.095330
v 1.722353 -0.947318 2.175962
v 1.350023 -0.947318 2.175962
v 1.279618 -1.172479 1.237347
v 1.279617 -0.990347 2.029755
v 3.036251 -1.172480 1.237347
v 2.663920 -0.990347 2.029755
v 3.036251 -0.990347 2.029755
v 2.628630 -1.172480 1.237347
v 2.193137 -0.990347 2.029755
v 2.193137 -1.172480 1.237347
v 2.628630 -1.194642 1.095330
v 2.193137 -1.194642 1.095330
v 2.663920 -0.947318 2.175962
v 3.036251 -0.947319 2.175962
v 3.106656 -1.172480 1.237347
v 3.106656 -0.990347 2.029755
v 1.350023 -1.481332 0.246663
v 1.722353 -1.399148 1.081982
v 1.350023 -1.399148 1.081982
v 1.757643 -1.481332 0.246663
v 1.757643 -1.488537 0.099544
v 1.722353 -1.374733 1.238333
v 1.350023 -1.374733 1.238333
v 1.279618 -1.481332 0.246663
v 1.279618 -1.399148 1.081982
v 3.036251 -1.481332 0.246662
v 2.663920 -1.399148 1.081982
v 3.036251 -1.399148 1.081982
v 2.628630 -1.481332 0.246662
v 2.193137 -1.399148 1.081982
v 2.193137 -1.481332 0.246662
v 2.628630 -1.488537 0.099544
v 2.193137 -1.488537 0.099544
v 2.663920 -1.374733 1.238333
v 3.036251 -1.374733 1.238333
v 3.106656 -1.481332 0.246662
v 3.106656 -1.399148 1.081982
v 1.350023 -1.281639 0.235572
v 1.722353 -1.201232 1.053186
v 1.350023 -1.201232 1.053186
v 1.757643 -1.281640 0.235572
v 1.757643 -1.288682 0.091944
v 1.722353 -1.177407 1.205735
v 1.350023 -1.177407 1.205735
v 1.279617 -1.281639 0.235572
v 1.279618 -1.201232 1.053186
v 3.036251 -1.281640 0.235572
v 2.663920 -1.201232 1.053186
v 3.036251 -1.201232 1.053186
v 2.628630 -1.281640 0.235572
v 2.193137 -1.201232 1.053186
v 2.193137 -1.281640 0.235572
v 2.628630 -1.288682 0.091944
v 2.193137 -1.288682 0.091944
v 2.663920 -1.177407 1.205735
v 3.036251 -1.177407 1.205735
v 3.106656 -1.281640 0.235572
v 3.106656 -1.201232 1.053186
v 1.350023 -1.459252 -0.782265
v 1.722353 -1.489835 0.055846
v 1.350023 -1.489834 0.055846
v 1.757643 -1.459252 -0.782265
v 1.757643 -1.442734 -0.928608
v 1.722353 -1.483479 0.213942
v 1.350023 -1.483479 0.213942
v 1.279617 -1.459252 -0.782265
v 1.279618 -1.489834 0.055846
v 3.036251 -1.459252 -0.782265
v 2.663920 -1.489835 0.055846
v 3.036251 -1.489835 0.055846
v 2.628630 -1.459252 -0.782265
v 2.193137 -1.489835 0.055846
v 2.193137 -1.459252 -0.782265
v 2.628630 -1.442734 -0.928608
v 2.193137 -1.442734 -0.928608
v 2.663920 -1.483479 0.213942
v 3.036251 -1.483479 0.213942
v 3.106656 -1.459252 -0.782265
v 3.106656 -1.489835 0.055846
v 1.350023 -1.260481 -0.760131
v 1.722353 -1.289936 0.049476
v 1.350023 -1.289936 0.049476
v 1.757643 -1.260481 -0.760131
v 1.757643 -1.244556 -0.901677
v 1.722353 -1.283751 0.203503
v 1.350023 -1.283751 0.203503
v 1.279617 -1.260481 -0.760131
v 1.279618 -1.289936 0.049476
v 3.036251 -1.260481 -0.760132
v 2.663920 -1.289936 0.049476
v 3.036251 -1.289936 0.049476
v 2.628630 -1.260481 -0.760132
v 2.193137 -1.289936 0.049476
v 2.193137 -1.260481 -0.760132
v 2.628630 -1.244556 -0.901677
v 2.193137 -1.244556 -0.901677
v 2.663920 -1.283752 0.203503
v 3.036251 -1.283752 0.203503
v 3.106656 -1.260481 -0.760132
v 3.106656 -1.289936 0.049476
v 1.350023 -1.268306 -1.794068
v 1.722353 -1.435691 -0.971753
v 1.350023 -1.435690 -0.971753
v 1.757643 -1.268306 -1.794068
v 1.757643 -1.225372 -1.934993
v 1.722353 -1.456005 -0.814895
v 1.350023 -1.456005 -0.814895
v 1.279617 -1.268306 -1.794068
v 1.279618 -1.435690 -0.971753
v 3.036251 -1.268306 -1.794069
v 2.663920 -1.435691 -0.971753
v 3.036251 -1.435691 -0.971753
v 2.628630 -1.268306 -1.794069
v 2.193137 -1.435691 -0.971753
v 2.193137 -1.268306 -1.794069
v 2.628630 -1.225372 -1.934993
v 2.193137 -1.225372 -1.934993
v 2.663920 -1.456005 -0.814895
v 3.036251 -1.456005 -0.814895
v 3.106656 -1.268306 -1.794069
v 3.106656 -1.435691 -0.971753
v 1.350023 -1.075298 -1.741649
v 1.722353 -1.237688 -0.943554
v 1.350023 -1.237688 -0.943553
v 1.757643 -1.075298 -1.741649
v 1.757643 -1.033688 -1.877922
v 1.722353 -1.257358 -0.791662
v 1.350023 -1.257358 -0.791662
v 1.279617 -1.075298 -1.741649
v 1.279618 -1.237688 -0.943553
v 3.036251 -1.075298 -1.741649
v 2.663920 -1.237688 -0.943554
v 3.036251 -1.237689 -0.943554
v 2.628630 -1.075298 -1.741649
v 2.193137 -1.237688 -0.943554
v 2.193137 -1.075298 -1.741649
v 2.628630 -1.033688 -1.877922
v 2.193137 -1.033688 -1.877922
v 2.663920 -1.257358 -0.791662
v 3.036251 -1.257358 -0.791662
v 3.106656 -1.075298 -1.741649
v 3.106656 -1.237689 -0.943554
v 1.350023 -0.909788 -2.758425
v 1.722353 -1.212632 -1.976812
v 1.350023 -1.212632 -1.976812
v 1.757643 -0.909788 -2.758425
v 1.757643 -0.841622 -2.889025
v 1.722353 -1.258750 -1.825436
v 1.350023 -1.258750 -1.825436
v 1.279617 -0.909788 -2.758425
v 1.279617 -1.212632 -1.976812
v 3.036251 -0.909788 -2.758425
v 2.663920 -1.212632 -1.976812
v 3.036251 -1.212632 -1.976812
v 2.628630 -0.909788 -2.758425
v 2.193137 -1.212632 -1.976812
v 2.193137 -0.909788 -2.758425
v 2.628630 -0.841622 -2.889025
v 2.193137 -0.841622 -2.889025
v 2.663920 -1.258750 -1.825436
v 3.036251 -1.258750 -1.825436
v 3.106656 -0.909788 -2.758425
v 3.106656 -1.212632 -1.976812
v 1.350023 -0.730802 -2.669184
v 1.722353 -1.021362 -1.918367
v 1.350023 -1.021362 -1.918367
v 1.757643 -0.730802 -2.669184
v 1.757643 -0.666151 -2.793056
v 1.722353 -1.066027 -1.771979
v 1.350023 -1.066027 -1.771978
v 1.279618 -0.730802 -2.669184
v 1.279618 -1.021362 -1.918367
v 3.036251 -0.730802 -2.669184
v 2.663920 -1.021362 -1.918367
v 3.036251 -1.021362 -1.918367
v 2.628630 -0.730802 -2.669184
v 2.193137 -1.021362 -1.918367
v 2.193137 -0.730802 -2.669184
v 2.628630 -0.666151 -2.793056
v 2.193137 -0.666151 -2.793056
v 2.663920 -1.066027 -1.771979
v 3.036251 -1.066027 -1.771979
v 3.106656 -0.730802 -2.669184
v 3.106656 -1.021362 -1.918367
v 1.350023 -0.318553 -3.594487
v 1.722353 -0.821393 -2.927782
v 1.350023 -0.821393 -2.927782
v 1.757643 -0.318553 -3.594487
v 1.757643 -0.213836 -3.697932
v 1.722353 -0.894615 -2.787495
v 1.350023 -0.894615 -2.787495
v 1.279618 -0.318553 -3.594487
v 1.279617 -0.821393 -2.927782
v 3.036251 -0.318553 -3.594487
v 2.663920 -0.821393 -2.927782
v 3.036251 -0.821393 -2.927782
v 2.628630 -0.318553 -3.594487
v 2.193137 -0.821393 -2.927782
v 2.193137 -0.318553 -3.594487
v 2.628630 -0.213836 -3.697932
v 2.193137 -0.213836 -3.697932
v 2.663920 -0.894615 -2.787495
v 3.036251 -0.894615 -2.787495
v 3.106656 -0.318553 -3.594487
v 3.106656 -0.821393 -2.927782
v 1.350023 -0.183078 -3.447360
v 1.722353 -0.647014 -2.829843
v 1.350023 -0.647015 -2.829843
v 1.757643 -0.183077 -3.447360
v 1.757643 -0.089127 -3.541574
v 1.722353 -0.716389 -2.696745
v 1.350023 -0.716389 -2.696745
v 1.279618 -0.183077 -3.447360
v 1.279617 -0.647014 -2.829843
v 3.036251 -0.183077 -3.447360
v 2.663920 -0.647015 -2.829843
v 3.036251 -0.647015 -2.829843
v 2.628630 -0.183077 -3.447360
v 2.193137 -0.647015 -2.829843
v 2.193137 -0.183077 -3.447360
v 2.628630 -0.089127 -3.541574
v 2.193137 -0.089127 -3.541574
v 2.663920 -0.716389 -2.696745
v 3.036251 -0.716389 -2.696745
v 3.106656 -0.183077 -3.447360
v 3.106656 -0.647015 -2.829843
v 1.350023 0.591321 -4.024271
v 1.722353 -0.176934 -3.721371
v 1.350023 -0.176934 -3.721371
v 1.757643 0.591321 -4.024271
v 1.757643 0.738635 -4.025508
v 1.722353 -0.295407 -3.617716
v 1.350023 -0.295407 -3.617716
v 1.279618 0.591322 -4.024271
v 1.279618 -0.176934 -3.721371
v 3.036251 0.591321 -4.024271
v 2.663920 -0.176934 -3.721371
v 3.036251 -0.176935 -3.721371
v 2.628630 0.591321 -4.024271
v 2.193137 -0.176934 -3.721371
v 2.193137 0.591321 -4.024271
v 2.628630 0.738635 -4.025508
v 2.193137 0.738635 -4.025508
v 2.663920 -0.295408 -3.617716
v 3.036251 -0.295408 -3.617716
v 3.106656 0.591321 -4.024271
v 3.106656 -0.176935 -3.721371
v 1.350023 0.608826 -3.825038
v 1.722353 -0.056502 -3.561697
v 1.350023 -0.056502 -3.561697
v 1.757643 0.608826 -3.825038
v 1.757643 0.736231 -3.825522
v 1.722353 -0.162246 -3.468490
v 1.350023 -0.162246 -3.468490
v 1.279618 0.608826 -3.825038
v 1.279618 -0.056502 -3.561697
v 3.036251 0.608826 -3.825039
v 2.663920 -0.056502 -3.561697
v 3.036251 -0.056502 -3.561697
v 2.628630 0.608826 -3.825038
v 2.193137 -0.056502 -3.561697
v 2.193137 0.608826 -3.825038
v 2.628630 0.736231 -3.825522
v 2.193137 0.736231 -3.825522
v 2.663920 -0.162246 -3.468490
v 3.036251 -0.162247 -3.468490
v 3.106656 0.608826 -3.825039
v 3.106656 -0.056502 -3.561697
v 1.350023 1.515889 -3.693075
v 1.722353 0.782351 -4.025875
v 1.350023 0.782351 -4.025875
v 1.757643 1.515889 -3.693075
v 1.757643 1.604333 -3.575259
v 1.722353 0.624112 -4.024547
v 1.350023 0.624112 -4.024547
v 1.279618 1.515889 -3.693075
v 1.279617 0.782351 -4.025875
v 3.036251 1.515889 -3.693075
v 2.663920 0.782351 -4.025875
v 3.036251 0.782351 -4.025875
v 2.628630 1.515889 -3.693075
v 2.193137 0.782351 -4.025875
v 2.193137 1.515889 -3.693075
v 2.628630 1.604333 -3.575259
v 2.193137 1.604333 -3.575259
v 2.663920 0.624112 -4.024547
v 3.036251 0.624112 -4.024547
v 3.106656 1.515889 -3.693075
v 3.106656 0.782351 -4.025875
v 1.350023 1.362742 -3.564444
v 1.722353 0.774034 -3.826048
v 1.350023 0.774034 -3.826048
v 1.757643 1.362742 -3.564444
v 1.757643 1.434534 -3.469579
v 1.722353 0.637193 -3.824975
v 1.350023 0.637193 -3.824975
v 1.279618 1.362742 -3.564444
v 1.279617 0.774034 -3.826048
v 3.036251 1.362742 -3.564444
v 2.663920 0.774034 -3.826048
v 3.036251 0.774034 -3.826048
v 2.628630 1.362742 -3.564444
v 2.193137 0.774034 -3.826048
v 2.193137 1.362742 -3.564444
v 2.628630 1.434534 -3.469579
v 2.193137 1.434534 -3.469579
v 2.663920 0.637193 -3.824975
v 3.036251 0.637193 -3.824975
v 3.106656 1.362742 -3.564444
v 3.106656 0.774034 -3.826048
v 1.350023 1.848307 -2.734125
v 1.722353 1.628818 -3.539283
v 1.350023 1.628818 -3.539283
v 1.757643 1.848307 -2.734125
v 1.757643 1.865294 -2.587789
v 1.722353 1.535575 -3.666851
v 1.350023 1.535575 -3.666851
v 1.279617 1.848307 -2.734125
v 1.279618 1.628818 -3.539283
v 3.036251 1.848307 -2.734125
v 2.663920 1.628818 -3.539283
v 3.036251 1.628818 -3.539283
v 2.628630 1.848307 -2.734125
v 2.193137 1.628818 -3.539283
v 2.193137 1.848307 -2.734125
v 2.628630 1.865294 -2.587789
v 2.193137 1.865294 -2.587789
v 2.663920 1.535575 -3.666851
v 3.036251 1.535576 -3.666851
v 3.106656 1.848307 -2.734125
v 3.106656 1.628819 -3.539283
v 1.350023 1.649816 -2.709597
v 1.722353 1.454971 -3.440403
v 1.350023 1.454971 -3.440403
v 1.757643 1.649816 -2.709597
v 1.757643 1.666008 -2.570900
v 1.722353 1.378443 -3.543120
v 1.350023 1.378443 -3.543120
v 1.279618 1.649816 -2.709597
v 1.279618 1.454971 -3.440403
v 3.036251 1.649817 -2.709597
v 2.663920 1.454971 -3.440403
v 3.036251 1.454971 -3.440403
v 2.628630 1.649817 -2.709597
v 2.193137 1.454971 -3.440403
v 2.193137 1.649817 -2.709597
v 2.628630 1.666008 -2.570900
v 2.193137 1.666008 -2.570900
v 2.663920 1.378443 -3.543120
v 3.036251 1.378443 -3.543120
v 3.106656 1.649817 -2.709597
v 3.106656 1.454971 -3.440403
v 1.350023 1.876136 -1.704924
v 1.722353 1.869285 -2.544283
v 1.350023 1.869285 -2.544283
v 1.757643 1.876136 -1.704924
v 1.757643 1.869819 -1.557739
v 1.722353 1.852088 -2.701553
v 1.350023 1.852088 -2.701553
v 1.279617 1.876136 -1.704924
v 1.279617 1.869284 -2.544283
v 3.036251 1.876136 -1.704924
v 2.663920 1.869285 -2.544283
v 3.036251 1.869285 -2.544283
v 2.628630 1.876136 -1.704924
v 2.193137 1.869285 -2.544283
v 2.193137 1.876136 -1.704924
v 2.628630 1.869819 -1.557738
v 2.193137 1.869819 -1.557738
v 2.663920 1.852088 -2.701553
v 3.036251 1.852088 -2.701553
v 3.106656 1.876136 -1.704924
v 3.106656 1.869285 -2.544283
v 1.350023 1.676229 -1.711038
v 1.722353 1.669839 -2.529404
v 1.350023 1.669839 -2.529404
v 1.757643 1.676229 -1.711038
v 1.757643 1.669964 -1.565358
v 1.722353 1.653395 -2.678722
v 1.350023 1.653395 -2.678722
v 1.279617 1.676229 -1.711038
v 1.279618 1.669839 -2.529404
v 3.036251 1.676229 -1.711038
v 2.663920 1.669839 -2.529404
v 3.036251 1.669839 -2.529404
v 2.628630 1.676229 -1.711038
v 2.193137 1.669839 -2.529404
v 2.193137 1.676229 -1.711038
v 2.628630 1.669964 -1.565358
v 2.193137 1.669964 -1.565358
v 2.663920 1.653395 -2.678722
v 3.036251 1.653395 -2.678722
v 3.106656 1.676229 -1.711038
v 3.106656 1.669839 -2.529404
v 1.350023 1.825355 -0.675439
v 1.722353 1.867944 -1.514063
v 1.350023 1.867944 -1.514063
v 1.757643 1.825355 -0.675439
v 1.757643 1.818839 -0.528273
v 1.722353 1.874730 -1.672163
v 1.350023 1.874730 -1.672163
v 1.279618 1.825355 -0.675439
v 1.279618 1.867944 -1.514063
v 3.036251 1.825356 -0.675439
v 2.663920 1.867944 -1.514063
v 3.036251 1.867944 -1.514063
v 2.628630 1.825355 -0.675439
v 2.193137 1.867944 -1.514063
v 2.193137 1.825355 -0.675439
v 2.628630 1.818839 -0.528273
v 2.193137 1.818839 -0.528273
v 2.663920 1.874730 -1.672163
v 3.036251 1.874730 -1.672163
v 3.106656 1.825355 -0.675439
v 3.106656 1.867944 -1.514063
v 1.350023 1.625523 -0.683623
v 1.722353 1.668107 -1.522129
v 1.350023 1.668107 -1.522129
v 1.757643 1.625523 -0.683623
v 1.757643 1.618951 -0.534975
v 1.722353 1.674834 -1.678612
v 1.350023 1.674834 -1.678612
v 1.279618 1.625523 -0.683623
v 1.279618 1.668107 -1.522129
v 3.036251 1.625523 -0.683623
v 2.663920 1.668107 -1.522129
v 3.036251 1.668107 -1.522129
v 2.628630 1.625523 -0.683623
v 2.193137 1.668107 -1.522129
v 2.193137 1.625523 -0.683623
v 2.628630 1.618951 -0.534975
v 2.193137 1.618951 -0.534975
v 2.663920 1.674834 -1.678612
v 3.036250 1.674834 -1.678612
v 3.106656 1.625523 -0.683623
v 3.106656 1.668107 -1.522129
v 1.350023 1.820206 0.354998
v 1.722353 1.817852 -0.484566
v 1.350023 1.817852 -0.484566
v 1.757643 1.820206 0.354998
v 1.757643 1.823481 0.502281
v 1.722353 1.823741 -0.642689
v 1.350023 1.823740 -0.642689
v 1.279618 1.820206 0.354998
v 1.279618 1.817852 -0.484566
v 3.036251 1.820206 0.354998
v 2.663920 1.817853 -0.484566
v 3.036251 1.817853 -0.484566
v 2.628630 1.820206 0.354998
v 2.193137 1.817853 -0.484566
v 2.193137 1.820206 0.354998
v 2.628630 1.823481 0.502281
v 2.193137 1.823481 0.502281
v 2.663920 1.823741 -0.642689
v 3.036251 1.823741 -0.642689
v 3.106656 1.820206 0.354998
v 3.106656 1.817853 -0.484566
v 1.350023 1.620238 0.358568
v 1.722353 1.617941 -0.490510
v 1.350023 1.617941 -0.490510
v 1.757643 1.620238 0.358568
v 1.757643 1.623514 0.505905
v 1.722353 1.623897 -0.650598
v 1.350023 1.623897 -0.650598
v 1.279618 1.620238 0.358568
v 1.279617 1.617941 -0.490510
v 3.036251 1.620238 0.358569
v 2.663920 1.617941 -0.490510
v 3.036251 1.617941 -0.490510
v 2.628630 1.620238 0.358569
v 2.193137 1.617941 -0.490510
v 2.193137 1.620238 0.358568
v 2.628630 1.623514 0.505905
v 2.193137 1.623514 0.505905
v 2.663920 1.623897 -0.650598
v 3.036251 1.623897 -0.650598
v 3.106656 1.620238 0.358569
v 3.106656 1.617941 -0.490510
v 1.350023 1.828941 1.385631
v 1.722353 1.824453 0.545986
v 1.350023 1.824453 0.545986
v 1.757643 1.828942 1.385631
v 1.757643 1.826505 1.532912
v 1.722353 1.820935 0.387781
v 1.350023 1.820935 0.387781
v 1.279618 1.828941 1.385631
v 1.279618 1.824453 0.545986
v 3.036251 1.828942 1.385631
v 2.663920 1.824453 0.545986
v 3.036251 1.824453 0.545986
v 2.628630 1.828942 1.385631
v 2.193137 1.824453 0.545986
v 2.193137 1.828942 1.385631
v 2.628630 1.826506 1.532912
v 2.193137 1.826506 1.532912
v 2.663920 1.820935 0.387781
v 3.036251 1.820935 0.387781
v 3.106656 1.828942 1.385631
v 3.106656 1.824453 0.545986
v 1.350023 1.628980 1.381705
v 1.722353 1.624486 0.549627
v 1.350023 1.624486 0.549627
v 1.757643 1.628980 1.381705
v 1.757643 1.626598 1.526834
v 1.722353 1.620967 0.391363
v 1.350023 1.620967 0.391363
v 1.279618 1.628980 1.381705
v 1.279618 1.624486 0.549627
v 3.036251 1.628980 1.381705
v 2.663920 1.624486 0.549627
v 3.036251 1.624486 0.549627
v 2.628630 1.628980 1.381705
v 2.193137 1.624486 0.549627
v 2.193137 1.628980 1.381705
v 2.628630 1.626598 1.526834
v 2.193137 1.626598 1.526834
v 2.663920 1.620967 0.391364
v 3.036251 1.620967 0.391364
v 3.106656 1.628980 1.381705
v 3.106656 1.624486 0.549627
v 1.350023 1.760358 2.413505
v 1.722353 1.824495 1.576584
v 1.350023 1.824495 1.576584
v 1.757643 1.760358 2.413505
v 1.757643 1.733210 2.558299
v 1.722353 1.828673 1.418422
v 1.350023 1.828673 1.418422
v 1.279617 1.760358 2.413505
v 1.279618 1.824495 1.576584
v 3.036251 1.760358 2.413505
v 2.663920 1.824496 1.576584
v 3.036251 1.824496 1.576584
v 2.628630 1.760358 2.413505
v 2.193137 1.824496 1.576584
v 2.193137 1.760358 2.413505
v 2.628630 1.733210 2.558299
v 2.193137 1.733210 2.558299
v 2.663920 1.828674 1.418422
v 3.036251 1.828674 1.418422
v 3.106656 1.760358 2.413505
v 3.106656 1.824496 1.576584
v 1.350023 1.562434 2.384763
v 1.722353 1.624617 1.569617
v 1.350023 1.624617 1.569617
v 1.757643 1.562434 2.384763
v 1.757643 1.536431 2.522551
v 1.722353 1.628721 1.414069
v 1.350023 1.628721 1.414069
v 1.279617 1.562434 2.384763
v 1.279618 1.624617 1.569617
v 3.036251 1.562434 2.384764
v 2.663920 1.624617 1.569617
v 3.036251 1.624617 1.569617
v 2.628630 1.562434 2.384763
v 2.193137 1.624617 1.569617
v 2.193137 1.562434 2.384763
v 2.628630 1.536431 2.522552
v 2.193137 1.536431 2.522552
v 2.663920 1.628721 1.414069
v 3.036251 1.628721 1.414069
v 3.106656 1.562434 2.384764
v 3.106656 1.624617 1.569617
v 1.350023 1.462170 3.393180
v 1.722353 1.725127 2.601263
v 1.350023 1.725127 2.601263
v 1.757643 1.462170 3.393180
v 1.757643 1.390378 3.521425
v 1.722353 1.754384 2.445746
v 1.350023 1.754384 2.445746
v 1.279618 1.462170 3.393180
v 1.279618 1.725127 2.601263
v 3.036251 1.462170 3.393180
v 2.663920 1.725127 2.601263
v 3.036251 1.725127 2.601263
v 2.628630 1.462170 3.393180
v 2.193137 1.725127 2.601263
v 2.193137 1.462170 3.393180
v 2.628630 1.390379 3.521425
v 2.193137 1.390378 3.521425
v 2.663920 1.754384 2.445746
v 3.036251 1.754385 2.445746
v 3.106656 1.462170 3.393180
v 3.106656 1.725127 2.601263
v 1.350023 1.290412 3.290714
v 1.722353 1.528736 2.563439
v 1.350023 1.528736 2.563439
v 1.757643 1.290412 3.290714
v 1.757643 1.229529 3.402566
v 1.722353 1.556691 2.415456
v 1.350023 1.556691 2.415456
v 1.279618 1.290412 3.290714
v 1.279618 1.528736 2.563439
v 3.036251 1.290412 3.290714
v 2.663920 1.528736 2.563439
v 3.036251 1.528736 2.563439
v 2.628630 1.290412 3.290714
v 2.193137 1.528736 2.563439
v 2.193137 1.290412 3.290714
v 2.628630 1.229529 3.402566
v 2.193137 1.229529 3.402566
v 2.663920 1.556691 2.415456
v 3.036251 1.556692 2.415456
v 3.106656 1.290412 3.290714
v 3.106656 1.528736 2.563439
v 1.350023 0.635235 3.902807
v 1.722353 1.360233 3.553087
v 1.350023 1.360233 3.553087
v 1.757643 0.635235 3.902807
v 1.757643 0.489446 3.898172
v 1.722353 1.446692 3.422091
v 1.350023 1.446692 3.422091
v 1.279618 0.635235 3.902807
v 1.279618 1.360233 3.553087
v 3.036251 0.635235 3.902807
v 2.663920 1.360233 3.553087
v 3.036251 1.360233 3.553087
v 2.628630 0.635235 3.902807
v 2.193137 1.360233 3.553087
v 2.193137 0.635235 3.902807
v 2.628630 0.489446 3.898172
v 2.193137 0.489446 3.898172
v 2.663920 1.446692 3.422091
v 3.036251 1.446692 3.422091
v 3.106656 0.635234 3.902807
v 3.106656 1.360233 3.553087
v 1.350023 0.631302 3.702846
v 1.722353 1.204628 3.427440
v 1.350023 1.204628 3.427440
v 1.757643 0.631302 3.702846
v 1.757643 0.510127 3.699244
v 1.722353 1.277140 3.316016
v 1.350023 1.277140 3.316016
v 1.279618 0.631302 3.702845
v 1.279618 1.204628 3.427440
v 3.036251 0.631302 3.702846
v 2.663920 1.204628 3.427440
v 3.036251 1.204628 3.427440
v 2.628630 0.631302 3.702846
v 2.193137 1.204628 3.427440
v 2.193137 0.631302 3.702846
v 2.628630 0.510127 3.699244
v 2.193137 0.510127 3.699244
v 2.663920 1.277140 3.316016
v 3.036251 1.277140 3.316016
v 3.106656 0.631302 3.702846
v 3.106656 1.204628 3.427440
v -1.350024 0.131245 3.819428
v -1.722354 0.953332 3.854156
v -1.350023 0.953332 3.854155
v -1.757643 0.131245 3.819428
v -1.757643 0.000182 3.752161
v -1.722354 1.095607 3.784879
v -1.350024 1.095607 3.784879
v -1.279618 0.131245 3.819428
v -1.279618 0.953332 3.854155
v -3.036251 0.131245 3.819428
v -2.663921 0.953332 3.854156
v -3.036251 0.953332 3.854156
v -2.628631 0.131245 3.819428
v -2.193137 0.953332 3.854156
v -2.193137 0.131245 3.819428
v -2.628631 0.000181 3.752161
v -2.193137 0.000181 3.752161
v -2.663921 1.095607 3.784879
v -3.036251 1.095607 3.784879
v -3.106656 0.131245 3.819428
v -3.106657 0.953332 3.854156
v -1.350024 0.199343 3.631378
v -1.722354 0.886486 3.665657
v -1.350023 0.886486 3.665657
v -1.757644 0.199343 3.631378
v -1.757643 0.085714 3.571373
v -1.722354 0.995312 3.611845
v -1.350024 0.995312 3.611845
v -1.279618 0.199343 3.631378
v -1.279618 0.886486 3.665657
v -3.036251 0.199343 3.631378
v -2.663921 0.886486 3.665657
v -3.036251 0.886486 3.665657
v -2.628631 0.199343 3.631378
v -2.193137 0.886486 3.665657
v -2.193137 0.199343 3.631378
v -2.628631 0.085714 3.571373
v -2.193137 0.085714 3.571373
v -2.663921 0.995312 3.611845
v -3.036251 0.995312 3.611845
v -3.106656 0.199343 3.631378
v -3.106657 0.886486 3.665658
v -1.350023 -0.662434 3.185932
v -1.722354 -0.038713 3.732199
v -1.350024 -0.038713 3.732199
v -1.757643 -0.662434 3.185932
v -1.757643 -0.752337 3.069228
v -1.722354 0.102072 3.804455
v -1.350024 0.102072 3.804455
v -1.279618 -0.662434 3.185932
v -1.279618 -0.038713 3.732199
v -3.036251 -0.662434 3.185932
v -2.663921 -0.038713 3.732199
v -3.036251 -0.038714 3.732199
v -2.628631 -0.662434 3.185932
v -2.193137 -0.038713 3.732199
v -2.193137 -0.662434 3.185932
v -2.628631 -0.752338 3.069228
v -2.193137 -0.752338 3.069228
v -2.663921 0.102072 3.804455
v -3.036251 0.102072 3.804455
v -3.106656 -0.662434 3.185932
v -3.106656 -0.038714 3.732199
v -1.350023 -0.502748 3.065515
v -1.722354 0.051853 3.553880
v -1.350024 0.051853 3.553880
v -1.757643 -0.502748 3.065515
v -1.757643 -0.585246 2.959317
v -1.722354 0.174108 3.617879
v -1.350024 0.174108 3.617879
v -1.279618 -0.502748 3.065515
v -1.279618 0.051853 3.553880
v -3.036251 -0.502748 3.065515
v -2.663921 0.051853 3.553880
v -3.036251 0.051853 3.553880
v -2.628631 -0.502748 3.065515
v -2.193137 0.051853 3.553880
v -2.193137 -0.502748 3.065515
v -2.628631 -0.585246 2.959317
v -2.193137 -0.585246 2.959317
v -2.663921 0.174108 3.617879
v -3.036251 0.174108 3.617879
v -3.106657 -0.502748 3.065515
v -3.106656 0.051853 3.553880
v -1.350023 -1.127499 2.271459
v -1.722354 -0.774337 3.031538
v -1.350023 -0.774337 3.031538
v -1.757643 -1.127499 2.271459
v -1.757643 -1.169222 2.130171
v -1.722354 -0.682445 3.159955
v -1.350023 -0.682446 3.159955
v -1.279618 -1.127499 2.271459
v -1.279618 -0.774337 3.031538
v -3.036251 -1.127499 2.271459
v -2.663921 -0.774337 3.031538
v -3.036251 -0.774337 3.031538
v -2.628631 -1.127499 2.271459
v -2.193137 -0.774337 3.031538
v -2.193137 -1.127499 2.271459
v -2.628631 -1.169222 2.130171
v -2.193137 -1.169222 2.130171
v -2.663921 -0.682446 3.159955
v -3.036251 -0.682446 3.159955
v -3.106656 -1.127499 2.271459
v -3.106656 -0.774337 3.031538
v -1.350024 -0.938422 2.206267
v -1.722354 -0.605608 2.924158
v -1.350023 -0.605608 2.924158
v -1.757643 -0.938422 2.206267
v -1.757644 -0.978444 2.070142
v -1.722354 -0.521053 3.041835
v -1.350023 -0.521053 3.041835
v -1.279618 -0.938422 2.206267
v -1.279618 -0.605608 2.924158
v -3.036251 -0.938422 2.206267
v -2.663921 -0.605608 2.924158
v -3.036251 -0.605608 2.924158
v -2.628631 -0.938422 2.206267
v -2.193137 -0.605608 2.924158
v -2.193137 -0.938422 2.206267
v -2.628631 -0.978444 2.070142
v -2.193137 -0.978444 2.070142
v -2.663921 -0.521053 3.041834
v -3.036251 -0.521053 3.041834
v -3.106657 -0.938422 2.206267
v -3.106656 -0.605608 2.924158
v -1.350024 -1.369673 1.270732
v -1.722354 -1.181604 2.088244
v -1.350023 -1.181603 2.088244
v -1.757643 -1.369674 1.270732
v -1.757643 -1.392403 1.125178
v -1.722354 -1.136786 2.240009
v -1.350024 -1.136786 2.240009
v -1.279618 -1.369673 1.270732
v -1.279618 -1.181603 2.088244
v -3.036251 -1.369674 1.270732
v -2.663921 -1.181604 2.088244
v -3.036251 -1.181604 2.088244
v -2.628631 -1.369674 1.270732
v -2.193137 -1.181604 2.088244
v -2.193137 -1.369674 1.270732
v -2.628631 -1.392403 1.125178
v -2.193137 -1.392403 1.125178
v -2.663921 -1.136786 2.240009
v -3.036251 -1.136786 2.240009
v -3.106656 -1.369674 1.270732
v -3.106657 -1.181604 2.088244
v -1.350024 -1.172480 1.237348
v -1.722354 -0.990347 2.029756
v -1.350023 -0.990347 2.029756
v -1.757644 -1.172480 1.237348
v -1.757644 -1.194642 1.095330
v -1.722354 -0.947318 2.175962
v -1.350024 -0.947318 2.175962
v -1.279618 -1.172479 1.237348
v -1.279618 -0.990347 2.029756
v -3.036251 -1.172480 1.237347
v -2.663921 -0.990347 2.029756
v -3.036251 -0.990347 2.029756
v -2.628631 -1.172480 1.237348
v -2.193137 -0.990347 2.029756
v -2.193137 -1.172480 1.237348
v -2.628631 -1.194642 1.095330
v -2.193137 -1.194642 1.095330
v -2.663921 -0.947318 2.175962
v -3.036251 -0.947319 2.175962
v -3.106657 -1.172480 1.237347
v -3.106656 -0.990347 2.029756
v -1.350024 -1.481332 0.246663
v -1.722354 -1.399148 1.081983
v -1.350024 -1.399148 1.081983
v -1.757643 -1.481332 0.246663
v -1.757643 -1.488537 0.099544
v -1.722354 -1.374733 1.238333
v -1.350024 -1.374733 1.238333
v -1.279618 -1.481332 0.246663
v -1.279618 -1.399148 1.081983
v -3.036251 -1.481332 0.246663
v -2.663921 -1.399148 1.081983
v -3.036251 -1.399148 1.081983
v -2.628631 -1.481332 0.246663
v -2.193137 -1.399148 1.081983
v -2.193137 -1.481332 0.246663
v -2.628631 -1.488537 0.099544
v -2.193137 -1.488537 0.099544
v -2.663921 -1.374733 1.238333
v -3.036251 -1.374733 1.238333
v -3.106656 -1.481332 0.246663
v -3.106656 -1.399148 1.081983
v -1.350023 -1.281639 0.235572
v -1.722354 -1.201232 1.053187
v -1.350024 -1.201232 1.053187
v -1.757644 -1.281640 0.235572
v -1.757644 -1.288682 0.091944
v -1.722354 -1.177407 1.205735
v -1.350023 -1.177407 1.205736
v -1.279618 -1.281639 0.235572
v -1.279618 -1.201232 1.053187
v -3.036251 -1.281640 0.235572
v -2.663921 -1.201232 1.053186
v -3.036251 -1.201232 1.053186
v -2.628631 -1.281640 0.235572
v -2.193137 -1.201232 1.053187
v -2.193137 -1.281640 0.235572
v -2.628631 -1.288682 0.091944
v -2.193137 -1.288682 0.091944
v -2.663921 -1.177407 1.205735
v -3.036251 -1.177407 1.205735
v -3.106656 -1.281640 0.235572
v -3.106656 -1.201232 1.053186
v -1.350023 -1.459252 -0.782264
v -1.722354 -1.489835 0.055847
v -1.350024 -1.489834 0.055847
v -1.757643 -1.459252 -0.782264
v -1.757644 -1.442734 -0.928607
v -1.722354 -1.483479 0.213942
v -1.350024 -1.483479 0.213942
v -1.279618 -1.459252 -0.782264
v -1.279618 -1.489834 0.055847
v -3.036251 -1.459252 -0.782265
v -2.663921 -1.489835 0.055847
v -3.036251 -1.489835 0.055847
v -2.628631 -1.459252 -0.782265
v -2.193137 -1.489835 0.055847
v -2.193137 -1.459252 -0.782264
v -2.628631 -1.442734 -0.928607
v -2.193137 -1.442734 -0.928607
v -2.663921 -1.483479 0.213942
v -3.036251 -1.483479 0.213942
v -3.106657 -1.459252 -0.782265
v -3.106656 -1.489835 0.055847
v -1.350023 -1.260481 -0.760131
v -1.722354 -1.289936 0.049477
v -1.350024 -1.289936 0.049477
v -1.757643 -1.260481 -0.760131
v -1.757644 -1.244556 -0.901676
v -1.722354 -1.283751 0.203504
v -1.350024 -1.283751 0.203504
v -1.279618 -1.260481 -0.760131
v -1.279618 -1.289936 0.049477
v -3.036251 -1.260481 -0.760131
v -2.663921 -1.289936 0.049477
v -3.036251 -1.289936 0.049477
v -2.628631 -1.260481 -0.760131
v -2.193137 -1.289936 0.049477
v -2.193137 -1.260481 -0.760131
v -2.628631 -1.244556 -0.901676
v -2.193137 -1.244556 -0.901676
v -2.663921 -1.283752 0.203504
v -3.036251 -1.283752 0.203504
v -3.106657 -1.260481 -0.760131
v -3.106656 -1.289936 0.049477
v -1.350023 -1.268306 -1.794068
v -1.722354 -1.435691 -0.971752
v -1.350024 -1.435690 -0.971752
v -1.757643 -1.268306 -1.794068
v -1.757643 -1.225372 -1.934993
v -1.722354 -1.456005 -0.814894
v -1.350024 -1.456005 -0.814894
v -1.279618 -1.268306 -1.794068
v -1.279618 -1.435690 -0.971752
v -3.036251 -1.268306 -1.794068
v -2.663921 -1.435691 -0.971752
v -3.036251 -1.435691 -0.971752
v -2.628631 -1.268306 -1.794068
v -2.193137 -1.435691 -0.971752
v -2.193137 -1.268306 -1.794068
v -2.628631 -1.225372 -1.934993
v -2.193137 -1.225372 -1.934993
v -2.663921 -1.456005 -0.814894
v -3.036251 -1.456005 -0.814894
v -3.106657 -1.268306 -1.794068
v -3.106656 -1.435691 -0.971753
v -1.350023 -1.075298 -1.741648
v -1.722354 -1.237688 -0.943553
v -1.350024 -1.237688 -0.943553
v -1.757643 -1.075298 -1.741648
v -1.757643 -1.033688 -1.877922
v -1.722354 -1.257358 -0.791661
v -1.350023 -1.257358 -0.791661
v -1.279618 -1.075298 -1.741648
v -1.279618 -1.237688 -0.943553
v -3.036251 -1.075298 -1.741649
v -2.663921 -1.237688 -0.943553
v -3.036251 -1.237689 -0.943553
v -2.628631 -1.075298 -1.741648
v -2.193137 -1.237688 -0.943553
v -2.193137 -1.075298 -1.741648
v -2.628631 -1.033688 -1.877922
v -2.193137 -1.033688 -1.877922
v -2.663921 -1.257358 -0.791661
v -3.036251 -1.257358 -0.791661
v -3.106657 -1.075298 -1.741649
v -3.106656 -1.237689 -0.943553
v -1.350023 -0.909788 -2.758425
v -1.722354 -1.212632 -1.976812
v -1.350023 -1.212632 -1.976812
v -1.757643 -0.909788 -2.758425
v -1.757643 -0.841622 -2.889024
v -1.722354 -1.258750 -1.825436
v -1.350024 -1.258750 -1.825436
v -1.279618 -0.909788 -2.758425
v -1.279618 -1.212632 -1.976812
v -3.036251 -0.909788 -2.758425
v -2.663921 -1.212632 -1.976812
v -3.036251 -1.212632 -1.976812
v -2.628631 -0.909788 -2.758425
v -2.193137 -1.212632 -1.976812
v -2.193137 -0.909788 -2.758425
v -2.628631 -0.841622 -2.889024
v -2.193137 -0.841622 -2.889024
v -2.663921 -1.258750 -1.825436
v -3.036251 -1.258750 -1.825436
v -3.106656 -0.909788 -2.758425
v -3.106656 -1.212632 -1.976812
v -1.350024 -0.730802 -2.669184
v -1.722354 -1.021362 -1.918367
v -1.350023 -1.021362 -1.918366
v -1.757643 -0.730802 -2.669184
v -1.757643 -0.666151 -2.793056
v -1.722354 -1.066027 -1.771978
v -1.350024 -1.066027 -1.771978
v -1.279618 -0.730802 -2.669183
v -1.279618 -1.021362 -1.918366
v -3.036251 -0.730802 -2.669184
v -2.663921 -1.021362 -1.918367
v -3.036251 -1.021362 -1.918367
v -2.628631 -0.730802 -2.669184
v -2.193137 -1.021362 -1.918367
v -2.193137 -0.730802 -2.669184
v -2.628631 -0.666151 -2.793056
v -2.193137 -0.666151 -2.793056
v -2.663921 -1.066027 -1.771978
v -3.036251 -1.066027 -1.771978
v -3.106656 -0.730802 -2.669184
v -3.106656 -1.021362 -1.918367
v -1.350024 -0.318553 -3.594487
v -1.722354 -0.821393 -2.927781
v -1.350023 -0.821393 -2.927781
v -1.757643 -0.318553 -3.594487
v -1.757643 -0.213836 -3.697931
v -1.722354 -0.894615 -2.787494
v -1.350024 -0.894615 -2.787494
v -1.279618 -0.318553 -3.594487
v -1.279618 -0.821393 -2.927781
v -3.036251 -0.318553 -3.594487
v -2.663921 -0.821393 -2.927781
v -3.036251 -0.821393 -2.927781
v -2.628631 -0.318553 -3.594487
v -2.193137 -0.821393 -2.927781
v -2.193137 -0.318553 -3.594487
v -2.628631 -0.213836 -3.697931
v -2.193137 -0.213836 -3.697931
v -2.663921 -0.894615 -2.787494
v -3.036251 -0.894615 -2.787494
v -3.106656 -0.318553 -3.594487
v -3.106656 -0.821393 -2.927781
v -1.350024 -0.183078 -3.447360
v -1.722354 -0.647014 -2.829842
v -1.350023 -0.647015 -2.829842
v -1.757644 -0.183077 -3.447360
v -1.757643 -0.089127 -3.541573
v -1.722354 -0.716389 -2.696744
v -1.350024 -0.716389 -2.696744
v -1.279618 -0.183077 -3.447360
v -1.279618 -0.647014 -2.829842
v -3.036251 -0.183077 -3.447360
v -2.663921 -0.647015 -2.829842
v -3.036251 -0.647015 -2.829842
v -2.628631 -0.183077 -3.447360
v -2.193137 -0.647015 -2.829842
v -2.193137 -0.183077 -3.447360
v -2.628631 -0.089127 -3.541573
v -2.193137 -0.089127 -3.541573
v -2.663921 -0.716389 -2.696744
v -3.036251 -0.716389 -2.696744
v -3.106656 -0.183077 -3.447360
v -3.106656 -0.647015 -2.829842
v -1.350024 0.591321 -4.024270
v -1.722354 -0.176934 -3.721371
v -1.350024 -0.176934 -3.721371
v -1.757643 0.591321 -4.024271
v -1.757643 0.738635 -4.025507
v -1.722354 -0.295407 -3.617715
v -1.350024 -0.295407 -3.617715
v -1.279618 0.591322 -4.024270
v -1.279618 -0.176934 -3.721371
v -3.036251 0.591321 -4.024271
v -2.663921 -0.176934 -3.721371
v -3.036251 -0.176935 -3.721371
v -2.628631 0.591321 -4.024271
v -2.193137 -0.176934 -3.721371
v -2.193137 0.591321 -4.024271
v -2.628631 0.738635 -4.025507
v -2.193137 0.738635 -4.025507
v -2.663921 -0.295408 -3.617715
v -3.036251 -0.295408 -3.617715
v -3.106656 0.591321 -4.024271
v -3.106656 -0.176935 -3.721371
v -1.350024 0.608826 -3.825038
v -1.722354 -0.056502 -3.561696
v -1.350024 -0.056502 -3.561696
v -1.757644 0.608826 -3.825038
v -1.757643 0.736231 -3.825522
v -1.722354 -0.162246 -3.468490
v -1.350024 -0.162246 -3.468490
v -1.279618 0.608826 -3.825038
v -1.279618 -0.056502 -3.561696
v -3.036251 0.608826 -3.825038
v -2.663921 -0.056502 -3.561696
v -3.036251 -0.056502 -3.561696
v -2.628631 0.608826 -3.825038
v -2.193137 -0.056502 -3.561696
v -2.193137 0.608826 -3.825038
v -2.628631 0.736231 -3.825522
v -2.193137 0.736231 -3.825522
v -2.663921 -0.162246 -3.468490
v -3.036251 -0.162247 -3.468490
v -3.106656 0.608826 -3.825038
v -3.106656 -0.056502 -3.561696
v -1.350024 1.515889 -3.693075
v -1.722354 0.782351 -4.025874
v -1.350023 0.782351 -4.025874
v -1.757643 1.515889 -3.693075
v -1.757643 1.604333 -3.575258
v -1.722354 0.624112 -4.024546
v -1.350024 0.624112 -4.024546
v -1.279618 1.515889 -3.693075
v -1.279618 0.782351 -4.025874
v -3.036251 1.515889 -3.693075
v -2.663921 0.782351 -4.025874
v -3.036251 0.782351 -4.025874
v -2.628631 1.515889 -3.693075
v -2.193137 0.782351 -4.025874
v -2.193137 1.515889 -3.693075
v -2.628631 1.604333 -3.575258
v -2.193137 1.604333 -3.575258
v -2.663921 0.624112 -4.024546
v -3.036251 0.624112 -4.024546
v -3.106656 1.515889 -3.693075
v -3.106656 0.782351 -4.025874
v -1.350024 1.362742 -3.564443
v -1.722354 0.774034 -3.826047
v -1.350023 0.774034 -3.826047
v -1.757644 1.362742 -3.564443
v -1.757644 1.434534 -3.469579
v -1.722354 0.637193 -3.824974
v -1.350024 0.637193 -3.824974
v -1.279618 1.362742 -3.564443
v -1.279618 0.774034 -3.826047
v -3.036251 1.362742 -3.564443
v -2.663921 0.774034 -3.826047
v -3.036251 0.774034 -3.826047
v -2.628631 1.362742 -3.564443
v -2.193137 0.774034 -3.826047
v -2.193137 1.362742 -3.564443
v -2.628631 1.434534 -3.469579
v -2.193137 1.434534 -3.469579
v -2.663921 0.637193 -3.824974
v -3.036251 0.637193 -3.824974
v -3.106656 1.362742 -3.564443
v -3.106656 0.774034 -3.826047
v -1.350024 1.848307 -2.734125
v -1.722354 1.628818 -3.539283
v -1.350024 1.628818 -3.539283
v -1.757643 1.848307 -2.734125
v -1.757643 1.865294 -2.587788
v -1.722354 1.535575 -3.666851
v -1.350024 1.535575 -3.666851
v -1.279618 1.848307 -2.734125
v -1.279618 1.628818 -3.539283
v -3.036251 1.848307 -2.734125
v -2.663921 1.628818 -3.539283
v -3.036251 1.628818 -3.539283
v -2.628631 1.848307 -2.734125
v -2.193137 1.628818 -3.539283
v -2.193137 1.848307 -2.734125
v -2.628631 1.865294 -2.587788
v -2.193137 1.865294 -2.587788
v -2.663921 1.535575 -3.666851
v -3.036251 1.535576 -3.666851
v -3.106656 1.848307 -2.734125
v -3.106656 1.628819 -3.539283
v -1.350024 1.649816 -2.709597
v -1.722354 1.454971 -3.440403
v -1.350024 1.454971 -3.440403
v -1.757643 1.649816 -2.709596
v -1.757644 1.666008 -2.570900
v -1.722354 1.378443 -3.543120
v -1.350024 1.378443 -3.543120
v -1.279618 1.649816 -2.709597
v -1.279618 1.454971 -3.440403
v -3.036251 1.649817 -2.709596
v -2.663921 1.454971 -3.440403
v -3.036251 1.454971 -3.440403
v -2.628631 1.649817 -2.709596
v -2.193137 1.454971 -3.440403
v -2.193137 1.649817 -2.709596
v -2.628631 1.666008 -2.570900
v -2.193137 1.666008 -2.570900
v -2.663921 1.378443 -3.543120
v -3.036251 1.378443 -3.543120
v -3.106656 1.649817 -2.709596
v -3.106657 1.454971 -3.440403
v -1.350023 1.876136 -1.704923
v -1.722354 1.869285 -2.544282
v -1.350023 1.869285 -2.544282
v -1.757643 1.876136 -1.704923
v -1.757643 1.869819 -1.557738
v -1.722354 1.852088 -2.701552
v -1.350024 1.852088 -2.701552
v -1.279618 1.876136 -1.704923
v -1.279618 1.869284 -2.544282
v -3.036251 1.876136 -1.704923
v -2.663921 1.869285 -2.544282
v -3.036251 1.869285 -2.544282
v -2.628631 1.876136 -1.704923
v -2.193137 1.869285 -2.544282
v -2.193137 1.876136 -1.704923
v -2.628631 1.869819 -1.557738
v -2.193137 1.869819 -1.557738
v -2.663921 1.852088 -2.701552
v -3.036251 1.852088 -2.701552
v -3.106657 1.876136 -1.704923
v -3.106656 1.869285 -2.544282
v -1.350023 1.676229 -1.711038
v -1.722354 1.669839 -2.529403
v -1.350024 1.669839 -2.529404
v -1.757643 1.676229 -1.711038
v -1.757644 1.669964 -1.565357
v -1.722354 1.653395 -2.678722
v -1.350024 1.653395 -2.678722
v -1.279618 1.676229 -1.711038
v -1.279618 1.669839 -2.529404
v -3.036251 1.676229 -1.711038
v -2.663921 1.669839 -2.529403
v -3.036251 1.669839 -2.529403
v -2.628631 1.676229 -1.711038
v -2.193137 1.669839 -2.529403
v -2.193137 1.676229 -1.711038
v -2.628631 1.669964 -1.565357
v -2.193137 1.669964 -1.565357
v -2.663921 1.653395 -2.678722
v -3.036251 1.653395 -2.678722
v -3.106657 1.676229 -1.711038
v -3.106656 1.669839 -2.529403
v -1.350024 1.825355 -0.675439
v -1.722354 1.867944 -1.514063
v -1.350024 1.867944 -1.514063
v -1.757643 1.825355 -0.675439
v -1.757643 1.818839 -0.528273
v -1.722354 1.874730 -1.672162
v -1.350024 1.874730 -1.672162
v -1.279618 1.825355 -0.675439
v -1.279618 1.867944 -1.514063
v -3.036251 1.825356 -0.675439
v -2.663921 1.867944 -1.514063
v -3.036251 1.867944 -1.514063
v -2.628631 1.825355 -0.675439
v -2.193137 1.867944 -1.514063
v -2.193137 1.825355 -0.675439
v -2.628631 1.818839 -0.528273
v -2.193137 1.818839 -0.528273
v -2.663921 1.874730 -1.672162
v -3.036251 1.874730 -1.672162
v -3.106656 1.825355 -0.675439
v -3.106656 1.867944 -1.514063
v -1.350024 1.625523 -0.683622
v -1.722354 1.668107 -1.522128
v -1.350024 1.668107 -1.522128
v -1.757644 1.625523 -0.683622
v -1.757643 1.618951 -0.534974
v -1.722354 1.674834 -1.678612
v -1.350024 1.674834 -1.678612
v -1.279618 1.625523 -0.683622
v -1.279618 1.668107 -1.522128
v -3.036251 1.625523 -0.683622
v -2.663921 1.668107 -1.522128
v -3.036251 1.668107 -1.522128
v -2.628631 1.625523 -0.683622
v -2.193137 1.668107 -1.522128
v -2.193137 1.625523 -0.683622
v -2.628631 1.618951 -0.534974
v -2.193137 1.618951 -0.534974
v -2.663921 1.674834 -1.678612
v -3.036251 1.674834 -1.678612
v -3.106656 1.625523 -0.683622
v -3.106656 1.668107 -1.522128
v -1.350024 1.820206 0.354998
v -1.722354 1.817852 -0.484566
v -1.350024 1.817852 -0.484566
v -1.757643 1.820206 0.354998
v -1.757643 1.823481 0.502281
v -1.722354 1.823741 -0.642688
v -1.350024 1.823740 -0.642688
v -1.279618 1.820206 0.354998
v -1.279618 1.817852 -0.484566
v -3.036251 1.820206 0.354998
v -2.663921 1.817853 -0.484566
v -3.036251 1.817853 -0.484566
v -2.628631 1.820206 0.354998
v -2.193137 1.817853 -0.484566
v -2.193137 1.820206 0.354998
v -2.628631 1.823481 0.502281
v -2.193137 1.823481 0.502281
v -2.663921 1.823741 -0.642688
v -3.036251 1.823741 -0.642688
v -3.106656 1.820206 0.354998
v -3.106656 1.817853 -0.484566
v -1.350024 1.620238 0.358569
v -1.722354 1.617941 -0.490510
v -1.350024 1.617941 -0.490510
v -1.757644 1.620238 0.358569
v -1.757643 1.623514 0.505906
v -1.722354 1.623897 -0.650597
v -1.350024 1.623897 -0.650597
v -1.279618 1.620238 0.358569
v -1.279618 1.617941 -0.490510
v -3.036251 1.620238 0.358569
v -2.663921 1.617941 -0.490510
v -3.036251 1.617941 -0.490510
v -2.628631 1.620238 0.358569
v -2.193137 1.617941 -0.490510
v -2.193137 1.620238 0.358569
v -2.628631 1.623514 0.505906
v -2.193137 1.623514 0.505906
v -2.663921 1.623897 -0.650597
v -3.036251 1.623897 -0.650597
v -3.106656 1.620238 0.358569
v -3.106657 1.617941 -0.490510
v -1.350024 1.828941 1.385632
v -1.722354 1.824453 0.545987
v -1.350024 1.824453 0.545987
v -1.757643 1.828942 1.385632
v -1.757643 1.826505 1.532913
v -1.722354 1.820935 0.387781
v -1.350024 1.820935 0.387781
v -1.279618 1.828941 1.385632
v -1.279618 1.824453 0.545987
v -3.036251 1.828942 1.385632
v -2.663921 1.824453 0.545987
v -3.036251 1.824453 0.545987
v -2.628631 1.828942 1.385632
v -2.193137 1.824453 0.545987
v -2.193137 1.828942 1.385632
v -2.628631 1.826506 1.532913
v -2.193137 1.826506 1.532913
v -2.663921 1.820935 0.387781
v -3.036251 1.820935 0.387782
v -3.106656 1.828942 1.385632
v -3.106656 1.824453 0.545987
v -1.350024 1.628980 1.381705
v -1.722354 1.624486 0.549627
v -1.350024 1.624486 0.549627
v -1.757644 1.628980 1.381705
v -1.757644 1.626598 1.526834
v -1.722354 1.620967 0.391364
v -1.350024 1.620967 0.391364
v -1.279618 1.628980 1.381705
v -1.279618 1.624486 0.549627
v -3.036251 1.628980 1.381705
v -2.663921 1.624486 0.549627
v -3.036251 1.624486 0.549627
v -2.628631 1.628980 1.381705
v -2.193137 1.624486 0.549627
v -2.193137 1.628980 1.381705
v -2.628631 1.626598 1.526834
v -2.193137 1.626598 1.526834
v -2.663921 1.620967 0.391364
v -3.036251 1.620967 0.391364
v -3.106656 1.628980 1.381705
v -3.106656 1.624486 0.549627
v -1.350023 1.760358 2.413506
v -1.722354 1.824495 1.576584
v -1.350024 1.824495 1.576584
v -1.757643 1.760358 2.413506
v -1.757643 1.733210 2.558300
v -1.722354 1.828673 1.418422
v -1.350024 1.828673 1.418422
v -1.279618 1.760358 2.413506
v -1.279618 1.824495 1.576584
v -3.036251 1.760358 2.413506
v -2.663921 1.824496 1.576585
v -3.036251 1.824496 1.576585
v -2.628631 1.760358 2.413506
v -2.193137 1.824496 1.576585
v -2.193137 1.760358 2.413506
v -2.628631 1.733210 2.558300
v -2.193137 1.733210 2.558300
v -2.663921 1.828674 1.418422
v -3.036251 1.828674 1.418422
v -3.106657 1.760358 2.413506
v -3.106656 1.824496 1.576585
v -1.350023 1.562434 2.384764
v -1.722354 1.624617 1.569617
v -1.350024 1.624617 1.569617
v -1.757643 1.562434 2.384764
v -1.757643 1.536431 2.522552
v -1.722354 1.628721 1.414070
v -1.350024 1.628721 1.414070
v -1.279618 1.562434 2.384764
v -1.279618 1.624617 1.569617
v -3.036251 1.562434 2.384764
v -2.663921 1.624617 1.569618
v -3.036251 1.624617 1.569618
v -2.628631 1.562434 2.384764
v -2.193137 1.624617 1.569617
v -2.193137 1.562434 2.384764
v -2.628631 1.536431 2.522552
v -2.193137 1.536431 2.522552
v -2.663921 1.628721 1.414070
v -3.036251 1.628721 1.414070
v -3.106656 1.562434 2.384764
v -3.106657 1.624617 1.569618
v -1.350024 1.462170 3.393180
v -1.722354 1.725127 2.601264
v -1.350024 1.725127 2.601264
v -1.757643 1.462170 3.393180
v -1.757643 1.390378 3.521426
v -1.722354 1.754384 2.445747
v -1.350024 1.754384 2.445747
v -1.279618 1.462170 3.393180
v -1.279618 1.725127 2.601264
v -3.036251 1.462170 3.393181
v -2.663921 1.725127 2.601264
v -3.036251 1.725127 2.601264
v -2.628631 1.462170 3.393181
v -2.193137 1.725127 2.601264
v -2.193137 1.462170 3.393181
v -2.628631 1.390379 3.521426
v -2.193137 1.390378 3.521426
v -2.663921 1.754384 2.445747
v -3.036251 1.754385 2.445747
v -3.106656 1.462170 3.393181
v -3.106656 1.725127 2.601264
v -1.350024 1.290412 3.290714
v -1.722354 1.528736 2.563440
v -1.350024 1.528736 2.563440
v -1.757644 1.290412 3.290714
v -1.757644 1.229529 3.402566
v -1.722354 1.556691 2.415457
v -1.350024 1.556691 2.415457
v -1.279618 1.290412 3.290714
v -1.279618 1.528736 2.563440
v -3.036251 1.290412 3.290715
v -2.663921 1.528736 2.563440
v -3.036251 1.528736 2.563440
v -2.628631 1.290412 3.290715
v -2.193137 1.528736 2.563440
v -2.193137 1.290412 3.290715
v -2.628631 1.229529 3.402567
v -2.193137 1.229529 3.402566
v -2.663921 1.556691 2.415457
v -3.036251 1.556692 2.415457
v -3.106656 1.290412 3.290715
v -3.106657 1.528736 2.563440
v -1.350024 0.635235 3.902807
v -1.722354 1.360233 3.553088
v -1.350024 1.360233 3.553088
v -1.757643 0.635235 3.902807
v -1.757643 0.489446 3.898173
v -1.722354 1.446692 3.422092
v -1.350024 1.446692 3.422092
v -1.279618 0.635235 3.902807
v -1.279618 1.360233 3.553087
v -3.036251 0.635235 3.902807
v -2.663921 1.360233 3.553088
v -3.036251 1.360233 3.553088
v -2.628631 0.635235 3.902807
v -2.193137 1.360233 3.553088
v -2.193137 0.635235 3.902807
v -2.628631 0.489446 3.898173
v -2.193137 0.489446 3.898173
v -2.663921 1.446692 3.422092
v -3.036251 1.446692 3.422092
v -3.106656 0.635234 3.902807
v -3.106656 1.360233 3.553088
v -1.350024 0.631302 3.702846
v -1.722354 1.204628 3.427441
v -1.350024 1.204628 3.427440
v -1.757644 0.631302 3.702846
v -1.757643 0.510127 3.699245
v -1.722354 1.277140 3.316017
v -1.350024 1.277140 3.316017
v -1.279618 0.631302 3.702846
v -1.279618 1.204628 3.427440
v -3.036251 0.631302 3.702846
v -2.663921 1.204628 3.427441
v -3.036251 1.204628 3.427441
v -2.628631 0.631302 3.702846
v -2.193137 1.204628 3.427441
v -2.193137 0.631302 3.702846
v -2.628631 0.510127 3.699245
v -2.193137 0.510127 3.699245
v -2.663921 1.277140 3.316017
v -3.036251 1.277140 3.316017
v -3.106656 0.631302 3.702846
v -3.106656 1.204628 3.427441
vn -0.0000 -0.0422 0.9991
vn -0.0000 -0.4566 0.8897
vn -0.0000 0.4378 0.8991
vn -0.0000 0.0498 -0.9988
vn -0.0000 0.4670 -0.8843
vn -0.0000 -0.4433 -0.8964
vn -0.0000 -0.4432 -0.8964
vn -0.0000 0.9425 -0.3342
vn -0.0000 -0.9402 -0.3405
vn -0.0000 -0.9039 -0.4277
vn -1.0000 -0.0000 -0.0000
vn -0.0000 0.8652 -0.5015
vn 1.0000 -0.0000 -0.0000
vn -0.0000 -0.6589 0.7523
vn -0.0000 -0.7922 0.6103
vn -0.0000 0.6609 -0.7505
vn -0.0000 0.7897 -0.6135
vn -0.0000 0.4638 -0.8859
vn -0.0000 0.8916 0.4528
vn -0.0000 -0.6021 -0.7984
vn -0.0000 -0.5496 -0.8355
vn -0.0000 0.9329 0.3602
vn -0.0000 -0.9069 0.4214
vn -0.0000 -0.9591 0.2832
vn -0.0000 -0.8132 0.5819
vn -0.0000 0.9072 -0.4206
vn -0.0000 0.9594 -0.2821
vn -0.0000 0.8121 -0.5835
vn -0.0000 0.5369 0.8436
vn -0.0000 -0.3260 -0.9454
vn -0.0000 -0.3001 -0.9539
vn -0.0000 0.5906 0.8070
vn -0.0000 -0.9745 0.2242
vn -0.0000 -0.9880 0.1543
vn -0.0000 0.9746 -0.2240
vn -0.0000 0.9880 -0.1542
vn -0.0000 0.9593 -0.2823
vn -0.0000 0.2924 0.9563
vn -0.0000 -0.1669 -0.9860
vn -0.0000 -0.1492 -0.9888
vn -0.0000 0.3202 0.9473
vn -0.0000 -0.9952 0.0979
vn -0.0000 -0.9988 0.0489
vn -0.0000 0.9952 -0.0979
vn -0.0000 0.9988 -0.0490
vn -0.0000 0.9880 -0.1543
vn -0.0000 0.1440 0.9896
vn -0.0000 -0.0555 -0.9985
vn -0.0000 -0.0380 -0.9993
vn -0.0000 0.1630 0.9866
vn -0.0000 -0.9993 -0.0365
vn -0.0000 -0.9937 -0.1122
vn -0.0000 -0.9992 0.0402
vn -0.0000 0.9993 0.0364
vn -0.0000 0.9937 0.1118
vn -0.0000 0.9992 -0.0401
vn -0.0000 0.0318 0.9995
vn -0.0000 0.1107 -0.9939
vn -0.0000 0.1347 -0.9909
vn -0.0000 0.0522 0.9986
vn -0.0000 0.0319 0.9995
vn -0.0000 -0.9799 -0.1995
vn -0.0000 -0.9566 -0.2914
vn -0.0000 -0.9917 -0.1284
vn -0.0000 0.9799 0.1994
vn -0.0000 0.9564 0.2920
vn -0.0000 0.9917 0.1284
vn -0.0000 -0.1410 0.9900
vn -0.0000 0.2621 -0.9650
vn -0.0000 0.2854 -0.9584
vn -0.0000 -0.1162 0.9932
vn -0.0000 -0.9325 -0.3613
vn -0.0000 -0.8865 -0.4627
vn -0.0000 0.9326 0.3609
vn -0.0000 0.8865 0.4627
vn -0.0000 0.9565 0.2918
vn -0.0000 -0.2922 0.9563
vn -0.0000 0.4462 -0.8949
vn -0.0000 0.4798 -0.8774
vn -0.0000 -0.2673 0.9636
vn -0.0000 -0.7984 -0.6022
vn -0.0000 -0.7028 -0.7114
vn -0.0000 0.7995 0.6007
vn -0.0000 0.7081 0.7061
vn -0.0000 0.8868 0.4622
vn -0.0000 -0.4897 0.8719
vn -0.0000 0.7356 -0.6774
vn -0.0000 0.7818 -0.6235
vn -0.0000 -0.4537 0.8911
vn -0.0000 -0.3668 -0.9303
vn -0.0000 -0.0084 -1.0000
vn -0.0000 -0.6585 -0.7526
vn -0.0000 0.3680 0.9298
vn -0.0000 0.0038 1.0000
vn -0.0000 0.6612 0.7502
vn -0.0000 -0.7984 0.6022
vn -0.0000 0.9962 -0.0875
vn -0.0000 0.9999 0.0120
vn -0.0000 -0.7461 0.6658
vn -0.0000 0.4132 -0.9107
vn -0.0000 0.7997 -0.6004
vn -0.0000 -0.4061 0.9138
vn -0.0000 -0.7974 0.6035
vn -0.0000 0.0078 1.0000
vn -0.0000 -0.9991 -0.0416
vn -0.0000 0.6432 0.7657
vn -0.0000 0.5284 0.8490
vn -0.0000 -0.9979 0.0654
vn -0.0000 0.9648 -0.2630
vn -0.0000 0.9933 -0.1153
vn -0.0000 0.8073 -0.5901
vn -0.0000 -0.9662 0.2576
vn -0.0000 -0.9933 0.1160
vn -0.0000 -0.8019 0.5974
vn -0.0000 -0.9933 0.1159
vn -0.0000 -0.8019 0.5975
vn -0.0000 -0.4944 -0.8692
vn -0.0000 0.1226 0.9925
vn -0.0000 0.0844 0.9964
vn -0.0000 -0.6187 -0.7857
vn -0.0000 1.0000 -0.0082
vn -0.0000 0.9991 0.0429
vn -0.0000 0.9941 -0.1087
vn -0.0000 -1.0000 0.0078
vn -0.0000 -0.9991 -0.0430
vn -0.0000 -0.9940 0.1095
vn -0.0000 -0.0744 -0.9972
vn -0.0000 -0.0306 0.9995
vn -0.0000 -0.0381 0.9993
vn -0.0000 -0.1142 -0.9935
vn -0.0000 0.9987 0.0507
vn -0.0000 0.9990 0.0442
vn -0.0000 -0.9987 -0.0507
vn -0.0000 -0.9990 -0.0442
vn -0.0000 -0.9991 -0.0429
vn -0.0000 0.0403 -0.9992
vn -0.0000 -0.0409 0.9992
vn -0.0000 -0.0335 0.9994
vn -0.0000 0.0322 -0.9995
vn -0.0000 1.0000 -0.0028
vn -0.0000 0.9998 -0.0222
vn -0.0000 0.9993 0.0372
vn -0.0000 -1.0000 0.0027
vn -0.0000 -0.9998 0.0222
vn -0.0000 -0.9993 -0.0372
vn -0.0000 0.0297 -0.9996
vn -0.0000 0.0179 0.9998
vn -0.0000 0.0181 0.9998
vn -0.0000 0.0395 -0.9992
vn -0.0000 1.0000 -0.0053
vn -0.0000 0.9999 0.0165
vn -0.0000 -1.0000 0.0054
vn -0.0000 -0.9999 -0.0164
vn -0.0000 -0.0182 -0.9998
vn -0.0000 -0.0196 0.9998
vn -0.0000 -0.0304 0.9995
vn -0.0000 -0.0179 -0.9998
vn -0.0000 0.9971 0.0764
vn -0.0000 0.9829 0.1843
vn -0.0000 0.9997 0.0264
vn -0.0000 -0.9971 -0.0761
vn -0.0000 -0.9827 -0.1854
vn -0.0000 -0.9997 -0.0264
vn -0.0000 0.0348 -0.9994
vn -0.0000 -0.1437 0.9896
vn -0.0000 -0.1787 0.9839
vn -0.0000 0.0218 -0.9998
vn -0.0000 0.9490 0.3151
vn -0.0000 0.8726 0.4885
vn -0.0000 0.9828 0.1849
vn -0.0000 -0.9503 -0.3114
vn -0.0000 -0.8783 -0.4781
vn -0.0000 -0.9826 -0.1856
vn -0.0000 0.1891 -0.9820
vn -0.0000 -0.5123 0.8588
vn -0.0000 -0.5943 0.8042
vn -0.0000 0.1514 -0.9885
vn -0.0000 0.4345 0.9007
vn -0.0000 -0.0318 0.9995
vn -0.0000 0.8346 0.5508
vn -0.0000 -0.4330 -0.9014
vn -0.0000 -0.8381 -0.5454
vn -0.0000 0.6282 -0.7780
vn -0.0000 -0.9998 0.0197
vn -0.0000 -0.9946 -0.1034
vn -0.0000 0.5304 -0.8478
vn -0.0000 -0.1141 -0.9935
vn -0.0000 0.8346 0.5509
vt 0.851452 0.705523
vt 0.850843 0.705523
vt 0.850889 0.704437
vt 0.851452 0.704437
vt 0.850361 0.705523
vt 0.850361 0.704437
vt 0.850889 0.704247
vt 0.851452 0.704247
vt 0.850843 0.705728
vt 0.850361 0.705728
vt 0.850270 0.705523
vt 0.850270 0.704437
s 0
usemtl Material.001
f 1060/961/370 1048/962/370 1050/963/370 1061/964/370
f 1050/963/370 1048/962/370 1049/965/370 1047/966/370
f 1061/964/371 1050/963/371 1051/967/371 1063/968/371
f 1049/965/372 1048/962/372 1052/969/372 1053/970/372
f 1047/966/370 1049/965/370 1055/971/370 1054/972/370
f 1060/961/370 1061/964/370 1059/963/370 1057/962/370
f 1059/963/370 1056/966/370 1058/965/370 1057/962/370
f 1061/964/371 1063/968/371 1062/967/371 1059/963/371
f 1058/965/372 1065/970/372 1064/969/372 1057/962/372
f 1056/966/370 1066/972/370 1067/971/370 1058/965/370
f 1081/961/373 1082/964/373 1071/963/373 1069/962/373
f 1071/963/373 1068/966/373 1070/965/373 1069/962/373
f 1082/964/374 1084/968/374 1072/967/374 1071/963/374
f 1070/965/375 1074/970/375 1073/969/375 1069/962/375
f 1068/966/373 1075/972/373 1076/971/373 1070/965/373
f 1081/961/373 1078/962/373 1080/963/373 1082/964/373
f 1080/963/373 1078/962/373 1079/965/373 1077/966/373
f 1082/964/374 1080/963/374 1083/967/374 1084/968/374
f 1079/965/376 1078/962/376 1085/969/376 1086/970/376
f 1077/966/373 1079/965/373 1088/971/373 1087/972/373
f 1048/962/377 1060/961/377 1081/961/377 1069/962/377
f 1050/963/378 1047/966/378 1068/966/378 1071/963/378
f 1063/968/379 1051/967/379 1072/967/379 1084/968/379
f 1051/967/380 1050/963/380 1071/963/380 1072/967/380
f 1053/970/381 1052/969/381 1073/969/381 1074/970/381
f 1049/965/380 1053/970/380 1074/970/380 1070/965/380
f 1052/969/382 1048/962/382 1069/962/382 1073/969/382
f 1054/972/380 1055/971/380 1076/971/380 1075/972/380
f 1047/966/378 1054/972/378 1075/972/378 1068/966/378
f 1055/971/377 1049/965/377 1070/965/377 1076/971/377
f 1060/961/377 1057/962/377 1078/962/377 1081/961/377
f 1056/966/378 1059/963/378 1080/963/378 1077/966/378
f 1062/967/379 1063/968/379 1084/968/379 1083/967/379
f 1059/963/382 1062/967/382 1083/967/382 1080/963/382
f 1064/969/381 1065/970/381 1086/970/381 1085/969/381
f 1065/970/382 1058/965/382 1079/965/382 1086/970/382
f 1057/962/380 1064/969/380 1085/969/380 1078/962/380
f 1067/971/382 1066/972/382 1087/972/382 1088/971/382
f 1066/972/378 1056/966/378 1077/966/378 1087/972/378
f 1058/965/377 1067/971/377 1088/971/377 1079/965/377
f 1102/961/383 1090/962/383 1092/963/383 1103/964/383
f 1092/963/383 1090/962/383 1091/965/383 1089/966/383
f 1103/964/384 1092/963/384 1093/967/384 1105/968/384
f 1091/965/371 1090/962/371 1094/969/371 1095/970/371
f 1089/966/383 1091/965/383 1097/971/383 1096/972/383
f 1102/961/383 1103/964/383 1101/963/383 1099/962/383
f 1101/963/383 1098/966/383 1100/965/383 1099/962/383
f 1103/964/384 1105/968/384 1104/967/384 1101/963/384
f 1100/965/371 1107/970/371 1106/969/371 1099/962/371
f 1098/966/383 1108/972/383 1109/971/383 1100/965/383
f 1123/961/385 1124/964/385 1113/963/385 1111/962/385
f 1113/963/385 1110/966/385 1112/965/385 1111/962/385
f 1124/964/386 1126/968/386 1114/967/386 1113/963/386
f 1112/965/387 1116/970/387 1115/969/387 1111/962/387
f 1110/966/385 1117/972/385 1118/971/385 1112/965/385
f 1123/961/385 1120/962/385 1122/963/385 1124/964/385
f 1122/963/385 1120/962/385 1121/965/385 1119/966/385
f 1124/964/386 1122/963/386 1125/967/386 1126/968/386
f 1121/965/387 1120/962/387 1127/969/387 1128/970/387
f 1119/966/385 1121/965/385 1130/971/385 1129/972/385
f 1090/962/388 1102/961/388 1123/961/388 1111/962/388
f 1092/963/389 1089/966/389 1110/966/389 1113/963/389
f 1105/968/390 1093/967/390 1114/967/390 1126/968/390
f 1093/967/380 1092/963/380 1113/963/380 1114/967/380
f 1095/970/391 1094/969/391 1115/969/391 1116/970/391
f 1091/965/380 1095/970/380 1116/970/380 1112/965/380
f 1094/969/382 1090/962/382 1111/962/382 1115/969/382
f 1096/972/380 1097/971/380 1118/971/380 1117/972/380
f 1089/966/389 1096/972/389 1117/972/389 1110/966/389
f 1097/971/388 1091/965/388 1112/965/388 1118/971/388
f 1102/961/388 1099/962/388 1120/962/388 1123/961/388
f 1098/966/389 1101/963/389 1122/963/389 1119/966/389
f 1104/967/390 1105/968/390 1126/968/390 1125/967/390
f 1101/963/382 1104/967/382 1125/967/382 1122/963/382
f 1106/969/391 1107/970/391 1128/970/391 1127/969/391
f 1107/970/382 1100/965/382 1121/965/382 1128/970/382
f 1099/962/380 1106/969/380 1127/969/380 1120/962/380
f 1109/971/382 1108/972/382 1129/972/382 1130/971/382
f 1108/972/389 1098/966/389 1119/966/389 1129/972/389
f 1100/965/388 1109/971/388 1130/971/388 1121/965/388
f 1144/961/392 1132/962/392 1134/963/392 1145/964/392
f 1134/963/392 1132/962/392 1133/965/392 1131/966/392
f 1145/964/393 1134/963/393 1135/967/393 1147/968/393
f 1133/965/394 1132/962/394 1136/969/394 1137/970/394
f 1131/966/392 1133/965/392 1139/971/392 1138/972/392
f 1144/961/392 1145/964/392 1143/963/392 1141/962/392
f 1143/963/392 1140/966/392 1142/965/392 1141/962/392
f 1145/964/393 1147/968/393 1146/967/393 1143/963/393
f 1142/965/394 1149/970/394 1148/969/394 1141/962/394
f 1140/966/392 1150/972/392 1151/971/392 1142/965/392
f 1165/961/395 1166/964/395 1155/963/395 1153/962/395
f 1155/963/395 1152/966/395 1154/965/395 1153/962/395
f 1166/964/396 1168/968/396 1156/967/396 1155/963/396
f 1154/965/397 1158/970/397 1157/969/397 1153/962/397
f 1152/966/395 1159/972/395 1160/971/395 1154/965/395
f 1165/961/395 1162/962/395 1164/963/395 1166/964/395
f 1164/963/395 1162/962/395 1163/965/395 1161/966/395
f 1166/964/396 1164/963/396 1167/967/396 1168/968/396
f 1163/965/397 1162/962/397 1169/969/397 1170/970/397
f 1161/966/395 1163/965/395 1172/971/395 1171/972/395
f 1132/962/398 1144/961/398 1165/961/398 1153/962/398
f 1134/963/399 1131/966/399 1152/966/399 1155/963/399
f 1147/968/400 1135/967/400 1156/967/400 1168/968/400
f 1135/967/380 1134/963/380 1155/963/380 1156/967/380
f 1137/970/401 1136/969/401 1157/969/401 1158/970/401
f 1133/965/380 1137/970/380 1158/970/380 1154/965/380
f 1136/969/382 1132/962/382 1153/962/382 1157/969/382
f 1138/972/380 1139/971/380 1160/971/380 1159/972/380
f 1131/966/399 1138/972/399 1159/972/399 1152/966/399
f 1139/971/398 1133/965/398 1154/965/398 1160/971/398
f 1144/961/398 1141/962/398 1162/962/398 1165/961/398
f 1140/966/399 1143/963/399 1164/963/399 1161/966/399
f 1146/967/400 1147/968/400 1168/968/400 1167/967/400
f 1143/963/382 1146/967/382 1167/967/382 1164/963/382
f 1148/969/401 1149/970/401 1170/970/401 1169/969/401
f 1149/970/382 1142/965/382 1163/965/382 1170/970/382
f 1141/962/380 1148/969/380 1169/969/380 1162/962/380
f 1151/971/382 1150/972/382 1171/972/382 1172/971/382
f 1150/972/399 1140/966/399 1161/966/399 1171/972/399
f 1142/965/398 1151/971/398 1172/971/398 1163/965/398
f 1186/961/402 1174/962/402 1176/963/402 1187/964/402
f 1176/963/402 1174/962/402 1175/965/402 1173/966/402
f 1187/964/403 1176/963/403 1177/967/403 1189/968/403
f 1175/965/393 1174/962/393 1178/969/393 1179/970/393
f 1173/966/402 1175/965/402 1181/971/402 1180/972/402
f 1186/961/402 1187/964/402 1185/963/402 1183/962/402
f 1185/963/402 1182/966/402 1184/965/402 1183/962/402
f 1187/964/403 1189/968/403 1188/967/403 1185/963/403
f 1184/965/393 1191/970/393 1190/969/393 1183/962/393
f 1182/966/402 1192/972/402 1193/971/402 1184/965/402
f 1207/961/404 1208/964/404 1197/963/404 1195/962/404
f 1197/963/404 1194/966/404 1196/965/404 1195/962/404
f 1208/964/405 1210/968/405 1198/967/405 1197/963/405
f 1196/965/406 1200/970/406 1199/969/406 1195/962/406
f 1194/966/404 1201/972/404 1202/971/404 1196/965/404
f 1207/961/404 1204/962/404 1206/963/404 1208/964/404
f 1206/963/404 1204/962/404 1205/965/404 1203/966/404
f 1208/964/405 1206/963/405 1209/967/405 1210/968/405
f 1205/965/406 1204/962/406 1211/969/406 1212/970/406
f 1203/966/404 1205/965/404 1214/971/404 1213/972/404
f 1174/962/407 1186/961/407 1207/961/407 1195/962/407
f 1176/963/408 1173/966/408 1194/966/408 1197/963/408
f 1189/968/409 1177/967/409 1198/967/409 1210/968/409
f 1177/967/380 1176/963/380 1197/963/380 1198/967/380
f 1179/970/410 1178/969/410 1199/969/410 1200/970/410
f 1175/965/380 1179/970/380 1200/970/380 1196/965/380
f 1178/969/382 1174/962/382 1195/962/382 1199/969/382
f 1180/972/380 1181/971/380 1202/971/380 1201/972/380
f 1173/966/408 1180/972/408 1201/972/408 1194/966/408
f 1181/971/407 1175/965/407 1196/965/407 1202/971/407
f 1186/961/407 1183/962/407 1204/962/407 1207/961/407
f 1182/966/408 1185/963/408 1206/963/408 1203/966/408
f 1188/967/409 1189/968/409 1210/968/409 1209/967/409
f 1185/963/382 1188/967/382 1209/967/382 1206/963/382
f 1190/969/410 1191/970/410 1212/970/410 1211/969/410
f 1191/970/382 1184/965/382 1205/965/382 1212/970/382
f 1183/962/380 1190/969/380 1211/969/380 1204/962/380
f 1193/971/382 1192/972/382 1213/972/382 1214/971/382
f 1192/972/408 1182/966/408 1203/966/408 1213/972/408
f 1184/965/407 1193/971/407 1214/971/407 1205/965/407
f 1228/961/411 1216/962/411 1218/963/411 1229/964/411
f 1218/963/411 1216/962/411 1217/965/411 1215/966/411
f 1229/964/412 1218/963/412 1219/967/412 1231/968/412
f 1217/965/403 1216/962/403 1220/969/403 1221/970/403
f 1215/966/411 1217/965/411 1223/971/411 1222/972/411
f 1228/961/411 1229/964/411 1227/963/411 1225/962/411
f 1227/963/411 1224/966/411 1226/965/411 1225/962/411
f 1229/964/412 1231/968/412 1230/967/412 1227/963/412
f 1226/965/403 1233/970/403 1232/969/403 1225/962/403
f 1224/966/411 1234/972/411 1235/971/411 1226/965/411
f 1249/961/413 1250/964/413 1239/963/413 1237/962/413
f 1239/963/413 1236/966/413 1238/965/413 1237/962/413
f 1250/964/414 1252/968/414 1240/967/414 1239/963/414
f 1238/965/415 1242/970/415 1241/969/415 1237/962/415
f 1236/966/413 1243/972/413 1244/971/413 1238/965/413
f 1249/961/413 1246/962/413 1248/963/413 1250/964/413
f 1248/963/413 1246/962/413 1247/965/413 1245/966/413
f 1250/964/414 1248/963/414 1251/967/414 1252/968/414
f 1247/965/415 1246/962/415 1253/969/415 1254/970/415
f 1245/966/413 1247/965/413 1256/971/413 1255/972/413
f 1216/962/416 1228/961/416 1249/961/416 1237/962/416
f 1218/963/417 1215/966/417 1236/966/417 1239/963/417
f 1231/968/418 1219/967/418 1240/967/418 1252/968/418
f 1219/967/380 1218/963/380 1239/963/380 1240/967/380
f 1221/970/419 1220/969/419 1241/969/419 1242/970/419
f 1217/965/380 1221/970/380 1242/970/380 1238/965/380
f 1220/969/382 1216/962/382 1237/962/382 1241/969/382
f 1222/972/380 1223/971/380 1244/971/380 1243/972/380
f 1215/966/417 1222/972/417 1243/972/417 1236/966/417
f 1223/971/416 1217/965/416 1238/965/416 1244/971/416
f 1228/961/416 1225/962/416 1246/962/416 1249/961/416
f 1224/966/417 1227/963/417 1248/963/417 1245/966/417
f 1230/967/418 1231/968/418 1252/968/418 1251/967/418
f 1227/963/382 1230/967/382 1251/967/382 1248/963/382
f 1232/969/419 1233/970/419 1254/970/419 1253/969/419
f 1233/970/382 1226/965/382 1247/965/382 1254/970/382
f 1225/962/380 1232/969/380 1253/969/380 1246/962/380
f 1235/971/382 1234/972/382 1255/972/382 1256/971/382
f 1234/972/417 1224/966/417 1245/966/417 1255/972/417
f 1226/965/416 1235/971/416 1256/971/416 1247/965/416
f 1270/961/420 1258/962/420 1260/963/420 1271/964/420
f 1260/963/420 1258/962/420 1259/965/420 1257/966/420
f 1271/964/421 1260/963/421 1261/967/421 1273/968/421
f 1259/965/422 1258/962/422 1262/969/422 1263/970/422
f 1257/966/420 1259/965/420 1265/971/420 1264/972/420
f 1270/961/420 1271/964/420 1269/963/420 1267/962/420
f 1269/963/420 1266/966/420 1268/965/420 1267/962/420
f 1271/964/421 1273/968/421 1272/967/421 1269/963/421
f 1268/965/422 1275/970/422 1274/969/422 1267/962/422
f 1266/966/420 1276/972/420 1277/971/420 1268/965/420
f 1291/961/423 1292/964/423 1281/963/423 1279/962/423
f 1281/963/423 1278/966/423 1280/965/423 1279/962/423
f 1292/964/424 1294/968/424 1282/967/424 1281/963/424
f 1280/965/425 1284/970/425 1283/969/425 1279/962/425
f 1278/966/423 1285/972/423 1286/971/423 1280/965/423
f 1291/961/423 1288/962/423 1290/963/423 1292/964/423
f 1290/963/423 1288/962/423 1289/965/423 1287/966/423
f 1292/964/424 1290/963/424 1293/967/424 1294/968/424
f 1289/965/425 1288/962/425 1295/969/425 1296/970/425
f 1287/966/423 1289/965/423 1298/971/423 1297/972/423
f 1258/962/426 1270/961/426 1291/961/426 1279/962/426
f 1260/963/427 1257/966/427 1278/966/427 1281/963/427
f 1273/968/428 1261/967/428 1282/967/428 1294/968/428
f 1261/967/380 1260/963/380 1281/963/380 1282/967/380
f 1263/970/429 1262/969/429 1283/969/429 1284/970/429
f 1259/965/380 1263/970/380 1284/970/380 1280/965/380
f 1262/969/382 1258/962/382 1279/962/382 1283/969/382
f 1264/972/380 1265/971/380 1286/971/380 1285/972/380
f 1257/966/427 1264/972/427 1285/972/427 1278/966/427
f 1265/971/430 1259/965/430 1280/965/430 1286/971/430
f 1270/961/426 1267/962/426 1288/962/426 1291/961/426
f 1266/966/427 1269/963/427 1290/963/427 1287/966/427
f 1272/967/428 1273/968/428 1294/968/428 1293/967/428
f 1269/963/382 1272/967/382 1293/967/382 1290/963/382
f 1274/969/429 1275/970/429 1296/970/429 1295/969/429
f 1275/970/382 1268/965/382 1289/965/382 1296/970/382
f 1267/962/380 1274/969/380 1295/969/380 1288/962/380
f 1277/971/382 1276/972/382 1297/972/382 1298/971/382
f 1276/972/427 1266/966/427 1287/966/427 1297/972/427
f 1268/965/426 1277/971/426 1298/971/426 1289/965/426
f 1312/961/431 1300/962/431 1302/963/431 1313/964/431
f 1302/963/431 1300/962/431 1301/965/431 1299/966/431
f 1313/964/432 1302/963/432 1303/967/432 1315/968/432
f 1301/965/433 1300/962/433 1304/969/433 1305/970/433
f 1299/966/431 1301/965/431 1307/971/431 1306/972/431
f 1312/961/431 1313/964/431 1311/963/431 1309/962/431
f 1311/963/431 1308/966/431 1310/965/431 1309/962/431
f 1313/964/432 1315/968/432 1314/967/432 1311/963/432
f 1310/965/433 1317/970/433 1316/969/433 1309/962/433
f 1308/966/431 1318/972/431 1319/971/431 1310/965/431
f 1333/961/434 1334/964/434 1323/963/434 1321/962/434
f 1323/963/434 1320/966/434 1322/965/434 1321/962/434
f 1334/964/435 1336/968/435 1324/967/435 1323/963/435
f 1322/965/436 1326/970/436 1325/969/436 1321/962/436
f 1320/966/434 1327/972/434 1328/971/434 1322/965/434
f 1333/961/434 1330/962/434 1332/963/434 1334/964/434
f 1332/963/434 1330/962/434 1331/965/434 1329/966/434
f 1334/964/435 1332/963/435 1335/967/435 1336/968/435
f 1331/965/436 1330/962/436 1337/969/436 1338/970/436
f 1329/966/434 1331/965/434 1340/971/434 1339/972/434
f 1300/962/437 1312/961/437 1333/961/437 1321/962/437
f 1302/963/438 1299/966/438 1320/966/438 1323/963/438
f 1315/968/439 1303/967/439 1324/967/439 1336/968/439
f 1303/967/380 1302/963/380 1323/963/380 1324/967/380
f 1305/970/440 1304/969/440 1325/969/440 1326/970/440
f 1301/965/380 1305/970/380 1326/970/380 1322/965/380
f 1304/969/382 1300/962/382 1321/962/382 1325/969/382
f 1306/972/380 1307/971/380 1328/971/380 1327/972/380
f 1299/966/438 1306/972/438 1327/972/438 1320/966/438
f 1307/971/437 1301/965/437 1322/965/437 1328/971/437
f 1312/961/437 1309/962/437 1330/962/437 1333/961/437
f 1308/966/438 1311/963/438 1332/963/438 1329/966/438
f 1314/967/439 1315/968/439 1336/968/439 1335/967/439
f 1311/963/382 1314/967/382 1335/967/382 1332/963/382
f 1316/969/440 1317/970/440 1338/970/440 1337/969/440
f 1317/970/382 1310/965/382 1331/965/382 1338/970/382
f 1309/962/380 1316/969/380 1337/969/380 1330/962/380
f 1319/971/382 1318/972/382 1339/972/382 1340/971/382
f 1318/972/438 1308/966/438 1329/966/438 1339/972/438
f 1310/965/437 1319/971/437 1340/971/437 1331/965/437
f 1354/961/441 1342/962/441 1344/963/441 1355/964/441
f 1344/963/441 1342/962/441 1343/965/441 1341/966/441
f 1355/964/442 1344/963/442 1345/967/442 1357/968/442
f 1343/965/432 1342/962/432 1346/969/432 1347/970/432
f 1341/966/441 1343/965/441 1349/971/441 1348/972/441
f 1354/961/441 1355/964/441 1353/963/441 1351/962/441
f 1353/963/441 1350/966/441 1352/965/441 1351/962/441
f 1355/964/442 1357/968/442 1356/967/442 1353/963/442
f 1352/965/432 1359/970/432 1358/969/432 1351/962/432
f 1350/966/441 1360/972/441 1361/971/441 1352/965/441
f 1375/961/443 1376/964/443 1365/963/443 1363/962/443
f 1365/963/443 1362/966/443 1364/965/443 1363/962/443
f 1376/964/444 1378/968/444 1366/967/444 1365/963/444
f 1364/965/445 1368/970/445 1367/969/445 1363/962/445
f 1362/966/443 1369/972/443 1370/971/443 1364/965/443
f 1375/961/443 1372/962/443 1374/963/443 1376/964/443
f 1374/963/443 1372/962/443 1373/965/443 1371/966/443
f 1376/964/444 1374/963/444 1377/967/444 1378/968/444
f 1373/965/445 1372/962/445 1379/969/445 1380/970/445
f 1371/966/443 1373/965/443 1382/971/443 1381/972/443
f 1342/962/446 1354/961/446 1375/961/446 1363/962/446
f 1344/963/447 1341/966/447 1362/966/447 1365/963/447
f 1357/968/448 1345/967/448 1366/967/448 1378/968/448
f 1345/967/380 1344/963/380 1365/963/380 1366/967/380
f 1347/970/449 1346/969/449 1367/969/449 1368/970/449
f 1343/965/380 1347/970/380 1368/970/380 1364/965/380
f 1346/969/382 1342/962/382 1363/962/382 1367/969/382
f 1348/972/380 1349/971/380 1370/971/380 1369/972/380
f 1341/966/447 1348/972/447 1369/972/447 1362/966/447
f 1349/971/446 1343/965/446 1364/965/446 1370/971/446
f 1354/961/446 1351/962/446 1372/962/446 1375/961/446
f 1350/966/447 1353/963/447 1374/963/447 1371/966/447
f 1356/967/448 1357/968/448 1378/968/448 1377/967/448
f 1353/963/382 1356/967/382 1377/967/382 1374/963/382
f 1358/969/449 1359/970/449 1380/970/449 1379/969/449
f 1359/970/382 1352/965/382 1373/965/382 1380/970/382
f 1351/962/380 1358/969/380 1379/969/380 1372/962/380
f 1361/971/382 1360/972/382 1381/972/382 1382/971/382
f 1360/972/447 1350/966/447 1371/966/447 1381/972/447
f 1352/965/446 1361/971/446 1382/971/446 1373/965/446
f 1396/961/450 1384/962/450 1386/963/450 1397/964/450
f 1386/963/450 1384/962/450 1385/965/450 1383/966/450
f 1397/964/451 1386/963/451 1387/967/451 1399/968/451
f 1385/965/442 1384/962/442 1388/969/442 1389/970/442
f 1383/966/450 1385/965/450 1391/971/450 1390/972/450
f 1396/961/450 1397/964/450 1395/963/450 1393/962/450
f 1395/963/450 1392/966/450 1394/965/450 1393/962/450
f 1397/964/451 1399/968/451 1398/967/451 1395/963/451
f 1394/965/442 1401/970/442 1400/969/442 1393/962/442
f 1392/966/450 1402/972/450 1403/971/450 1394/965/450
f 1417/961/452 1418/964/452 1407/963/452 1405/962/452
f 1407/963/452 1404/966/452 1406/965/452 1405/962/452
f 1418/964/453 1420/968/453 1408/967/453 1407/963/453
f 1406/965/454 1410/970/454 1409/969/454 1405/962/454
f 1404/966/452 1411/972/452 1412/971/452 1406/965/452
f 1417/961/452 1414/962/452 1416/963/452 1418/964/452
f 1416/963/452 1414/962/452 1415/965/452 1413/966/452
f 1418/964/453 1416/963/453 1419/967/453 1420/968/453
f 1415/965/454 1414/962/454 1421/969/454 1422/970/454
f 1413/966/452 1415/965/452 1424/971/452 1423/972/452
f 1384/962/455 1396/961/455 1417/961/455 1405/962/455
f 1386/963/456 1383/966/456 1404/966/456 1407/963/456
f 1399/968/457 1387/967/457 1408/967/457 1420/968/457
f 1387/967/380 1386/963/380 1407/963/380 1408/967/380
f 1389/970/458 1388/969/458 1409/969/458 1410/970/458
f 1385/965/380 1389/970/380 1410/970/380 1406/965/380
f 1388/969/382 1384/962/382 1405/962/382 1409/969/382
f 1390/972/380 1391/971/380 1412/971/380 1411/972/380
f 1383/966/456 1390/972/456 1411/972/456 1404/966/456
f 1391/971/455 1385/965/455 1406/965/455 1412/971/455
f 1396/961/455 1393/962/455 1414/962/455 1417/961/455
f 1392/966/456 1395/963/456 1416/963/456 1413/966/456
f 1398/967/457 1399/968/457 1420/968/457 1419/967/457
f 1395/963/382 1398/967/382 1419/967/382 1416/963/382
f 1400/969/458 1401/970/458 1422/970/458 1421/969/458
f 1401/970/382 1394/965/382 1415/965/382 1422/970/382
f 1393/962/380 1400/969/380 1421/969/380 1414/962/380
f 1403/971/382 1402/972/382 1423/972/382 1424/971/382
f 1402/972/456 1392/966/456 1413/966/456 1423/972/456
f 1394/965/455 1403/971/455 1424/971/455 1415/965/455
f 1438/961/459 1426/962/459 1428/963/459 1439/964/459
f 1428/963/459 1426/962/459 1427/965/459 1425/966/459
f 1439/964/460 1428/963/460 1429/967/460 1441/968/460
f 1427/965/461 1426/962/461 1430/969/461 1431/970/461
f 1425/966/459 1427/965/459 1433/971/459 1432/972/459
f 1438/961/459 1439/964/459 1437/963/459 1435/962/459
f 1437/963/459 1434/966/459 1436/965/459 1435/962/459
f 1439/964/460 1441/968/460 1440/967/460 1437/963/460
f 1436/965/461 1443/970/461 1442/969/461 1435/962/461
f 1434/966/459 1444/972/459 1445/971/459 1436/965/459
f 1459/961/462 1460/964/462 1449/963/462 1447/962/462
f 1449/963/462 1446/966/462 1448/965/462 1447/962/462
f 1460/964/463 1462/968/463 1450/967/463 1449/963/463
f 1448/965/464 1452/970/464 1451/969/464 1447/962/464
f 1446/966/462 1453/972/462 1454/971/462 1448/965/462
f 1459/961/462 1456/962/462 1458/963/462 1460/964/462
f 1458/963/462 1456/962/462 1457/965/462 1455/966/462
f 1460/964/463 1458/963/463 1461/967/463 1462/968/463
f 1457/965/464 1456/962/464 1463/969/464 1464/970/464
f 1455/966/462 1457/965/462 1466/971/462 1465/972/462
f 1426/962/465 1438/961/465 1459/961/465 1447/962/465
f 1428/963/466 1425/966/466 1446/966/466 1449/963/466
f 1441/968/467 1429/967/467 1450/967/467 1462/968/467
f 1429/967/380 1428/963/380 1449/963/380 1450/967/380
f 1431/970/468 1430/969/468 1451/969/468 1452/970/468
f 1427/965/380 1431/970/380 1452/970/380 1448/965/380
f 1430/969/382 1426/962/382 1447/962/382 1451/969/382
f 1432/972/380 1433/971/380 1454/971/380 1453/972/380
f 1425/966/466 1432/972/466 1453/972/466 1446/966/466
f 1433/971/465 1427/965/465 1448/965/465 1454/971/465
f 1438/961/465 1435/962/465 1456/962/465 1459/961/465
f 1434/966/466 1437/963/466 1458/963/466 1455/966/466
f 1440/967/467 1441/968/467 1462/968/467 1461/967/467
f 1437/963/382 1440/967/382 1461/967/382 1458/963/382
f 1442/969/468 1443/970/468 1464/970/468 1463/969/468
f 1443/970/382 1436/965/382 1457/965/382 1464/970/382
f 1435/962/380 1442/969/380 1463/969/380 1456/962/380
f 1445/971/382 1444/972/382 1465/972/382 1466/971/382
f 1444/972/466 1434/966/466 1455/966/466 1465/972/466
f 1436/965/465 1445/971/465 1466/971/465 1457/965/465
f 1480/961/469 1468/962/469 1470/963/469 1481/964/469
f 1470/963/469 1468/962/469 1469/965/469 1467/966/469
f 1481/964/470 1470/963/470 1471/967/470 1483/968/470
f 1469/965/460 1468/962/460 1472/969/460 1473/970/460
f 1467/966/469 1469/965/469 1475/971/469 1474/972/469
f 1480/961/469 1481/964/469 1479/963/469 1477/962/469
f 1479/963/469 1476/966/469 1478/965/469 1477/962/469
f 1481/964/470 1483/968/470 1482/967/470 1479/963/470
f 1478/965/460 1485/970/460 1484/969/460 1477/962/460
f 1476/966/469 1486/972/469 1487/971/469 1478/965/469
f 1501/961/471 1502/964/471 1491/963/471 1489/962/471
f 1491/963/471 1488/966/471 1490/965/471 1489/962/471
f 1502/964/472 1504/968/472 1492/967/472 1491/963/472
f 1490/965/473 1494/970/473 1493/969/473 1489/962/473
f 1488/966/471 1495/972/471 1496/971/471 1490/965/471
f 1501/961/471 1498/962/471 1500/963/471 1502/964/471
f 1500/963/471 1498/962/471 1499/965/471 1497/966/471
f 1502/964/472 1500/963/472 1503/967/472 1504/968/472
f 1499/965/473 1498/962/473 1505/969/473 1506/970/473
f 1497/966/471 1499/965/471 1508/971/471 1507/972/471
f 1468/962/474 1480/961/474 1501/961/474 1489/962/474
f 1470/963/475 1467/966/475 1488/966/475 1491/963/475
f 1483/968/476 1471/967/476 1492/967/476 1504/968/476
f 1471/967/380 1470/963/380 1491/963/380 1492/967/380
f 1473/970/477 1472/969/477 1493/969/477 1494/970/477
f 1469/965/380 1473/970/380 1494/970/380 1490/965/380
f 1472/969/382 1468/962/382 1489/962/382 1493/969/382
f 1474/972/380 1475/971/380 1496/971/380 1495/972/380
f 1467/966/475 1474/972/475 1495/972/475 1488/966/475
f 1475/971/474 1469/965/474 1490/965/474 1496/971/474
f 1480/961/474 1477/962/474 1498/962/474 1501/961/474
f 1476/966/475 1479/963/475 1500/963/475 1497/966/475
f 1482/967/476 1483/968/476 1504/968/476 1503/967/476
f 1479/963/382 1482/967/382 1503/967/382 1500/963/382
f 1484/969/477 1485/970/477 1506/970/477 1505/969/477
f 1485/970/382 1478/965/382 1499/965/382 1506/970/382
f 1477/962/380 1484/969/380 1505/969/380 1498/962/380
f 1487/971/382 1486/972/382 1507/972/382 1508/971/382
f 1486/972/475 1476/966/475 1497/966/475 1507/972/475
f 1478/965/474 1487/971/474 1508/971/474 1499/965/474
f 1522/961/478 1510/962/478 1512/963/478 1523/964/478
f 1512/963/478 1510/962/478 1511/965/478 1509/966/478
f 1523/964/479 1512/963/479 1513/967/479 1525/968/479
f 1511/965/480 1510/962/480 1514/969/480 1515/970/480
f 1509/966/478 1511/965/478 1517/971/478 1516/972/478
f 1522/961/478 1523/964/478 1521/963/478 1519/962/478
f 1521/963/478 1518/966/478 1520/965/478 1519/962/478
f 1523/964/479 1525/968/479 1524/967/479 1521/963/479
f 1520/965/480 1527/970/480 1526/969/480 1519/962/480
f 1518/966/478 1528/972/478 1529/971/478 1520/965/478
f 1543/961/481 1544/964/481 1533/963/481 1531/962/481
f 1533/963/481 1530/966/481 1532/965/481 1531/962/481
f 1544/964/482 1546/968/482 1534/967/482 1533/963/482
f 1532/965/483 1536/970/483 1535/969/483 1531/962/483
f 1530/966/481 1537/972/481 1538/971/481 1532/965/481
f 1543/961/481 1540/962/481 1542/963/481 1544/964/481
f 1542/963/481 1540/962/481 1541/965/481 1539/966/481
f 1544/964/484 1542/963/484 1545/967/484 1546/968/484
f 1541/965/485 1540/962/485 1547/969/485 1548/970/485
f 1539/966/481 1541/965/481 1550/971/481 1549/972/481
f 1510/962/486 1522/961/486 1543/961/486 1531/962/486
f 1512/963/487 1509/966/487 1530/966/487 1533/963/487
f 1525/968/488 1513/967/488 1534/967/488 1546/968/488
f 1513/967/380 1512/963/380 1533/963/380 1534/967/380
f 1515/970/489 1514/969/489 1535/969/489 1536/970/489
f 1511/965/380 1515/970/380 1536/970/380 1532/965/380
f 1514/969/382 1510/962/382 1531/962/382 1535/969/382
f 1516/972/380 1517/971/380 1538/971/380 1537/972/380
f 1509/966/487 1516/972/487 1537/972/487 1530/966/487
f 1517/971/486 1511/965/486 1532/965/486 1538/971/486
f 1522/961/486 1519/962/486 1540/962/486 1543/961/486
f 1518/966/487 1521/963/487 1542/963/487 1539/966/487
f 1524/967/488 1525/968/488 1546/968/488 1545/967/488
f 1521/963/382 1524/967/382 1545/967/382 1542/963/382
f 1526/969/489 1527/970/489 1548/970/489 1547/969/489
f 1527/970/382 1520/965/382 1541/965/382 1548/970/382
f 1519/962/380 1526/969/380 1547/969/380 1540/962/380
f 1529/971/382 1528/972/382 1549/972/382 1550/971/382
f 1528/972/487 1518/966/487 1539/966/487 1549/972/487
f 1520/965/486 1529/971/486 1550/971/486 1541/965/486
f 1564/961/490 1552/962/490 1554/963/490 1565/964/490
f 1554/963/490 1552/962/490 1553/965/490 1551/966/490
f 1565/964/491 1554/963/491 1555/967/491 1567/968/491
f 1553/965/492 1552/962/492 1556/969/492 1557/970/492
f 1551/966/490 1553/965/490 1559/971/490 1558/972/490
f 1564/961/490 1565/964/490 1563/963/490 1561/962/490
f 1563/963/490 1560/966/490 1562/965/490 1561/962/490
f 1565/964/491 1567/968/491 1566/967/491 1563/963/491
f 1562/965/492 1569/970/492 1568/969/492 1561/962/492
f 1560/966/490 1570/972/490 1571/971/490 1562/965/490
f 1585/961/493 1586/964/493 1575/963/493 1573/962/493
f 1575/963/493 1572/966/493 1574/965/493 1573/962/493
f 1586/964/494 1588/968/494 1576/967/494 1575/963/494
f 1574/965/495 1578/970/495 1577/969/495 1573/962/495
f 1572/966/493 1579/972/493 1580/971/493 1574/965/493
f 1585/961/493 1582/962/493 1584/963/493 1586/964/493
f 1584/963/493 1582/962/493 1583/965/493 1581/966/493
f 1586/964/494 1584/963/494 1587/967/494 1588/968/494
f 1583/965/495 1582/962/495 1589/969/495 1590/970/495
f 1581/966/493 1583/965/493 1592/971/493 1591/972/493
f 1552/962/496 1564/961/496 1585/961/496 1573/962/496
f 1554/963/497 1551/966/497 1572/966/497 1575/963/497
f 1567/968/498 1555/967/498 1576/967/498 1588/968/498
f 1555/967/380 1554/963/380 1575/963/380 1576/967/380
f 1557/970/499 1556/969/499 1577/969/499 1578/970/499
f 1553/965/380 1557/970/380 1578/970/380 1574/965/380
f 1556/969/382 1552/962/382 1573/962/382 1577/969/382
f 1558/972/380 1559/971/380 1580/971/380 1579/972/380
f 1551/966/497 1558/972/497 1579/972/497 1572/966/497
f 1559/971/496 1553/965/496 1574/965/496 1580/971/496
f 1564/961/496 1561/962/496 1582/962/496 1585/961/496
f 1560/966/497 1563/963/497 1584/963/497 1581/966/497
f 1566/967/498 1567/968/498 1588/968/498 1587/967/498
f 1563/963/382 1566/967/382 1587/967/382 1584/963/382
f 1568/969/499 1569/970/499 1590/970/499 1589/969/499
f 1569/970/382 1562/965/382 1583/965/382 1590/970/382
f 1561/962/380 1568/969/380 1589/969/380 1582/962/380
f 1571/971/382 1570/972/382 1591/972/382 1592/971/382
f 1570/972/497 1560/966/497 1581/966/497 1591/972/497
f 1562/965/496 1571/971/496 1592/971/496 1583/965/496
f 1606/961/500 1594/962/500 1596/963/500 1607/964/500
f 1596/963/500 1594/962/500 1595/965/500 1593/966/500
f 1607/964/501 1596/963/501 1597/967/501 1609/968/501
f 1595/965/491 1594/962/491 1598/969/491 1599/970/491
f 1593/966/500 1595/965/500 1601/971/500 1600/972/500
f 1606/961/500 1607/964/500 1605/963/500 1603/962/500
f 1605/963/500 1602/966/500 1604/965/500 1603/962/500
f 1607/964/501 1609/968/501 1608/967/501 1605/963/501
f 1604/965/491 1611/970/491 1610/969/491 1603/962/491
f 1602/966/500 1612/972/500 1613/971/500 1604/965/500
f 1627/961/502 1628/964/502 1617/963/502 1615/962/502
f 1617/963/502 1614/966/502 1616/965/502 1615/962/502
f 1628/964/503 1630/968/503 1618/967/503 1617/963/503
f 1616/965/504 1620/970/504 1619/969/504 1615/962/504
f 1614/966/502 1621/972/502 1622/971/502 1616/965/502
f 1627/961/502 1624/962/502 1626/963/502 1628/964/502
f 1626/963/502 1624/962/502 1625/965/502 1623/966/502
f 1628/964/503 1626/963/503 1629/967/503 1630/968/503
f 1625/965/504 1624/962/504 1631/969/504 1632/970/504
f 1623/966/502 1625/965/502 1634/971/502 1633/972/502
f 1594/962/505 1606/961/505 1627/961/505 1615/962/505
f 1596/963/506 1593/966/506 1614/966/506 1617/963/506
f 1609/968/507 1597/967/507 1618/967/507 1630/968/507
f 1597/967/380 1596/963/380 1617/963/380 1618/967/380
f 1599/970/508 1598/969/508 1619/969/508 1620/970/508
f 1595/965/380 1599/970/380 1620/970/380 1616/965/380
f 1598/969/382 1594/962/382 1615/962/382 1619/969/382
f 1600/972/380 1601/971/380 1622/971/380 1621/972/380
f 1593/966/506 1600/972/506 1621/972/506 1614/966/506
f 1601/971/505 1595/965/505 1616/965/505 1622/971/505
f 1606/961/505 1603/962/505 1624/962/505 1627/961/505
f 1602/966/506 1605/963/506 1626/963/506 1623/966/506
f 1608/967/507 1609/968/507 1630/968/507 1629/967/507
f 1605/963/382 1608/967/382 1629/967/382 1626/963/382
f 1610/969/508 1611/970/508 1632/970/508 1631/969/508
f 1611/970/382 1604/965/382 1625/965/382 1632/970/382
f 1603/962/380 1610/969/380 1631/969/380 1624/962/380
f 1613/971/382 1612/972/382 1633/972/382 1634/971/382
f 1612/972/506 1602/966/506 1623/966/506 1633/972/506
f 1604/965/505 1613/971/505 1634/971/505 1625/965/505
f 1648/961/509 1636/962/509 1638/963/509 1649/964/509
f 1638/963/509 1636/962/509 1637/965/509 1635/966/509
f 1649/964/510 1638/963/510 1639/967/510 1651/968/510
f 1637/965/511 1636/962/511 1640/969/511 1641/970/511
f 1635/966/509 1637/965/509 1643/971/509 1642/972/509
f 1648/961/509 1649/964/509 1647/963/509 1645/962/509
f 1647/963/509 1644/966/509 1646/965/509 1645/962/509
f 1649/964/510 1651/968/510 1650/967/510 1647/963/510
f 1646/965/511 1653/970/511 1652/969/511 1645/962/511
f 1644/966/509 1654/972/509 1655/971/509 1646/965/509
f 1669/961/512 1670/964/512 1659/963/512 1657/962/512
f 1659/963/512 1656/966/512 1658/965/512 1657/962/512
f 1670/964/513 1672/968/513 1660/967/513 1659/963/513
f 1658/965/514 1662/970/514 1661/969/514 1657/962/514
f 1656/966/512 1663/972/512 1664/971/512 1658/965/512
f 1669/961/512 1666/962/512 1668/963/512 1670/964/512
f 1668/963/512 1666/962/512 1667/965/512 1665/966/512
f 1670/964/513 1668/963/513 1671/967/513 1672/968/513
f 1667/965/514 1666/962/514 1673/969/514 1674/970/514
f 1665/966/512 1667/965/512 1676/971/512 1675/972/512
f 1636/962/515 1648/961/515 1669/961/515 1657/962/515
f 1638/963/516 1635/966/516 1656/966/516 1659/963/516
f 1651/968/517 1639/967/517 1660/967/517 1672/968/517
f 1639/967/380 1638/963/380 1659/963/380 1660/967/380
f 1641/970/518 1640/969/518 1661/969/518 1662/970/518
f 1637/965/380 1641/970/380 1662/970/380 1658/965/380
f 1640/969/382 1636/962/382 1657/962/382 1661/969/382
f 1642/972/380 1643/971/380 1664/971/380 1663/972/380
f 1635/966/516 1642/972/516 1663/972/516 1656/966/516
f 1643/971/515 1637/965/515 1658/965/515 1664/971/515
f 1648/961/515 1645/962/515 1666/962/515 1669/961/515
f 1644/966/516 1647/963/516 1668/963/516 1665/966/516
f 1650/967/517 1651/968/517 1672/968/517 1671/967/517
f 1647/963/382 1650/967/382 1671/967/382 1668/963/382
f 1652/969/518 1653/970/518 1674/970/518 1673/969/518
f 1653/970/382 1646/965/382 1667/965/382 1674/970/382
f 1645/962/380 1652/969/380 1673/969/380 1666/962/380
f 1655/971/382 1654/972/382 1675/972/382 1676/971/382
f 1654/972/516 1644/966/516 1665/966/516 1675/972/516
f 1646/965/515 1655/971/515 1676/971/515 1667/965/515
f 1690/961/519 1678/962/519 1680/963/519 1691/964/519
f 1680/963/519 1678/962/519 1679/965/519 1677/966/519
f 1691/964/520 1680/963/520 1681/967/520 1693/968/520
f 1679/965/510 1678/962/510 1682/969/510 1683/970/510
f 1677/966/519 1679/965/519 1685/971/519 1684/972/519
f 1690/961/519 1691/964/519 1689/963/519 1687/962/519
f 1689/963/519 1686/966/519 1688/965/519 1687/962/519
f 1691/964/520 1693/968/520 1692/967/520 1689/963/520
f 1688/965/510 1695/970/510 1694/969/510 1687/962/510
f 1686/966/519 1696/972/519 1697/971/519 1688/965/519
f 1711/961/521 1712/964/521 1701/963/521 1699/962/521
f 1701/963/521 1698/966/521 1700/965/521 1699/962/521
f 1712/964/522 1714/968/522 1702/967/522 1701/963/522
f 1700/965/513 1704/970/513 1703/969/513 1699/962/513
f 1698/966/521 1705/972/521 1706/971/521 1700/965/521
f 1711/961/521 1708/962/521 1710/963/521 1712/964/521
f 1710/963/521 1708/962/521 1709/965/521 1707/966/521
f 1712/964/522 1710/963/522 1713/967/522 1714/968/522
f 1709/965/513 1708/962/513 1715/969/513 1716/970/513
f 1707/966/521 1709/965/521 1718/971/521 1717/972/521
f 1678/962/523 1690/961/523 1711/961/523 1699/962/523
f 1680/963/524 1677/966/524 1698/966/524 1701/963/524
f 1693/968/525 1681/967/525 1702/967/525 1714/968/525
f 1681/967/380 1680/963/380 1701/963/380 1702/967/380
f 1683/970/526 1682/969/526 1703/969/526 1704/970/526
f 1679/965/380 1683/970/380 1704/970/380 1700/965/380
f 1682/969/382 1678/962/382 1699/962/382 1703/969/382
f 1684/972/380 1685/971/380 1706/971/380 1705/972/380
f 1677/966/524 1684/972/524 1705/972/524 1698/966/524
f 1685/971/523 1679/965/523 1700/965/523 1706/971/523
f 1690/961/523 1687/962/523 1708/962/523 1711/961/523
f 1686/966/524 1689/963/524 1710/963/524 1707/966/524
f 1692/967/525 1693/968/525 1714/968/525 1713/967/525
f 1689/963/382 1692/967/382 1713/967/382 1710/963/382
f 1694/969/526 1695/970/526 1716/970/526 1715/969/526
f 1695/970/382 1688/965/382 1709/965/382 1716/970/382
f 1687/962/380 1694/969/380 1715/969/380 1708/962/380
f 1697/971/382 1696/972/382 1717/972/382 1718/971/382
f 1696/972/524 1686/966/524 1707/966/524 1717/972/524
f 1688/965/523 1697/971/523 1718/971/523 1709/965/523
f 1732/961/527 1720/962/527 1722/963/527 1733/964/527
f 1722/963/527 1720/962/527 1721/965/527 1719/966/527
f 1733/964/528 1722/963/528 1723/967/528 1735/968/528
f 1721/965/529 1720/962/529 1724/969/529 1725/970/529
f 1719/966/527 1721/965/527 1727/971/527 1726/972/527
f 1732/961/527 1733/964/527 1731/963/527 1729/962/527
f 1731/963/527 1728/966/527 1730/965/527 1729/962/527
f 1733/964/528 1735/968/528 1734/967/528 1731/963/528
f 1730/965/529 1737/970/529 1736/969/529 1729/962/529
f 1728/966/527 1738/972/527 1739/971/527 1730/965/527
f 1753/961/530 1754/964/530 1743/963/530 1741/962/530
f 1743/963/530 1740/966/530 1742/965/530 1741/962/530
f 1754/964/531 1756/968/531 1744/967/531 1743/963/531
f 1742/965/532 1746/970/532 1745/969/532 1741/962/532
f 1740/966/530 1747/972/530 1748/971/530 1742/965/530
f 1753/961/530 1750/962/530 1752/963/530 1754/964/530
f 1752/963/530 1750/962/530 1751/965/530 1749/966/530
f 1754/964/531 1752/963/531 1755/967/531 1756/968/531
f 1751/965/532 1750/962/532 1757/969/532 1758/970/532
f 1749/966/530 1751/965/530 1760/971/530 1759/972/530
f 1720/962/533 1732/961/533 1753/961/533 1741/962/533
f 1722/963/534 1719/966/534 1740/966/534 1743/963/534
f 1735/968/535 1723/967/535 1744/967/535 1756/968/535
f 1723/967/380 1722/963/380 1743/963/380 1744/967/380
f 1725/970/536 1724/969/536 1745/969/536 1746/970/536
f 1721/965/380 1725/970/380 1746/970/380 1742/965/380
f 1724/969/382 1720/962/382 1741/962/382 1745/969/382
f 1726/972/380 1727/971/380 1748/971/380 1747/972/380
f 1719/966/534 1726/972/534 1747/972/534 1740/966/534
f 1727/971/533 1721/965/533 1742/965/533 1748/971/533
f 1732/961/533 1729/962/533 1750/962/533 1753/961/533
f 1728/966/534 1731/963/534 1752/963/534 1749/966/534
f 1734/967/535 1735/968/535 1756/968/535 1755/967/535
f 1731/963/382 1734/967/382 1755/967/382 1752/963/382
f 1736/969/536 1737/970/536 1758/970/536 1757/969/536
f 1737/970/382 1730/965/382 1751/965/382 1758/970/382
f 1729/962/380 1736/969/380 1757/969/380 1750/962/380
f 1739/971/382 1738/972/382 1759/972/382 1760/971/382
f 1738/972/534 1728/966/534 1749/966/534 1759/972/534
f 1730/965/533 1739/971/533 1760/971/533 1751/965/533
f 1774/961/537 1762/962/537 1764/963/537 1775/964/537
f 1764/963/537 1762/962/537 1763/965/537 1761/966/537
f 1775/964/538 1764/963/538 1765/967/538 1777/968/538
f 1763/965/539 1762/962/539 1766/969/539 1767/970/539
f 1761/966/537 1763/965/537 1769/971/537 1768/972/537
f 1774/961/537 1775/964/537 1773/963/537 1771/962/537
f 1773/963/537 1770/966/537 1772/965/537 1771/962/537
f 1775/964/538 1777/968/538 1776/967/538 1773/963/538
f 1772/965/539 1779/970/539 1778/969/539 1771/962/539
f 1770/966/537 1780/972/537 1781/971/537 1772/965/537
f 1795/961/540 1796/964/540 1785/963/540 1783/962/540
f 1785/963/540 1782/966/540 1784/965/540 1783/962/540
f 1796/964/541 1798/968/541 1786/967/541 1785/963/541
f 1784/965/542 1788/970/542 1787/969/542 1783/962/542
f 1782/966/540 1789/972/540 1790/971/540 1784/965/540
f 1795/961/540 1792/962/540 1794/963/540 1796/964/540
f 1794/963/540 1792/962/540 1793/965/540 1791/966/540
f 1796/964/541 1794/963/541 1797/967/541 1798/968/541
f 1793/965/542 1792/962/542 1799/969/542 1800/970/542
f 1791/966/540 1793/965/540 1802/971/540 1801/972/540
f 1762/962/543 1774/961/543 1795/961/543 1783/962/543
f 1764/963/544 1761/966/544 1782/966/544 1785/963/544
f 1777/968/545 1765/967/545 1786/967/545 1798/968/545
f 1765/967/380 1764/963/380 1785/963/380 1786/967/380
f 1767/970/546 1766/969/546 1787/969/546 1788/970/546
f 1763/965/380 1767/970/380 1788/970/380 1784/965/380
f 1766/969/382 1762/962/382 1783/962/382 1787/969/382
f 1768/972/380 1769/971/380 1790/971/380 1789/972/380
f 1761/966/544 1768/972/544 1789/972/544 1782/966/544
f 1769/971/543 1763/965/543 1784/965/543 1790/971/543
f 1774/961/543 1771/962/543 1792/962/543 1795/961/543
f 1770/966/544 1773/963/544 1794/963/544 1791/966/544
f 1776/967/545 1777/968/545 1798/968/545 1797/967/545
f 1773/963/382 1776/967/382 1797/967/382 1794/963/382
f 1778/969/546 1779/970/546 1800/970/546 1799/969/546
f 1779/970/382 1772/965/382 1793/965/382 1800/970/382
f 1771/962/380 1778/969/380 1799/969/380 1792/962/380
f 1781/971/382 1780/972/382 1801/972/382 1802/971/382
f 1780/972/544 1770/966/544 1791/966/544 1801/972/544
f 1772/965/543 1781/971/543 1802/971/543 1793/965/543
f 1816/961/547 1804/962/547 1806/963/547 1817/964/547
f 1806/963/547 1804/962/547 1805/965/547 1803/966/547
f 1817/964/548 1806/963/548 1807/967/548 1819/968/548
f 1805/965/549 1804/962/549 1808/969/549 1809/970/549
f 1803/966/547 1805/965/547 1811/971/547 1810/972/547
f 1816/961/547 1817/964/547 1815/963/547 1813/962/547
f 1815/963/547 1812/966/547 1814/965/547 1813/962/547
f 1817/964/548 1819/968/548 1818/967/548 1815/963/548
f 1814/965/549 1821/970/549 1820/969/549 1813/962/549
f 1812/966/547 1822/972/547 1823/971/547 1814/965/547
f 1837/961/550 1838/964/550 1827/963/550 1825/962/550
f 1827/963/550 1824/966/550 1826/965/550 1825/962/550
f 1838/964/515 1840/968/515 1828/967/515 1827/963/515
f 1826/965/551 1830/970/551 1829/969/551 1825/962/551
f 1824/966/550 1831/972/550 1832/971/550 1826/965/550
f 1837/961/550 1834/962/550 1836/963/550 1838/964/550
f 1836/963/550 1834/962/550 1835/965/550 1833/966/550
f 1838/964/515 1836/963/515 1839/967/515 1840/968/515
f 1835/965/551 1834/962/551 1841/969/551 1842/970/551
f 1833/966/550 1835/965/550 1844/971/550 1843/972/550
f 1804/962/552 1816/961/552 1837/961/552 1825/962/552
f 1806/963/553 1803/966/553 1824/966/553 1827/963/553
f 1819/968/554 1807/967/554 1828/967/554 1840/968/554
f 1807/967/380 1806/963/380 1827/963/380 1828/967/380
f 1809/970/555 1808/969/555 1829/969/555 1830/970/555
f 1805/965/380 1809/970/380 1830/970/380 1826/965/380
f 1808/969/382 1804/962/382 1825/962/382 1829/969/382
f 1810/972/380 1811/971/380 1832/971/380 1831/972/380
f 1803/966/553 1810/972/553 1831/972/553 1824/966/553
f 1811/971/552 1805/965/552 1826/965/552 1832/971/552
f 1816/961/552 1813/962/552 1834/962/552 1837/961/552
f 1812/966/553 1815/963/553 1836/963/553 1833/966/553
f 1818/967/554 1819/968/554 1840/968/554 1839/967/554
f 1815/963/382 1818/967/382 1839/967/382 1836/963/382
f 1820/969/555 1821/970/555 1842/970/555 1841/969/555
f 1821/970/382 1814/965/382 1835/965/382 1842/970/382
f 1813/962/380 1820/969/380 1841/969/380 1834/962/380
f 1823/971/382 1822/972/382 1843/972/382 1844/971/382
f 1822/972/553 1812/966/553 1833/966/553 1843/972/553
f 1814/965/552 1823/971/552 1844/971/552 1835/965/552
f 1858/961/370 1859/964/370 1848/963/370 1846/962/370
f 1848/963/370 1845/966/370 1847/965/370 1846/962/370
f 1859/964/371 1861/968/371 1849/967/371 1848/963/371
f 1847/965/372 1851/970/372 1850/969/372 1846/962/372
f 1845/966/370 1852/972/370 1853/971/370 1847/965/370
f 1858/961/370 1855/962/370 1857/963/370 1859/964/370
f 1857/963/370 1855/962/370 1856/965/370 1854/966/370
f 1859/964/371 1857/963/371 1860/967/371 1861/968/371
f 1856/965/372 1855/962/372 1862/969/372 1863/970/372
f 1854/966/370 1856/965/370 1865/971/370 1864/972/370
f 1879/961/373 1867/962/373 1869/963/373 1880/964/373
f 1869/963/373 1867/962/373 1868/965/373 1866/966/373
f 1880/964/374 1869/963/374 1870/967/374 1882/968/374
f 1868/965/376 1867/962/376 1871/969/376 1872/970/376
f 1866/966/373 1868/965/373 1874/971/373 1873/972/373
f 1879/961/373 1880/964/373 1878/963/373 1876/962/373
f 1878/963/373 1875/966/373 1877/965/373 1876/962/373
f 1880/964/374 1882/968/374 1881/967/374 1878/963/374
f 1877/965/376 1884/970/376 1883/969/376 1876/962/376
f 1875/966/373 1885/972/373 1886/971/373 1877/965/373
f 1846/962/377 1867/962/377 1879/961/377 1858/961/377
f 1848/963/378 1869/963/378 1866/966/378 1845/966/378
f 1861/968/379 1882/968/379 1870/967/379 1849/967/379
f 1849/967/382 1870/967/382 1869/963/382 1848/963/382
f 1851/970/381 1872/970/381 1871/969/381 1850/969/381
f 1847/965/382 1868/965/382 1872/970/382 1851/970/382
f 1850/969/380 1871/969/380 1867/962/380 1846/962/380
f 1852/972/382 1873/972/382 1874/971/382 1853/971/382
f 1845/966/378 1866/966/378 1873/972/378 1852/972/378
f 1853/971/377 1874/971/377 1868/965/377 1847/965/377
f 1858/961/377 1879/961/377 1876/962/377 1855/962/377
f 1854/966/378 1875/966/378 1878/963/378 1857/963/378
f 1860/967/379 1881/967/379 1882/968/379 1861/968/379
f 1857/963/380 1878/963/380 1881/967/380 1860/967/380
f 1862/969/381 1883/969/381 1884/970/381 1863/970/381
f 1863/970/380 1884/970/380 1877/965/380 1856/965/380
f 1855/962/382 1876/962/382 1883/969/382 1862/969/382
f 1865/971/380 1886/971/380 1885/972/380 1864/972/380
f 1864/972/378 1885/972/378 1875/966/378 1854/966/378
f 1856/965/377 1877/965/377 1886/971/377 1865/971/377
f 1900/961/383 1901/964/383 1890/963/383 1888/962/383
f 1890/963/383 1887/966/383 1889/965/383 1888/962/383
f 1901/964/384 1903/968/384 1891/967/384 1890/963/384
f 1889/965/371 1893/970/371 1892/969/371 1888/962/371
f 1887/966/383 1894/972/383 1895/971/383 1889/965/383
f 1900/961/383 1897/962/383 1899/963/383 1901/964/383
f 1899/963/383 1897/962/383 1898/965/383 1896/966/383
f 1901/964/384 1899/963/384 1902/967/384 1903/968/384
f 1898/965/371 1897/962/371 1904/969/371 1905/970/371
f 1896/966/383 1898/965/383 1907/971/383 1906/972/383
f 1921/961/385 1909/962/385 1911/963/385 1922/964/385
f 1911/963/385 1909/962/385 1910/965/385 1908/966/385
f 1922/964/386 1911/963/386 1912/967/386 1924/968/386
f 1910/965/387 1909/962/387 1913/969/387 1914/970/387
f 1908/966/385 1910/965/385 1916/971/385 1915/972/385
f 1921/961/385 1922/964/385 1920/963/385 1918/962/385
f 1920/963/385 1917/966/385 1919/965/385 1918/962/385
f 1922/964/386 1924/968/386 1923/967/386 1920/963/386
f 1919/965/387 1926/970/387 1925/969/387 1918/962/387
f 1917/966/385 1927/972/385 1928/971/385 1919/965/385
f 1888/962/388 1909/962/388 1921/961/388 1900/961/388
f 1890/963/389 1911/963/389 1908/966/389 1887/966/389
f 1903/968/390 1924/968/390 1912/967/390 1891/967/390
f 1891/967/382 1912/967/382 1911/963/382 1890/963/382
f 1893/970/391 1914/970/391 1913/969/391 1892/969/391
f 1889/965/382 1910/965/382 1914/970/382 1893/970/382
f 1892/969/380 1913/969/380 1909/962/380 1888/962/380
f 1894/972/382 1915/972/382 1916/971/382 1895/971/382
f 1887/966/389 1908/966/389 1915/972/389 1894/972/389
f 1895/971/388 1916/971/388 1910/965/388 1889/965/388
f 1900/961/388 1921/961/388 1918/962/388 1897/962/388
f 1896/966/389 1917/966/389 1920/963/389 1899/963/389
f 1902/967/390 1923/967/390 1924/968/390 1903/968/390
f 1899/963/380 1920/963/380 1923/967/380 1902/967/380
f 1904/969/391 1925/969/391 1926/970/391 1905/970/391
f 1905/970/380 1926/970/380 1919/965/380 1898/965/380
f 1897/962/382 1918/962/382 1925/969/382 1904/969/382
f 1907/971/380 1928/971/380 1927/972/380 1906/972/380
f 1906/972/389 1927/972/389 1917/966/389 1896/966/389
f 1898/965/388 1919/965/388 1928/971/388 1907/971/388
f 1942/961/392 1943/964/392 1932/963/392 1930/962/392
f 1932/963/392 1929/966/392 1931/965/392 1930/962/392
f 1943/964/393 1945/968/393 1933/967/393 1932/963/393
f 1931/965/394 1935/970/394 1934/969/394 1930/962/394
f 1929/966/392 1936/972/392 1937/971/392 1931/965/392
f 1942/961/392 1939/962/392 1941/963/392 1943/964/392
f 1941/963/392 1939/962/392 1940/965/392 1938/966/392
f 1943/964/393 1941/963/393 1944/967/393 1945/968/393
f 1940/965/394 1939/962/394 1946/969/394 1947/970/394
f 1938/966/392 1940/965/392 1949/971/392 1948/972/392
f 1963/961/395 1951/962/395 1953/963/395 1964/964/395
f 1953/963/395 1951/962/395 1952/965/395 1950/966/395
f 1964/964/396 1953/963/396 1954/967/396 1966/968/396
f 1952/965/397 1951/962/397 1955/969/397 1956/970/397
f 1950/966/395 1952/965/395 1958/971/395 1957/972/395
f 1963/961/395 1964/964/395 1962/963/395 1960/962/395
f 1962/963/395 1959/966/395 1961/965/395 1960/962/395
f 1964/964/396 1966/968/396 1965/967/396 1962/963/396
f 1961/965/397 1968/970/397 1967/969/397 1960/962/397
f 1959/966/395 1969/972/395 1970/971/395 1961/965/395
f 1930/962/398 1951/962/398 1963/961/398 1942/961/398
f 1932/963/399 1953/963/399 1950/966/399 1929/966/399
f 1945/968/400 1966/968/400 1954/967/400 1933/967/400
f 1933/967/382 1954/967/382 1953/963/382 1932/963/382
f 1935/970/401 1956/970/401 1955/969/401 1934/969/401
f 1931/965/382 1952/965/382 1956/970/382 1935/970/382
f 1934/969/380 1955/969/380 1951/962/380 1930/962/380
f 1936/972/382 1957/972/382 1958/971/382 1937/971/382
f 1929/966/399 1950/966/399 1957/972/399 1936/972/399
f 1937/971/398 1958/971/398 1952/965/398 1931/965/398
f 1942/961/398 1963/961/398 1960/962/398 1939/962/398
f 1938/966/399 1959/966/399 1962/963/399 1941/963/399
f 1944/967/400 1965/967/400 1966/968/400 1945/968/400
f 1941/963/380 1962/963/380 1965/967/380 1944/967/380
f 1946/969/401 1967/969/401 1968/970/401 1947/970/401
f 1947/970/380 1968/970/380 1961/965/380 1940/965/380
f 1939/962/382 1960/962/382 1967/969/382 1946/969/382
f 1949/971/380 1970/971/380 1969/972/380 1948/972/380
f 1948/972/399 1969/972/399 1959/966/399 1938/966/399
f 1940/965/398 1961/965/398 1970/971/398 1949/971/398
f 1984/961/402 1985/964/402 1974/963/402 1972/962/402
f 1974/963/402 1971/966/402 1973/965/402 1972/962/402
f 1985/964/403 1987/968/403 1975/967/403 1974/963/403
f 1973/965/393 1977/970/393 1976/969/393 1972/962/393
f 1971/966/402 1978/972/402 1979/971/402 1973/965/402
f 1984/961/402 1981/962/402 1983/963/402 1985/964/402
f 1983/963/402 1981/962/402 1982/965/402 1980/966/402
f 1985/964/403 1983/963/403 1986/967/403 1987/968/403
f 1982/965/393 1981/962/393 1988/969/393 1989/970/393
f 1980/966/402 1982/965/402 1991/971/402 1990/972/402
f 2005/961/404 1993/962/404 1995/963/404 2006/964/404
f 1995/963/404 1993/962/404 1994/965/404 1992/966/404
f 2006/964/405 1995/963/405 1996/967/405 2008/968/405
f 1994/965/406 1993/962/406 1997/969/406 1998/970/406
f 1992/966/404 1994/965/404 2000/971/404 1999/972/404
f 2005/961/404 2006/964/404 2004/963/404 2002/962/404
f 2004/963/404 2001/966/404 2003/965/404 2002/962/404
f 2006/964/405 2008/968/405 2007/967/405 2004/963/405
f 2003/965/406 2010/970/406 2009/969/406 2002/962/406
f 2001/966/404 2011/972/404 2012/971/404 2003/965/404
f 1972/962/407 1993/962/407 2005/961/407 1984/961/407
f 1974/963/408 1995/963/408 1992/966/408 1971/966/408
f 1987/968/409 2008/968/409 1996/967/409 1975/967/409
f 1975/967/382 1996/967/382 1995/963/382 1974/963/382
f 1977/970/410 1998/970/410 1997/969/410 1976/969/410
f 1973/965/382 1994/965/382 1998/970/382 1977/970/382
f 1976/969/380 1997/969/380 1993/962/380 1972/962/380
f 1978/972/382 1999/972/382 2000/971/382 1979/971/382
f 1971/966/408 1992/966/408 1999/972/408 1978/972/408
f 1979/971/407 2000/971/407 1994/965/407 1973/965/407
f 1984/961/407 2005/961/407 2002/962/407 1981/962/407
f 1980/966/408 2001/966/408 2004/963/408 1983/963/408
f 1986/967/409 2007/967/409 2008/968/409 1987/968/409
f 1983/963/380 2004/963/380 2007/967/380 1986/967/380
f 1988/969/410 2009/969/410 2010/970/410 1989/970/410
f 1989/970/380 2010/970/380 2003/965/380 1982/965/380
f 1981/962/382 2002/962/382 2009/969/382 1988/969/382
f 1991/971/380 2012/971/380 2011/972/380 1990/972/380
f 1990/972/408 2011/972/408 2001/966/408 1980/966/408
f 1982/965/407 2003/965/407 2012/971/407 1991/971/407
f 2026/961/411 2027/964/411 2016/963/411 2014/962/411
f 2016/963/411 2013/966/411 2015/965/411 2014/962/411
f 2027/964/412 2029/968/412 2017/967/412 2016/963/412
f 2015/965/403 2019/970/403 2018/969/403 2014/962/403
f 2013/966/411 2020/972/411 2021/971/411 2015/965/411
f 2026/961/411 2023/962/411 2025/963/411 2027/964/411
f 2025/963/411 2023/962/411 2024/965/411 2022/966/411
f 2027/964/412 2025/963/412 2028/967/412 2029/968/412
f 2024/965/403 2023/962/403 2030/969/403 2031/970/403
f 2022/966/411 2024/965/411 2033/971/411 2032/972/411
f 2047/961/413 2035/962/413 2037/963/413 2048/964/413
f 2037/963/413 2035/962/413 2036/965/413 2034/966/413
f 2048/964/414 2037/963/414 2038/967/414 2050/968/414
f 2036/965/415 2035/962/415 2039/969/415 2040/970/415
f 2034/966/413 2036/965/413 2042/971/413 2041/972/413
f 2047/961/413 2048/964/413 2046/963/413 2044/962/413
f 2046/963/413 2043/966/413 2045/965/413 2044/962/413
f 2048/964/414 2050/968/414 2049/967/414 2046/963/414
f 2045/965/415 2052/970/415 2051/969/415 2044/962/415
f 2043/966/413 2053/972/413 2054/971/413 2045/965/413
f 2014/962/416 2035/962/416 2047/961/416 2026/961/416
f 2016/963/417 2037/963/417 2034/966/417 2013/966/417
f 2029/968/418 2050/968/418 2038/967/418 2017/967/418
f 2017/967/382 2038/967/382 2037/963/382 2016/963/382
f 2019/970/419 2040/970/419 2039/969/419 2018/969/419
f 2015/965/382 2036/965/382 2040/970/382 2019/970/382
f 2018/969/380 2039/969/380 2035/962/380 2014/962/380
f 2020/972/382 2041/972/382 2042/971/382 2021/971/382
f 2013/966/417 2034/966/417 2041/972/417 2020/972/417
f 2021/971/416 2042/971/416 2036/965/416 2015/965/416
f 2026/961/416 2047/961/416 2044/962/416 2023/962/416
f 2022/966/417 2043/966/417 2046/963/417 2025/963/417
f 2028/967/418 2049/967/418 2050/968/418 2029/968/418
f 2025/963/380 2046/963/380 2049/967/380 2028/967/380
f 2030/969/419 2051/969/419 2052/970/419 2031/970/419
f 2031/970/380 2052/970/380 2045/965/380 2024/965/380
f 2023/962/382 2044/962/382 2051/969/382 2030/969/382
f 2033/971/380 2054/971/380 2053/972/380 2032/972/380
f 2032/972/417 2053/972/417 2043/966/417 2022/966/417
f 2024/965/416 2045/965/416 2054/971/416 2033/971/416
f 2068/961/420 2069/964/420 2058/963/420 2056/962/420
f 2058/963/420 2055/966/420 2057/965/420 2056/962/420
f 2069/964/421 2071/968/421 2059/967/421 2058/963/421
f 2057/965/422 2061/970/422 2060/969/422 2056/962/422
f 2055/966/420 2062/972/420 2063/971/420 2057/965/420
f 2068/961/420 2065/962/420 2067/963/420 2069/964/420
f 2067/963/420 2065/962/420 2066/965/420 2064/966/420
f 2069/964/421 2067/963/421 2070/967/421 2071/968/421
f 2066/965/422 2065/962/422 2072/969/422 2073/970/422
f 2064/966/420 2066/965/420 2075/971/420 2074/972/420
f 2089/961/423 2077/962/423 2079/963/423 2090/964/423
f 2079/963/423 2077/962/423 2078/965/423 2076/966/423
f 2090/964/424 2079/963/424 2080/967/424 2092/968/424
f 2078/965/425 2077/962/425 2081/969/425 2082/970/425
f 2076/966/423 2078/965/423 2084/971/423 2083/972/423
f 2089/961/423 2090/964/423 2088/963/423 2086/962/423
f 2088/963/423 2085/966/423 2087/965/423 2086/962/423
f 2090/964/424 2092/968/424 2091/967/424 2088/963/424
f 2087/965/425 2094/970/425 2093/969/425 2086/962/425
f 2085/966/423 2095/972/423 2096/971/423 2087/965/423
f 2056/962/426 2077/962/426 2089/961/426 2068/961/426
f 2058/963/427 2079/963/427 2076/966/427 2055/966/427
f 2071/968/428 2092/968/428 2080/967/428 2059/967/428
f 2059/967/382 2080/967/382 2079/963/382 2058/963/382
f 2061/970/429 2082/970/429 2081/969/429 2060/969/429
f 2057/965/382 2078/965/382 2082/970/382 2061/970/382
f 2060/969/380 2081/969/380 2077/962/380 2056/962/380
f 2062/972/382 2083/972/382 2084/971/382 2063/971/382
f 2055/966/427 2076/966/427 2083/972/427 2062/972/427
f 2063/971/430 2084/971/430 2078/965/430 2057/965/430
f 2068/961/430 2089/961/430 2086/962/430 2065/962/430
f 2064/966/427 2085/966/427 2088/963/427 2067/963/427
f 2070/967/428 2091/967/428 2092/968/428 2071/968/428
f 2067/963/380 2088/963/380 2091/967/380 2070/967/380
f 2072/969/429 2093/969/429 2094/970/429 2073/970/429
f 2073/970/380 2094/970/380 2087/965/380 2066/965/380
f 2065/962/382 2086/962/382 2093/969/382 2072/969/382
f 2075/971/380 2096/971/380 2095/972/380 2074/972/380
f 2074/972/427 2095/972/427 2085/966/427 2064/966/427
f 2066/965/430 2087/965/430 2096/971/430 2075/971/430
f 2110/961/431 2111/964/431 2100/963/431 2098/962/431
f 2100/963/431 2097/966/431 2099/965/431 2098/962/431
f 2111/964/432 2113/968/432 2101/967/432 2100/963/432
f 2099/965/433 2103/970/433 2102/969/433 2098/962/433
f 2097/966/431 2104/972/431 2105/971/431 2099/965/431
f 2110/961/431 2107/962/431 2109/963/431 2111/964/431
f 2109/963/431 2107/962/431 2108/965/431 2106/966/431
f 2111/964/432 2109/963/432 2112/967/432 2113/968/432
f 2108/965/433 2107/962/433 2114/969/433 2115/970/433
f 2106/966/431 2108/965/431 2117/971/431 2116/972/431
f 2131/961/434 2119/962/434 2121/963/434 2132/964/434
f 2121/963/434 2119/962/434 2120/965/434 2118/966/434
f 2132/964/435 2121/963/435 2122/967/435 2134/968/435
f 2120/965/436 2119/962/436 2123/969/436 2124/970/436
f 2118/966/434 2120/965/434 2126/971/434 2125/972/434
f 2131/961/434 2132/964/434 2130/963/434 2128/962/434
f 2130/963/434 2127/966/434 2129/965/434 2128/962/434
f 2132/964/435 2134/968/435 2133/967/435 2130/963/435
f 2129/965/436 2136/970/436 2135/969/436 2128/962/436
f 2127/966/434 2137/972/434 2138/971/434 2129/965/434
f 2098/962/437 2119/962/437 2131/961/437 2110/961/437
f 2100/963/438 2121/963/438 2118/966/438 2097/966/438
f 2113/968/439 2134/968/439 2122/967/439 2101/967/439
f 2101/967/382 2122/967/382 2121/963/382 2100/963/382
f 2103/970/440 2124/970/440 2123/969/440 2102/969/440
f 2099/965/382 2120/965/382 2124/970/382 2103/970/382
f 2102/969/380 2123/969/380 2119/962/380 2098/962/380
f 2104/972/382 2125/972/382 2126/971/382 2105/971/382
f 2097/966/438 2118/966/438 2125/972/438 2104/972/438
f 2105/971/437 2126/971/437 2120/965/437 2099/965/437
f 2110/961/437 2131/961/437 2128/962/437 2107/962/437
f 2106/966/438 2127/966/438 2130/963/438 2109/963/438
f 2112/967/439 2133/967/439 2134/968/439 2113/968/439
f 2109/963/380 2130/963/380 2133/967/380 2112/967/380
f 2114/969/440 2135/969/440 2136/970/440 2115/970/440
f 2115/970/380 2136/970/380 2129/965/380 2108/965/380
f 2107/962/382 2128/962/382 2135/969/382 2114/969/382
f 2117/971/380 2138/971/380 2137/972/380 2116/972/380
f 2116/972/438 2137/972/438 2127/966/438 2106/966/438
f 2108/965/437 2129/965/437 2138/971/437 2117/971/437
f 2152/961/441 2153/964/441 2142/963/441 2140/962/441
f 2142/963/441 2139/966/441 2141/965/441 2140/962/441
f 2153/964/442 2155/968/442 2143/967/442 2142/963/442
f 2141/965/432 2145/970/432 2144/969/432 2140/962/432
f 2139/966/441 2146/972/441 2147/971/441 2141/965/441
f 2152/961/441 2149/962/441 2151/963/441 2153/964/441
f 2151/963/441 2149/962/441 2150/965/441 2148/966/441
f 2153/964/442 2151/963/442 2154/967/442 2155/968/442
f 2150/965/432 2149/962/432 2156/969/432 2157/970/432
f 2148/966/441 2150/965/441 2159/971/441 2158/972/441
f 2173/961/443 2161/962/443 2163/963/443 2174/964/443
f 2163/963/443 2161/962/443 2162/965/443 2160/966/443
f 2174/964/444 2163/963/444 2164/967/444 2176/968/444
f 2162/965/445 2161/962/445 2165/969/445 2166/970/445
f 2160/966/443 2162/965/443 2168/971/443 2167/972/443
f 2173/961/443 2174/964/443 2172/963/443 2170/962/443
f 2172/963/443 2169/966/443 2171/965/443 2170/962/443
f 2174/964/444 2176/968/444 2175/967/444 2172/963/444
f 2171/965/445 2178/970/445 2177/969/445 2170/962/445
f 2169/966/443 2179/972/443 2180/971/443 2171/965/443
f 2140/962/446 2161/962/446 2173/961/446 2152/961/446
f 2142/963/447 2163/963/447 2160/966/447 2139/966/447
f 2155/968/448 2176/968/448 2164/967/448 2143/967/448
f 2143/967/382 2164/967/382 2163/963/382 2142/963/382
f 2145/970/449 2166/970/449 2165/969/449 2144/969/449
f 2141/965/382 2162/965/382 2166/970/382 2145/970/382
f 2144/969/380 2165/969/380 2161/962/380 2140/962/380
f 2146/972/382 2167/972/382 2168/971/382 2147/971/382
f 2139/966/447 2160/966/447 2167/972/447 2146/972/447
f 2147/971/446 2168/971/446 2162/965/446 2141/965/446
f 2152/961/446 2173/961/446 2170/962/446 2149/962/446
f 2148/966/447 2169/966/447 2172/963/447 2151/963/447
f 2154/967/448 2175/967/448 2176/968/448 2155/968/448
f 2151/963/380 2172/963/380 2175/967/380 2154/967/380
f 2156/969/449 2177/969/449 2178/970/449 2157/970/449
f 2157/970/380 2178/970/380 2171/965/380 2150/965/380
f 2149/962/382 2170/962/382 2177/969/382 2156/969/382
f 2159/971/380 2180/971/380 2179/972/380 2158/972/380
f 2158/972/447 2179/972/447 2169/966/447 2148/966/447
f 2150/965/446 2171/965/446 2180/971/446 2159/971/446
f 2194/961/450 2195/964/450 2184/963/450 2182/962/450
f 2184/963/450 2181/966/450 2183/965/450 2182/962/450
f 2195/964/451 2197/968/451 2185/967/451 2184/963/451
f 2183/965/442 2187/970/442 2186/969/442 2182/962/442
f 2181/966/450 2188/972/450 2189/971/450 2183/965/450
f 2194/961/450 2191/962/450 2193/963/450 2195/964/450
f 2193/963/450 2191/962/450 2192/965/450 2190/966/450
f 2195/964/451 2193/963/451 2196/967/451 2197/968/451
f 2192/965/442 2191/962/442 2198/969/442 2199/970/442
f 2190/966/450 2192/965/450 2201/971/450 2200/972/450
f 2215/961/452 2203/962/452 2205/963/452 2216/964/452
f 2205/963/452 2203/962/452 2204/965/452 2202/966/452
f 2216/964/453 2205/963/453 2206/967/453 2218/968/453
f 2204/965/454 2203/962/454 2207/969/454 2208/970/454
f 2202/966/452 2204/965/452 2210/971/452 2209/972/452
f 2215/961/452 2216/964/452 2214/963/452 2212/962/452
f 2214/963/452 2211/966/452 2213/965/452 2212/962/452
f 2216/964/453 2218/968/453 2217/967/453 2214/963/453
f 2213/965/454 2220/970/454 2219/969/454 2212/962/454
f 2211/966/452 2221/972/452 2222/971/452 2213/965/452
f 2182/962/455 2203/962/455 2215/961/455 2194/961/455
f 2184/963/456 2205/963/456 2202/966/456 2181/966/456
f 2197/968/457 2218/968/457 2206/967/457 2185/967/457
f 2185/967/382 2206/967/382 2205/963/382 2184/963/382
f 2187/970/458 2208/970/458 2207/969/458 2186/969/458
f 2183/965/382 2204/965/382 2208/970/382 2187/970/382
f 2186/969/380 2207/969/380 2203/962/380 2182/962/380
f 2188/972/382 2209/972/382 2210/971/382 2189/971/382
f 2181/966/456 2202/966/456 2209/972/456 2188/972/456
f 2189/971/455 2210/971/455 2204/965/455 2183/965/455
f 2194/961/455 2215/961/455 2212/962/455 2191/962/455
f 2190/966/456 2211/966/456 2214/963/456 2193/963/456
f 2196/967/457 2217/967/457 2218/968/457 2197/968/457
f 2193/963/380 2214/963/380 2217/967/380 2196/967/380
f 2198/969/458 2219/969/458 2220/970/458 2199/970/458
f 2199/970/380 2220/970/380 2213/965/380 2192/965/380
f 2191/962/382 2212/962/382 2219/969/382 2198/969/382
f 2201/971/380 2222/971/380 2221/972/380 2200/972/380
f 2200/972/456 2221/972/456 2211/966/456 2190/966/456
f 2192/965/455 2213/965/455 2222/971/455 2201/971/455
f 2236/961/459 2237/964/459 2226/963/459 2224/962/459
f 2226/963/459 2223/966/459 2225/965/459 2224/962/459
f 2237/964/460 2239/968/460 2227/967/460 2226/963/460
f 2225/965/461 2229/970/461 2228/969/461 2224/962/461
f 2223/966/459 2230/972/459 2231/971/459 2225/965/459
f 2236/961/459 2233/962/459 2235/963/459 2237/964/459
f 2235/963/459 2233/962/459 2234/965/459 2232/966/459
f 2237/964/460 2235/963/460 2238/967/460 2239/968/460
f 2234/965/461 2233/962/461 2240/969/461 2241/970/461
f 2232/966/459 2234/965/459 2243/971/459 2242/972/459
f 2257/961/462 2245/962/462 2247/963/462 2258/964/462
f 2247/963/462 2245/962/462 2246/965/462 2244/966/462
f 2258/964/463 2247/963/463 2248/967/463 2260/968/463
f 2246/965/464 2245/962/464 2249/969/464 2250/970/464
f 2244/966/462 2246/965/462 2252/971/462 2251/972/462
f 2257/961/462 2258/964/462 2256/963/462 2254/962/462
f 2256/963/462 2253/966/462 2255/965/462 2254/962/462
f 2258/964/463 2260/968/463 2259/967/463 2256/963/463
f 2255/965/464 2262/970/464 2261/969/464 2254/962/464
f 2253/966/462 2263/972/462 2264/971/462 2255/965/462
f 2224/962/465 2245/962/465 2257/961/465 2236/961/465
f 2226/963/466 2247/963/466 2244/966/466 2223/966/466
f 2239/968/467 2260/968/467 2248/967/467 2227/967/467
f 2227/967/382 2248/967/382 2247/963/382 2226/963/382
f 2229/970/468 2250/970/468 2249/969/468 2228/969/468
f 2225/965/382 2246/965/382 2250/970/382 2229/970/382
f 2228/969/380 2249/969/380 2245/962/380 2224/962/380
f 2230/972/382 2251/972/382 2252/971/382 2231/971/382
f 2223/966/466 2244/966/466 2251/972/466 2230/972/466
f 2231/971/465 2252/971/465 2246/965/465 2225/965/465
f 2236/961/465 2257/961/465 2254/962/465 2233/962/465
f 2232/966/466 2253/966/466 2256/963/466 2235/963/466
f 2238/967/467 2259/967/467 2260/968/467 2239/968/467
f 2235/963/380 2256/963/380 2259/967/380 2238/967/380
f 2240/969/468 2261/969/468 2262/970/468 2241/970/468
f 2241/970/380 2262/970/380 2255/965/380 2234/965/380
f 2233/962/382 2254/962/382 2261/969/382 2240/969/382
f 2243/971/380 2264/971/380 2263/972/380 2242/972/380
f 2242/972/466 2263/972/466 2253/966/466 2232/966/466
f 2234/965/465 2255/965/465 2264/971/465 2243/971/465
f 2278/961/469 2279/964/469 2268/963/469 2266/962/469
f 2268/963/469 2265/966/469 2267/965/469 2266/962/469
f 2279/964/470 2281/968/470 2269/967/470 2268/963/470
f 2267/965/460 2271/970/460 2270/969/460 2266/962/460
f 2265/966/469 2272/972/469 2273/971/469 2267/965/469
f 2278/961/469 2275/962/469 2277/963/469 2279/964/469
f 2277/963/469 2275/962/469 2276/965/469 2274/966/469
f 2279/964/470 2277/963/470 2280/967/470 2281/968/470
f 2276/965/460 2275/962/460 2282/969/460 2283/970/460
f 2274/966/469 2276/965/469 2285/971/469 2284/972/469
f 2299/961/471 2287/962/471 2289/963/471 2300/964/471
f 2289/963/471 2287/962/471 2288/965/471 2286/966/471
f 2300/964/472 2289/963/472 2290/967/472 2302/968/472
f 2288/965/473 2287/962/473 2291/969/473 2292/970/473
f 2286/966/471 2288/965/471 2294/971/471 2293/972/471
f 2299/961/471 2300/964/471 2298/963/471 2296/962/471
f 2298/963/471 2295/966/471 2297/965/471 2296/962/471
f 2300/964/472 2302/968/472 2301/967/472 2298/963/472
f 2297/965/473 2304/970/473 2303/969/473 2296/962/473
f 2295/966/471 2305/972/471 2306/971/471 2297/965/471
f 2266/962/474 2287/962/474 2299/961/474 2278/961/474
f 2268/963/475 2289/963/475 2286/966/475 2265/966/475
f 2281/968/476 2302/968/476 2290/967/476 2269/967/476
f 2269/967/382 2290/967/382 2289/963/382 2268/963/382
f 2271/970/477 2292/970/477 2291/969/477 2270/969/477
f 2267/965/382 2288/965/382 2292/970/382 2271/970/382
f 2270/969/380 2291/969/380 2287/962/380 2266/962/380
f 2272/972/382 2293/972/382 2294/971/382 2273/971/382
f 2265/966/475 2286/966/475 2293/972/475 2272/972/475
f 2273/971/474 2294/971/474 2288/965/474 2267/965/474
f 2278/961/474 2299/961/474 2296/962/474 2275/962/474
f 2274/966/475 2295/966/475 2298/963/475 2277/963/475
f 2280/967/476 2301/967/476 2302/968/476 2281/968/476
f 2277/963/380 2298/963/380 2301/967/380 2280/967/380
f 2282/969/477 2303/969/477 2304/970/477 2283/970/477
f 2283/970/380 2304/970/380 2297/965/380 2276/965/380
f 2275/962/382 2296/962/382 2303/969/382 2282/969/382
f 2285/971/380 2306/971/380 2305/972/380 2284/972/380
f 2284/972/475 2305/972/475 2295/966/475 2274/966/475
f 2276/965/474 2297/965/474 2306/971/474 2285/971/474
f 2320/961/478 2321/964/478 2310/963/478 2308/962/478
f 2310/963/478 2307/966/478 2309/965/478 2308/962/478
f 2321/964/479 2323/968/479 2311/967/479 2310/963/479
f 2309/965/480 2313/970/480 2312/969/480 2308/962/480
f 2307/966/478 2314/972/478 2315/971/478 2309/965/478
f 2320/961/478 2317/962/478 2319/963/478 2321/964/478
f 2319/963/478 2317/962/478 2318/965/478 2316/966/478
f 2321/964/479 2319/963/479 2322/967/479 2323/968/479
f 2318/965/480 2317/962/480 2324/969/480 2325/970/480
f 2316/966/478 2318/965/478 2327/971/478 2326/972/478
f 2341/961/481 2329/962/481 2331/963/481 2342/964/481
f 2331/963/481 2329/962/481 2330/965/481 2328/966/481
f 2342/964/482 2331/963/482 2332/967/482 2344/968/482
f 2330/965/483 2329/962/483 2333/969/483 2334/970/483
f 2328/966/481 2330/965/481 2336/971/481 2335/972/481
f 2341/961/481 2342/964/481 2340/963/481 2338/962/481
f 2340/963/481 2337/966/481 2339/965/481 2338/962/481
f 2342/964/484 2344/968/484 2343/967/484 2340/963/484
f 2339/965/485 2346/970/485 2345/969/485 2338/962/485
f 2337/966/481 2347/972/481 2348/971/481 2339/965/481
f 2308/962/486 2329/962/486 2341/961/486 2320/961/486
f 2310/963/487 2331/963/487 2328/966/487 2307/966/487
f 2323/968/488 2344/968/488 2332/967/488 2311/967/488
f 2311/967/382 2332/967/382 2331/963/382 2310/963/382
f 2313/970/489 2334/970/489 2333/969/489 2312/969/489
f 2309/965/382 2330/965/382 2334/970/382 2313/970/382
f 2312/969/380 2333/969/380 2329/962/380 2308/962/380
f 2314/972/382 2335/972/382 2336/971/382 2315/971/382
f 2307/966/487 2328/966/487 2335/972/487 2314/972/487
f 2315/971/486 2336/971/486 2330/965/486 2309/965/486
f 2320/961/486 2341/961/486 2338/962/486 2317/962/486
f 2316/966/487 2337/966/487 2340/963/487 2319/963/487
f 2322/967/488 2343/967/488 2344/968/488 2323/968/488
f 2319/963/380 2340/963/380 2343/967/380 2322/967/380
f 2324/969/489 2345/969/489 2346/970/489 2325/970/489
f 2325/970/380 2346/970/380 2339/965/380 2318/965/380
f 2317/962/382 2338/962/382 2345/969/382 2324/969/382
f 2327/971/380 2348/971/380 2347/972/380 2326/972/380
f 2326/972/487 2347/972/487 2337/966/487 2316/966/487
f 2318/965/486 2339/965/486 2348/971/486 2327/971/486
f 2362/961/490 2363/964/490 2352/963/490 2350/962/490
f 2352/963/490 2349/966/490 2351/965/490 2350/962/490
f 2363/964/491 2365/968/491 2353/967/491 2352/963/491
f 2351/965/492 2355/970/492 2354/969/492 2350/962/492
f 2349/966/490 2356/972/490 2357/971/490 2351/965/490
f 2362/961/490 2359/962/490 2361/963/490 2363/964/490
f 2361/963/490 2359/962/490 2360/965/490 2358/966/490
f 2363/964/491 2361/963/491 2364/967/491 2365/968/491
f 2360/965/492 2359/962/492 2366/969/492 2367/970/492
f 2358/966/490 2360/965/490 2369/971/490 2368/972/490
f 2383/961/493 2371/962/493 2373/963/493 2384/964/493
f 2373/963/493 2371/962/493 2372/965/493 2370/966/493
f 2384/964/494 2373/963/494 2374/967/494 2386/968/494
f 2372/965/495 2371/962/495 2375/969/495 2376/970/495
f 2370/966/493 2372/965/493 2378/971/493 2377/972/493
f 2383/961/493 2384/964/493 2382/963/493 2380/962/493
f 2382/963/493 2379/966/493 2381/965/493 2380/962/493
f 2384/964/494 2386/968/494 2385/967/494 2382/963/494
f 2381/965/495 2388/970/495 2387/969/495 2380/962/495
f 2379/966/493 2389/972/493 2390/971/493 2381/965/493
f 2350/962/496 2371/962/496 2383/961/496 2362/961/496
f 2352/963/497 2373/963/497 2370/966/497 2349/966/497
f 2365/968/498 2386/968/498 2374/967/498 2353/967/498
f 2353/967/382 2374/967/382 2373/963/382 2352/963/382
f 2355/970/556 2376/970/556 2375/969/556 2354/969/556
f 2351/965/382 2372/965/382 2376/970/382 2355/970/382
f 2354/969/380 2375/969/380 2371/962/380 2350/962/380
f 2356/972/382 2377/972/382 2378/971/382 2357/971/382
f 2349/966/497 2370/966/497 2377/972/497 2356/972/497
f 2357/971/496 2378/971/496 2372/965/496 2351/965/496
f 2362/961/496 2383/961/496 2380/962/496 2359/962/496
f 2358/966/497 2379/966/497 2382/963/497 2361/963/497
f 2364/967/498 2385/967/498 2386/968/498 2365/968/498
f 2361/963/380 2382/963/380 2385/967/380 2364/967/380
f 2366/969/556 2387/969/556 2388/970/556 2367/970/556
f 2367/970/380 2388/970/380 2381/965/380 2360/965/380
f 2359/962/382 2380/962/382 2387/969/382 2366/969/382
f 2369/971/380 2390/971/380 2389/972/380 2368/972/380
f 2368/972/497 2389/972/497 2379/966/497 2358/966/497
f 2360/965/496 2381/965/496 2390/971/496 2369/971/496
f 2404/961/500 2405/964/500 2394/963/500 2392/962/500
f 2394/963/500 2391/966/500 2393/965/500 2392/962/500
f 2405/964/501 2407/968/501 2395/967/501 2394/963/501
f 2393/965/491 2397/970/491 2396/969/491 2392/962/491
f 2391/966/500 2398/972/500 2399/971/500 2393/965/500
f 2404/961/500 2401/962/500 2403/963/500 2405/964/500
f 2403/963/500 2401/962/500 2402/965/500 2400/966/500
f 2405/964/501 2403/963/501 2406/967/501 2407/968/501
f 2402/965/491 2401/962/491 2408/969/491 2409/970/491
f 2400/966/500 2402/965/500 2411/971/500 2410/972/500
f 2425/961/502 2413/962/502 2415/963/502 2426/964/502
f 2415/963/502 2413/962/502 2414/965/502 2412/966/502
f 2426/964/503 2415/963/503 2416/967/503 2428/968/503
f 2414/965/504 2413/962/504 2417/969/504 2418/970/504
f 2412/966/502 2414/965/502 2420/971/502 2419/972/502
f 2425/961/502 2426/964/502 2424/963/502 2422/962/502
f 2424/963/502 2421/966/502 2423/965/502 2422/962/502
f 2426/964/503 2428/968/503 2427/967/503 2424/963/503
f 2423/965/504 2430/970/504 2429/969/504 2422/962/504
f 2421/966/502 2431/972/502 2432/971/502 2423/965/502
f 2392/962/505 2413/962/505 2425/961/505 2404/961/505
f 2394/963/506 2415/963/506 2412/966/506 2391/966/506
f 2407/968/507 2428/968/507 2416/967/507 2395/967/507
f 2395/967/382 2416/967/382 2415/963/382 2394/963/382
f 2397/970/508 2418/970/508 2417/969/508 2396/969/508
f 2393/965/382 2414/965/382 2418/970/382 2397/970/382
f 2396/969/380 2417/969/380 2413/962/380 2392/962/380
f 2398/972/382 2419/972/382 2420/971/382 2399/971/382
f 2391/966/506 2412/966/506 2419/972/506 2398/972/506
f 2399/971/505 2420/971/505 2414/965/505 2393/965/505
f 2404/961/505 2425/961/505 2422/962/505 2401/962/505
f 2400/966/506 2421/966/506 2424/963/506 2403/963/506
f 2406/967/507 2427/967/507 2428/968/507 2407/968/507
f 2403/963/380 2424/963/380 2427/967/380 2406/967/380
f 2408/969/508 2429/969/508 2430/970/508 2409/970/508
f 2409/970/380 2430/970/380 2423/965/380 2402/965/380
f 2401/962/382 2422/962/382 2429/969/382 2408/969/382
f 2411/971/380 2432/971/380 2431/972/380 2410/972/380
f 2410/972/506 2431/972/506 2421/966/506 2400/966/506
f 2402/965/505 2423/965/505 2432/971/505 2411/971/505
f 2446/961/509 2447/964/509 2436/963/509 2434/962/509
f 2436/963/509 2433/966/509 2435/965/509 2434/962/509
f 2447/964/510 2449/968/510 2437/967/510 2436/963/510
f 2435/965/511 2439/970/511 2438/969/511 2434/962/511
f 2433/966/509 2440/972/509 2441/971/509 2435/965/509
f 2446/961/509 2443/962/509 2445/963/509 2447/964/509
f 2445/963/509 2443/962/509 2444/965/509 2442/966/509
f 2447/964/510 2445/963/510 2448/967/510 2449/968/510
f 2444/965/511 2443/962/511 2450/969/511 2451/970/511
f 2442/966/509 2444/965/509 2453/971/509 2452/972/509
f 2467/961/512 2455/962/512 2457/963/512 2468/964/512
f 2457/963/512 2455/962/512 2456/965/512 2454/966/512
f 2468/964/513 2457/963/513 2458/967/513 2470/968/513
f 2456/965/514 2455/962/514 2459/969/514 2460/970/514
f 2454/966/512 2456/965/512 2462/971/512 2461/972/512
f 2467/961/512 2468/964/512 2466/963/512 2464/962/512
f 2466/963/512 2463/966/512 2465/965/512 2464/962/512
f 2468/964/513 2470/968/513 2469/967/513 2466/963/513
f 2465/965/514 2472/970/514 2471/969/514 2464/962/514
f 2463/966/512 2473/972/512 2474/971/512 2465/965/512
f 2434/962/515 2455/962/515 2467/961/515 2446/961/515
f 2436/963/516 2457/963/516 2454/966/516 2433/966/516
f 2449/968/517 2470/968/517 2458/967/517 2437/967/517
f 2437/967/382 2458/967/382 2457/963/382 2436/963/382
f 2439/970/518 2460/970/518 2459/969/518 2438/969/518
f 2435/965/382 2456/965/382 2460/970/382 2439/970/382
f 2438/969/380 2459/969/380 2455/962/380 2434/962/380
f 2440/972/382 2461/972/382 2462/971/382 2441/971/382
f 2433/966/516 2454/966/516 2461/972/516 2440/972/516
f 2441/971/515 2462/971/515 2456/965/515 2435/965/515
f 2446/961/515 2467/961/515 2464/962/515 2443/962/515
f 2442/966/516 2463/966/516 2466/963/516 2445/963/516
f 2448/967/517 2469/967/517 2470/968/517 2449/968/517
f 2445/963/380 2466/963/380 2469/967/380 2448/967/380
f 2450/969/518 2471/969/518 2472/970/518 2451/970/518
f 2451/970/380 2472/970/380 2465/965/380 2444/965/380
f 2443/962/382 2464/962/382 2471/969/382 2450/969/382
f 2453/971/380 2474/971/380 2473/972/380 2452/972/380
f 2452/972/516 2473/972/516 2463/966/516 2442/966/516
f 2444/965/515 2465/965/515 2474/971/515 2453/971/515
f 2488/961/519 2489/964/519 2478/963/519 2476/962/519
f 2478/963/519 2475/966/519 2477/965/519 2476/962/519
f 2489/964/520 2491/968/520 2479/967/520 2478/963/520
f 2477/965/510 2481/970/510 2480/969/510 2476/962/510
f 2475/966/519 2482/972/519 2483/971/519 2477/965/519
f 2488/961/519 2485/962/519 2487/963/519 2489/964/519
f 2487/963/519 2485/962/519 2486/965/519 2484/966/519
f 2489/964/520 2487/963/520 2490/967/520 2491/968/520
f 2486/965/510 2485/962/510 2492/969/510 2493/970/510
f 2484/966/519 2486/965/519 2495/971/519 2494/972/519
f 2509/961/521 2497/962/521 2499/963/521 2510/964/521
f 2499/963/521 2497/962/521 2498/965/521 2496/966/521
f 2510/964/522 2499/963/522 2500/967/522 2512/968/522
f 2498/965/513 2497/962/513 2501/969/513 2502/970/513
f 2496/966/521 2498/965/521 2504/971/521 2503/972/521
f 2509/961/521 2510/964/521 2508/963/521 2506/962/521
f 2508/963/521 2505/966/521 2507/965/521 2506/962/521
f 2510/964/522 2512/968/522 2511/967/522 2508/963/522
f 2507/965/513 2514/970/513 2513/969/513 2506/962/513
f 2505/966/521 2515/972/521 2516/971/521 2507/965/521
f 2476/962/523 2497/962/523 2509/961/523 2488/961/523
f 2478/963/524 2499/963/524 2496/966/524 2475/966/524
f 2491/968/525 2512/968/525 2500/967/525 2479/967/525
f 2479/967/382 2500/967/382 2499/963/382 2478/963/382
f 2481/970/526 2502/970/526 2501/969/526 2480/969/526
f 2477/965/382 2498/965/382 2502/970/382 2481/970/382
f 2480/969/380 2501/969/380 2497/962/380 2476/962/380
f 2482/972/382 2503/972/382 2504/971/382 2483/971/382
f 2475/966/524 2496/966/524 2503/972/524 2482/972/524
f 2483/971/523 2504/971/523 2498/965/523 2477/965/523
f 2488/961/523 2509/961/523 2506/962/523 2485/962/523
f 2484/966/524 2505/966/524 2508/963/524 2487/963/524
f 2490/967/525 2511/967/525 2512/968/525 2491/968/525
f 2487/963/380 2508/963/380 2511/967/380 2490/967/380
f 2492/969/526 2513/969/526 2514/970/526 2493/970/526
f 2493/970/380 2514/970/380 2507/965/380 2486/965/380
f 2485/962/382 2506/962/382 2513/969/382 2492/969/382
f 2495/971/380 2516/971/380 2515/972/380 2494/972/380
f 2494/972/524 2515/972/524 2505/966/524 2484/966/524
f 2486/965/523 2507/965/523 2516/971/523 2495/971/523
f 2530/961/527 2531/964/527 2520/963/527 2518/962/527
f 2520/963/527 2517/966/527 2519/965/527 2518/962/527
f 2531/964/528 2533/968/528 2521/967/528 2520/963/528
f 2519/965/529 2523/970/529 2522/969/529 2518/962/529
f 2517/966/527 2524/972/527 2525/971/527 2519/965/527
f 2530/961/527 2527/962/527 2529/963/527 2531/964/527
f 2529/963/527 2527/962/527 2528/965/527 2526/966/527
f 2531/964/528 2529/963/528 2532/967/528 2533/968/528
f 2528/965/529 2527/962/529 2534/969/529 2535/970/529
f 2526/966/527 2528/965/527 2537/971/527 2536/972/527
f 2551/961/530 2539/962/530 2541/963/530 2552/964/530
f 2541/963/530 2539/962/530 2540/965/530 2538/966/530
f 2552/964/531 2541/963/531 2542/967/531 2554/968/531
f 2540/965/532 2539/962/532 2543/969/532 2544/970/532
f 2538/966/530 2540/965/530 2546/971/530 2545/972/530
f 2551/961/530 2552/964/530 2550/963/530 2548/962/530
f 2550/963/530 2547/966/530 2549/965/530 2548/962/530
f 2552/964/531 2554/968/531 2553/967/531 2550/963/531
f 2549/965/532 2556/970/532 2555/969/532 2548/962/532
f 2547/966/530 2557/972/530 2558/971/530 2549/965/530
f 2518/962/533 2539/962/533 2551/961/533 2530/961/533
f 2520/963/534 2541/963/534 2538/966/534 2517/966/534
f 2533/968/535 2554/968/535 2542/967/535 2521/967/535
f 2521/967/382 2542/967/382 2541/963/382 2520/963/382
f 2523/970/536 2544/970/536 2543/969/536 2522/969/536
f 2519/965/382 2540/965/382 2544/970/382 2523/970/382
f 2522/969/380 2543/969/380 2539/962/380 2518/962/380
f 2524/972/382 2545/972/382 2546/971/382 2525/971/382
f 2517/966/534 2538/966/534 2545/972/534 2524/972/534
f 2525/971/533 2546/971/533 2540/965/533 2519/965/533
f 2530/961/533 2551/961/533 2548/962/533 2527/962/533
f 2526/966/534 2547/966/534 2550/963/534 2529/963/534
f 2532/967/535 2553/967/535 2554/968/535 2533/968/535
f 2529/963/380 2550/963/380 2553/967/380 2532/967/380
f 2534/969/536 2555/969/536 2556/970/536 2535/970/536
f 2535/970/380 2556/970/380 2549/965/380 2528/965/380
f 2527/962/382 2548/962/382 2555/969/382 2534/969/382
f 2537/971/380 2558/971/380 2557/972/380 2536/972/380
f 2536/972/534 2557/972/534 2547/966/534 2526/966/534
f 2528/965/533 2549/965/533 2558/971/533 2537/971/533
f 2572/961/537 2573/964/537 2562/963/537 2560/962/537
f 2562/963/537 2559/966/537 2561/965/537 2560/962/537
f 2573/964/538 2575/968/538 2563/967/538 2562/963/538
f 2561/965/539 2565/970/539 2564/969/539 2560/962/539
f 2559/966/537 2566/972/537 2567/971/537 2561/965/537
f 2572/961/537 2569/962/537 2571/963/537 2573/964/537
f 2571/963/537 2569/962/537 2570/965/537 2568/966/537
f 2573/964/538 2571/963/538 2574/967/538 2575/968/538
f 2570/965/539 2569/962/539 2576/969/539 2577/970/539
f 2568/966/537 2570/965/537 2579/971/537 2578/972/537
f 2593/961/540 2581/962/540 2583/963/540 2594/964/540
f 2583/963/540 2581/962/540 2582/965/540 2580/966/540
f 2594/964/541 2583/963/541 2584/967/541 2596/968/541
f 2582/965/542 2581/962/542 2585/969/542 2586/970/542
f 2580/966/540 2582/965/540 2588/971/540 2587/972/540
f 2593/961/540 2594/964/540 2592/963/540 2590/962/540
f 2592/963/540 2589/966/540 2591/965/540 2590/962/540
f 2594/964/541 2596/968/541 2595/967/541 2592/963/541
f 2591/965/542 2598/970/542 2597/969/542 2590/962/542
f 2589/966/540 2599/972/540 2600/971/540 2591/965/540
f 2560/962/543 2581/962/543 2593/961/543 2572/961/543
f 2562/963/544 2583/963/544 2580/966/544 2559/966/544
f 2575/968/545 2596/968/545 2584/967/545 2563/967/545
f 2563/967/382 2584/967/382 2583/963/382 2562/963/382
f 2565/970/546 2586/970/546 2585/969/546 2564/969/546
f 2561/965/382 2582/965/382 2586/970/382 2565/970/382
f 2564/969/380 2585/969/380 2581/962/380 2560/962/380
f 2566/972/382 2587/972/382 2588/971/382 2567/971/382
f 2559/966/544 2580/966/544 2587/972/544 2566/972/544
f 2567/971/543 2588/971/543 2582/965/543 2561/965/543
f 2572/961/543 2593/961/543 2590/962/543 2569/962/543
f 2568/966/544 2589/966/544 2592/963/544 2571/963/544
f 2574/967/545 2595/967/545 2596/968/545 2575/968/545
f 2571/963/380 2592/963/380 2595/967/380 2574/967/380
f 2576/969/546 2597/969/546 2598/970/546 2577/970/546
f 2577/970/380 2598/970/380 2591/965/380 2570/965/380
f 2569/962/382 2590/962/382 2597/969/382 2576/969/382
f 2579/971/380 2600/971/380 2599/972/380 2578/972/380
f 2578/972/544 2599/972/544 2589/966/544 2568/966/544
f 2570/965/543 2591/965/543 2600/971/543 2579/971/543
f 2614/961/547 2615/964/547 2604/963/547 2602/962/547
f 2604/963/547 2601/966/547 2603/965/547 2602/962/547
f 2615/964/548 2617/968/548 2605/967/548 2604/963/548
f 2603/965/557 2607/970/557 2606/969/557 2602/962/557
f 2601/966/547 2608/972/547 2609/971/547 2603/965/547
f 2614/961/547 2611/962/547 2613/963/547 2615/964/547
f 2613/963/547 2611/962/547 2612/965/547 2610/966/547
f 2615/964/548 2613/963/548 2616/967/548 2617/968/548
f 2612/965/549 2611/962/549 2618/969/549 2619/970/549
f 2610/966/547 2612/965/547 2621/971/547 2620/972/547
f 2635/961/550 2623/962/550 2625/963/550 2636/964/550
f 2625/963/550 2623/962/550 2624/965/550 2622/966/550
f 2636/964/515 2625/963/515 2626/967/515 2638/968/515
f 2624/965/551 2623/962/551 2627/969/551 2628/970/551
f 2622/966/550 2624/965/550 2630/971/550 2629/972/550
f 2635/961/550 2636/964/550 2634/963/550 2632/962/550
f 2634/963/550 2631/966/550 2633/965/550 2632/962/550
f 2636/964/515 2638/968/515 2637/967/515 2634/963/515
f 2633/965/551 2640/970/551 2639/969/551 2632/962/551
f 2631/966/550 2641/972/550 2642/971/550 2633/965/550
f 2602/962/552 2623/962/552 2635/961/552 2614/961/552
f 2604/963/553 2625/963/553 2622/966/553 2601/966/553
f 2617/968/554 2638/968/554 2626/967/554 2605/967/554
f 2605/967/382 2626/967/382 2625/963/382 2604/963/382
f 2607/970/555 2628/970/555 2627/969/555 2606/969/555
f 2603/965/382 2624/965/382 2628/970/382 2607/970/382
f 2606/969/380 2627/969/380 2623/962/380 2602/962/380
f 2608/972/382 2629/972/382 2630/971/382 2609/971/382
f 2601/966/553 2622/966/553 2629/972/553 2608/972/553
f 2609/971/552 2630/971/552 2624/965/552 2603/965/552
f 2614/961/552 2635/961/552 2632/962/552 2611/962/552
f 2610/966/553 2631/966/553 2634/963/553 2613/963/553
f 2616/967/554 2637/967/554 2638/968/554 2617/968/554
f 2613/963/380 2634/963/380 2637/967/380 2616/967/380
f 2618/969/555 2639/969/555 2640/970/555 2619/970/555
f 2619/970/380 2640/970/380 2633/965/380 2612/965/380
f 2611/962/382 2632/962/382 2639/969/382 2618/969/382
f 2621/971/380 2642/971/380 2641/972/380 2620/972/380
f 2620/972/553 2641/972/553 2631/966/553 2610/966/553
f 2612/965/552 2633/965/552 2642/971/552 2621/971/552
